mode,runtime,batch_size,concurrency,repeat,call_index,n_samples,latency_ms,samples_per_second
inproc,torchscript,1,1,0,0,1,0.10990002192556858,9099.179258374168
inproc,torchscript,1,1,0,1,1,0.11000002268701792,9090.907215949319
inproc,torchscript,1,1,0,2,1,0.11940003605559468,8375.206851146871
inproc,torchscript,1,1,0,3,1,0.1029000268317759,9718.17044940941
inproc,torchscript,1,1,0,4,1,0.10460003977641463,9560.225810023845
inproc,torchscript,1,1,0,5,1,0.10230002226307988,9775.168938168455
inproc,torchscript,1,1,0,6,1,0.10229996405541897,9775.174500142248
inproc,torchscript,1,1,0,7,1,0.103199970908463,9689.925212159087
inproc,torchscript,1,1,0,8,1,0.103199970908463,9689.925212159087
inproc,torchscript,1,1,0,9,1,0.10160001693293452,9842.51804465833
inproc,torchscript,1,1,0,10,1,0.10090001160278916,9910.80163535241
inproc,torchscript,1,1,0,11,1,0.0999000039882958,10010.009610381589
inproc,torchscript,1,1,0,12,1,0.10219996329396963,9784.739326408404
inproc,torchscript,1,1,0,13,1,0.10060000931844115,9940.356932120963
inproc,torchscript,1,1,0,14,1,0.10679999832063913,9363.296027381582
inproc,torchscript,1,1,0,15,1,0.11090002954006195,9017.130149985724
inproc,torchscript,1,1,0,16,1,0.11230004020035267,8904.716313688903
inproc,torchscript,1,1,0,17,1,0.1094000181183219,9140.766310645828
inproc,torchscript,1,1,0,18,1,0.1023999648168683,9765.62835532606
inproc,torchscript,1,1,0,19,1,0.10000000474974513,9999.999525025509
inproc,torchscript,1,1,0,20,1,0.10230002226307988,9775.168938168455
inproc,torchscript,1,1,0,21,1,0.10119995567947626,9881.427252470663
inproc,torchscript,1,1,0,22,1,0.10060000931844115,9940.356932120963
inproc,torchscript,1,1,0,23,1,0.10040000779554248,9960.158589194827
inproc,torchscript,1,1,0,24,1,0.10160001693293452,9842.51804465833
inproc,torchscript,1,1,0,25,1,0.1004999503493309,9950.253672007488
inproc,torchscript,1,1,0,26,1,0.1002000062726438,9980.03929539689
inproc,torchscript,1,1,0,27,1,0.09940000018104911,10060.362154714088
inproc,torchscript,1,1,0,28,1,0.10810000821948051,9250.693098650401
inproc,torchscript,1,1,0,29,1,0.10260002454742789,9746.58636205043
inproc,torchscript,1,1,0,30,1,0.10080001084133983,9920.63385364124
inproc,torchscript,1,1,0,31,1,0.09929999941959977,10070.49351304045
inproc,torchscript,1,1,0,32,1,0.10080001084133983,9920.63385364124
inproc,torchscript,1,1,0,33,1,0.09970000246539712,10030.09002278681
inproc,torchscript,1,1,0,34,1,0.09929999941959977,10070.49351304045
inproc,torchscript,1,1,0,35,1,0.0990999978967011,10090.817570373416
inproc,torchscript,1,1,0,36,1,0.1115999766625464,8960.575350510855
inproc,torchscript,1,1,0,37,1,0.10210002074018121,9794.317305230992
inproc,torchscript,1,1,0,38,1,0.10040000779554248,9960.158589194827
inproc,torchscript,1,1,0,39,1,0.1002000062726438,9980.03929539689
inproc,torchscript,1,1,0,40,1,0.10169995948672295,9832.845608267437
inproc,torchscript,1,1,0,41,1,0.10389997623860836,9624.64127714024
inproc,torchscript,1,1,0,42,1,0.09980000322684646,10020.039756181064
inproc,torchscript,1,1,0,43,1,0.09899999713525176,10101.010393301533
inproc,torchscript,1,1,0,44,1,0.10240002302452922,9765.622804210278
inproc,torchscript,1,1,0,45,1,0.09950000094249845,10050.25116108195
inproc,torchscript,1,1,0,46,1,0.09919999865815043,10080.645297648281
inproc,torchscript,1,1,0,47,1,0.10210002074018121,9794.317305230992
inproc,torchscript,1,1,0,48,1,0.10259996633976698,9746.591891545362
inproc,torchscript,1,1,0,49,1,0.10090001160278916,9910.80163535241
inproc,torchscript,1,1,0,50,1,0.10330002987757325,9680.539310445089
inproc,torchscript,1,1,0,51,1,0.10499998461455107,9523.8109193153
inproc,torchscript,1,1,0,52,1,0.1029000268317759,9718.17044940941
inproc,torchscript,1,1,0,53,1,0.10000000474974513,9999.999525025509
inproc,torchscript,1,1,0,54,1,0.10030000703409314,9970.089031599851
inproc,torchscript,1,1,0,55,1,0.10939995991066098,9140.771174108542
inproc,torchscript,1,1,0,56,1,0.10350003140047193,9661.832817525506
inproc,torchscript,1,1,0,57,1,0.09980000322684646,10020.039756181064
inproc,torchscript,1,1,0,58,1,0.13130001025274396,7616.145635290242
inproc,torchscript,1,1,0,59,1,0.11359999189153314,8802.817529730231
inproc,torchscript,1,1,0,60,1,0.1037000329233706,9643.198481325002
inproc,torchscript,1,1,0,61,1,0.1010000123642385,9900.988886948633
inproc,torchscript,1,1,0,62,1,0.10060000931844115,9940.356932120963
inproc,torchscript,1,1,0,63,1,0.1002000062726438,9980.03929539689
inproc,torchscript,1,1,0,64,1,0.10219996329396963,9784.739326408404
inproc,torchscript,1,1,0,65,1,0.10140001541003585,9861.931440111272
inproc,torchscript,1,1,0,66,1,0.10730000212788582,9319.664307258327
inproc,torchscript,1,1,0,67,1,0.0990999978967011,10090.817570373416
inproc,torchscript,1,1,0,68,1,0.10130001464858651,9871.666884442582
inproc,torchscript,1,1,0,69,1,0.09950000094249845,10050.25116108195
inproc,torchscript,1,1,0,70,1,0.09879999561235309,10121.457939366232
inproc,torchscript,1,1,0,71,1,0.09919999865815043,10080.645297648281
inproc,torchscript,1,1,0,72,1,0.10050000855699182,9950.247909013036
inproc,torchscript,1,1,0,73,1,0.10120001388713717,9881.421568926316
inproc,torchscript,1,1,0,74,1,0.11150003410875797,8968.607121900899
inproc,torchscript,1,1,1,0,1,0.10140001541003585,9861.931440111272
inproc,torchscript,1,1,1,1,1,0.10619999375194311,9416.196410856222
inproc,torchscript,1,1,1,2,1,0.11470000026747584,8718.395794839056
inproc,torchscript,1,1,1,3,1,0.11319998884573579,8833.92313194269
inproc,torchscript,1,1,1,4,1,0.14020001981407404,7132.6666096491845
inproc,torchscript,1,1,1,5,1,0.10449998080730438,9569.379747963567
inproc,torchscript,1,1,1,6,1,0.10179996024817228,9823.186547049305
inproc,torchscript,1,1,1,7,1,0.10130001464858651,9871.666884442582
inproc,torchscript,1,1,1,8,1,0.1018000184558332,9823.18093030463
inproc,torchscript,1,1,1,9,1,0.10070001007989049,9930.485599819192
inproc,torchscript,1,1,1,10,1,0.112400040961802,8896.793910776596
inproc,torchscript,1,1,1,11,1,0.10220002150163054,9784.733753544715
inproc,torchscript,1,1,1,12,1,0.10289996862411499,9718.175946709145
inproc,torchscript,1,1,1,13,1,0.1010000123642385,9900.988886948633
inproc,torchscript,1,1,1,14,1,0.10140001541003585,9861.931440111272
inproc,torchscript,1,1,1,15,1,0.10040000779554248,9960.158589194827
inproc,torchscript,1,1,1,16,1,0.10160001693293452,9842.51804465833
inproc,torchscript,1,1,1,17,1,0.09960000170394778,10040.160470804125
inproc,torchscript,1,1,1,18,1,0.0999000039882958,10010.009610381589
inproc,torchscript,1,1,1,19,1,0.0999000039882958,10010.009610381589
inproc,torchscript,1,1,1,20,1,0.1023999648168683,9765.62835532606
inproc,torchscript,1,1,1,21,1,0.0990999978967011,10090.817570373416
inproc,torchscript,1,1,1,22,1,0.09960000170394778,10040.160470804125
inproc,torchscript,1,1,1,23,1,0.09980000322684646,10020.039756181064
inproc,torchscript,1,1,1,24,1,0.10380003368481994,9633.908241652558
inproc,torchscript,1,1,1,25,1,0.10050000855699182,9950.247909013036
inproc,torchscript,1,1,1,26,1,0.10010000551119447,9990.009439991161
inproc,torchscript,1,1,1,27,1,0.10159995872527361,9842.523683538111
inproc,torchscript,1,1,1,28,1,0.10220002150163054,9784.733753544715
inproc,torchscript,1,1,1,29,1,0.10900001507252455,9174.310657981445
inproc,torchscript,1,1,1,30,1,0.10269996710121632,9737.10146386363
inproc,torchscript,1,1,1,31,1,0.0999000039882958,10010.009610381589
inproc,torchscript,1,1,1,32,1,0.10090001160278916,9910.80163535241
inproc,torchscript,1,1,1,33,1,0.10409997776150703,9606.149986804025
inproc,torchscript,1,1,1,34,1,0.10010000551119447,9990.009439991161
inproc,torchscript,1,1,1,35,1,0.10169995948672295,9832.845608267437
inproc,torchscript,1,1,1,36,1,0.10190001921728253,9813.540838178735
inproc,torchscript,1,1,1,37,1,0.10260002454742789,9746.58636205043
inproc,torchscript,1,1,1,38,1,0.10029994882643223,9970.094817600428
inproc,torchscript,1,1,1,39,1,0.10150001617148519,9852.215179064515
inproc,torchscript,1,1,1,40,1,0.10169995948672295,9832.845608267437
inproc,torchscript,1,1,1,41,1,0.10110001312568784,9891.19555065534
inproc,torchscript,1,1,1,42,1,0.10810000821948051,9250.693098650401
inproc,torchscript,1,1,1,43,1,0.11390005238354206,8779.627217664867
inproc,torchscript,1,1,1,44,1,0.10659999679774046,9380.863321200366
inproc,torchscript,1,1,1,45,1,0.10310002835467458,9699.318380009541
inproc,torchscript,1,1,1,46,1,0.12620002962648869,7923.928409206217
inproc,torchscript,1,1,1,47,1,0.10510004358366132,9514.743913535905
inproc,torchscript,1,1,1,48,1,0.11280004400759935,8865.2447682789
inproc,torchscript,1,1,1,49,1,0.10679999832063913,9363.296027381582
inproc,torchscript,1,1,1,50,1,0.10080001084133983,9920.63385364124
inproc,torchscript,1,1,1,51,1,0.10030000703409314,9970.089031599851
inproc,torchscript,1,1,1,52,1,0.10250002378597856,9756.095296992453
inproc,torchscript,1,1,1,53,1,0.10030000703409314,9970.089031599851
inproc,torchscript,1,1,1,54,1,0.10000000474974513,9999.999525025509
inproc,torchscript,1,1,1,55,1,0.10120001388713717,9881.421568926316
inproc,torchscript,1,1,1,56,1,0.10150001617148519,9852.215179064515
inproc,torchscript,1,1,1,57,1,0.10080001084133983,9920.63385364124
inproc,torchscript,1,1,1,58,1,0.10010000551119447,9990.009439991161
inproc,torchscript,1,1,1,59,1,0.10070001007989049,9930.485599819192
inproc,torchscript,1,1,1,60,1,0.10170001769438386,9832.839980471534
inproc,torchscript,1,1,1,61,1,0.09980000322684646,10020.039756181064
inproc,torchscript,1,1,1,62,1,0.10050000855699182,9950.247909013036
inproc,torchscript,1,1,1,63,1,0.10000000474974513,9999.999525025509
inproc,torchscript,1,1,1,64,1,0.10110001312568784,9891.19555065534
inproc,torchscript,1,1,1,65,1,0.1002000062726438,9980.03929539689
inproc,torchscript,1,1,1,66,1,0.09980000322684646,10020.039756181064
inproc,torchscript,1,1,1,67,1,0.10810000821948051,9250.693098650401
inproc,torchscript,1,1,1,68,1,0.10390003444626927,9624.635885151112
inproc,torchscript,1,1,1,69,1,0.10430003749206662,9587.72426209399
inproc,torchscript,1,1,1,70,1,0.11670001549646258,8568.979153480164
inproc,torchscript,1,1,1,71,1,0.10030000703409314,9970.089031599851
inproc,torchscript,1,1,1,72,1,0.10160001693293452,9842.51804465833
inproc,torchscript,1,1,1,73,1,0.10119995567947626,9881.427252470663
inproc,torchscript,1,1,1,74,1,0.10130001464858651,9871.666884442582
inproc,torchscript,1,1,2,0,1,0.10189996100962162,9813.546443904701
inproc,torchscript,1,1,2,1,1,0.1018000184558332,9823.18093030463
inproc,torchscript,1,1,2,2,1,0.10040000779554248,9960.158589194827
inproc,torchscript,1,1,2,3,1,0.10109995491802692,9891.201245448747
inproc,torchscript,1,1,2,4,1,0.11140003334730864,8976.657995086314
inproc,torchscript,1,1,2,5,1,0.10539998766034842,9487.66714491942
inproc,torchscript,1,1,2,6,1,0.10170001769438386,9832.839980471534
inproc,torchscript,1,1,2,7,1,0.09979994501918554,10020.045600303287
inproc,torchscript,1,1,2,8,1,0.1010000123642385,9900.988886948633
inproc,torchscript,1,1,2,9,1,0.10099995415657759,9900.994593024529
inproc,torchscript,1,1,2,10,1,0.10050000855699182,9950.247909013036
inproc,torchscript,1,1,2,11,1,0.09899999713525176,10101.010393301533
inproc,torchscript,1,1,2,12,1,0.10320002911612391,9689.919746774185
inproc,torchscript,1,1,2,13,1,0.09980000322684646,10020.039756181064
inproc,torchscript,1,1,2,14,1,0.10050000855699182,9950.247909013036
inproc,torchscript,1,1,2,15,1,0.10070001007989049,9930.485599819192
inproc,torchscript,1,1,2,16,1,0.10150001617148519,9852.215179064515
inproc,torchscript,1,1,2,17,1,0.10000000474974513,9999.999525025509
inproc,torchscript,1,1,2,18,1,0.10080001084133983,9920.63385364124
inproc,torchscript,1,1,2,19,1,0.1002000062726438,9980.03929539689
inproc,torchscript,1,1,2,20,1,0.10140001541003585,9861.931440111272
inproc,torchscript,1,1,2,21,1,0.09899999713525176,10101.010393301533
inproc,torchscript,1,1,2,22,1,0.10069995187222958,9930.491339944463
inproc,torchscript,1,1,2,23,1,0.1002000062726438,9980.03929539689
inproc,torchscript,1,1,2,24,1,0.1134999911300838,8810.573375762533
inproc,torchscript,1,1,2,25,1,0.10459998156875372,9560.231130085798
inproc,torchscript,1,1,2,26,1,0.10080001084133983,9920.63385364124
inproc,torchscript,1,1,2,27,1,0.10369997471570969,9643.203894132756
inproc,torchscript,1,1,2,28,1,0.10279996786266565,9727.629500195348
inproc,torchscript,1,1,2,29,1,0.10060000931844115,9940.356932120963
inproc,torchscript,1,1,2,30,1,0.10160001693293452,9842.51804465833
inproc,torchscript,1,1,2,31,1,0.10179996024817228,9823.186547049305
inproc,torchscript,1,1,2,32,1,0.10489998385310173,9532.889932570104
inproc,torchscript,1,1,2,33,1,0.10150001617148519,9852.215179064515
inproc,torchscript,1,1,2,34,1,0.10150001617148519,9852.215179064515
inproc,torchscript,1,1,2,35,1,0.10060000931844115,9940.356932120963
inproc,torchscript,1,1,2,36,1,0.10170001769438386,9832.839980471534
inproc,torchscript,1,1,2,37,1,0.10169995948672295,9832.845608267437
inproc,torchscript,1,1,2,38,1,0.10220002150163054,9784.733753544715
inproc,torchscript,1,1,2,39,1,0.10000000474974513,9999.999525025509
inproc,torchscript,1,1,2,40,1,0.10280002607032657,9727.623992195193
inproc,torchscript,1,1,2,41,1,0.10330002987757325,9680.539310445089
inproc,torchscript,1,1,2,42,1,0.09940000018104911,10060.362154714088
inproc,torchscript,1,1,2,43,1,0.1115999766625464,8960.575350510855
inproc,torchscript,1,1,2,44,1,0.10280002607032657,9727.623992195193
inproc,torchscript,1,1,2,45,1,0.10060000931844115,9940.356932120963
inproc,torchscript,1,1,2,46,1,0.10010000551119447,9990.009439991161
inproc,torchscript,1,1,2,47,1,0.1002000062726438,9980.03929539689
inproc,torchscript,1,1,2,48,1,0.10090001160278916,9910.80163535241
inproc,torchscript,1,1,2,49,1,0.09980000322684646,10020.039756181064
inproc,torchscript,1,1,2,50,1,0.09899999713525176,10101.010393301533
inproc,torchscript,1,1,2,51,1,0.10160001693293452,9842.51804465833
inproc,torchscript,1,1,2,52,1,0.10140001541003585,9861.931440111272
inproc,torchscript,1,1,2,53,1,0.10010000551119447,9990.009439991161
inproc,torchscript,1,1,2,54,1,0.0999000039882958,10010.009610381589
inproc,torchscript,1,1,2,55,1,0.09970000246539712,10030.09002278681
inproc,torchscript,1,1,2,56,1,0.10449998080730438,9569.379747963567
inproc,torchscript,1,1,2,57,1,0.10380003368481994,9633.908241652558
inproc,torchscript,1,1,2,58,1,0.11249998351559043,8888.890191360948
inproc,torchscript,1,1,2,59,1,0.10679999832063913,9363.296027381582
inproc,torchscript,1,1,2,60,1,0.10659999679774046,9380.863321200366
inproc,torchscript,1,1,2,61,1,0.10039994958788157,9960.164363675154
inproc,torchscript,1,1,2,62,1,0.11160003487020731,8960.570676908987
inproc,torchscript,1,1,2,63,1,0.10350003140047193,9661.832817525506
inproc,torchscript,1,1,2,64,1,0.10190001921728253,9813.540838178735
inproc,torchscript,1,1,2,65,1,0.10099995415657759,9900.994593024529
inproc,torchscript,1,1,2,66,1,0.10120001388713717,9881.421568926316
inproc,torchscript,1,1,2,67,1,0.10359997395426035,9652.512079216376
inproc,torchscript,1,1,2,68,1,0.11819996871054173,8460.239126195424
inproc,torchscript,1,1,2,69,1,0.10880001354962587,9191.175325946811
inproc,torchscript,1,1,2,70,1,0.16629998572170734,6013.229620316611
inproc,torchscript,1,1,2,71,1,0.1781000173650682,5614.822585616074
inproc,torchscript,1,1,2,72,1,0.11780002387240529,8488.962626044513
inproc,torchscript,1,1,2,73,1,0.10240002302452922,9765.622804210278
inproc,torchscript,1,1,2,74,1,0.10109995491802692,9891.201245448747
inproc,torchscript,1,4,0,0,1,0.10080001084133983,9920.63385364124
inproc,torchscript,1,4,0,1,1,0.10310002835467458,9699.318380009541
inproc,torchscript,1,4,0,2,1,0.10410003596916795,9606.144615513651
inproc,torchscript,1,4,0,3,1,0.11180003639310598,8944.5409166402
inproc,torchscript,1,4,0,4,1,0.10309997014701366,9699.32385600177
inproc,torchscript,1,4,0,5,1,0.09970000246539712,10030.09002278681
inproc,torchscript,1,4,0,6,1,0.0999000039882958,10010.009610381589
inproc,torchscript,1,4,0,7,1,0.0990999978967011,10090.817570373416
inproc,torchscript,1,4,0,8,1,0.09980000322684646,10020.039756181064
inproc,torchscript,1,4,0,9,1,0.09819999104365706,10183.30031777118
inproc,torchscript,1,4,0,10,1,0.09799998952075839,10204.082723786207
inproc,torchscript,1,4,0,11,1,0.09699998190626502,10309.280273540053
inproc,torchscript,1,4,0,12,1,0.09899999713525176,10101.010393301533
inproc,torchscript,1,4,0,13,1,0.10369997471570969,9643.203894132756
inproc,torchscript,1,4,0,14,1,0.09899999713525176,10101.010393301533
inproc,torchscript,1,4,0,15,1,0.0982999918051064,10172.94082773314
inproc,torchscript,1,4,0,16,1,0.10329997166991234,9680.544765253455
inproc,torchscript,1,4,0,17,1,0.0982999918051064,10172.94082773314
inproc,torchscript,1,4,0,18,1,0.09849999332800508,10152.284951634454
inproc,torchscript,1,4,0,19,1,0.09770004544407129,10235.409773401316
inproc,torchscript,1,4,0,20,1,0.09960000170394778,10040.160470804125
inproc,torchscript,1,4,0,21,1,0.09809999028220773,10193.680928237245
inproc,torchscript,1,4,0,22,1,0.109699962195009,9115.773424081424
inproc,torchscript,1,4,0,23,1,0.10499998461455107,9523.8109193153
inproc,torchscript,1,4,0,24,1,0.10120001388713717,9881.421568926316
inproc,torchscript,1,4,0,25,1,0.0990999978967011,10090.817570373416
inproc,torchscript,1,4,0,26,1,0.09889999637380242,10111.223828769416
inproc,torchscript,1,4,0,27,1,0.09729998419061303,10277.493961776763
inproc,torchscript,1,4,0,28,1,0.10489998385310173,9532.889932570104
inproc,torchscript,1,4,0,29,1,0.11789996642619371,8481.76662226624
inproc,torchscript,1,4,0,30,1,0.5462999688461423,1830.496168821192
inproc,torchscript,1,4,0,31,1,0.11590000940486789,8628.12699614845
inproc,torchscript,1,4,0,32,1,0.10469998233020306,9551.09998821392
inproc,torchscript,1,4,0,33,1,0.10140001541003585,9861.931440111272
inproc,torchscript,1,4,0,34,1,0.11630001245066524,8598.451358070168
inproc,torchscript,1,4,0,35,1,0.10120001388713717,9881.421568926316
inproc,torchscript,1,4,0,36,1,0.10900001507252455,9174.310657981445
inproc,torchscript,1,4,0,37,1,0.11329998960718513,8826.12614058513
inproc,torchscript,1,4,0,38,1,0.10529998689889908,9496.677344890108
inproc,torchscript,1,4,0,39,1,0.10130001464858651,9871.666884442582
inproc,torchscript,1,4,0,40,1,0.10190001921728253,9813.540838178735
inproc,torchscript,1,4,0,41,1,0.13020000187680125,7680.491440746882
inproc,torchscript,1,4,0,42,1,0.10830000974237919,9233.609511012695
inproc,torchscript,1,4,0,43,1,0.1002000062726438,9980.03929539689
inproc,torchscript,1,4,0,44,1,0.10120001388713717,9881.421568926316
inproc,torchscript,1,4,0,45,1,0.09940000018104911,10060.362154714088
inproc,torchscript,1,4,0,46,1,0.09950000094249845,10050.25116108195
inproc,torchscript,1,4,0,47,1,0.09929999941959977,10070.49351304045
inproc,torchscript,1,4,0,48,1,0.10080001084133983,9920.63385364124
inproc,torchscript,1,4,0,49,1,0.0999000039882958,10010.009610381589
inproc,torchscript,1,4,0,50,1,0.0990999978967011,10090.817570373416
inproc,torchscript,1,4,0,51,1,0.0982999918051064,10172.94082773314
inproc,torchscript,1,4,0,52,1,0.10340003063902259,9671.177018226199
inproc,torchscript,1,4,0,53,1,0.10040000779554248,9960.158589194827
inproc,torchscript,1,4,0,54,1,0.09879999561235309,10121.457939366232
inproc,torchscript,1,4,0,55,1,0.09850005153566599,10152.278952239014
inproc,torchscript,1,4,0,56,1,0.10000000474974513,9999.999525025509
inproc,torchscript,1,4,0,57,1,0.10010000551119447,9990.009439991161
inproc,torchscript,1,4,0,58,1,0.09919999865815043,10080.645297648281
inproc,torchscript,1,4,0,59,1,0.09929999941959977,10070.49351304045
inproc,torchscript,1,4,0,60,1,0.12019998393952847,8319.468665678784
inproc,torchscript,1,4,0,61,1,0.10840001050382853,9225.091357022346
inproc,torchscript,1,4,0,62,1,0.09980000322684646,10020.039756181064
inproc,torchscript,1,4,0,63,1,0.09970000246539712,10030.09002278681
inproc,torchscript,1,4,0,64,1,0.10070001007989049,9930.485599819192
inproc,torchscript,1,4,0,65,1,0.09970000246539712,10030.09002278681
inproc,torchscript,1,4,0,66,1,0.09980000322684646,10020.039756181064
inproc,torchscript,1,4,0,67,1,0.0982999918051064,10172.94082773314
inproc,torchscript,1,4,0,68,1,0.10300002759322524,9708.735263152243
inproc,torchscript,1,4,0,69,1,0.09899999713525176,10101.010393301533
inproc,torchscript,1,4,0,70,1,0.09879999561235309,10121.457939366232
inproc,torchscript,1,4,0,71,1,0.1010000123642385,9900.988886948633
inproc,torchscript,1,4,0,72,1,0.09980000322684646,10020.039756181064
inproc,torchscript,1,4,0,73,1,0.0999000039882958,10010.009610381589
inproc,torchscript,1,4,0,74,1,0.09929999941959977,10070.49351304045
inproc,torchscript,1,4,1,0,1,0.10539998766034842,9487.66714491942
inproc,torchscript,1,4,1,1,1,0.10090001160278916,9910.80163535241
inproc,torchscript,1,4,1,2,1,0.10130001464858651,9871.666884442582
inproc,torchscript,1,4,1,3,1,0.09950000094249845,10050.25116108195
inproc,torchscript,1,4,1,4,1,0.10120001388713717,9881.421568926316
inproc,torchscript,1,4,1,5,1,0.09920005686581135,10080.639382623614
inproc,torchscript,1,4,1,6,1,0.09849999332800508,10152.284951634454
inproc,torchscript,1,4,1,7,1,0.09940000018104911,10060.362154714088
inproc,torchscript,1,4,1,8,1,0.10040000779554248,9960.158589194827
inproc,torchscript,1,4,1,9,1,0.10010000551119447,9990.009439991161
inproc,torchscript,1,4,1,10,1,0.09970000246539712,10030.09002278681
inproc,torchscript,1,4,1,11,1,0.09790004696696997,10214.49969617875
inproc,torchscript,1,4,1,12,1,0.10050000855699182,9950.247909013036
inproc,torchscript,1,4,1,13,1,0.0982999918051064,10172.94082773314
inproc,torchscript,1,4,1,14,1,0.09839999256655574,10162.602393731082
inproc,torchscript,1,4,1,15,1,0.09899999713525176,10101.010393301533
inproc,torchscript,1,4,1,16,1,0.10870001278817654,9199.630932414862
inproc,torchscript,1,4,1,17,1,0.11399999493733048,8771.930214117401
inproc,torchscript,1,4,1,18,1,0.3038000431843102,3291.638768442562
inproc,torchscript,1,4,1,19,1,0.10800000745803118,9259.258619853339
inproc,torchscript,1,4,1,20,1,0.10520004434511065,9505.699415101783
inproc,torchscript,1,4,1,21,1,0.0999000039882958,10010.009610381589
inproc,torchscript,1,4,1,22,1,0.10000000474974513,9999.999525025509
inproc,torchscript,1,4,1,23,1,0.09869999485090375,10131.712787934795
inproc,torchscript,1,4,1,24,1,0.10000000474974513,9999.999525025509
inproc,torchscript,1,4,1,25,1,0.0990999978967011,10090.817570373416
inproc,torchscript,1,4,1,26,1,0.09779998799785972,10224.950130074498
inproc,torchscript,1,4,1,27,1,0.09869999485090375,10131.712787934795
inproc,torchscript,1,4,1,28,1,0.10159995872527361,9842.523683538111
inproc,torchscript,1,4,1,29,1,0.09789998875930905,10214.505769337104
inproc,torchscript,1,4,1,30,1,0.09839999256655574,10162.602393731082
inproc,torchscript,1,4,1,31,1,0.09849999332800508,10152.284951634454
inproc,torchscript,1,4,1,32,1,0.10010000551119447,9990.009439991161
inproc,torchscript,1,4,1,33,1,0.09849999332800508,10152.284951634454
inproc,torchscript,1,4,1,34,1,0.12199999764561653,8196.721469657587
inproc,torchscript,1,4,1,35,1,0.10429997928440571,9587.729612804571
inproc,torchscript,1,4,1,36,1,0.10090001160278916,9910.80163535241
inproc,torchscript,1,4,1,37,1,0.09839999256655574,10162.602393731082
inproc,torchscript,1,4,1,38,1,0.09889999637380242,10111.223828769416
inproc,torchscript,1,4,1,39,1,0.09839999256655574,10162.602393731082
inproc,torchscript,1,4,1,40,1,0.10069995187222958,9930.491339944463
inproc,torchscript,1,4,1,41,1,0.09960000170394778,10040.160470804125
inproc,torchscript,1,4,1,42,1,0.10070001007989049,9930.485599819192
inproc,torchscript,1,4,1,43,1,0.09879999561235309,10121.457939366232
inproc,torchscript,1,4,1,44,1,0.10030000703409314,9970.089031599851
inproc,torchscript,1,4,1,45,1,0.09899999713525176,10101.010393301533
inproc,torchscript,1,4,1,46,1,0.10040000779554248,9960.158589194827
inproc,torchscript,1,4,1,47,1,0.0990999978967011,10090.817570373416
inproc,torchscript,1,4,1,48,1,0.10029994882643223,9970.094817600428
inproc,torchscript,1,4,1,49,1,0.09929999941959977,10070.49351304045
inproc,torchscript,1,4,1,50,1,0.09889999637380242,10111.223828769416
inproc,torchscript,1,4,1,51,1,0.09789998875930905,10214.505769337104
inproc,torchscript,1,4,1,52,1,0.09970000246539712,10030.09002278681
inproc,torchscript,1,4,1,53,1,0.11449999874457717,8733.62454990735
inproc,torchscript,1,4,1,54,1,0.11209998046979308,8920.60815540877
inproc,torchscript,1,4,1,55,1,0.10190001921728253,9813.540838178735
inproc,torchscript,1,4,1,56,1,0.10150001617148519,9852.215179064515
inproc,torchscript,1,4,1,57,1,0.10000000474974513,9999.999525025509
inproc,torchscript,1,4,1,58,1,0.0999000039882958,10010.009610381589
inproc,torchscript,1,4,1,59,1,0.09879999561235309,10121.457939366232
inproc,torchscript,1,4,1,60,1,0.09980000322684646,10020.039756181064
inproc,torchscript,1,4,1,61,1,0.09879999561235309,10121.457939366232
inproc,torchscript,1,4,1,62,1,0.1776000135578215,5630.630200793473
inproc,torchscript,1,4,1,63,1,0.11200003791600466,8928.568405931774
inproc,torchscript,1,4,1,64,1,0.10360003216192126,9652.506655954063
inproc,torchscript,1,4,1,65,1,0.10150001617148519,9852.215179064515
inproc,torchscript,1,4,1,66,1,0.10169995948672295,9832.845608267437
inproc,torchscript,1,4,1,67,1,0.1002000062726438,9980.03929539689
inproc,torchscript,1,4,1,68,1,0.1012999564409256,9871.67255677117
inproc,torchscript,1,4,1,69,1,0.12049998622387648,8298.756135474603
inproc,torchscript,1,4,1,70,1,0.09879999561235309,10121.457939366232
inproc,torchscript,1,4,1,71,1,0.1097000204026699,9115.768587183067
inproc,torchscript,1,4,1,72,1,0.11220003943890333,8912.652838634101
inproc,torchscript,1,4,1,73,1,0.10230002226307988,9775.168938168455
inproc,torchscript,1,4,1,74,1,0.0999000039882958,10010.009610381589
inproc,torchscript,1,4,2,0,1,0.09970000246539712,10030.09002278681
inproc,torchscript,1,4,2,1,1,0.10040000779554248,9960.158589194827
inproc,torchscript,1,4,2,2,1,0.10060000931844115,9940.356932120963
inproc,torchscript,1,4,2,3,1,0.1029000268317759,9718.17044940941
inproc,torchscript,1,4,2,4,1,0.10529998689889908,9496.677344890108
inproc,torchscript,1,4,2,5,1,0.1029000268317759,9718.17044940941
inproc,torchscript,1,4,2,6,1,0.10210002074018121,9794.317305230992
inproc,torchscript,1,4,2,7,1,0.1058999914675951,9442.871393488216
inproc,torchscript,1,4,2,8,1,0.12070004595443606,8285.000988131333
inproc,torchscript,1,4,2,9,1,0.11419999646022916,8756.567696989869
inproc,torchscript,1,4,2,10,1,0.10140001541003585,9861.931440111272
inproc,torchscript,1,4,2,11,1,0.09980000322684646,10020.039756181064
inproc,torchscript,1,4,2,12,1,0.10200001997873187,9803.919648334491
inproc,torchscript,1,4,2,13,1,0.11310004629194736,8841.729360735011
inproc,torchscript,1,4,2,14,1,0.1045000390149653,9569.37441771473
inproc,torchscript,1,4,2,15,1,0.1010000123642385,9900.988886948633
inproc,torchscript,1,4,2,16,1,0.10130001464858651,9871.666884442582
inproc,torchscript,1,4,2,17,1,0.1002000062726438,9980.03929539689
inproc,torchscript,1,4,2,18,1,0.15659997006878257,6385.697261377351
inproc,torchscript,1,4,2,19,1,0.16910000704228878,5913.660309605537
inproc,torchscript,1,4,2,20,1,0.1230000052601099,8130.080953129112
inproc,torchscript,1,4,2,21,1,0.1066999975591898,9372.071442131655
inproc,torchscript,1,4,2,22,1,0.1384999486617744,7220.2192828393245
inproc,torchscript,1,4,2,23,1,0.1086000120267272,9208.102111019041
inproc,torchscript,1,4,2,24,1,0.10089995339512825,9910.807352744358
inproc,torchscript,1,4,2,25,1,0.11389999417588115,8779.631704421585
inproc,torchscript,1,4,2,26,1,0.1023999648168683,9765.62835532606
inproc,torchscript,1,4,2,27,1,0.09940000018104911,10060.362154714088
inproc,torchscript,1,4,2,28,1,0.10000000474974513,9999.999525025509
inproc,torchscript,1,4,2,29,1,0.09859999408945441,10141.98843757287
inproc,torchscript,1,4,2,30,1,0.10190001921728253,9813.540838178735
inproc,torchscript,1,4,2,31,1,0.09929999941959977,10070.49351304045
inproc,torchscript,1,4,2,32,1,0.09960000170394778,10040.160470804125
inproc,torchscript,1,4,2,33,1,0.09839999256655574,10162.602393731082
inproc,torchscript,1,4,2,34,1,0.10810000821948051,9250.693098650401
inproc,torchscript,1,4,2,35,1,0.1010000123642385,9900.988886948633
inproc,torchscript,1,4,2,36,1,0.10050000855699182,9950.247909013036
inproc,torchscript,1,4,2,37,1,0.09799998952075839,10204.082723786207
inproc,torchscript,1,4,2,38,1,0.10250002378597856,9756.095296992453
inproc,torchscript,1,4,2,39,1,0.10250002378597856,9756.095296992453
inproc,torchscript,1,4,2,40,1,0.1256999676115811,7955.451532732672
inproc,torchscript,1,4,2,41,1,0.10329997166991234,9680.544765253455
inproc,torchscript,1,4,2,42,1,0.09940000018104911,10060.362154714088
inproc,torchscript,1,4,2,43,1,0.09889999637380242,10111.223828769416
inproc,torchscript,1,4,2,44,1,0.11230004020035267,8904.716313688903
inproc,torchscript,1,4,2,45,1,0.10040000779554248,9960.158589194827
inproc,torchscript,1,4,2,46,1,0.09879999561235309,10121.457939366232
inproc,torchscript,1,4,2,47,1,0.09849999332800508,10152.284951634454
inproc,torchscript,1,4,2,48,1,0.10000000474974513,9999.999525025509
inproc,torchscript,1,4,2,49,1,0.09839999256655574,10162.602393731082
inproc,torchscript,1,4,2,50,1,0.09789998875930905,10214.505769337104
inproc,torchscript,1,4,2,51,1,0.09739998495206237,10266.942037949728
inproc,torchscript,1,4,2,52,1,0.09859999408945441,10141.98843757287
inproc,torchscript,1,4,2,53,1,0.10750000365078449,9302.325265481071
inproc,torchscript,1,4,2,54,1,0.10120001388713717,9881.421568926316
inproc,torchscript,1,4,2,55,1,0.10080001084133983,9920.63385364124
inproc,torchscript,1,4,2,56,1,0.10390003444626927,9624.635885151112
inproc,torchscript,1,4,2,57,1,0.10280002607032657,9727.623992195193
inproc,torchscript,1,4,2,58,1,0.09799998952075839,10204.082723786207
inproc,torchscript,1,4,2,59,1,0.09849999332800508,10152.284951634454
inproc,torchscript,1,4,2,60,1,0.09950000094249845,10050.25116108195
inproc,torchscript,1,4,2,61,1,0.0982999918051064,10172.94082773314
inproc,torchscript,1,4,2,62,1,0.0982999918051064,10172.94082773314
inproc,torchscript,1,4,2,63,1,0.10659999679774046,9380.863321200366
inproc,torchscript,1,4,2,64,1,0.10350003140047193,9661.832817525506
inproc,torchscript,1,4,2,65,1,0.09860005229711533,10141.982450340509
inproc,torchscript,1,4,2,66,1,0.09740004315972328,10266.935902278106
inproc,torchscript,1,4,2,67,1,0.09769998723641038,10235.415871449824
inproc,torchscript,1,4,2,68,1,0.10040000779554248,9960.158589194827
inproc,torchscript,1,4,2,69,1,0.09809999028220773,10193.680928237245
inproc,torchscript,1,4,2,70,1,0.09819999104365706,10183.30031777118
inproc,torchscript,1,4,2,71,1,0.09869999485090375,10131.712787934795
inproc,torchscript,1,4,2,72,1,0.10730000212788582,9319.664307258327
inproc,torchscript,1,4,2,73,1,0.1050999853760004,9514.749183098842
inproc,torchscript,1,4,2,74,1,0.10330002987757325,9680.539310445089
inproc,torchscript,8,1,0,0,8,0.2807999844662845,28490.030066082698
inproc,torchscript,8,1,0,1,8,0.2964999875985086,26981.45138148478
inproc,torchscript,8,1,0,2,8,0.28169999131932855,28399.006909912845
inproc,torchscript,8,1,0,3,8,0.2815000480040908,28419.17810217831
inproc,torchscript,8,1,0,4,8,0.29360002372413874,27247.954201518238
inproc,torchscript,8,1,0,5,8,0.2812999882735312,28439.389738690425
inproc,torchscript,8,1,0,6,8,0.27949997456744313,28622.54285489964
inproc,torchscript,8,1,0,7,8,0.2761000068858266,28975.008332064896
inproc,torchscript,8,1,0,8,8,0.2902999985963106,27557.69906538908
inproc,torchscript,8,1,0,9,8,0.2818999928422272,28378.85847154814
inproc,torchscript,8,1,0,10,8,0.2858999650925398,27981.815238804134
inproc,torchscript,8,1,0,11,8,0.30519999563694,26212.32016502597
inproc,torchscript,8,1,0,12,8,0.41550002060830593,19253.90999569081
inproc,torchscript,8,1,0,13,8,0.4089000285603106,19564.684375706867
inproc,torchscript,8,1,0,14,8,0.318199978210032,25141.422211913217
inproc,torchscript,8,1,0,15,8,0.2838000073097646,28188.864672114287
inproc,torchscript,8,1,0,16,8,0.2863999688997865,27932.96392709896
inproc,torchscript,8,1,0,17,8,0.48099999548867345,16632.01678800927
inproc,torchscript,8,1,0,18,8,0.3754999488592148,21304.929665914333
inproc,torchscript,8,1,0,19,8,0.28009997913613915,28561.230260255386
inproc,torchscript,8,1,0,20,8,0.29449997236952186,27164.688456955282
inproc,torchscript,8,1,0,21,8,0.28089998522773385,28479.887578186113
inproc,torchscript,8,1,0,22,8,0.2770000137388706,28880.86499353622
inproc,torchscript,8,1,0,23,8,0.278900028206408,28684.11326971745
inproc,torchscript,8,1,0,24,8,0.2762000076472759,28964.517662926653
inproc,torchscript,8,1,0,25,8,0.27680001221597195,28901.7328285305
inproc,torchscript,8,1,0,26,8,0.2749999985098839,29090.90924854121
inproc,torchscript,8,1,0,27,8,0.291000003926456,27491.408563766992
inproc,torchscript,8,1,0,28,8,0.27680001221597195,28901.7328285305
inproc,torchscript,8,1,0,29,8,0.27949997456744313,28622.54285489964
inproc,torchscript,8,1,0,30,8,0.2772000152617693,28860.02727108558
inproc,torchscript,8,1,0,31,8,0.27819996466860175,28756.294090582596
inproc,torchscript,8,1,0,32,8,0.2747999969869852,29112.081833024502
inproc,torchscript,8,1,0,33,8,0.28419995214790106,28149.195450380317
inproc,torchscript,8,1,0,34,8,0.29120000544935465,27472.526958421902
inproc,torchscript,8,1,0,35,8,0.27819996466860175,28756.294090582596
inproc,torchscript,8,1,0,36,8,0.27760001830756664,28818.44190347426
inproc,torchscript,8,1,0,37,8,0.28139998903498054,28429.283268399588
inproc,torchscript,8,1,0,38,8,0.27550000231713057,29038.112278456996
inproc,torchscript,8,1,0,39,8,0.2763999509625137,28943.565192907678
inproc,torchscript,8,1,0,40,8,0.277700019069016,28808.064280369326
inproc,torchscript,8,1,0,41,8,0.28879998717457056,27700.83225510758
inproc,torchscript,8,1,0,42,8,0.2791000297293067,28663.55839431129
inproc,torchscript,8,1,0,43,8,0.27680001221597195,28901.7328285305
inproc,torchscript,8,1,0,44,8,0.2761000068858266,28975.008332064896
inproc,torchscript,8,1,0,45,8,0.27790002059191465,28787.33144013576
inproc,torchscript,8,1,0,46,8,0.27860002592206,28715.000917616737
inproc,torchscript,8,1,0,47,8,0.28500001644715667,28070.173818685802
inproc,torchscript,8,1,0,48,8,0.2893999917432666,27643.40092689769
inproc,torchscript,8,1,0,49,8,0.27820002287626266,28756.28807391661
inproc,torchscript,8,1,0,50,8,0.28200005181133747,28368.78911409608
inproc,torchscript,8,1,0,51,8,0.2829000004567206,28278.543609348202
inproc,torchscript,8,1,0,52,8,0.28310000197961926,28258.56568017944
inproc,torchscript,8,1,0,53,8,0.28000003658235073,28571.424838536128
inproc,torchscript,8,1,0,54,8,0.2891999902203679,27662.518224513315
inproc,torchscript,8,1,0,55,8,0.29499997617676854,27118.646257809447
inproc,torchscript,8,1,0,56,8,0.2835000050254166,28218.694385147457
inproc,torchscript,8,1,0,57,8,0.27950003277510405,28622.5368940729
inproc,torchscript,8,1,0,58,8,0.2892000484280288,27662.51265684315
inproc,torchscript,8,1,0,59,8,0.284800014924258,28089.886168466615
inproc,torchscript,8,1,0,60,8,0.27959997532889247,28612.305815083237
inproc,torchscript,8,1,0,61,8,0.2788999699987471,28684.11925621913
inproc,torchscript,8,1,0,62,8,0.29009999707341194,27576.69796865093
inproc,torchscript,8,1,0,63,8,0.27870002668350935,28704.69764642243
inproc,torchscript,8,1,0,64,8,0.27740001678466797,28839.219596046412
inproc,torchscript,8,1,0,65,8,0.27599994791671634,28985.512716161888
inproc,torchscript,8,1,0,66,8,0.2759000053629279,28996.012484583094
inproc,torchscript,8,1,0,67,8,0.27789996238425374,28787.337469799142
inproc,torchscript,8,1,0,68,8,0.28450001263991,28119.506659303926
inproc,torchscript,8,1,0,69,8,0.28959999326616526,27624.310034590948
inproc,torchscript,8,1,0,70,8,0.2770000137388706,28880.86499353622
inproc,torchscript,8,1,0,71,8,0.35180000122636557,22740.19321237126
inproc,torchscript,8,1,0,72,8,0.2970999921672046,26926.961329227124
inproc,torchscript,8,1,0,73,8,0.2870000316761434,27874.5613834195
inproc,torchscript,8,1,0,74,8,0.277700019069016,28808.064280369326
inproc,torchscript,8,1,1,0,8,0.27950003277510405,28622.5368940729
inproc,torchscript,8,1,1,1,8,0.2799999783746898,28571.430778093047
inproc,torchscript,8,1,1,2,8,0.29309996170923114,27294.4423238662
inproc,torchscript,8,1,1,3,8,0.2894999925047159,27633.852183501112
inproc,torchscript,8,1,1,4,8,0.30019995756447315,26648.904499867764
inproc,torchscript,8,1,1,5,8,0.2796999760903418,28602.076095337372
inproc,torchscript,8,1,1,6,8,0.27790002059191465,28787.33144013576
inproc,torchscript,8,1,1,7,8,0.27920003049075603,28653.29199978318
inproc,torchscript,8,1,1,8,8,0.291600008495152,27434.841450400727
inproc,torchscript,8,1,1,9,8,0.2777999616228044,28797.70016261689
inproc,torchscript,8,1,1,10,8,0.28959999326616526,27624.310034590948
inproc,torchscript,8,1,1,11,8,0.27899997076019645,28673.838130528293
inproc,torchscript,8,1,1,12,8,0.2791999722830951,28653.2979734267
inproc,torchscript,8,1,1,13,8,0.2788999699987471,28684.11925621913
inproc,torchscript,8,1,1,14,8,0.2840000088326633,28169.013208424614
inproc,torchscript,8,1,1,15,8,0.278000021353364,28776.9762068876
inproc,torchscript,8,1,1,16,8,0.2796999760903418,28602.076095337372
inproc,torchscript,8,1,1,17,8,0.2896999940276146,27614.7744733382
inproc,torchscript,8,1,1,18,8,0.28110004495829344,28459.618358250184
inproc,torchscript,8,1,1,19,8,0.2799000358209014,28581.632640872296
inproc,torchscript,8,1,1,20,8,0.28580002253875136,27991.60031177145
inproc,torchscript,8,1,1,21,8,0.2826999989338219,28298.54980605339
inproc,torchscript,8,1,1,22,8,0.277700019069016,28808.064280369326
inproc,torchscript,8,1,1,23,8,0.2769000129774213,28891.295142887295
inproc,torchscript,8,1,1,24,8,0.2884000423364341,27739.24696816643
inproc,torchscript,8,1,1,25,8,0.2758000046014786,29006.52598450722
inproc,torchscript,8,1,1,26,8,0.2758000046014786,29006.52598450722
inproc,torchscript,8,1,1,27,8,0.2775000175461173,28828.827006003674
inproc,torchscript,8,1,1,28,8,0.29449997236952186,27164.688456955282
inproc,torchscript,8,1,1,29,8,0.2864999696612358,27923.214126198287
inproc,torchscript,8,1,1,30,8,0.2798999776132405,28581.63858467406
inproc,torchscript,8,1,1,31,8,0.292200013063848,27378.50664726677
inproc,torchscript,8,1,1,32,8,0.2820999943651259,28358.738602615816
inproc,torchscript,8,1,1,33,8,0.27630000840872526,28954.03458752616
inproc,torchscript,8,1,1,34,8,0.27550000231713057,29038.112278456996
inproc,torchscript,8,1,1,35,8,0.2761000068858266,28975.008332064896
inproc,torchscript,8,1,1,36,8,0.2769999555312097,28880.871062445483
inproc,torchscript,8,1,1,37,8,0.27550000231713057,29038.112278456996
inproc,torchscript,8,1,1,38,8,0.2924000145867467,27359.77975687354
inproc,torchscript,8,1,1,39,8,0.28219999512657523,28348.68936270448
inproc,torchscript,8,1,1,40,8,0.2771999570541084,28860.033331240487
inproc,torchscript,8,1,1,41,8,0.2793999738059938,28632.787222646406
inproc,torchscript,8,1,1,42,8,0.2782999654300511,28745.961170486557
inproc,torchscript,8,1,1,43,8,0.27860002592206,28715.000917616737
inproc,torchscript,8,1,1,44,8,0.27740001678466797,28839.219596046412
inproc,torchscript,8,1,1,45,8,0.2921000123023987,27387.879709220764
inproc,torchscript,8,1,1,46,8,0.28089998522773385,28479.887578186113
inproc,torchscript,8,1,1,47,8,0.41479995707049966,19286.405081860496
inproc,torchscript,8,1,1,48,8,0.3273999900557101,24434.94270918801
inproc,torchscript,8,1,1,49,8,0.2870000316761434,27874.5613834195
inproc,torchscript,8,1,1,50,8,0.2837000065483153,28198.800900054146
inproc,torchscript,8,1,1,51,8,0.29689999064430594,26945.100209128035
inproc,torchscript,8,1,1,52,8,0.2798999776132405,28581.63858467406
inproc,torchscript,8,1,1,53,8,0.2818999928422272,28378.85847154814
inproc,torchscript,8,1,1,54,8,0.2872000331990421,27855.149983411226
inproc,torchscript,8,1,1,55,8,0.2838000073097646,28188.864672114287
inproc,torchscript,8,1,1,56,8,0.2788999699987471,28684.11925621913
inproc,torchscript,8,1,1,57,8,0.2793999738059938,28632.787222646406
inproc,torchscript,8,1,1,58,8,0.2950999769382179,27109.456540807794
inproc,torchscript,8,1,1,59,8,0.2815999905578792,28409.091861655103
inproc,torchscript,8,1,1,60,8,0.27929997304454446,28643.038926194637
inproc,torchscript,8,1,1,61,8,0.2782999654300511,28745.961170486557
inproc,torchscript,8,1,1,62,8,0.2774999593384564,28828.83305306253
inproc,torchscript,8,1,1,63,8,0.27820002287626266,28756.28807391661
inproc,torchscript,8,1,1,64,8,0.27710001450031996,28870.44237231811
inproc,torchscript,8,1,1,65,8,0.2888000453822315,27700.82667200371
inproc,torchscript,8,1,1,66,8,0.27840002439916134,28735.62966549833
inproc,torchscript,8,1,1,67,8,0.2809999859891832,28469.752309197454
inproc,torchscript,8,1,1,68,8,0.278300023637712,28745.955158143697
inproc,torchscript,8,1,1,69,8,0.2777999616228044,28797.70016261689
inproc,torchscript,8,1,1,70,8,0.2874999772757292,27826.089155922036
inproc,torchscript,8,1,1,71,8,0.2791999722830951,28653.2979734267
inproc,torchscript,8,1,1,72,8,0.2959999837912619,27027.028507006846
inproc,torchscript,8,1,1,73,8,0.2798999776132405,28581.63858467406
inproc,torchscript,8,1,1,74,8,0.2762000076472759,28964.517662926653
inproc,torchscript,8,1,2,0,8,0.2842999529093504,28139.29414385382
inproc,torchscript,8,1,2,1,8,0.28219999512657523,28348.68936270448
inproc,torchscript,8,1,2,2,8,0.2794000320136547,28632.781257551997
inproc,torchscript,8,1,2,3,8,0.27920003049075603,28653.29199978318
inproc,torchscript,8,1,2,4,8,0.2769000129774213,28891.295142887295
inproc,torchscript,8,1,2,5,8,0.2863999688997865,27932.96392709896
inproc,torchscript,8,1,2,6,8,0.28039998142048717,28530.672361219662
inproc,torchscript,8,1,2,7,8,0.28139998903498054,28429.283268399588
inproc,torchscript,8,1,2,8,8,0.2791000297293067,28663.55839431129
inproc,torchscript,8,1,2,9,8,0.278300023637712,28745.955158143697
inproc,torchscript,8,1,2,10,8,0.2777999616228044,28797.70016261689
inproc,torchscript,8,1,2,11,8,0.2793999738059938,28632.787222646406
inproc,torchscript,8,1,2,12,8,0.2788999699987471,28684.11925621913
inproc,torchscript,8,1,2,13,8,0.2888999879360199,27691.24380085363
inproc,torchscript,8,1,2,14,8,0.2799999783746898,28571.430778093047
inproc,torchscript,8,1,2,15,8,0.2869999734684825,27874.567036775483
inproc,torchscript,8,1,2,16,8,0.28029998065903783,28540.851059605855
inproc,torchscript,8,1,2,17,8,0.2823999966494739,28328.612234120945
inproc,torchscript,8,1,2,18,8,0.2816000487655401,28409.08598940191
inproc,torchscript,8,1,2,19,8,0.2775000175461173,28828.827006003674
inproc,torchscript,8,1,2,20,8,0.2888000453822315,27700.82667200371
inproc,torchscript,8,1,2,21,8,0.2770000137388706,28880.86499353622
inproc,torchscript,8,1,2,22,8,0.42509997729212046,18819.10239318257
inproc,torchscript,8,1,2,23,8,0.31450000824406743,25437.2012409984
inproc,torchscript,8,1,2,24,8,0.28390000807121396,28178.93544403587
inproc,torchscript,8,1,2,25,8,0.2834000042639673,28228.651657141683
inproc,torchscript,8,1,2,26,8,0.29150000773370266,27444.253131232614
inproc,torchscript,8,1,2,27,8,0.27900002896785736,28673.832148317277
inproc,torchscript,8,1,2,28,8,0.2775000175461173,28828.827006003674
inproc,torchscript,8,1,2,29,8,0.27629995020106435,28954.04068722551
inproc,torchscript,8,1,2,30,8,0.28089998522773385,28479.887578186113
inproc,torchscript,8,1,2,31,8,0.2783999661915004,28735.635673522724
inproc,torchscript,8,1,2,32,8,0.27810002211481333,28766.62842082482
inproc,torchscript,8,1,2,33,8,0.29009999707341194,27576.69796865093
inproc,torchscript,8,1,2,34,8,0.28199999360367656,28368.794969702085
inproc,torchscript,8,1,2,35,8,0.27630000840872526,28954.03458752616
inproc,torchscript,8,1,2,36,8,0.27819996466860175,28756.294090582596
inproc,torchscript,8,1,2,37,8,0.2772000152617693,28860.02727108558
inproc,torchscript,8,1,2,38,8,0.2797000342980027,28602.07014303225
inproc,torchscript,8,1,2,39,8,0.2769000129774213,28891.295142887295
inproc,torchscript,8,1,2,40,8,0.2919000107795,27406.645099589135
inproc,torchscript,8,1,2,41,8,0.28059998294338584,28510.336729471892
inproc,torchscript,8,1,2,42,8,0.2859000233002007,27981.809541861567
inproc,torchscript,8,1,2,43,8,0.2753000007942319,29059.20805274337
inproc,torchscript,8,1,2,44,8,0.2788999699987471,28684.11925621913
inproc,torchscript,8,1,2,45,8,0.27600000612437725,28985.50660319501
inproc,torchscript,8,1,2,46,8,0.27550000231713057,29038.112278456996
inproc,torchscript,8,1,2,47,8,0.2853000187315047,28040.65711446302
inproc,torchscript,8,1,2,48,8,0.28039998142048717,28530.672361219662
inproc,torchscript,8,1,2,49,8,0.2862000255845487,27952.478283886994
inproc,torchscript,8,1,2,50,8,0.28979999478906393,27605.24549292329
inproc,torchscript,8,1,2,51,8,0.2769000129774213,28891.295142887295
inproc,torchscript,8,1,2,52,8,0.27540000155568123,29048.65633554666
inproc,torchscript,8,1,2,53,8,0.27489999774843454,29101.491689792336
inproc,torchscript,8,1,2,54,8,0.28690003091469407,27884.277232367025
inproc,torchscript,8,1,2,55,8,0.2788000274449587,28694.40176643949
inproc,torchscript,8,1,2,56,8,0.27629995020106435,28954.04068722551
inproc,torchscript,8,1,2,57,8,0.2758000046014786,29006.52598450722
inproc,torchscript,8,1,2,58,8,0.27740001678466797,28839.219596046412
inproc,torchscript,8,1,2,59,8,0.285100017208606,28060.328015155632
inproc,torchscript,8,1,2,60,8,0.2775000175461173,28828.827006003674
inproc,torchscript,8,1,2,61,8,0.28849998489022255,27729.637500827215
inproc,torchscript,8,1,2,62,8,0.28200005181133747,28368.78911409608
inproc,torchscript,8,1,2,63,8,0.27820002287626266,28756.28807391661
inproc,torchscript,8,1,2,64,8,0.27930003125220537,28643.032956827967
inproc,torchscript,8,1,2,65,8,0.2807000419124961,28500.17387063261
inproc,torchscript,8,1,2,66,8,0.28169999131932855,28399.006909912845
inproc,torchscript,8,1,2,67,8,0.27949997456744313,28622.54285489964
inproc,torchscript,8,1,2,68,8,0.291300006210804,27463.095878585977
inproc,torchscript,8,1,2,69,8,0.291000003926456,27491.408563766992
inproc,torchscript,8,1,2,70,8,0.28529996052384377,28040.662835392875
inproc,torchscript,8,1,2,71,8,0.2798999776132405,28581.63858467406
inproc,torchscript,8,1,2,72,8,0.2785000251606107,28725.311587984266
inproc,torchscript,8,1,2,73,8,0.28390000807121396,28178.93544403587
inproc,torchscript,8,1,2,74,8,0.28609996661543846,27962.254224074088
inproc,torchscript,8,4,0,0,8,0.39870000910013914,20065.21148082213
inproc,torchscript,8,4,0,1,8,0.4157000221312046,19244.646557836877
inproc,torchscript,8,4,0,2,8,0.43189997086301446,18522.80745473205
inproc,torchscript,8,4,0,3,8,0.4387999651953578,18231.54201126321
inproc,torchscript,8,4,0,4,8,0.41669997153803706,19198.465434187692
inproc,torchscript,8,4,0,5,8,0.4130000015720725,19370.459974693058
inproc,torchscript,8,4,0,6,8,0.41009997949004173,19507.43818604424
inproc,torchscript,8,4,0,7,8,0.41479995707049966,19286.405081860496
inproc,torchscript,8,4,0,8,8,0.44410000555217266,18013.960594423283
inproc,torchscript,8,4,0,9,8,0.4230000195093453,18912.52867855543
inproc,torchscript,8,4,0,10,8,0.41470001451671124,19291.053098522672
inproc,torchscript,8,4,0,11,8,0.4399000317789614,18185.950038802897
inproc,torchscript,8,4,0,12,8,0.4275999963283539,18709.07406148994
inproc,torchscript,8,4,0,13,8,0.41969999438151717,19061.234470086296
inproc,torchscript,8,4,0,14,8,0.3980000037699938,20100.5023221639
inproc,torchscript,8,4,0,15,8,0.41009997949004173,19507.43818604424
inproc,torchscript,8,4,0,16,8,0.41280000004917383,19379.84495893173
inproc,torchscript,8,4,0,17,8,0.4460999625734985,17933.20033888579
inproc,torchscript,8,4,0,18,8,0.42890000622719526,18652.36624818856
inproc,torchscript,8,4,0,19,8,0.4211000050418079,18997.862512981304
inproc,torchscript,8,4,0,20,8,0.4379000165499747,18269.01049931112
inproc,torchscript,8,4,0,21,8,0.42690004920586944,18739.749538286087
inproc,torchscript,8,4,0,22,8,0.43209997238591313,18514.23399966134
inproc,torchscript,8,4,0,23,8,0.4159000236541033,19235.392029343715
inproc,torchscript,8,4,0,24,8,0.42380002560094,18876.827552466897
inproc,torchscript,8,4,0,25,8,0.4120999947190285,19412.764141029493
inproc,torchscript,8,4,0,26,8,0.40990003617480397,19516.953632539713
inproc,torchscript,8,4,0,27,8,0.43620000360533595,18340.21076083764
inproc,torchscript,8,4,0,28,8,0.43760001426562667,18281.535053022042
inproc,torchscript,8,4,0,29,8,0.4251999780535698,18814.676417956216
inproc,torchscript,8,4,0,30,8,0.4251999780535698,18814.676417956216
inproc,torchscript,8,4,0,31,8,0.4221999552100897,18948.367713632615
inproc,torchscript,8,4,0,32,8,0.41340000461786985,19351.717248757348
inproc,torchscript,8,4,0,33,8,0.4533999599516392,17644.4656079222
inproc,torchscript,8,4,0,34,8,0.4251999780535698,18814.676417956216
inproc,torchscript,8,4,0,35,8,0.4238999681547284,18872.376978051358
inproc,torchscript,8,4,0,36,8,0.45600003795698285,17543.85818878964
inproc,torchscript,8,4,0,37,8,0.4268999909982085,18739.75209344423
inproc,torchscript,8,4,0,38,8,0.4268999909982085,18739.75209344423
inproc,torchscript,8,4,0,39,8,0.46790001215413213,17097.669998274545
inproc,torchscript,8,4,0,40,8,0.4430999979376793,18054.615295044925
inproc,torchscript,8,4,0,41,8,0.43569999979808927,18361.25775466453
inproc,torchscript,8,4,0,42,8,0.42320002103224397,18903.59074294676
inproc,torchscript,8,4,0,43,8,0.41470001451671124,19291.053098522672
inproc,torchscript,8,4,0,44,8,0.4276999970898032,18704.699683035673
inproc,torchscript,8,4,0,45,8,0.4665000014938414,17148.981724291836
inproc,torchscript,8,4,0,46,8,0.42509997729212046,18819.10239318257
inproc,torchscript,8,4,0,47,8,0.3842999576590955,20817.072290954122
inproc,torchscript,8,4,0,48,8,0.38979999953880906,20523.34532956691
inproc,torchscript,8,4,0,49,8,0.4064000095240772,19685.03890875534
inproc,torchscript,8,4,0,50,8,0.4161999677307904,19221.529601786566
inproc,torchscript,8,4,0,51,8,0.39299996569752693,20356.23587345861
inproc,torchscript,8,4,0,52,8,0.39720005588606,20140.984074521035
inproc,torchscript,8,4,0,53,8,0.3994000144302845,20030.04434391778
inproc,torchscript,8,4,0,54,8,0.39360002847388387,20325.20178166302
inproc,torchscript,8,4,0,55,8,0.44299999717622995,18058.690860030678
inproc,torchscript,8,4,0,56,8,0.4016000311821699,19920.317178389654
inproc,torchscript,8,4,0,57,8,0.39440003456547856,20283.973881528233
inproc,torchscript,8,4,0,58,8,0.3964999923482537,20176.545156080214
inproc,torchscript,8,4,0,59,8,0.39469997864216566,20268.559495547343
inproc,torchscript,8,4,0,60,8,0.40439999429509044,19782.393948706154
inproc,torchscript,8,4,0,61,8,0.41719997534528375,19175.456550252733
inproc,torchscript,8,4,0,62,8,0.39299996569752693,20356.23587345861
inproc,torchscript,8,4,0,63,8,0.40259998058900237,19870.84050102543
inproc,torchscript,8,4,0,64,8,0.3899000003002584,20518.08154357341
inproc,torchscript,8,4,0,65,8,0.4311999655328691,18552.877178720886
inproc,torchscript,8,4,0,66,8,0.3961999900639057,20191.822818343906
inproc,torchscript,8,4,0,67,8,0.3918000147677958,20418.58013900607
inproc,torchscript,8,4,0,68,8,0.3958999877795577,20207.123634604668
inproc,torchscript,8,4,0,69,8,0.4023000365123153,19885.655664749367
inproc,torchscript,8,4,0,70,8,0.42070000199601054,19015.9257476682
inproc,torchscript,8,4,0,71,8,0.4256999818608165,18792.577732868256
inproc,torchscript,8,4,0,72,8,0.42070000199601054,19015.9257476682
inproc,torchscript,8,4,0,73,8,0.42310002027079463,18908.058654499233
inproc,torchscript,8,4,0,74,8,0.4618999664671719,17319.76744052995
inproc,torchscript,8,4,1,0,8,0.40249997982755303,19875.777393647368
inproc,torchscript,8,4,1,1,8,0.3545999643392861,22560.633966520905
inproc,torchscript,8,4,1,2,8,0.30129996594041586,26551.61269278754
inproc,torchscript,8,4,1,3,8,0.3687000134959817,21697.85654235456
inproc,torchscript,8,4,1,4,8,0.3567999810911715,22421.525851919247
inproc,torchscript,8,4,1,5,8,0.2911000046879053,27481.9645179222
inproc,torchscript,8,4,1,6,8,0.2816000487655401,28409.08598940191
inproc,torchscript,8,4,1,7,8,0.2817999920807779,28388.929115749594
inproc,torchscript,8,4,1,8,8,0.27760001830756664,28818.44190347426
inproc,torchscript,8,4,1,9,8,0.27730001602321863,28849.61968170298
inproc,torchscript,8,4,1,10,8,0.2984999446198344,26800.674989031217
inproc,torchscript,8,4,1,11,8,0.28029998065903783,28540.851059605855
inproc,torchscript,8,4,1,12,8,0.2769999555312097,28880.871062445483
inproc,torchscript,8,4,1,13,8,0.27540000155568123,29048.65633554666
inproc,torchscript,8,4,1,14,8,0.27459999546408653,29133.285259089807
inproc,torchscript,8,4,1,15,8,0.27540000155568123,29048.65633554666
inproc,torchscript,8,4,1,16,8,0.28110004495829344,28459.618358250184
inproc,torchscript,8,4,1,17,8,0.29120000544935465,27472.526958421902
inproc,torchscript,8,4,1,18,8,0.27769996086135507,28808.07031872105
inproc,torchscript,8,4,1,19,8,0.2799999783746898,28571.430778093047
inproc,torchscript,8,4,1,20,8,0.2806999837048352,28500.179780602517
inproc,torchscript,8,4,1,21,8,0.2830000012181699,28268.551115067494
inproc,torchscript,8,4,1,22,8,0.31590001890435815,25324.46825342571
inproc,torchscript,8,4,1,23,8,0.4364000051282346,18331.80546743859
inproc,torchscript,8,4,1,24,8,0.3945999778807163,20273.69601733308
inproc,torchscript,8,4,1,25,8,0.3052000538446009,26212.315165820284
inproc,torchscript,8,4,1,26,8,0.27840002439916134,28735.62966549833
inproc,torchscript,8,4,1,27,8,0.28030003886669874,28540.845132756225
inproc,torchscript,8,4,1,28,8,0.31849998049438,25117.74094171777
inproc,torchscript,8,4,1,29,8,0.30179996974766254,26507.62359813643
inproc,torchscript,8,4,1,30,8,0.2931999624706805,27285.133096836555
inproc,torchscript,8,4,1,31,8,0.2788000274449587,28694.40176643949
inproc,torchscript,8,4,1,32,8,0.27710001450031996,28870.44237231811
inproc,torchscript,8,4,1,33,8,0.27650000993162394,28933.091184981626
inproc,torchscript,8,4,1,34,8,0.30889996560290456,25898.351864124576
inproc,torchscript,8,4,1,35,8,0.278300023637712,28745.955158143697
inproc,torchscript,8,4,1,36,8,0.2778000198304653,28797.69412861168
inproc,torchscript,8,4,1,37,8,0.31289999606087804,25567.274211289907
inproc,torchscript,8,4,1,38,8,0.3997000167146325,20015.010421457235
inproc,torchscript,8,4,1,39,8,0.30290003633126616,26411.353715556546
inproc,torchscript,8,4,1,40,8,0.2834000042639673,28228.651657141683
inproc,torchscript,8,4,1,41,8,0.27819996466860175,28756.294090582596
inproc,torchscript,8,4,1,42,8,0.2774999593384564,28828.83305306253
inproc,torchscript,8,4,1,43,8,0.28660002863034606,27913.465459971474
inproc,torchscript,8,4,1,44,8,0.2775000175461173,28828.827006003674
inproc,torchscript,8,4,1,45,8,0.27540000155568123,29048.65633554666
inproc,torchscript,8,4,1,46,8,0.27600000612437725,28985.50660319501
inproc,torchscript,8,4,1,47,8,0.27489999774843454,29101.491689792336
inproc,torchscript,8,4,1,48,8,0.2753000007942319,29059.20805274337
inproc,torchscript,8,4,1,49,8,0.2770000137388706,28880.86499353622
inproc,torchscript,8,4,1,50,8,0.28450001263991,28119.506659303926
inproc,torchscript,8,4,1,51,8,0.2793999738059938,28632.787222646406
inproc,torchscript,8,4,1,52,8,0.2772999578155577,28849.62573748782
inproc,torchscript,8,4,1,53,8,0.2759000053629279,28996.012484583094
inproc,torchscript,8,4,1,54,8,0.2758000046014786,29006.52598450722
inproc,torchscript,8,4,1,55,8,0.2793999738059938,28632.787222646406
inproc,torchscript,8,4,1,56,8,0.27849996695294976,28725.317591694842
inproc,torchscript,8,4,1,57,8,0.27930003125220537,28643.032956827967
inproc,torchscript,8,4,1,58,8,0.298700004350394,26782.724752208218
inproc,torchscript,8,4,1,59,8,0.28009997913613915,28561.230260255386
inproc,torchscript,8,4,1,60,8,0.27689995476976037,28891.30121618085
inproc,torchscript,8,4,1,61,8,0.277700019069016,28808.064280369326
inproc,torchscript,8,4,1,62,8,0.2766000106930733,28922.63084138897
inproc,torchscript,8,4,1,63,8,0.2756000030785799,29027.575873136026
inproc,torchscript,8,4,1,64,8,0.2766000106930733,28922.63084138897
inproc,torchscript,8,4,1,65,8,0.2875999780371785,27816.413807117282
inproc,torchscript,8,4,1,66,8,0.2774999593384564,28828.83305306253
inproc,torchscript,8,4,1,67,8,0.2791999722830951,28653.2979734267
inproc,torchscript,8,4,1,68,8,0.27840002439916134,28735.62966549833
inproc,torchscript,8,4,1,69,8,0.27810002211481333,28766.62842082482
inproc,torchscript,8,4,1,70,8,0.2805000403895974,28520.495002027412
inproc,torchscript,8,4,1,71,8,0.27650000993162394,28933.091184981626
inproc,torchscript,8,4,1,72,8,0.2948999754153192,27127.842207288373
inproc,torchscript,8,4,1,73,8,0.27849996695294976,28725.317591694842
inproc,torchscript,8,4,1,74,8,0.28119998751208186,28449.503397137516
inproc,torchscript,8,4,2,0,8,0.2787999692372978,28694.407757236448
inproc,torchscript,8,4,2,1,8,0.2810999867506325,28459.62425141238
inproc,torchscript,8,4,2,2,8,0.28469995595514774,28099.758474357957
inproc,torchscript,8,4,2,3,8,0.27819996466860175,28756.294090582596
inproc,torchscript,8,4,2,4,8,0.2806999837048352,28500.179780602517
inproc,torchscript,8,4,2,5,8,0.2940000267699361,27210.8818760763
inproc,torchscript,8,4,2,6,8,0.28029998065903783,28540.851059605855
inproc,torchscript,8,4,2,7,8,0.27840002439916134,28735.62966549833
inproc,torchscript,8,4,2,8,8,0.2835000050254166,28218.694385147457
inproc,torchscript,8,4,2,9,8,0.2809999859891832,28469.752309197454
inproc,torchscript,8,4,2,10,8,0.2787999692372978,28694.407757236448
inproc,torchscript,8,4,2,11,8,0.27949997456744313,28622.54285489964
inproc,torchscript,8,4,2,12,8,0.29559998074546456,27063.601221573303
inproc,torchscript,8,4,2,13,8,0.4057000041939318,19719.003986442796
inproc,torchscript,8,4,2,14,8,0.30179996974766254,26507.62359813643
inproc,torchscript,8,4,2,15,8,0.2806999837048352,28500.179780602517
inproc,torchscript,8,4,2,16,8,0.27760001830756664,28818.44190347426
inproc,torchscript,8,4,2,17,8,0.27710001450031996,28870.44237231811
inproc,torchscript,8,4,2,18,8,0.2861999673768878,27952.483968892455
inproc,torchscript,8,4,2,19,8,0.27819996466860175,28756.294090582596
inproc,torchscript,8,4,2,20,8,0.2764000091701746,28943.559097621237
inproc,torchscript,8,4,2,21,8,0.2750999992713332,29080.33450087195
inproc,torchscript,8,4,2,22,8,0.2749999985098839,29090.90924854121
inproc,torchscript,8,4,2,23,8,0.2777999616228044,28797.70016261689
inproc,torchscript,8,4,2,24,8,0.27570000384002924,29017.047111257492
inproc,torchscript,8,4,2,25,8,0.275599944870919,29027.582003860378
inproc,torchscript,8,4,2,26,8,0.28819998260587454,27758.50271629035
inproc,torchscript,8,4,2,27,8,0.27870002668350935,28704.69764642243
inproc,torchscript,8,4,2,28,8,0.27790002059191465,28787.33144013576
inproc,torchscript,8,4,2,29,8,0.2769000129774213,28891.295142887295
inproc,torchscript,8,4,2,30,8,0.27869996847584844,28704.703641519296
inproc,torchscript,8,4,2,31,8,0.2787999692372978,28694.407757236448
inproc,torchscript,8,4,2,32,8,0.2830000012181699,28268.551115067494
inproc,torchscript,8,4,2,33,8,0.298700004350394,26782.724752208218
inproc,torchscript,8,4,2,34,8,0.27710001450031996,28870.44237231811
inproc,torchscript,8,4,2,35,8,0.28139998903498054,28429.283268399588
inproc,torchscript,8,4,2,36,8,0.28450001263991,28119.506659303926
inproc,torchscript,8,4,2,37,8,0.2774999593384564,28828.83305306253
inproc,torchscript,8,4,2,38,8,0.27810002211481333,28766.62842082482
inproc,torchscript,8,4,2,39,8,0.27540000155568123,29048.65633554666
inproc,torchscript,8,4,2,40,8,0.2859000233002007,27981.809541861567
inproc,torchscript,8,4,2,41,8,0.27680001221597195,28901.7328285305
inproc,torchscript,8,4,2,42,8,0.27520000003278255,29069.767438397597
inproc,torchscript,8,4,2,43,8,0.27810002211481333,28766.62842082482
inproc,torchscript,8,4,2,44,8,0.277700019069016,28808.064280369326
inproc,torchscript,8,4,2,45,8,0.2772999578155577,28849.62573748782
inproc,torchscript,8,4,2,46,8,0.2772000152617693,28860.02727108558
inproc,torchscript,8,4,2,47,8,0.29120000544935465,27472.526958421902
inproc,torchscript,8,4,2,48,8,0.2791999722830951,28653.2979734267
inproc,torchscript,8,4,2,49,8,0.27789996238425374,28787.337469799142
inproc,torchscript,8,4,2,50,8,0.2782999654300511,28745.961170486557
inproc,torchscript,8,4,2,51,8,0.28119998751208186,28449.503397137516
inproc,torchscript,8,4,2,52,8,0.27959997532889247,28612.305815083237
inproc,torchscript,8,4,2,53,8,0.2791999722830951,28653.2979734267
inproc,torchscript,8,4,2,54,8,0.30259997583925724,26437.543419532998
inproc,torchscript,8,4,2,55,8,0.2820999943651259,28358.738602615816
inproc,torchscript,8,4,2,56,8,0.2834999468177557,28218.700178955227
inproc,torchscript,8,4,2,57,8,0.27840002439916134,28735.62966549833
inproc,torchscript,8,4,2,58,8,0.2767000114545226,28912.1780586368
inproc,torchscript,8,4,2,59,8,0.27540000155568123,29048.65633554666
inproc,torchscript,8,4,2,60,8,0.27730001602321863,28849.61968170298
inproc,torchscript,8,4,2,61,8,0.28909998945891857,27672.086792437636
inproc,torchscript,8,4,2,62,8,0.31240005046129227,25608.19048584384
inproc,torchscript,8,4,2,63,8,0.28229999588802457,28338.64724239398
inproc,torchscript,8,4,2,64,8,0.28310000197961926,28258.56568017944
inproc,torchscript,8,4,2,65,8,0.2835000050254166,28218.694385147457
inproc,torchscript,8,4,2,66,8,0.2818999928422272,28378.85847154814
inproc,torchscript,8,4,2,67,8,0.28029998065903783,28540.851059605855
inproc,torchscript,8,4,2,68,8,0.3415999817661941,23419.204997134773
inproc,torchscript,8,4,2,69,8,0.3225000109523535,24806.200707949523
inproc,torchscript,8,4,2,70,8,0.28959999326616526,27624.310034590948
inproc,torchscript,8,4,2,71,8,0.27920003049075603,28653.29199978318
inproc,torchscript,8,4,2,72,8,0.2749999985098839,29090.90924854121
inproc,torchscript,8,4,2,73,8,0.2758000046014786,29006.52598450722
inproc,torchscript,8,4,2,74,8,0.28550002025440335,28021.013773909228
inproc,torchscript,32,1,0,0,32,0.596199999563396,53673.26404467287
inproc,torchscript,32,1,0,1,32,0.5926999729126692,53990.2167411015
inproc,torchscript,32,1,0,2,32,0.5939999828115106,53872.05543094151
inproc,torchscript,32,1,0,3,32,0.5727999960072339,55865.92217712913
inproc,torchscript,32,1,0,4,32,0.5662000039592385,56517.13136035888
inproc,torchscript,32,1,0,5,32,0.5663000047206879,56507.15121534059
inproc,torchscript,32,1,0,6,32,0.5949999904260039,53781.513470426886
inproc,torchscript,32,1,0,7,32,0.567499955650419,56387.66960488021
inproc,torchscript,32,1,0,8,32,0.5633999826386571,56798.01381982569
inproc,torchscript,32,1,0,9,32,0.5833000177517533,54860.27606057588
inproc,torchscript,32,1,0,10,32,0.5675000138580799,56387.66382127797
inproc,torchscript,32,1,0,11,32,0.5645000492222607,56687.32898090614
inproc,torchscript,32,1,0,12,32,0.5660000024363399,56537.10223013499
inproc,torchscript,32,1,0,13,32,0.596199999563396,53673.26404467287
inproc,torchscript,32,1,0,14,32,0.5682000191882253,56318.19591579333
inproc,torchscript,32,1,0,15,32,0.5702999769710004,56110.821133045894
inproc,torchscript,32,1,0,16,32,0.5878999945707619,54431.026187309064
inproc,torchscript,32,1,0,17,32,0.6782999844290316,47176.76652600316
inproc,torchscript,32,1,0,18,32,0.5722999921999872,55914.73079876921
inproc,torchscript,32,1,0,19,32,0.5877999938093126,54440.28638486355
inproc,torchscript,32,1,0,20,32,0.5686000222340226,56278.576765214304
inproc,torchscript,32,1,0,21,32,0.5695000290870667,56189.63716524719
inproc,torchscript,32,1,0,22,32,0.5624999757856131,56888.89133783045
inproc,torchscript,32,1,0,23,32,0.602399988565594,53120.850941908
inproc,torchscript,32,1,0,24,32,0.570800038985908,56061.6640055801
inproc,torchscript,32,1,0,25,32,0.5742000066675246,55729.71025499963
inproc,torchscript,32,1,0,26,32,0.8553999941796064,37409.399366071346
inproc,torchscript,32,1,0,27,32,0.9581000194884837,33399.435705141055
inproc,torchscript,32,1,0,28,32,0.9325999999418855,34312.674246187074
inproc,torchscript,32,1,0,29,32,0.900499988347292,35535.813896822285
inproc,torchscript,32,1,0,30,32,0.8529999759048223,37514.655221479814
inproc,torchscript,32,1,0,31,32,0.7866999949328601,40676.242794092046
inproc,torchscript,32,1,0,32,32,0.7782999891787767,41115.25176014046
inproc,torchscript,32,1,0,33,32,0.7853999850340188,40743.57093171316
inproc,torchscript,32,1,0,34,32,0.7761000306345522,41231.798398250634
inproc,torchscript,32,1,0,35,32,0.8122000144794583,39399.16206540442
inproc,torchscript,32,1,0,36,32,0.7832000264897943,40858.01700418736
inproc,torchscript,32,1,0,37,32,0.770099984947592,41553.04587128087
inproc,torchscript,32,1,0,38,32,0.8292999700643122,38586.76131089019
inproc,torchscript,32,1,0,39,32,0.9119000169448555,35091.566405722646
inproc,torchscript,32,1,0,40,32,0.7856999873183668,40728.013893977004
inproc,torchscript,32,1,0,41,32,0.7912000291980803,40444.892339594015
inproc,torchscript,32,1,0,42,32,0.7134000188671052,44855.61978371783
inproc,torchscript,32,1,0,43,32,0.7310999790206552,43769.66340891651
inproc,torchscript,32,1,0,44,32,0.7523000240325928,42536.22089292081
inproc,torchscript,32,1,0,45,32,0.7233000360429287,44241.667918430416
inproc,torchscript,32,1,0,46,32,0.7052000146359205,45377.1970162549
inproc,torchscript,32,1,0,47,32,0.7096000481396914,45095.82557652322
inproc,torchscript,32,1,0,48,32,0.7283000159077346,43937.936703346095
inproc,torchscript,32,1,0,49,32,0.7217999664135277,44333.61248131012
inproc,torchscript,32,1,0,50,32,0.7148999720811844,44761.5068536694
inproc,torchscript,32,1,0,51,32,0.7271000067703426,44010.45207266423
inproc,torchscript,32,1,0,52,32,0.7076000329107046,45223.28789099736
inproc,torchscript,32,1,0,53,32,0.7116000051610172,44969.08342877148
inproc,torchscript,32,1,0,54,32,0.7241000421345234,44192.78847943367
inproc,torchscript,32,1,0,55,32,0.7108999998308718,45013.36335295123
inproc,torchscript,32,1,0,56,32,0.7217999664135277,44333.61248131012
inproc,torchscript,32,1,0,57,32,0.7289999630302191,43895.7498255367
inproc,torchscript,32,1,0,58,32,0.7238999824039638,44205.00176520626
inproc,torchscript,32,1,0,59,32,0.7337999995797873,43608.61272598105
inproc,torchscript,32,1,0,60,32,0.8355999598279595,38295.837169006605
inproc,torchscript,32,1,0,61,32,0.7598999654874206,42110.80596572251
inproc,torchscript,32,1,0,62,32,0.7306999759748578,43793.62399363356
inproc,torchscript,32,1,0,63,32,0.7113000028766692,44988.04986726313
inproc,torchscript,32,1,0,64,32,0.7088999846018851,45140.359282094
inproc,torchscript,32,1,0,65,32,0.727799953892827,43968.125896188496
inproc,torchscript,32,1,0,66,32,0.7115000043995678,44975.4037977901
inproc,torchscript,32,1,0,67,32,0.7276000105775893,43980.208266623726
inproc,torchscript,32,1,0,68,32,0.7153000333346426,44736.472121803
inproc,torchscript,32,1,0,69,32,0.714500027243048,44786.56232313161
inproc,torchscript,32,1,0,70,32,0.7350000087171793,43537.41444962796
inproc,torchscript,32,1,0,71,32,0.7189000025391579,44512.449418522556
inproc,torchscript,32,1,0,72,32,0.7407999946735799,43196.544587045006
inproc,torchscript,32,1,0,73,32,0.7228999747894704,44266.151771992154
inproc,torchscript,32,1,0,74,32,0.7049999549053609,45390.073825317726
inproc,torchscript,32,1,1,0,32,0.7147000287659466,44774.029259875
inproc,torchscript,32,1,1,1,32,0.7827000226825476,40884.11789018021
inproc,torchscript,32,1,1,2,32,0.7448000251315534,42964.55279301027
inproc,torchscript,32,1,1,3,32,0.7249999907799065,44137.93159580118
inproc,torchscript,32,1,1,4,32,0.7086999830789864,45153.09829834371
inproc,torchscript,32,1,1,5,32,0.7084000390022993,45172.216598220904
inproc,torchscript,32,1,1,6,32,0.7243000436574221,44180.5854910804
inproc,torchscript,32,1,1,7,32,0.7102999952621758,45051.38703849859
inproc,torchscript,32,1,1,8,32,0.7096000481396914,45095.82557652322
inproc,torchscript,32,1,1,9,32,0.7279000128619373,43962.081926861465
inproc,torchscript,32,1,1,10,32,0.7025999948382378,45545.118467254586
inproc,torchscript,32,1,1,11,32,0.6791999912820756,47114.25266598718
inproc,torchscript,32,1,1,12,32,0.6921000313013792,46236.09095903278
inproc,torchscript,32,1,1,13,32,0.6883000023663044,46491.35535375171
inproc,torchscript,32,1,1,14,32,0.6920999730937183,46236.09484762519
inproc,torchscript,32,1,1,15,32,0.7238999824039638,44205.00176520626
inproc,torchscript,32,1,1,16,32,0.6874999962747097,46545.45479766594
inproc,torchscript,32,1,1,17,32,0.6833000225014985,46831.551216478736
inproc,torchscript,32,1,1,18,32,0.6975000142119825,45878.13526592222
inproc,torchscript,32,1,1,19,32,0.6889000069350004,46450.86322813651
inproc,torchscript,32,1,1,20,32,0.693799986038357,46122.80288836856
inproc,torchscript,32,1,1,21,32,0.6918000290170312,46256.14145386542
inproc,torchscript,32,1,1,22,32,0.695300055667758,46023.295610508154
inproc,torchscript,32,1,1,23,32,0.7047000108286738,45409.39337062082
inproc,torchscript,32,1,1,24,32,0.7974000182002783,40130.42296164426
inproc,torchscript,32,1,1,25,32,0.708600040525198,45159.466793541724
inproc,torchscript,32,1,1,26,32,0.7130000158213079,44880.78441785034
inproc,torchscript,32,1,1,27,32,0.6901000160723925,46370.090211160285
inproc,torchscript,32,1,1,28,32,0.69500005338341,46043.16193102016
inproc,torchscript,32,1,1,29,32,0.7061000214889646,45319.358484823555
inproc,torchscript,32,1,1,30,32,0.6977000157348812,45864.983916181634
inproc,torchscript,32,1,1,31,32,0.6979000172577798,45851.840104168274
inproc,torchscript,32,1,1,32,32,0.7190999458543956,44500.07288205165
inproc,torchscript,32,1,1,33,32,0.7104999967850745,45038.70534102193
inproc,torchscript,32,1,1,34,32,0.7068000268191099,45274.47479595202
inproc,torchscript,32,1,1,35,32,0.7192000048235059,44493.88179280242
inproc,torchscript,32,1,1,36,32,0.7019999902695417,45584.046215888404
inproc,torchscript,32,1,1,37,32,0.7349999505095184,43537.4178975344
inproc,torchscript,32,1,1,38,32,0.7013999857008457,45623.04056511391
inproc,torchscript,32,1,1,39,32,0.686999992467463,46579.330932839206
inproc,torchscript,32,1,1,40,32,0.6951999966986477,46029.91966622695
inproc,torchscript,32,1,1,41,32,0.6839999696239829,46783.62780862614
inproc,torchscript,32,1,1,42,32,0.6847999757155776,46728.97361972274
inproc,torchscript,32,1,1,43,32,0.7001999765634537,45701.22975018422
inproc,torchscript,32,1,1,44,32,0.6882000016048551,46498.1109058083
inproc,torchscript,32,1,1,45,32,0.6882000016048551,46498.1109058083
inproc,torchscript,32,1,1,46,32,0.7305999752134085,43799.6182393146
inproc,torchscript,32,1,1,47,32,0.8446999709121883,37883.27347216944
inproc,torchscript,32,1,1,48,32,0.7037000032141805,45473.923339261906
inproc,torchscript,32,1,1,49,32,0.7121000089682639,44937.50821090938
inproc,torchscript,32,1,1,50,32,0.6919000297784805,46249.456023647166
inproc,torchscript,32,1,1,51,32,0.7075999747030437,45223.291611096145
inproc,torchscript,32,1,1,52,32,0.6944999913685024,46076.31446754154
inproc,torchscript,32,1,1,53,32,0.6980000180192292,45845.271022784465
inproc,torchscript,32,1,1,54,32,0.7096999906934798,45089.475017086246
inproc,torchscript,32,1,1,55,32,0.6915000267326832,46276.20934622235
inproc,torchscript,32,1,1,56,32,0.6802999996580184,47038.07146271668
inproc,torchscript,32,1,1,57,32,0.6955999997444451,46003.45027567051
inproc,torchscript,32,1,1,58,32,0.6840000278316438,46783.623827390125
inproc,torchscript,32,1,1,59,32,0.6843000301159918,46763.11353453522
inproc,torchscript,32,1,1,60,32,0.7041000062599778,45448.08935590963
inproc,torchscript,32,1,1,61,32,0.7016999879851937,45603.53505474938
inproc,torchscript,32,1,1,62,32,0.7005000370554626,45681.653543533466
inproc,torchscript,32,1,1,63,32,0.7040000054985285,45454.54509952683
inproc,torchscript,32,1,1,64,32,0.685799983330071,46660.835196606604
inproc,torchscript,32,1,1,65,32,0.6870000506751239,46579.326986298154
inproc,torchscript,32,1,1,66,32,0.6991000263951719,45773.13516208014
inproc,torchscript,32,1,1,67,32,0.6861000438220799,46640.42844500717
inproc,torchscript,32,1,1,68,32,0.6815000087954104,46955.245175362215
inproc,torchscript,32,1,1,69,32,0.7671000203117728,41715.550974688056
inproc,torchscript,32,1,1,70,32,0.6960000027902424,45977.01130993246
inproc,torchscript,32,1,1,71,32,0.6988999666646123,45786.23769681211
inproc,torchscript,32,1,1,72,32,0.6843999726697803,46756.28474263521
inproc,torchscript,32,1,1,73,32,0.6870999932289124,46572.55176152937
inproc,torchscript,32,1,1,74,32,0.6997999735176563,45727.35240206839
inproc,torchscript,32,1,2,0,32,0.7804000051692128,41004.61274735832
inproc,torchscript,32,1,2,1,32,0.9674999746493995,33074.936267151934
inproc,torchscript,32,1,2,2,32,0.8507999591529369,37611.66142022321
inproc,torchscript,32,1,2,3,32,0.7295999675989151,43859.651070587
inproc,torchscript,32,1,2,4,32,0.7206000154837966,44407.43729170729
inproc,torchscript,32,1,2,5,32,0.7291000219993293,43889.725736463406
inproc,torchscript,32,1,2,6,32,0.6894999532960355,46410.445493186075
inproc,torchscript,32,1,2,7,32,0.6978000164963305,45858.411068364134
inproc,torchscript,32,1,2,8,32,0.6877999985590577,46525.15275812745
inproc,torchscript,32,1,2,9,32,0.6769000319764018,47274.336664702045
inproc,torchscript,32,1,2,10,32,0.6767000304535031,47288.30879253043
inproc,torchscript,32,1,2,11,32,0.889600021764636,35971.222141523656
inproc,torchscript,32,1,2,12,32,0.9309999877586961,34371.64384613721
inproc,torchscript,32,1,2,13,32,1.1328000109642744,28248.587297205806
inproc,torchscript,32,1,2,14,32,1.0138999787159264,31561.298620922185
inproc,torchscript,32,1,2,15,32,0.6837999681010842,46797.31133779394
inproc,torchscript,32,1,2,16,32,0.6701000384055078,47754.06382029686
inproc,torchscript,32,1,2,17,32,0.6820000126026571,46920.820247321106
inproc,torchscript,32,1,2,18,32,0.6685000262223184,47868.36012682217
inproc,torchscript,32,1,2,19,32,0.6661000079475343,48040.83413630659
inproc,torchscript,32,1,2,20,32,0.681100005749613,46982.82150912782
inproc,torchscript,32,1,2,21,32,0.667800020892173,47918.5369854412
inproc,torchscript,32,1,2,22,32,0.6695999763906002,47789.72689409613
inproc,torchscript,32,1,2,23,32,0.6806000019423664,47017.33750907303
inproc,torchscript,32,1,2,24,32,0.674300012178719,47456.62082461686
inproc,torchscript,32,1,2,25,32,0.6720999954268336,47611.962829545344
inproc,torchscript,32,1,2,26,32,0.6923999753780663,46216.06172433392
inproc,torchscript,32,1,2,27,32,0.6905000191181898,46343.22826068264
inproc,torchscript,32,1,2,28,32,0.6792000494897366,47114.24862828069
inproc,torchscript,32,1,2,29,32,0.6883000023663044,46491.35535375171
inproc,torchscript,32,1,2,30,32,0.6731999455951154,47534.169022713875
inproc,torchscript,32,1,2,31,32,0.6725999992340803,47576.568594171615
inproc,torchscript,32,1,2,32,32,0.7814999553374946,40946.899333066045
inproc,torchscript,32,1,2,33,32,0.7261999999172986,44064.99587392487
inproc,torchscript,32,1,2,34,32,0.6906999624334276,46329.81285717717
inproc,torchscript,32,1,2,35,32,0.7040000054985285,45454.54509952683
inproc,torchscript,32,1,2,36,32,0.686999992467463,46579.330932839206
inproc,torchscript,32,1,2,37,32,0.6951999966986477,46029.91966622695
inproc,torchscript,32,1,2,38,32,0.6921000313013792,46236.09095903278
inproc,torchscript,32,1,2,39,32,0.6897000130265951,46396.98331971188
inproc,torchscript,32,1,2,40,32,0.7020000484772027,45584.04243620105
inproc,torchscript,32,1,2,41,32,0.6868999917060137,46586.11207800928
inproc,torchscript,32,1,2,42,32,0.6859999848529696,46647.2313506808
inproc,torchscript,32,1,2,43,32,0.7001999765634537,45701.22975018422
inproc,torchscript,32,1,2,44,32,0.6795000517740846,47093.44747870474
inproc,torchscript,32,1,2,45,32,0.6847999757155776,46728.97361972274
inproc,torchscript,32,1,2,46,32,0.6950999959371984,46036.541773899204
inproc,torchscript,32,1,2,47,32,0.6967999506741762,45924.22827963604
inproc,torchscript,32,1,2,48,32,0.6755999638698995,47365.307447177795
inproc,torchscript,32,1,2,49,32,0.707399973180145,45236.077485475034
inproc,torchscript,32,1,2,50,32,0.6780999829061329,47190.68103033657
inproc,torchscript,32,1,2,51,32,0.6701999809592962,47746.94256809219
inproc,torchscript,32,1,2,52,32,0.6787000456824899,47148.958075907176
inproc,torchscript,32,1,2,53,32,0.6633999873884022,48236.359071958934
inproc,torchscript,32,1,2,54,32,0.6640999927185476,48185.51475810952
inproc,torchscript,32,1,2,55,32,0.7705000462010503,41531.47057910764
inproc,torchscript,32,1,2,56,32,0.6865999894216657,46606.46736530556
inproc,torchscript,32,1,2,57,32,0.6847999757155776,46728.97361972274
inproc,torchscript,32,1,2,58,32,0.6837999681010842,46797.31133779394
inproc,torchscript,32,1,2,59,32,0.6666999543085694,47997.603409448275
inproc,torchscript,32,1,2,60,32,0.6630999851040542,48258.18235387011
inproc,torchscript,32,1,2,61,32,0.6804000004194677,47031.15811327447
inproc,torchscript,32,1,2,62,32,0.6646999972872436,48142.01915239592
inproc,torchscript,32,1,2,63,32,0.6648999988101423,48127.53806176105
inproc,torchscript,32,1,2,64,32,0.6806000019423664,47017.33750907303
inproc,torchscript,32,1,2,65,32,0.6765999714843929,47295.302022841046
inproc,torchscript,32,1,2,66,32,0.712999957613647,44880.78808181336
inproc,torchscript,32,1,2,67,32,0.6991999689489603,45766.59242148209
inproc,torchscript,32,1,2,68,32,0.6814000080339611,46962.1362235222
inproc,torchscript,32,1,2,69,32,0.6933999829925597,46149.40984263532
inproc,torchscript,32,1,2,70,32,0.686399987898767,46620.04744195812
inproc,torchscript,32,1,2,71,32,0.6882000016048551,46498.1109058083
inproc,torchscript,32,1,2,72,32,0.7023999933153391,45558.0869939356
inproc,torchscript,32,1,2,73,32,0.6427999469451606,49782.206971355
inproc,torchscript,32,1,2,74,32,0.6473999819718301,49428.484539859615
inproc,torchscript,32,4,0,0,32,0.6680999649688601,47897.02391541288
inproc,torchscript,32,4,0,1,32,0.654200033750385,48914.70245966059
inproc,torchscript,32,4,0,2,32,0.6571999983862042,48691.418257118086
inproc,torchscript,32,4,0,3,32,0.6643999950028956,48163.75713527893
inproc,torchscript,32,4,0,4,32,0.6476999842561781,49405.5902081717
inproc,torchscript,32,4,0,5,32,0.6463999743573368,49504.95245890907
inproc,torchscript,32,4,0,6,32,0.6572999991476536,48684.010408482645
inproc,torchscript,32,4,0,7,32,0.6502000032924116,49215.62571203
inproc,torchscript,32,4,0,8,32,0.6477999850176275,49397.96347653394
inproc,torchscript,32,4,0,9,32,0.6604999653063715,48448.14788923853
inproc,torchscript,32,4,0,10,32,0.6521999603137374,49064.707064082875
inproc,torchscript,32,4,0,11,32,0.6514000124298036,49124.96068373716
inproc,torchscript,32,4,0,12,32,0.6725999992340803,47576.568594171615
inproc,torchscript,32,4,0,13,32,0.6498000002466142,49245.92180340913
inproc,torchscript,32,4,0,14,32,0.6490999949164689,49299.02981145147
inproc,torchscript,32,4,0,15,32,0.6590000120922923,48558.42096026916
inproc,torchscript,32,4,0,16,32,0.653300026897341,48982.0889063402
inproc,torchscript,32,4,0,17,32,0.6546000367961824,48884.81240639402
inproc,torchscript,32,4,0,18,32,0.6716999923810363,47640.316157465895
inproc,torchscript,32,4,0,19,32,0.671599991619587,47647.409766684
inproc,torchscript,32,4,0,20,32,0.6499000010080636,49238.344284296996
inproc,torchscript,32,4,0,21,32,0.8441999671049416,37905.711024532786
inproc,torchscript,32,4,0,22,32,0.9574000141583383,33423.8557831353
inproc,torchscript,32,4,0,23,32,1.0810000239871442,29602.21950964597
inproc,torchscript,32,4,0,24,32,0.8728000102564692,36663.61093487718
inproc,torchscript,32,4,0,25,32,0.8927999879233539,35842.29439163834
inproc,torchscript,32,4,0,26,32,0.8459000382572412,37829.52896648136
inproc,torchscript,32,4,0,27,32,0.8514000219292939,37585.15289615238
inproc,torchscript,32,4,0,28,32,0.845799979288131,37834.00423695074
inproc,torchscript,32,4,0,29,32,0.8479999960400164,37735.84923282234
inproc,torchscript,32,4,0,30,32,0.9182000067085028,34850.79477913673
inproc,torchscript,32,4,0,31,32,0.7070000283420086,45261.66720960882
inproc,torchscript,32,4,0,32,32,0.9815999655984342,32599.838143322613
inproc,torchscript,32,4,0,33,32,0.867100025061518,36904.62354412884
inproc,torchscript,32,4,0,34,32,0.9481000015512109,33751.713899002185
inproc,torchscript,32,4,0,35,32,0.895500008482486,35734.22635051359
inproc,torchscript,32,4,0,36,32,0.894600001629442,35770.17655009454
inproc,torchscript,32,4,0,37,32,0.8874000050127506,36060.400968264825
inproc,torchscript,32,4,0,38,32,0.9550999966450036,33504.345212445776
inproc,torchscript,32,4,0,39,32,0.89490000391379,35758.185115711225
inproc,torchscript,32,4,0,40,32,0.8734000148251653,36638.42392584075
inproc,torchscript,32,4,0,41,32,0.9009999921545386,35516.09353900127
inproc,torchscript,32,4,0,42,32,0.8678000303916633,36874.85466618095
inproc,torchscript,32,4,0,43,32,0.8776999893598258,36458.92718232806
inproc,torchscript,32,4,0,44,32,0.8647000067867339,37007.05417930261
inproc,torchscript,32,4,0,45,32,0.8799000061117113,36367.76881205898
inproc,torchscript,32,4,0,46,32,0.7634999928995967,41912.24662422247
inproc,torchscript,32,4,0,47,32,0.7169999880716205,44630.40520553474
inproc,torchscript,32,4,0,48,32,0.8360999636352062,38272.93552420453
inproc,torchscript,32,4,0,49,32,0.6275000050663948,50996.01552451642
inproc,torchscript,32,4,0,50,32,0.6139000179246068,52125.75185806547
inproc,torchscript,32,4,0,51,32,0.6314999773167074,50673.00261192486
inproc,torchscript,32,4,0,52,32,0.6101999897509813,52441.82323414819
inproc,torchscript,32,4,0,53,32,0.6079000304453075,52640.234244697946
inproc,torchscript,32,4,0,54,32,0.6735000060871243,47512.9914042799
inproc,torchscript,32,4,0,55,32,0.6132000125944614,52185.25659288128
inproc,torchscript,32,4,0,56,32,0.6136000156402588,52151.23726261596
inproc,torchscript,32,4,0,57,32,0.6299000233411789,50801.71267538996
inproc,torchscript,32,4,0,58,32,0.6154999719001353,51990.254201330805
inproc,torchscript,32,4,0,59,32,0.6194000015966594,51662.89944706481
inproc,torchscript,32,4,0,60,32,0.8049000171013176,39756.49064493928
inproc,torchscript,32,4,0,61,32,0.8691999828442931,36815.463220887366
inproc,torchscript,32,4,0,62,32,0.956700008828193,33448.3115968557
inproc,torchscript,32,4,0,63,32,0.6993000279180706,45760.04393317298
inproc,torchscript,32,4,0,64,32,0.6407999899238348,49937.578812701766
inproc,torchscript,32,4,0,65,32,0.6539999740198255,48929.66555229549
inproc,torchscript,32,4,0,66,32,0.6294999620877206,50833.99829584233
inproc,torchscript,32,4,0,67,32,0.6114999996498227,52330.33527117726
inproc,torchscript,32,4,0,68,32,0.6218999624252319,51455.220989577094
inproc,torchscript,32,4,0,69,32,0.6111999973654747,52356.021168084524
inproc,torchscript,32,4,0,70,32,0.6164999795146286,51905.922243815236
inproc,torchscript,32,4,0,71,32,0.6307000294327736,50737.27367474443
inproc,torchscript,32,4,0,72,32,0.609499984420836,52502.05220334386
inproc,torchscript,32,4,0,73,32,0.6068000220693648,52735.66057375984
inproc,torchscript,32,4,0,74,32,0.6234000320546329,51331.40576610624
inproc,torchscript,32,4,1,0,32,0.6163999787531793,51914.34312624065
inproc,torchscript,32,4,1,1,32,0.5998999695293605,53342.22641335514
inproc,torchscript,32,4,1,2,32,0.5902000120840967,54218.907734350185
inproc,torchscript,32,4,1,3,32,0.5934999790042639,53917.44082904189
inproc,torchscript,32,4,1,4,32,0.674600014463067,47435.51632661866
inproc,torchscript,32,4,1,5,32,0.6408999906852841,49929.78696377247
inproc,torchscript,32,4,1,6,32,0.6212999578565359,51504.91255527995
inproc,torchscript,32,4,1,7,32,0.6169999833218753,51863.85877632399
inproc,torchscript,32,4,1,8,32,0.5993999657221138,53386.723106413105
inproc,torchscript,32,4,1,9,32,0.5966000026091933,53637.27767356683
inproc,torchscript,32,4,1,10,32,0.6082000327296555,52614.26878979465
inproc,torchscript,32,4,1,11,32,0.5941999843344092,53853.92265845425
inproc,torchscript,32,4,1,12,32,0.5976000102236867,53547.522510955336
inproc,torchscript,32,4,1,13,32,0.6080000312067568,52631.57624595263
inproc,torchscript,32,4,1,14,32,0.6018000422045588,53173.808168532545
inproc,torchscript,32,4,1,15,32,0.6041000015102327,52971.36222479874
inproc,torchscript,32,4,1,16,32,0.6055000121705234,52848.88415656717
inproc,torchscript,32,4,1,17,32,0.6145000224933028,52074.85570165094
inproc,torchscript,32,4,1,18,32,0.6319000385701656,50640.92110582574
inproc,torchscript,32,4,1,19,32,0.6082000327296555,52614.26878979465
inproc,torchscript,32,4,1,20,32,0.6132000125944614,52185.25659288128
inproc,torchscript,32,4,1,21,32,0.6058000144548714,52822.71250652771
inproc,torchscript,32,4,1,22,32,0.6024999893270433,53112.03413587127
inproc,torchscript,32,4,1,23,32,0.6084000342525542,52596.97271272081
inproc,torchscript,32,4,1,24,32,0.6021999870426953,53138.49333864439
inproc,torchscript,32,4,1,25,32,0.6017999839968979,53173.81331164168
inproc,torchscript,32,4,1,26,32,0.6124000065028667,52253.4285764254
inproc,torchscript,32,4,1,27,32,0.6066000205464661,52753.04799886463
inproc,torchscript,32,4,1,28,32,0.6126000080257654,52236.36888795814
inproc,torchscript,32,4,1,29,32,0.609799986705184,52476.222856119595
inproc,torchscript,32,4,1,30,32,0.75559999095276,42350.45048061764
inproc,torchscript,32,4,1,31,32,0.6566999945789576,48728.49134179872
inproc,torchscript,32,4,1,32,32,0.6111999973654747,52356.021168084524
inproc,torchscript,32,4,1,33,32,0.6152000278234482,52015.602328911875
inproc,torchscript,32,4,1,34,32,0.5964000010862947,53655.26482514181
inproc,torchscript,32,4,1,35,32,0.5940999835729599,53862.98751861548
inproc,torchscript,32,4,1,36,32,0.6102999905124307,52433.230374346895
inproc,torchscript,32,4,1,37,32,0.5964000010862947,53655.26482514181
inproc,torchscript,32,4,1,38,32,0.5969000048935413,53610.31954708609
inproc,torchscript,32,4,1,39,32,0.6105999927967787,52407.46868244775
inproc,torchscript,32,4,1,40,32,0.5991000216454268,53413.45158378075
inproc,torchscript,32,4,1,41,32,0.6004000315442681,53297.79866548959
inproc,torchscript,32,4,1,42,32,0.6015000399202108,53200.32897129119
inproc,torchscript,32,4,1,43,32,0.6176999886520207,51805.08432553509
inproc,torchscript,32,4,1,44,32,0.6086999783292413,52571.05493552595
inproc,torchscript,32,4,1,45,32,0.6124999490566552,52244.9023045389
inproc,torchscript,32,4,1,46,32,0.6284000119194388,50922.97802836836
inproc,torchscript,32,4,1,47,32,0.6157000316306949,51973.36098107273
inproc,torchscript,32,4,1,48,32,0.6139000179246068,52125.75185806547
inproc,torchscript,32,4,1,49,32,0.6273000035434961,51012.274540472186
inproc,torchscript,32,4,1,50,32,0.6120000034570694,52287.58140398399
inproc,torchscript,32,4,1,51,32,0.6122000049799681,52270.49941145799
inproc,torchscript,32,4,1,52,32,0.623999978415668,51282.05305591163
inproc,torchscript,32,4,1,53,32,0.6067000213079154,52744.35285335057
inproc,torchscript,32,4,1,54,32,0.61039999127388,52424.64033005194
inproc,torchscript,32,4,1,55,32,0.7119000074453652,44950.13297560029
inproc,torchscript,32,4,1,56,32,0.8364000241272151,38259.2050178287
inproc,torchscript,32,4,1,57,32,0.8086999878287315,39569.680328444665
inproc,torchscript,32,4,1,58,32,0.8500999538227916,37642.63232352862
inproc,torchscript,32,4,1,59,32,0.8042999543249607,39786.151706122146
inproc,torchscript,32,4,1,60,32,0.8443999686278403,37896.73281490094
inproc,torchscript,32,4,1,61,32,0.805300020147115,39736.74307639298
inproc,torchscript,32,4,1,62,32,0.8048000163398683,39761.4306042538
inproc,torchscript,32,4,1,63,32,0.8089000475592911,39559.89382934787
inproc,torchscript,32,4,1,64,32,0.8078999817371368,39608.86337835283
inproc,torchscript,32,4,1,65,32,0.8191999513655901,39062.50231906952
inproc,torchscript,32,4,1,66,32,0.811500009149313,39433.148045858026
inproc,torchscript,32,4,1,67,32,0.8058000239543617,39712.08618605402
inproc,torchscript,32,4,1,68,32,0.8378999773412943,38190.71591520729
inproc,torchscript,32,4,1,69,32,0.8414000039920211,38031.8514953364
inproc,torchscript,32,4,1,70,32,0.8744999649934471,36592.3399439356
inproc,torchscript,32,4,1,71,32,0.8382000378333032,38177.044327888696
inproc,torchscript,32,4,1,72,32,0.8527999743819237,37523.453284801464
inproc,torchscript,32,4,1,73,32,0.845199974719435,37860.86246704211
inproc,torchscript,32,4,1,74,32,0.923600047826767,34647.03155364281
inproc,torchscript,32,4,2,0,32,0.7840999751351774,40811.12232465415
inproc,torchscript,32,4,2,1,32,0.8718000026419759,36705.66632602032
inproc,torchscript,32,4,2,2,32,0.7704999879933894,41531.47371661549
inproc,torchscript,32,4,2,3,32,0.8155000396072865,39239.7283210556
inproc,torchscript,32,4,2,4,32,0.8476999937556684,37749.204005802225
inproc,torchscript,32,4,2,5,32,0.804100011009723,39796.044723114755
inproc,torchscript,32,4,2,6,32,0.818900007288903,39076.810007538064
inproc,torchscript,32,4,2,7,32,0.799100031144917,40045.049121261756
inproc,torchscript,32,4,2,8,32,0.7757000275887549,41253.06028345937
inproc,torchscript,32,4,2,9,32,0.8030000026337802,39850.56026779873
inproc,torchscript,32,4,2,10,32,0.7639999967068434,41884.81693446762
inproc,torchscript,32,4,2,11,32,0.7817999576218426,40931.18666486092
inproc,torchscript,32,4,2,12,32,0.7680999697186053,41661.24366822102
inproc,torchscript,32,4,2,13,32,0.7786999922245741,41094.13165471218
inproc,torchscript,32,4,2,14,32,0.9690999868325889,33020.32858816659
inproc,torchscript,32,4,2,15,32,0.6800999981351197,47051.904260764844
inproc,torchscript,32,4,2,16,32,0.616599980276078,51897.50409280299
inproc,torchscript,32,4,2,17,32,0.6108999950811267,52381.73229277968
inproc,torchscript,32,4,2,18,32,0.6196000031195581,51646.223109888
inproc,torchscript,32,4,2,19,32,0.6117000011727214,52313.22533701351
inproc,torchscript,32,4,2,20,32,0.6200999487191439,51604.58417404815
inproc,torchscript,32,4,2,21,32,0.6110999966040254,52364.58873806057
inproc,torchscript,32,4,2,22,32,0.6420999998226762,49836.47408322254
inproc,torchscript,32,4,2,23,32,0.6148000247776508,52049.44487693076
inproc,torchscript,32,4,2,24,32,0.5993000231683254,53395.626168718096
inproc,torchscript,32,4,2,25,32,0.6007999763824046,53262.31900454045
inproc,torchscript,32,4,2,26,32,0.6151999696157873,52015.6072504117
inproc,torchscript,32,4,2,27,32,0.6027999916113913,53085.6012695991
inproc,torchscript,32,4,2,28,32,0.6015000399202108,53200.32897129119
inproc,torchscript,32,4,2,29,32,0.6691000307910144,47825.43495352913
inproc,torchscript,32,4,2,30,32,0.6556999869644642,48802.807131570444
inproc,torchscript,32,4,2,31,32,0.6084999768063426,52588.33396830863
inproc,torchscript,32,4,2,32,32,0.714499969035387,44786.56597172664
inproc,torchscript,32,4,2,33,32,0.6036999984644353,53006.460297158934
inproc,torchscript,32,4,2,34,32,0.5986000178381801,53458.06723422214
inproc,torchscript,32,4,2,35,32,0.6065999623388052,52753.05306090176
inproc,torchscript,32,4,2,36,32,0.6107999943196774,52390.308280278085
inproc,torchscript,32,4,2,37,32,0.5959999980404973,53691.275344309055
inproc,torchscript,32,4,2,38,32,0.6584000075235963,48602.67259163596
inproc,torchscript,32,4,2,39,32,0.6261999951675534,51101.88477634482
inproc,torchscript,32,4,2,40,32,0.5979000125080347,53520.65450838233
inproc,torchscript,32,4,2,41,32,0.5953999934718013,53745.381845583695
inproc,torchscript,32,4,2,42,32,0.6071999669075012,52700.92513834865
inproc,torchscript,32,4,2,43,32,0.5992000224068761,53404.53738880365
inproc,torchscript,32,4,2,44,32,0.6006000330671668,53280.05034661953
inproc,torchscript,32,4,2,45,32,0.6018999847583473,53164.978917298795
inproc,torchscript,32,4,2,46,32,0.6196000031195581,51646.223109888
inproc,torchscript,32,4,2,47,32,0.5970000056549907,53601.339525770396
inproc,torchscript,32,4,2,48,32,0.5940000410191715,53872.05015187397
inproc,torchscript,32,4,2,49,32,0.6073000258766115,52692.242115105095
inproc,torchscript,32,4,2,50,32,0.5952999927103519,53754.41019964847
inproc,torchscript,32,4,2,51,32,0.5938999820500612,53881.126396974105
inproc,torchscript,32,4,2,52,32,0.6054000114090741,52857.61380400325
inproc,torchscript,32,4,2,53,32,0.5984000163152814,53475.93437086411
inproc,torchscript,32,4,2,54,32,0.5986000178381801,53458.06723422214
inproc,torchscript,32,4,2,55,32,0.6125000072643161,52244.89733955356
inproc,torchscript,32,4,2,56,32,0.6058000144548714,52822.71250652771
inproc,torchscript,32,4,2,57,32,0.6033999961800873,53032.814389427775
inproc,torchscript,32,4,2,58,32,0.6339999963529408,50473.18641021877
inproc,torchscript,32,4,2,59,32,0.6188999977894127,51704.63744433287
inproc,torchscript,32,4,2,60,32,0.5999000277370214,53342.22123761571
inproc,torchscript,32,4,2,61,32,0.6015999824739993,53191.4909112934
inproc,torchscript,32,4,2,62,32,0.6137000164017081,52142.7393592472
inproc,torchscript,32,4,2,63,32,0.6002000300213695,53315.55881271895
inproc,torchscript,32,4,2,64,32,0.6391999777406454,50062.57996614631
inproc,torchscript,32,4,2,65,32,0.6277000065892935,50979.76686965008
inproc,torchscript,32,4,2,66,32,0.6125000072643161,52244.89733955356
inproc,torchscript,32,4,2,67,32,0.5927999736741185,53981.10900995324
inproc,torchscript,32,4,2,68,32,0.6046000053174794,52927.55494303477
inproc,torchscript,32,4,2,69,32,0.5954999942332506,53736.356523734845
inproc,torchscript,32,4,2,70,32,0.5944999866187572,53826.74637555721
inproc,torchscript,32,4,2,71,32,0.6010999786667526,53235.73637612899
inproc,torchscript,32,4,2,72,32,0.6215999601408839,51480.05478112851
inproc,torchscript,32,4,2,73,32,0.6096999859437346,52484.82981423765
inproc,torchscript,32,4,2,74,32,0.5914999637752771,54099.749720622895
inproc,torchscript,64,1,0,0,64,0.8615999831818044,74280.4099921802
inproc,torchscript,64,1,0,1,64,0.8530000341124833,75029.30532305285
inproc,torchscript,64,1,0,2,64,0.8907000301405787,71853.59586200857
inproc,torchscript,64,1,0,3,64,0.8468999876640737,75569.72597971729
inproc,torchscript,64,1,0,4,64,1.069099991582334,59863.43700674438
inproc,torchscript,64,1,0,5,64,0.936899974476546,68310.38717420965
inproc,torchscript,64,1,0,6,64,0.8739999611862004,73226.54787437135
inproc,torchscript,64,1,0,7,64,0.8657999569550157,73920.0775951589
inproc,torchscript,64,1,0,8,64,0.8974000229500234,71317.13657596394
inproc,torchscript,64,1,0,9,64,0.8920999825932086,71740.83762894047
inproc,torchscript,64,1,0,10,64,0.8944000001065433,71556.35061759409
inproc,torchscript,64,1,0,11,64,0.8940999978221953,71580.36031303887
inproc,torchscript,64,1,0,12,64,0.8580000139772892,74592.07337692892
inproc,torchscript,64,1,0,13,64,0.8489000028930604,75391.68309799423
inproc,torchscript,64,1,0,14,64,0.8643000037409365,74048.3625164755
inproc,torchscript,64,1,0,15,64,0.8530999766662717,75020.51547357676
inproc,torchscript,64,1,0,16,64,0.8653000113554299,73962.78650193085
inproc,torchscript,64,1,0,17,64,0.8594000246375799,74470.55872146341
inproc,torchscript,64,1,0,18,64,0.8636999991722405,74099.80324341416
inproc,torchscript,64,1,0,19,64,0.9866000036709011,64869.24768079405
inproc,torchscript,64,1,0,20,64,1.274899987038225,50200.01619788322
inproc,torchscript,64,1,0,21,64,1.0525999823585153,60801.82507375496
inproc,torchscript,64,1,0,22,64,0.9284999687224627,68928.38142801294
inproc,torchscript,64,1,0,23,64,0.9183000074699521,69693.99921527732
inproc,torchscript,64,1,0,24,64,0.8908000309020281,71845.52961363654
inproc,torchscript,64,1,0,25,64,0.8895000210031867,71950.53230894833
inproc,torchscript,64,1,0,26,64,0.8897000225260854,71934.35807530685
inproc,torchscript,64,1,0,27,64,0.8928999886848032,71676.56043345771
inproc,torchscript,64,1,0,28,64,0.9169999975711107,69792.80280209269
inproc,torchscript,64,1,0,29,64,0.9138999739661813,70029.54570865138
inproc,torchscript,64,1,0,30,64,0.887200003489852,72137.06013103285
inproc,torchscript,64,1,0,31,64,0.9253000025637448,69166.75653590629
inproc,torchscript,64,1,0,32,64,0.8846999844536185,72340.9077931947
inproc,torchscript,64,1,0,33,64,0.8889999589882791,71991.0044459786
inproc,torchscript,64,1,0,34,64,0.8921999833546579,71732.79667565225
inproc,torchscript,64,1,0,35,64,0.8929999894462526,71668.53388171512
inproc,torchscript,64,1,0,36,64,0.8911000331863761,71821.34173101778
inproc,torchscript,64,1,0,37,64,1.1712000123225152,54644.80816823644
inproc,torchscript,64,1,0,38,64,1.2904999894089997,49593.1813446272
inproc,torchscript,64,1,0,39,64,0.8701999904587865,73546.31199921979
inproc,torchscript,64,1,0,40,64,0.8271000115200877,77378.79229668665
inproc,torchscript,64,1,0,41,64,0.8289000252261758,77210.75890006976
inproc,torchscript,64,1,0,42,64,0.8091999916359782,79090.46053078884
inproc,torchscript,64,1,0,43,64,0.805600022431463,79443.8905386759
inproc,torchscript,64,1,0,44,64,0.8172999951057136,78306.61982534568
inproc,torchscript,64,1,0,45,64,0.8029000018723309,79711.04726709994
inproc,torchscript,64,1,0,46,64,0.8281000191345811,77285.35022482453
inproc,torchscript,64,1,0,47,64,0.8277000160887837,77322.69995888825
inproc,torchscript,64,1,0,48,64,0.8131999638862908,78701.42995843649
inproc,torchscript,64,1,0,49,64,0.8188000065274537,78163.16498509228
inproc,torchscript,64,1,0,50,64,0.8071999764069915,79286.42451759822
inproc,torchscript,64,1,0,51,64,0.8155999821610749,78469.83987226288
inproc,torchscript,64,1,0,52,64,0.8051999611780047,79483.36200410171
inproc,torchscript,64,1,0,53,64,0.8048999588936567,79512.98703999023
inproc,torchscript,64,1,0,54,64,0.8235000423155725,77717.05733012535
inproc,torchscript,64,1,0,55,64,0.8117000106722116,78846.86356847307
inproc,torchscript,64,1,0,56,64,0.8371999720111489,76445.29639227905
inproc,torchscript,64,1,0,57,64,0.9601999772712588,66652.78224842099
inproc,torchscript,64,1,0,58,64,0.8642000029794872,74056.93101058589
inproc,torchscript,64,1,0,59,64,0.8161999867297709,78412.15515872
inproc,torchscript,64,1,0,60,64,0.8018000517040491,79820.39894357967
inproc,torchscript,64,1,0,61,64,0.8153000380843878,78498.70846366337
inproc,torchscript,64,1,0,62,64,0.8046000148169696,79542.62841339708
inproc,torchscript,64,1,0,63,64,0.8154000388458371,78489.0813723644
inproc,torchscript,64,1,0,64,64,0.8104000007733703,78973.34642019295
inproc,torchscript,64,1,0,65,64,0.8225999772548676,77802.09308244458
inproc,torchscript,64,1,0,66,64,0.8481999975629151,75453.90259831121
inproc,torchscript,64,1,0,67,64,0.8290000259876251,77201.44510701783
inproc,torchscript,64,1,0,68,64,0.8249999955296516,77575.7579961099
inproc,torchscript,64,1,0,69,64,0.8031000033952296,79691.19627621728
inproc,torchscript,64,1,0,70,64,0.8128000190481544,78740.15563502137
inproc,torchscript,64,1,0,71,64,0.8076000376604497,79247.14835997617
inproc,torchscript,64,1,0,72,64,0.8088000467978418,79129.57010003326
inproc,torchscript,64,1,0,73,64,0.818300002720207,78210.92482860821
inproc,torchscript,64,1,0,74,64,0.8113000076264143,78885.73819596287
inproc,torchscript,64,1,1,0,64,0.8168999920599163,78344.96342522411
inproc,torchscript,64,1,1,1,64,0.8027000003494322,79730.9081501675
inproc,torchscript,64,1,1,2,64,0.8200999582186341,78039.26748029166
inproc,torchscript,64,1,1,3,64,0.8083999855443835,79168.72976797723
inproc,torchscript,64,1,1,4,64,0.8094999939203262,79061.14945110067
inproc,torchscript,64,1,1,5,64,0.8416000055149198,76045.62687810654
inproc,torchscript,64,1,1,6,64,0.8493000059388578,75356.17514714517
inproc,torchscript,64,1,1,7,64,0.8458999800495803,75659.06313917728
inproc,torchscript,64,1,1,8,64,0.8139999699778855,78624.08152390808
inproc,torchscript,64,1,1,9,64,0.8232999825850129,77735.94237066736
inproc,torchscript,64,1,1,10,64,0.811200006864965,78895.46284317729
inproc,torchscript,64,1,1,11,64,0.8072000346146524,79286.41880020834
inproc,torchscript,64,1,1,12,64,0.8223000331781805,77830.47235525544
inproc,torchscript,64,1,1,13,64,0.8222000324167311,77839.93855106257
inproc,torchscript,64,1,1,14,64,0.8405999979004264,76136.09345688
inproc,torchscript,64,1,1,15,64,0.9681999799795449,66102.04639887736
inproc,torchscript,64,1,1,16,64,0.8564000017940998,74731.43375283087
inproc,torchscript,64,1,1,17,64,0.8077999809756875,79227.53343308908
inproc,torchscript,64,1,1,18,64,0.8059999672695994,79404.46972573214
inproc,torchscript,64,1,1,19,64,0.8171999943442643,78316.20220623561
inproc,torchscript,64,1,1,20,64,0.8029000018723309,79711.04726709994
inproc,torchscript,64,1,1,21,64,0.8149999775923789,78527.60952100236
inproc,torchscript,64,1,1,22,64,0.811800011433661,78837.15089751508
inproc,torchscript,64,1,1,23,64,0.8477999945171177,75489.50272929943
inproc,torchscript,64,1,1,24,64,0.8232999825850129,77735.94237066736
inproc,torchscript,64,1,1,25,64,0.8117999532260001,78837.1565502946
inproc,torchscript,64,1,1,26,64,0.8431000169366598,75910.32939667012
inproc,torchscript,64,1,1,27,64,0.8311999845318496,76997.11404114887
inproc,torchscript,64,1,1,28,64,0.811800011433661,78837.15089751508
inproc,torchscript,64,1,1,29,64,0.8169999928213656,78335.37400531335
inproc,torchscript,64,1,1,30,64,0.8062999695539474,79374.92548264064
inproc,torchscript,64,1,1,31,64,0.8162999874912202,78402.549284234
inproc,torchscript,64,1,1,32,64,0.8017999934963882,79820.40473824012
inproc,torchscript,64,1,1,33,64,0.8019000524654984,79810.44495910365
inproc,torchscript,64,1,1,34,64,0.8144000312313437,78585.45867592157
inproc,torchscript,64,1,1,35,64,0.9469999931752682,67581.8378682449
inproc,torchscript,64,1,1,36,64,0.8415000047534704,76054.66386034036
inproc,torchscript,64,1,1,37,64,0.826300005428493,77453.70879770433
inproc,torchscript,64,1,1,38,64,0.826600007712841,77425.59811617309
inproc,torchscript,64,1,1,39,64,0.8239999879151583,77669.90405173361
inproc,torchscript,64,1,1,40,64,0.8152999798767269,78498.71406801308
inproc,torchscript,64,1,1,41,64,0.8360999636352062,76545.87104840906
inproc,torchscript,64,1,1,42,64,0.8127999608404934,78740.16127389992
inproc,torchscript,64,1,1,43,64,0.8220999734476209,77849.41256183812
inproc,torchscript,64,1,1,44,64,0.8271999540738761,77369.44336711634
inproc,torchscript,64,1,1,45,64,0.8390999864786863,76272.19762996104
inproc,torchscript,64,1,1,46,64,0.9080999880097806,70476.82066405962
inproc,torchscript,64,1,1,47,64,1.0059999767690897,63618.291727545555
inproc,torchscript,64,1,1,48,64,1.4307000092230737,44733.34702412878
inproc,torchscript,64,1,1,49,64,1.0157999931834638,63004.52887327491
inproc,torchscript,64,1,1,50,64,0.8697999874129891,73580.13442878127
inproc,torchscript,64,1,1,51,64,0.865899957716465,73911.54073823908
inproc,torchscript,64,1,1,52,64,0.978299998678267,65419.60552638991
inproc,torchscript,64,1,1,53,64,0.9389999904669821,68157.61517545022
inproc,torchscript,64,1,1,54,64,0.8530999766662717,75020.51547357676
inproc,torchscript,64,1,1,55,64,0.8446999709121883,75766.54694433889
inproc,torchscript,64,1,1,56,64,0.8429000154137611,75928.34123817616
inproc,torchscript,64,1,1,57,64,0.8481999975629151,75453.90259831121
inproc,torchscript,64,1,1,58,64,0.8508999599143863,75214.48233049558
inproc,torchscript,64,1,1,59,64,0.8356000180356205,76591.66900265885
inproc,torchscript,64,1,1,60,64,0.8588000200688839,74522.58791850819
inproc,torchscript,64,1,1,61,64,0.8774000452831388,72942.78173800079
inproc,torchscript,64,1,1,62,64,0.8637999999336898,74091.22482624797
inproc,torchscript,64,1,1,63,64,0.8697000448592007,73588.58997226018
inproc,torchscript,64,1,1,64,64,0.8930999902077019,71660.50912744492
inproc,torchscript,64,1,1,65,64,0.8702999912202358,73537.86124973581
inproc,torchscript,64,1,1,66,64,0.8563000010326505,74740.16106833999
inproc,torchscript,64,1,1,67,64,0.8483999990858138,75436.11512136098
inproc,torchscript,64,1,1,68,64,1.0842999909073114,59024.255774867815
inproc,torchscript,64,1,1,69,64,1.081199967302382,59193.49050636898
inproc,torchscript,64,1,1,70,64,1.166399975772947,54869.68563900101
inproc,torchscript,64,1,1,71,64,0.8731000125408173,73302.02620631392
inproc,torchscript,64,1,1,72,64,0.8629999938420951,74159.90782928118
inproc,torchscript,64,1,1,73,64,0.8338000043295324,76757.01567243705
inproc,torchscript,64,1,1,74,64,0.8446999709121883,75766.54694433889
inproc,torchscript,64,1,2,0,64,0.8372999727725983,76436.16634558486
inproc,torchscript,64,1,2,1,64,0.8572000078856945,74661.6885338786
inproc,torchscript,64,1,2,2,64,0.8602000307291746,74401.29936492616
inproc,torchscript,64,1,2,3,64,0.8516000234521925,75152.65175846119
inproc,torchscript,64,1,2,4,64,0.8281000191345811,77285.35022482453
inproc,torchscript,64,1,2,5,64,0.8182000019587576,78220.4838019861
inproc,torchscript,64,1,2,6,64,0.8357000187970698,76582.50396131785
inproc,torchscript,64,1,2,7,64,0.824199989438057,77651.05656411797
inproc,torchscript,64,1,2,8,64,0.9176000021398067,69747.16635871245
inproc,torchscript,64,1,2,9,64,0.8491999469697475,75365.05416465833
inproc,torchscript,64,1,2,10,64,0.8407999994233251,76117.98292566049
inproc,torchscript,64,1,2,11,64,0.8264999487437308,77434.97152937416
inproc,torchscript,64,1,2,12,64,0.8411000017076731,76090.83327792383
inproc,torchscript,64,1,2,13,64,0.8402999956160784,76163.27541817664
inproc,torchscript,64,1,2,14,64,0.8218000293709338,77877.82637217756
inproc,torchscript,64,1,2,15,64,0.8288000244647264,77220.07494067567
inproc,torchscript,64,1,2,16,64,0.8236000430770218,77707.62099634181
inproc,torchscript,64,1,2,17,64,0.8219000301323831,77868.35095953403
inproc,torchscript,64,1,2,18,64,0.8377000340260565,76399.6626482282
inproc,torchscript,64,1,2,19,64,0.8296000305563211,77145.60950182495
inproc,torchscript,64,1,2,20,64,0.8452000329270959,75721.71971924239
inproc,torchscript,64,1,2,21,64,0.8399999933317304,76190.47679530791
inproc,torchscript,64,1,2,22,64,0.8553999941796064,74818.79873214269
inproc,torchscript,64,1,2,23,64,0.8520000264979899,75117.36855579898
inproc,torchscript,64,1,2,24,64,0.826600007712841,77425.59811617309
inproc,torchscript,64,1,2,25,64,0.8363999659195542,76518.41536081026
inproc,torchscript,64,1,2,26,64,0.8223999757319689,77821.01396955592
inproc,torchscript,64,1,2,27,64,0.8767999825067818,72992.70218621951
inproc,torchscript,64,1,2,28,64,0.9113000123761594,70229.34174347686
inproc,torchscript,64,1,2,29,64,0.851999968290329,75117.37368773147
inproc,torchscript,64,1,2,30,64,0.8610999793745577,74323.54143880607
inproc,torchscript,64,1,2,31,64,0.8435000199824572,75874.33133828621
inproc,torchscript,64,1,2,32,64,0.8393000462092459,76254.01700984078
inproc,torchscript,64,1,2,33,64,0.8236999856308103,77698.19244440946
inproc,torchscript,64,1,2,34,64,0.8346000104211271,76683.44021192442
inproc,torchscript,64,1,2,35,64,0.8232000400312245,77745.38008716865
inproc,torchscript,64,1,2,36,64,0.8283000206574798,77266.68888550639
inproc,torchscript,64,1,2,37,64,0.8329999982379377,76830.73245543882
inproc,torchscript,64,1,2,38,64,0.8287000237032771,77229.3932296492
inproc,torchscript,64,1,2,39,64,0.8520000264979899,75117.36855579898
inproc,torchscript,64,1,2,40,64,0.847299990709871,75534.05016136086
inproc,torchscript,64,1,2,41,64,0.8606999763287604,74358.08267706285
inproc,torchscript,64,1,2,42,64,0.8551999926567078,74836.29624595976
inproc,torchscript,64,1,2,43,64,0.8319000480696559,76932.31915120795
inproc,torchscript,64,1,2,44,64,0.8345000096596777,76692.62942980697
inproc,torchscript,64,1,2,45,64,0.8230999810621142,77754.83109283455
inproc,torchscript,64,1,2,46,64,0.9216000325977802,69444.44198813514
inproc,torchscript,64,1,2,47,64,0.8372000302188098,76445.29107729848
inproc,torchscript,64,1,2,48,64,0.8450000314041972,75739.64215557082
inproc,torchscript,64,1,2,49,64,0.8322999929077923,76895.35088953238
inproc,torchscript,64,1,2,50,64,0.8291000267490745,77192.13356070664
inproc,torchscript,64,1,2,51,64,0.8710999973118305,73470.32510331844
inproc,torchscript,64,1,2,52,64,0.8483999990858138,75436.11512136098
inproc,torchscript,64,1,2,53,64,0.8481999975629151,75453.90259831121
inproc,torchscript,64,1,2,54,64,0.8293999708257616,77164.21780950963
inproc,torchscript,64,1,2,55,64,0.8447999716736376,75757.57829774694
inproc,torchscript,64,1,2,56,64,0.9716000058688223,65870.7282970527
inproc,torchscript,64,1,2,57,64,1.6585999983362854,38586.759956708884
inproc,torchscript,64,1,2,58,64,1.1393000022508204,56174.84409160056
inproc,torchscript,64,1,2,59,64,1.1391000007279217,56184.70718909835
inproc,torchscript,64,1,2,60,64,1.1889999732375145,53826.74637555721
inproc,torchscript,64,1,2,61,64,1.1050000321120024,57918.550353049206
inproc,torchscript,64,1,2,62,64,1.1310999980196357,56582.08833175948
inproc,torchscript,64,1,2,63,64,1.0956000187434256,58415.479102860365
inproc,torchscript,64,1,2,64,64,1.0933000012300909,58538.37000639576
inproc,torchscript,64,1,2,65,64,1.0817000293172896,59166.12578848993
inproc,torchscript,64,1,2,66,64,1.0735000250861049,59618.07033480655
inproc,torchscript,64,1,2,67,64,1.061699993442744,60280.68229751894
inproc,torchscript,64,1,2,68,64,1.0884000221267343,58801.90986669034
inproc,torchscript,64,1,2,69,64,1.0563000105321407,60588.847261071416
inproc,torchscript,64,1,2,70,64,1.050200022291392,60940.77189253986
inproc,torchscript,64,1,2,71,64,1.090999983716756,58661.77906068199
inproc,torchscript,64,1,2,72,64,1.0579999652691185,60491.4953694924
inproc,torchscript,64,1,2,73,64,1.0667999740689993,59992.502395637064
inproc,torchscript,64,1,2,74,64,1.0587000288069248,60451.4954742404
inproc,torchscript,64,4,0,0,64,1.0585000272840261,60462.917666819245
inproc,torchscript,64,4,0,1,64,1.0992999887093902,58218.867149391896
inproc,torchscript,64,4,0,2,64,1.07999995816499,59259.26155473315
inproc,torchscript,64,4,0,3,64,1.1476000072434545,55768.56012203117
inproc,torchscript,64,4,0,4,64,0.9896999690681696,64666.062443406765
inproc,torchscript,64,4,0,5,64,1.1129999766126275,57502.2473897812
inproc,torchscript,64,4,0,6,64,0.8184999460354447,78191.81944970893
inproc,torchscript,64,4,0,7,64,0.818000000435859,78239.60876026719
inproc,torchscript,64,4,0,8,64,0.7905000238679349,80961.41438028871
inproc,torchscript,64,4,0,9,64,0.7902999641373754,80981.90928030344
inproc,torchscript,64,4,0,10,64,0.8200999582186341,78039.26748029166
inproc,torchscript,64,4,0,11,64,0.8134999661706388,78672.40646765489
inproc,torchscript,64,4,0,12,64,0.8929999894462526,71668.53388171512
inproc,torchscript,64,4,0,13,64,0.8296999731101096,77136.31683040509
inproc,torchscript,64,4,0,14,64,0.8212000248022377,77934.72731008811
inproc,torchscript,64,4,0,15,64,1.0844999924302101,59013.37062860195
inproc,torchscript,64,4,0,16,64,1.450299983844161,44128.80142931656
inproc,torchscript,64,4,0,17,64,1.5286999987438321,41865.63750414749
inproc,torchscript,64,4,0,18,64,1.0390999959781766,61591.76234020902
inproc,torchscript,64,4,0,19,64,1.0210000327788293,62683.641474342425
inproc,torchscript,64,4,0,20,64,1.1699000024236739,54705.53027387951
inproc,torchscript,64,4,0,21,64,0.9547999943606555,67029.74484499772
inproc,torchscript,64,4,0,22,64,1.0263000149279833,62359.932835517844
inproc,torchscript,64,4,0,23,64,1.263700018171221,50644.93082196706
inproc,torchscript,64,4,0,24,64,1.2110000243410468,52848.88415656717
inproc,torchscript,64,4,0,25,64,1.1086000013165176,57730.47079559518
inproc,torchscript,64,4,0,26,64,1.013799977954477,63128.823625673635
inproc,torchscript,64,4,0,27,64,0.8798000053502619,72743.80496794907
inproc,torchscript,64,4,0,28,64,0.8631999953649938,74142.72514324836
inproc,torchscript,64,4,0,29,64,0.824199989438057,77651.05656411797
inproc,torchscript,64,4,0,30,64,0.838999985717237,76281.28854530104
inproc,torchscript,64,4,0,31,64,0.8509000181220472,75214.47718528581
inproc,torchscript,64,4,0,32,64,0.8406999986618757,76127.03711415183
inproc,torchscript,64,4,0,33,64,0.8267000084742904,77416.23242282856
inproc,torchscript,64,4,0,34,64,0.8237999863922596,77688.76069090616
inproc,torchscript,64,4,0,35,64,0.8766999817453325,73001.02809696532
inproc,torchscript,64,4,0,36,64,0.8265000069513917,77434.96607588533
inproc,torchscript,64,4,0,37,64,0.8284000214189291,77257.36159491798
inproc,torchscript,64,4,0,38,64,0.825099996291101,77566.3559419292
inproc,torchscript,64,4,0,39,64,0.8282000198960304,77276.01842853657
inproc,torchscript,64,4,0,40,64,0.8613000391051173,74306.27782914697
inproc,torchscript,64,4,0,41,64,0.818600005004555,78182.26192124673
inproc,torchscript,64,4,0,42,64,0.887800008058548,72088.30752317292
inproc,torchscript,64,4,0,43,64,0.8539999835193157,74941.45343686936
inproc,torchscript,64,4,0,44,64,1.1637000134214759,54996.99171767569
inproc,torchscript,64,4,0,45,64,1.5255999751389027,41950.70860182266
inproc,torchscript,64,4,0,46,64,1.213099982123822,52757.39917822163
inproc,torchscript,64,4,0,47,64,0.9667999693192542,66197.76792614491
inproc,torchscript,64,4,0,48,64,0.9174000006169081,69762.37187373341
inproc,torchscript,64,4,0,49,64,0.9608999826014042,66604.22641151006
inproc,torchscript,64,4,0,50,64,1.560900011099875,41001.98574212511
inproc,torchscript,64,4,0,51,64,1.4806999824941158,43222.800538024814
inproc,torchscript,64,4,0,52,64,1.0726999607868493,59662.53597422953
inproc,torchscript,64,4,0,53,64,0.8937999955378473,71604.3861261017
inproc,torchscript,64,4,0,54,64,0.8680999744683504,73724.22748796354
inproc,torchscript,64,4,0,55,64,0.896700017619878,71372.81001719616
inproc,torchscript,64,4,0,56,64,0.8796000038273633,72760.34529504289
inproc,torchscript,64,4,0,57,64,0.8623999892733991,74211.50370598004
inproc,torchscript,64,4,0,58,64,0.8595999679528177,74453.23683808337
inproc,torchscript,64,4,0,59,64,1.350599981378764,47386.34746215931
inproc,torchscript,64,4,0,60,64,1.059899979736656,60383.056159602456
inproc,torchscript,64,4,0,61,64,0.9369999752379954,68303.09678903052
inproc,torchscript,64,4,0,62,64,0.872699951287359,73335.62916508786
inproc,torchscript,64,4,0,63,64,0.9460999863222241,67646.12718026484
inproc,torchscript,64,4,0,64,64,0.8904000278562307,71877.8054781618
inproc,torchscript,64,4,0,65,64,0.8681999752297997,73715.73580506051
inproc,torchscript,64,4,0,66,64,1.0198000236414373,62757.40195756503
inproc,torchscript,64,4,0,67,64,1.7971000052057207,35612.93184275167
inproc,torchscript,64,4,0,68,64,0.9947000071406364,64341.00687701243
inproc,torchscript,64,4,0,69,64,0.9049999644048512,70718.23482566419
inproc,torchscript,64,4,0,70,64,0.8773999870754778,72942.78657710356
inproc,torchscript,64,4,0,71,64,0.9796999511308968,65326.123499468275
inproc,torchscript,64,4,0,72,64,0.8846999844536185,72340.9077931947
inproc,torchscript,64,4,0,73,64,0.8552000508643687,74836.2911523612
inproc,torchscript,64,4,0,74,64,0.896700017619878,71372.81001719616
inproc,torchscript,64,4,1,0,64,1.1168000055477023,57306.58997320926
inproc,torchscript,64,4,1,1,64,1.058999972883612,60434.37359656462
inproc,torchscript,64,4,1,2,64,1.0825999779626727,59116.94190169906
inproc,torchscript,64,4,1,3,64,1.0521000367589295,60830.7173880125
inproc,torchscript,64,4,1,4,64,1.0858000023290515,58942.714922379244
inproc,torchscript,64,4,1,5,64,1.0785999475046992,59336.17941300815
inproc,torchscript,64,4,1,6,64,1.1366999824531376,56303.33508220891
inproc,torchscript,64,4,1,7,64,1.1912999907508492,53722.82422302569
inproc,torchscript,64,4,1,8,64,1.1501000262796879,55647.3337428097
inproc,torchscript,64,4,1,9,64,1.1660000309348106,54888.50626246523
inproc,torchscript,64,4,1,10,64,1.103399961721152,58002.539623228564
inproc,torchscript,64,4,1,11,64,1.1052999761886895,57902.83305776019
inproc,torchscript,64,4,1,12,64,1.0747999767772853,59545.96332603174
inproc,torchscript,64,4,1,13,64,1.152799988631159,55517.00262939276
inproc,torchscript,64,4,1,14,64,1.5854999655857682,40365.81607641662
inproc,torchscript,64,4,1,15,64,1.2721000239253044,50310.50923379117
inproc,torchscript,64,4,1,16,64,0.9062000317499042,70624.58370964052
inproc,torchscript,64,4,1,17,64,1.3892999850213528,46066.36485281208
inproc,torchscript,64,4,1,18,64,1.1977999820373952,53431.291500889274
inproc,torchscript,64,4,1,19,64,0.9129000245593488,70106.25290638195
inproc,torchscript,64,4,1,20,64,0.8811000152491033,72636.47587374745
inproc,torchscript,64,4,1,21,64,1.0271999635733664,62305.29815963032
inproc,torchscript,64,4,1,22,64,0.9266000124625862,69069.71631687104
inproc,torchscript,64,4,1,23,64,0.902900006622076,70882.71074383575
inproc,torchscript,64,4,1,24,64,0.8787999977357686,72826.5818899593
inproc,torchscript,64,4,1,25,64,0.8726000087335706,73344.02860353513
inproc,torchscript,64,4,1,26,64,0.9219000348821282,69421.84356049284
inproc,torchscript,64,4,1,27,64,0.8596000261604786,74453.23179649583
inproc,torchscript,64,4,1,28,64,0.8601000299677253,74409.94973852235
inproc,torchscript,64,4,1,29,64,0.8455000352114439,75694.85196295088
inproc,torchscript,64,4,1,30,64,0.9111000108532608,70244.75824565395
inproc,torchscript,64,4,1,31,64,0.8619999862276018,74245.94086142072
inproc,torchscript,64,4,1,32,64,0.8523000287823379,75090.92788772444
inproc,torchscript,64,4,1,33,64,0.8629999938420951,74159.90782928118
inproc,torchscript,64,4,1,34,64,0.8464999846182764,75605.43551440274
inproc,torchscript,64,4,1,35,64,0.8932999917306006,71644.46500890708
inproc,torchscript,64,4,1,36,64,0.8547999896109104,74871.31583744129
inproc,torchscript,64,4,1,37,64,0.8573000086471438,74652.97953396122
inproc,torchscript,64,4,1,38,64,0.8465000428259373,75605.43031556596
inproc,torchscript,64,4,1,39,64,0.8451000321656466,75730.67987702487
inproc,torchscript,64,4,1,40,64,1.0720000136643648,59701.49177632186
inproc,torchscript,64,4,1,41,64,1.1463999981060624,55826.936589089964
inproc,torchscript,64,4,1,42,64,0.9868000051937997,64856.10018560033
inproc,torchscript,64,4,1,43,64,0.9136000298894942,70052.5371127026
inproc,torchscript,64,4,1,44,64,0.9495000122115016,67403.89592090281
inproc,torchscript,64,4,1,45,64,0.8621999877505004,74228.71828956698
inproc,torchscript,64,4,1,46,64,0.8570000063627958,74679.11263107591
inproc,torchscript,64,4,1,47,64,0.847000046633184,75560.79867338769
inproc,torchscript,64,4,1,48,64,0.873600016348064,73260.07188912507
inproc,torchscript,64,4,1,49,64,0.8718000026419759,73411.33265204064
inproc,torchscript,64,4,1,50,64,0.8465999853797257,75596.50496721195
inproc,torchscript,64,4,1,51,64,0.8598999702371657,74427.261559677
inproc,torchscript,64,4,1,52,64,0.8481999975629151,75453.90259831121
inproc,torchscript,64,4,1,53,64,0.8718000026419759,73411.33265204064
inproc,torchscript,64,4,1,54,64,0.8464999846182764,75605.43551440274
inproc,torchscript,64,4,1,55,64,0.8431000169366598,75910.32939667012
inproc,torchscript,64,4,1,56,64,0.8556999964639544,74792.56779767433
inproc,torchscript,64,4,1,57,64,0.8431000169366598,75910.32939667012
inproc,torchscript,64,4,1,58,64,0.8592999656684697,74479.23025367851
inproc,torchscript,64,4,1,59,64,0.8489000028930604,75391.68309799423
inproc,torchscript,64,4,1,60,64,0.8607000345364213,74358.07764835379
inproc,torchscript,64,4,1,61,64,1.2762999976985157,50144.95033723092
inproc,torchscript,64,4,1,62,64,1.2368999887257814,51742.259344614395
inproc,torchscript,64,4,1,63,64,1.119400025345385,57173.48450144365
inproc,torchscript,64,4,1,64,64,1.124400005210191,56919.2455562432
inproc,torchscript,64,4,1,65,64,1.1086000013165176,57730.47079559518
inproc,torchscript,64,4,1,66,64,1.1382000520825386,56229.13114693736
inproc,torchscript,64,4,1,67,64,1.1394000030122697,56169.91384132093
inproc,torchscript,64,4,1,68,64,1.1215999838896096,57061.341761127405
inproc,torchscript,64,4,1,69,64,1.172300020698458,54593.533114388854
inproc,torchscript,64,4,1,70,64,1.1361000360921025,56333.067482458544
inproc,torchscript,64,4,1,71,64,1.109000004362315,57709.64810482628
inproc,torchscript,64,4,1,72,64,1.0848999954760075,58991.612376143064
inproc,torchscript,64,4,1,73,64,1.1380999931134284,56234.074674685864
inproc,torchscript,64,4,1,74,64,1.311899977736175,48784.206941171615
inproc,torchscript,64,4,2,0,64,1.0946999536827207,58463.50845699338
inproc,torchscript,64,4,2,1,64,1.109000004362315,57709.64810482628
inproc,torchscript,64,4,2,2,64,1.0932000004686415,58543.72481939625
inproc,torchscript,64,4,2,3,64,1.1608999921008945,55129.641171052506
inproc,torchscript,64,4,2,4,64,1.0781000019051135,59363.69528513628
inproc,torchscript,64,4,2,5,64,1.0660000261850655,60037.52197740484
inproc,torchscript,64,4,2,6,64,1.0857000015676022,58948.143969413984
inproc,torchscript,64,4,2,7,64,1.0707000037655234,59773.97942927027
inproc,torchscript,64,4,2,8,64,1.1329000117257237,56492.18760489736
inproc,torchscript,64,4,2,9,64,1.1343000223860145,56422.46207963145
inproc,torchscript,64,4,2,10,64,1.2848999467678368,49809.32574632902
inproc,torchscript,64,4,2,11,64,1.0310999932698905,62069.63477619575
inproc,torchscript,64,4,2,12,64,1.190899987705052,53740.86880572776
inproc,torchscript,64,4,2,13,64,1.0730000212788582,59645.85156645329
inproc,torchscript,64,4,2,14,64,0.9123000199906528,70152.36062436536
inproc,torchscript,64,4,2,15,64,0.8934999932534993,71628.42807301763
inproc,torchscript,64,4,2,16,64,0.8540999842807651,74932.67905149794
inproc,torchscript,64,4,2,17,64,0.875400030054152,73109.43317655698
inproc,torchscript,64,4,2,18,64,0.8590000215917826,74505.2367768325
inproc,torchscript,64,4,2,19,64,0.9521000320091844,67219.82758990457
inproc,torchscript,64,4,2,20,64,1.0123999672941864,63216.1221528395
inproc,torchscript,64,4,2,21,64,1.228799985256046,52083.333958263574
inproc,torchscript,64,4,2,22,64,0.8830000297166407,72480.17876119204
inproc,torchscript,64,4,2,23,64,0.9488000068813562,67453.62514315723
inproc,torchscript,64,4,2,24,64,0.9098000009544194,70345.13072418251
inproc,torchscript,64,4,2,25,64,0.8635999984107912,74108.38364725995
inproc,torchscript,64,4,2,26,64,0.9115000138990581,70213.93200668402
inproc,torchscript,64,4,2,27,64,0.8750000270083547,73142.85488517924
inproc,torchscript,64,4,2,28,64,0.887200003489852,72137.06013103285
inproc,torchscript,64,4,2,29,64,0.8600999717600644,74409.9547742499
inproc,torchscript,64,4,2,30,64,0.8691999828442931,73630.92644177473
inproc,torchscript,64,4,2,31,64,0.863000052049756,74159.90282734085
inproc,torchscript,64,4,2,32,64,0.8744000224396586,73193.04478221988
inproc,torchscript,64,4,2,33,64,0.8666000212542713,73851.8329452263
inproc,torchscript,64,4,2,34,64,0.86830003419891,73707.241137041
inproc,torchscript,64,4,2,35,64,0.8935999940149486,71620.41229705892
inproc,torchscript,64,4,2,36,64,0.8706999942660332,73504.07766333978
inproc,torchscript,64,4,2,37,64,0.8882999536581337,72047.73538086966
inproc,torchscript,64,4,2,38,64,0.8721000049263239,73386.0791634863
inproc,torchscript,64,4,2,39,64,0.8720000041648746,73394.49506229488
inproc,torchscript,64,4,2,40,64,0.8684999775141478,73690.2724893363
inproc,torchscript,64,4,2,41,64,0.861200038343668,74314.90611994184
inproc,torchscript,64,4,2,42,64,1.0576000204309821,60514.37099435701
inproc,torchscript,64,4,2,43,64,0.8924999856390059,71708.68462723585
inproc,torchscript,64,4,2,44,64,0.8493000059388578,75356.17514714517
inproc,torchscript,64,4,2,45,64,0.8648000075481832,74005.54977034291
inproc,torchscript,64,4,2,46,64,0.8871000027284026,72145.19197740826
inproc,torchscript,64,4,2,47,64,0.8590000215917826,74505.2367768325
inproc,torchscript,64,4,2,48,64,0.8679999737069011,73732.72112749047
inproc,torchscript,64,4,2,49,64,0.8601999725215137,74401.30439948293
inproc,torchscript,64,4,2,50,64,0.8677999721840024,73749.71427912178
inproc,torchscript,64,4,2,51,64,0.8672999683767557,73792.23144650036
inproc,torchscript,64,4,2,52,64,0.8724000072106719,73360.84304335056
inproc,torchscript,64,4,2,53,64,0.8839000365696847,72406.37781663264
inproc,torchscript,64,4,2,54,64,0.8580000139772892,74592.07337692892
inproc,torchscript,64,4,2,55,64,0.8847999852150679,72332.73176925241
inproc,torchscript,64,4,2,56,64,0.8734000148251653,73276.8478516815
inproc,torchscript,64,4,2,57,64,0.8758999756537378,73067.70382341075
inproc,torchscript,64,4,2,58,64,0.839599990285933,76226.77553653168
inproc,torchscript,64,4,2,59,64,0.8140000281855464,78624.07590164307
inproc,torchscript,64,4,2,60,64,1.0140000376850367,63116.36846297568
inproc,torchscript,64,4,2,61,64,0.8888000156730413,72007.19945030173
inproc,torchscript,64,4,2,62,64,0.8724000072106719,73360.84304335056
inproc,torchscript,64,4,2,63,64,0.8373999735340476,76427.03847947739
inproc,torchscript,64,4,2,64,64,0.8712999988347292,73453.46044484468
inproc,torchscript,64,4,2,65,64,0.8782999939285219,72868.04103656691
inproc,torchscript,64,4,2,66,64,0.8731000125408173,73302.02620631392
inproc,torchscript,64,4,2,67,64,0.8609999786131084,74332.17373952862
inproc,torchscript,64,4,2,68,64,0.8567000040784478,74705.26403095422
inproc,torchscript,64,4,2,69,64,0.8663000189699233,73877.40805558264
inproc,torchscript,64,4,2,70,64,0.8546000462956727,74888.83282584965
inproc,torchscript,64,4,2,71,64,0.8711999980732799,73461.89180617598
inproc,torchscript,64,4,2,72,64,0.8550999918952584,74845.04807227198
inproc,torchscript,64,4,2,73,64,0.8730000117793679,73310.42283671198
inproc,torchscript,64,4,2,74,64,0.8579999557696283,74592.07843733724
inproc,onnx-fp32,1,1,0,0,1,0.02589996438473463,38610.09170303714
inproc,onnx-fp32,1,1,0,1,1,0.026600027922540903,37593.94549930523
inproc,onnx-fp32,1,1,0,2,1,0.02589996438473463,38610.09170303714
inproc,onnx-fp32,1,1,0,3,1,0.026399968191981316,37878.833517069856
inproc,onnx-fp32,1,1,0,4,1,0.025900022592395544,38610.00493079138
inproc,onnx-fp32,1,1,0,5,1,0.026099965907633305,38314.226292055646
inproc,onnx-fp32,1,1,0,6,1,0.02640002639964223,37878.75000055121
inproc,onnx-fp32,1,1,0,7,1,0.027100031729787588,36900.32579928046
inproc,onnx-fp32,1,1,0,8,1,0.025800021830946207,38759.65712558179
inproc,onnx-fp32,1,1,0,9,1,0.02540001878514886,39370.04962314005
inproc,onnx-fp32,1,1,0,10,1,0.025600020308047533,39062.46901240323
inproc,onnx-fp32,1,1,0,11,1,0.025200017262250185,39682.51249962465
inproc,onnx-fp32,1,1,0,12,1,0.02719997428357601,36764.740641825665
inproc,onnx-fp32,1,1,0,13,1,0.025100016500800848,39840.611258884775
inproc,onnx-fp32,1,1,0,14,1,0.025200017262250185,39682.51249962465
inproc,onnx-fp32,1,1,0,15,1,0.025200017262250185,39682.51249962465
inproc,onnx-fp32,1,1,0,16,1,0.02519995905458927,39682.60415954469
inproc,onnx-fp32,1,1,0,17,1,0.02719997428357601,36764.740641825665
inproc,onnx-fp32,1,1,0,18,1,0.025800021830946207,38759.65712558179
inproc,onnx-fp32,1,1,0,19,1,0.025200017262250185,39682.51249962465
inproc,onnx-fp32,1,1,0,20,1,0.025300018023699522,39525.66354155403
inproc,onnx-fp32,1,1,0,21,1,0.025500019546598196,39215.6562144049
inproc,onnx-fp32,1,1,0,22,1,0.025100016500800848,39840.611258884775
inproc,onnx-fp32,1,1,0,23,1,0.025200017262250185,39682.51249962465
inproc,onnx-fp32,1,1,0,24,1,0.036699988413602114,27247.965005606653
inproc,onnx-fp32,1,1,0,25,1,0.026100024115294218,38314.140844567846
inproc,onnx-fp32,1,1,0,26,1,0.025100016500800848,39840.611258884775
inproc,onnx-fp32,1,1,0,27,1,0.025999965146183968,38461.590020507036
inproc,onnx-fp32,1,1,0,28,1,0.02570002106949687,38910.4739368051
inproc,onnx-fp32,1,1,0,29,1,0.02570002106949687,38910.4739368051
inproc,onnx-fp32,1,1,0,30,1,0.02570002106949687,38910.4739368051
inproc,onnx-fp32,1,1,0,31,1,0.025300018023699522,39525.66354155403
inproc,onnx-fp32,1,1,0,32,1,0.026899971999228,37174.7598855753
inproc,onnx-fp32,1,1,0,33,1,0.025800021830946207,38759.65712558179
inproc,onnx-fp32,1,1,0,34,1,0.026099965907633305,38314.226292055646
inproc,onnx-fp32,1,1,0,35,1,0.025500019546598196,39215.6562144049
inproc,onnx-fp32,1,1,0,36,1,0.025999965146183968,38461.590020507036
inproc,onnx-fp32,1,1,0,37,1,0.025200017262250185,39682.51249962465
inproc,onnx-fp32,1,1,0,38,1,0.024999957531690598,40000.06794941047
inproc,onnx-fp32,1,1,0,39,1,0.02540001878514886,39370.04962314005
inproc,onnx-fp32,1,1,0,40,1,0.025099958293139935,39840.70365062359
inproc,onnx-fp32,1,1,0,41,1,0.02540001878514886,39370.04962314005
inproc,onnx-fp32,1,1,0,42,1,0.025499961338937283,39215.7457302904
inproc,onnx-fp32,1,1,0,43,1,0.025200017262250185,39682.51249962465
inproc,onnx-fp32,1,1,0,44,1,0.024900014977902174,40160.61841277856
inproc,onnx-fp32,1,1,0,45,1,0.025600020308047533,39062.46901240323
inproc,onnx-fp32,1,1,0,46,1,0.02540001878514886,39370.04962314005
inproc,onnx-fp32,1,1,0,47,1,0.025100016500800848,39840.611258884775
inproc,onnx-fp32,1,1,0,48,1,0.02729997504502535,36630.07011364363
inproc,onnx-fp32,1,1,0,49,1,0.025300018023699522,39525.66354155403
inproc,onnx-fp32,1,1,0,50,1,0.027799978852272034,35971.250385259635
inproc,onnx-fp32,1,1,0,51,1,0.02570002106949687,38910.4739368051
inproc,onnx-fp32,1,1,0,52,1,0.025999965146183968,38461.590020507036
inproc,onnx-fp32,1,1,0,53,1,0.024800014216452837,40322.55753049446
inproc,onnx-fp32,1,1,0,54,1,0.02489995677024126,40160.71229469491
inproc,onnx-fp32,1,1,0,55,1,0.026800029445439577,37313.39183920803
inproc,onnx-fp32,1,1,0,56,1,0.025099958293139935,39840.70365062359
inproc,onnx-fp32,1,1,0,57,1,0.025500019546598196,39215.6562144049
inproc,onnx-fp32,1,1,0,58,1,0.024900014977902174,40160.61841277856
inproc,onnx-fp32,1,1,0,59,1,0.025600020308047533,39062.46901240323
inproc,onnx-fp32,1,1,0,60,1,0.024799956008791924,40322.65217105572
inproc,onnx-fp32,1,1,0,61,1,0.024900014977902174,40160.61841277856
inproc,onnx-fp32,1,1,0,62,1,0.02529995981603861,39525.75447831589
inproc,onnx-fp32,1,1,0,63,1,0.02500001573935151,39999.97481705344
inproc,onnx-fp32,1,1,0,64,1,0.02500001573935151,39999.97481705344
inproc,onnx-fp32,1,1,0,65,1,0.025500019546598196,39215.6562144049
inproc,onnx-fp32,1,1,0,66,1,0.024900014977902174,40160.61841277856
inproc,onnx-fp32,1,1,0,67,1,0.02500001573935151,39999.97481705344
inproc,onnx-fp32,1,1,0,68,1,0.02500001573935151,39999.97481705344
inproc,onnx-fp32,1,1,0,69,1,0.02529995981603861,39525.75447831589
inproc,onnx-fp32,1,1,0,70,1,0.025200017262250185,39682.51249962465
inproc,onnx-fp32,1,1,0,71,1,0.025499961338937283,39215.7457302904
inproc,onnx-fp32,1,1,0,72,1,0.02500001573935151,39999.97481705344
inproc,onnx-fp32,1,1,0,73,1,0.02500001573935151,39999.97481705344
inproc,onnx-fp32,1,1,0,74,1,0.025500019546598196,39215.6562144049
inproc,onnx-fp32,1,1,1,0,1,0.028200040105730295,35460.942475638476
inproc,onnx-fp32,1,1,1,1,1,0.025500019546598196,39215.6562144049
inproc,onnx-fp32,1,1,1,2,1,0.025699962861835957,38910.56206485747
inproc,onnx-fp32,1,1,1,3,1,0.025600020308047533,39062.46901240323
inproc,onnx-fp32,1,1,1,4,1,0.02529995981603861,39525.75447831589
inproc,onnx-fp32,1,1,1,5,1,0.02500001573935151,39999.97481705344
inproc,onnx-fp32,1,1,1,6,1,0.02729997504502535,36630.07011364363
inproc,onnx-fp32,1,1,1,7,1,0.02570002106949687,38910.4739368051
inproc,onnx-fp32,1,1,1,8,1,0.025600020308047533,39062.46901240323
inproc,onnx-fp32,1,1,1,9,1,0.02519995905458927,39682.60415954469
inproc,onnx-fp32,1,1,1,10,1,0.03320001997053623,30120.463809583922
inproc,onnx-fp32,1,1,1,11,1,0.025499961338937283,39215.7457302904
inproc,onnx-fp32,1,1,1,12,1,0.024900014977902174,40160.61841277856
inproc,onnx-fp32,1,1,1,13,1,0.025100016500800848,39840.611258884775
inproc,onnx-fp32,1,1,1,14,1,0.02489995677024126,40160.71229469491
inproc,onnx-fp32,1,1,1,15,1,0.02500001573935151,39999.97481705344
inproc,onnx-fp32,1,1,1,16,1,0.02489995677024126,40160.71229469491
inproc,onnx-fp32,1,1,1,17,1,0.024900014977902174,40160.61841277856
inproc,onnx-fp32,1,1,1,18,1,0.0247000134550035,40485.80790539728
inproc,onnx-fp32,1,1,1,19,1,0.024799956008791924,40322.65217105572
inproc,onnx-fp32,1,1,1,20,1,0.024800014216452837,40322.55753049446
inproc,onnx-fp32,1,1,1,21,1,0.02500001573935151,39999.97481705344
inproc,onnx-fp32,1,1,1,22,1,0.02500001573935151,39999.97481705344
inproc,onnx-fp32,1,1,1,23,1,0.024900014977902174,40160.61841277856
inproc,onnx-fp32,1,1,1,24,1,0.02489995677024126,40160.71229469491
inproc,onnx-fp32,1,1,1,25,1,0.024900014977902174,40160.61841277856
inproc,onnx-fp32,1,1,1,26,1,0.024900014977902174,40160.61841277856
inproc,onnx-fp32,1,1,1,27,1,0.024900014977902174,40160.61841277856
inproc,onnx-fp32,1,1,1,28,1,0.025200017262250185,39682.51249962465
inproc,onnx-fp32,1,1,1,29,1,0.024999957531690598,40000.06794941047
inproc,onnx-fp32,1,1,1,30,1,0.024800014216452837,40322.55753049446
inproc,onnx-fp32,1,1,1,31,1,0.026499968953430653,37735.89326679348
inproc,onnx-fp32,1,1,1,32,1,0.025100016500800848,39840.611258884775
inproc,onnx-fp32,1,1,1,33,1,0.025099958293139935,39840.70365062359
inproc,onnx-fp32,1,1,1,34,1,0.025800021830946207,38759.65712558179
inproc,onnx-fp32,1,1,1,35,1,0.025499961338937283,39215.7457302904
inproc,onnx-fp32,1,1,1,36,1,0.02500001573935151,39999.97481705344
inproc,onnx-fp32,1,1,1,37,1,0.024799956008791924,40322.65217105572
inproc,onnx-fp32,1,1,1,38,1,0.024900014977902174,40160.61841277856
inproc,onnx-fp32,1,1,1,39,1,0.026899971999228,37174.7598855753
inproc,onnx-fp32,1,1,1,40,1,0.024900014977902174,40160.61841277856
inproc,onnx-fp32,1,1,1,41,1,0.024800014216452837,40322.55753049446
inproc,onnx-fp32,1,1,1,42,1,0.024800014216452837,40322.55753049446
inproc,onnx-fp32,1,1,1,43,1,0.024800014216452837,40322.55753049446
inproc,onnx-fp32,1,1,1,44,1,0.024699955247342587,40485.90331383648
inproc,onnx-fp32,1,1,1,45,1,0.0247000134550035,40485.80790539728
inproc,onnx-fp32,1,1,1,46,1,0.0247000134550035,40485.80790539728
inproc,onnx-fp32,1,1,1,47,1,0.02489995677024126,40160.71229469491
inproc,onnx-fp32,1,1,1,48,1,0.02500001573935151,39999.97481705344
inproc,onnx-fp32,1,1,1,49,1,0.025699962861835957,38910.56206485747
inproc,onnx-fp32,1,1,1,50,1,0.0247000134550035,40485.80790539728
inproc,onnx-fp32,1,1,1,51,1,0.024900014977902174,40160.61841277856
inproc,onnx-fp32,1,1,1,52,1,0.024999957531690598,40000.06794941047
inproc,onnx-fp32,1,1,1,53,1,0.024900014977902174,40160.61841277856
inproc,onnx-fp32,1,1,1,54,1,0.02489995677024126,40160.71229469491
inproc,onnx-fp32,1,1,1,55,1,0.024900014977902174,40160.61841277856
inproc,onnx-fp32,1,1,1,56,1,0.025200017262250185,39682.51249962465
inproc,onnx-fp32,1,1,1,57,1,0.024800014216452837,40322.55753049446
inproc,onnx-fp32,1,1,1,58,1,0.02500001573935151,39999.97481705344
inproc,onnx-fp32,1,1,1,59,1,0.025500019546598196,39215.6562144049
inproc,onnx-fp32,1,1,1,60,1,0.024900014977902174,40160.61841277856
inproc,onnx-fp32,1,1,1,61,1,0.02489995677024126,40160.71229469491
inproc,onnx-fp32,1,1,1,62,1,0.024900014977902174,40160.61841277856
inproc,onnx-fp32,1,1,1,63,1,0.02529995981603861,39525.75447831589
inproc,onnx-fp32,1,1,1,64,1,0.02500001573935151,39999.97481705344
inproc,onnx-fp32,1,1,1,65,1,0.024900014977902174,40160.61841277856
inproc,onnx-fp32,1,1,1,66,1,0.024900014977902174,40160.61841277856
inproc,onnx-fp32,1,1,1,67,1,0.024900014977902174,40160.61841277856
inproc,onnx-fp32,1,1,1,68,1,0.024999957531690598,40000.06794941047
inproc,onnx-fp32,1,1,1,69,1,0.025300018023699522,39525.66354155403
inproc,onnx-fp32,1,1,1,70,1,0.026899971999228,37174.7598855753
inproc,onnx-fp32,1,1,1,71,1,0.02570002106949687,38910.4739368051
inproc,onnx-fp32,1,1,1,72,1,0.02519995905458927,39682.60415954469
inproc,onnx-fp32,1,1,1,73,1,0.024900014977902174,40160.61841277856
inproc,onnx-fp32,1,1,1,74,1,0.024900014977902174,40160.61841277856
inproc,onnx-fp32,1,1,2,0,1,0.02529995981603861,39525.75447831589
inproc,onnx-fp32,1,1,2,1,1,0.033400021493434906,29940.10049354488
inproc,onnx-fp32,1,1,2,2,1,0.026500027161091566,37735.81037940374
inproc,onnx-fp32,1,1,2,3,1,0.02529995981603861,39525.75447831589
inproc,onnx-fp32,1,1,2,4,1,0.025300018023699522,39525.66354155403
inproc,onnx-fp32,1,1,2,5,1,0.02559996210038662,39062.55783030623
inproc,onnx-fp32,1,1,2,6,1,0.025200017262250185,39682.51249962465
inproc,onnx-fp32,1,1,2,7,1,0.025600020308047533,39062.46901240323
inproc,onnx-fp32,1,1,2,8,1,0.02570002106949687,38910.4739368051
inproc,onnx-fp32,1,1,2,9,1,0.026500027161091566,37735.81037940374
inproc,onnx-fp32,1,1,2,10,1,0.025600020308047533,39062.46901240323
inproc,onnx-fp32,1,1,2,11,1,0.025300018023699522,39525.66354155403
inproc,onnx-fp32,1,1,2,12,1,0.025200017262250185,39682.51249962465
inproc,onnx-fp32,1,1,2,13,1,0.025100016500800848,39840.611258884775
inproc,onnx-fp32,1,1,2,14,1,0.025200017262250185,39682.51249962465
inproc,onnx-fp32,1,1,2,15,1,0.02629996743053198,38022.86077507027
inproc,onnx-fp32,1,1,2,16,1,0.025100016500800848,39840.611258884775
inproc,onnx-fp32,1,1,2,17,1,0.025099958293139935,39840.70365062359
inproc,onnx-fp32,1,1,2,18,1,0.025100016500800848,39840.611258884775
inproc,onnx-fp32,1,1,2,19,1,0.025499961338937283,39215.7457302904
inproc,onnx-fp32,1,1,2,20,1,0.024800014216452837,40322.55753049446
inproc,onnx-fp32,1,1,2,21,1,0.02589996438473463,38610.09170303714
inproc,onnx-fp32,1,1,2,22,1,0.025100016500800848,39840.611258884775
inproc,onnx-fp32,1,1,2,23,1,0.02500001573935151,39999.97481705344
inproc,onnx-fp32,1,1,2,24,1,0.025100016500800848,39840.611258884775
inproc,onnx-fp32,1,1,2,25,1,0.02570002106949687,38910.4739368051
inproc,onnx-fp32,1,1,2,26,1,0.024999957531690598,40000.06794941047
inproc,onnx-fp32,1,1,2,27,1,0.025500019546598196,39215.6562144049
inproc,onnx-fp32,1,1,2,28,1,0.02589996438473463,38610.09170303714
inproc,onnx-fp32,1,1,2,29,1,0.025500019546598196,39215.6562144049
inproc,onnx-fp32,1,1,2,30,1,0.025399960577487946,39370.13984526821
inproc,onnx-fp32,1,1,2,31,1,0.025500019546598196,39215.6562144049
inproc,onnx-fp32,1,1,2,32,1,0.02519995905458927,39682.60415954469
inproc,onnx-fp32,1,1,2,33,1,0.025800021830946207,38759.65712558179
inproc,onnx-fp32,1,1,2,34,1,0.02559996210038662,39062.55783030623
inproc,onnx-fp32,1,1,2,35,1,0.025999965146183968,38461.590020507036
inproc,onnx-fp32,1,1,2,36,1,0.02570002106949687,38910.4739368051
inproc,onnx-fp32,1,1,2,37,1,0.025399960577487946,39370.13984526821
inproc,onnx-fp32,1,1,2,38,1,0.02500001573935151,39999.97481705344
inproc,onnx-fp32,1,1,2,39,1,0.02570002106949687,38910.4739368051
inproc,onnx-fp32,1,1,2,40,1,0.025100016500800848,39840.611258884775
inproc,onnx-fp32,1,1,2,41,1,0.025200017262250185,39682.51249962465
inproc,onnx-fp32,1,1,2,42,1,0.025099958293139935,39840.70365062359
inproc,onnx-fp32,1,1,2,43,1,0.02929999027401209,34129.704161948466
inproc,onnx-fp32,1,1,2,44,1,0.024800014216452837,40322.55753049446
inproc,onnx-fp32,1,1,2,45,1,0.02529995981603861,39525.75447831589
inproc,onnx-fp32,1,1,2,46,1,0.02500001573935151,39999.97481705344
inproc,onnx-fp32,1,1,2,47,1,0.02500001573935151,39999.97481705344
inproc,onnx-fp32,1,1,2,48,1,0.02540001878514886,39370.04962314005
inproc,onnx-fp32,1,1,2,49,1,0.025200017262250185,39682.51249962465
inproc,onnx-fp32,1,1,2,50,1,0.025399960577487946,39370.13984526821
inproc,onnx-fp32,1,1,2,51,1,0.02540001878514886,39370.04962314005
inproc,onnx-fp32,1,1,2,52,1,0.031200004741549492,32051.277180361634
inproc,onnx-fp32,1,1,2,53,1,0.02540001878514886,39370.04962314005
inproc,onnx-fp32,1,1,2,54,1,0.025500019546598196,39215.6562144049
inproc,onnx-fp32,1,1,2,55,1,0.025399960577487946,39370.13984526821
inproc,onnx-fp32,1,1,2,56,1,0.025500019546598196,39215.6562144049
inproc,onnx-fp32,1,1,2,57,1,0.025699962861835957,38910.56206485747
inproc,onnx-fp32,1,1,2,58,1,0.027399975806474686,36496.38259037066
inproc,onnx-fp32,1,1,2,59,1,0.025600020308047533,39062.46901240323
inproc,onnx-fp32,1,1,2,60,1,0.02559996210038662,39062.55783030623
inproc,onnx-fp32,1,1,2,61,1,0.026200024876743555,38167.90269110201
inproc,onnx-fp32,1,1,2,62,1,0.025200017262250185,39682.51249962465
inproc,onnx-fp32,1,1,2,63,1,0.02500001573935151,39999.97481705344
inproc,onnx-fp32,1,1,2,64,1,0.025699962861835957,38910.56206485747
inproc,onnx-fp32,1,1,2,65,1,0.025100016500800848,39840.611258884775
inproc,onnx-fp32,1,1,2,66,1,0.029399991035461426,34013.61581348201
inproc,onnx-fp32,1,1,2,67,1,0.025099958293139935,39840.70365062359
inproc,onnx-fp32,1,1,2,68,1,0.025100016500800848,39840.611258884775
inproc,onnx-fp32,1,1,2,69,1,0.02559996210038662,39062.55783030623
inproc,onnx-fp32,1,1,2,70,1,0.028500042390078306,35087.66710986118
inproc,onnx-fp32,1,1,2,71,1,0.025800021830946207,38759.65712558179
inproc,onnx-fp32,1,1,2,72,1,0.02629996743053198,38022.86077507027
inproc,onnx-fp32,1,1,2,73,1,0.025800021830946207,38759.65712558179
inproc,onnx-fp32,1,1,2,74,1,0.024300010409206152,41152.24574641113
inproc,onnx-fp32,1,4,0,0,1,0.03890000516548753,25706.93746044049
inproc,onnx-fp32,1,4,0,1,1,0.03999995533376932,25000.027916425348
inproc,onnx-fp32,1,4,0,2,1,0.054800009820610285,18248.1719122594
inproc,onnx-fp32,1,4,0,3,1,0.0369000481441617,27100.235644495202
inproc,onnx-fp32,1,4,0,4,1,0.029100046958774328,34364.205714742915
inproc,onnx-fp32,1,4,0,5,1,0.025100016500800848,39840.611258884775
inproc,onnx-fp32,1,4,0,6,1,0.0247000134550035,40485.80790539728
inproc,onnx-fp32,1,4,0,7,1,0.024999957531690598,40000.06794941047
inproc,onnx-fp32,1,4,0,8,1,0.02500001573935151,39999.97481705344
inproc,onnx-fp32,1,4,0,9,1,0.024799956008791924,40322.65217105572
inproc,onnx-fp32,1,4,0,10,1,0.0247000134550035,40485.80790539728
inproc,onnx-fp32,1,4,0,11,1,0.02540001878514886,39370.04962314005
inproc,onnx-fp32,1,4,0,12,1,0.0247000134550035,40485.80790539728
inproc,onnx-fp32,1,4,0,13,1,0.024499953724443913,40816.403624562256
inproc,onnx-fp32,1,4,0,14,1,0.024800014216452837,40322.55753049446
inproc,onnx-fp32,1,4,0,15,1,0.02440001117065549,40983.58779452705
inproc,onnx-fp32,1,4,0,16,1,0.024399952962994576,40983.68556351804
inproc,onnx-fp32,1,4,0,17,1,0.02440001117065549,40983.58779452705
inproc,onnx-fp32,1,4,0,18,1,0.024900014977902174,40160.61841277856
inproc,onnx-fp32,1,4,0,19,1,0.02429995220154524,41152.34432174767
inproc,onnx-fp32,1,4,0,20,1,0.024500011932104826,40816.306652063286
inproc,onnx-fp32,1,4,0,21,1,0.02440001117065549,40983.58779452705
inproc,onnx-fp32,1,4,0,22,1,0.024399952962994576,40983.68556351804
inproc,onnx-fp32,1,4,0,23,1,0.024300010409206152,41152.24574641113
inproc,onnx-fp32,1,4,0,24,1,0.024200009647756815,41322.29757572405
inproc,onnx-fp32,1,4,0,25,1,0.02429995220154524,41152.34432174767
inproc,onnx-fp32,1,4,0,26,1,0.024500011932104826,40816.306652063286
inproc,onnx-fp32,1,4,0,27,1,0.02440001117065549,40983.58779452705
inproc,onnx-fp32,1,4,0,28,1,0.026899971999228,37174.7598855753
inproc,onnx-fp32,1,4,0,29,1,0.024300010409206152,41152.24574641113
inproc,onnx-fp32,1,4,0,30,1,0.024399952962994576,40983.68556351804
inproc,onnx-fp32,1,4,0,31,1,0.024300010409206152,41152.24574641113
inproc,onnx-fp32,1,4,0,32,1,0.024900014977902174,40160.61841277856
inproc,onnx-fp32,1,4,0,33,1,0.02429995220154524,41152.34432174767
inproc,onnx-fp32,1,4,0,34,1,0.024300010409206152,41152.24574641113
inproc,onnx-fp32,1,4,0,35,1,0.024200009647756815,41322.29757572405
inproc,onnx-fp32,1,4,0,36,1,0.024800014216452837,40322.55753049446
inproc,onnx-fp32,1,4,0,37,1,0.024300010409206152,41152.24574641113
inproc,onnx-fp32,1,4,0,38,1,0.0241999514400959,41322.39696742289
inproc,onnx-fp32,1,4,0,39,1,0.024200009647756815,41322.29757572405
inproc,onnx-fp32,1,4,0,40,1,0.03290001768618822,30395.120438485683
inproc,onnx-fp32,1,4,0,41,1,0.025099958293139935,39840.70365062359
inproc,onnx-fp32,1,4,0,42,1,0.024500011932104826,40816.306652063286
inproc,onnx-fp32,1,4,0,43,1,0.02440001117065549,40983.58779452705
inproc,onnx-fp32,1,4,0,44,1,0.02429995220154524,41152.34432174767
inproc,onnx-fp32,1,4,0,45,1,0.024100008886307478,41493.760633762846
inproc,onnx-fp32,1,4,0,46,1,0.024300010409206152,41152.24574641113
inproc,onnx-fp32,1,4,0,47,1,0.026999972760677338,37037.07440240074
inproc,onnx-fp32,1,4,0,48,1,0.02500001573935151,39999.97481705344
inproc,onnx-fp32,1,4,0,49,1,0.0241999514400959,41322.39696742289
inproc,onnx-fp32,1,4,0,50,1,0.024500011932104826,40816.306652063286
inproc,onnx-fp32,1,4,0,51,1,0.024300010409206152,41152.24574641113
inproc,onnx-fp32,1,4,0,52,1,0.0241999514400959,41322.39696742289
inproc,onnx-fp32,1,4,0,53,1,0.024300010409206152,41152.24574641113
inproc,onnx-fp32,1,4,0,54,1,0.024300010409206152,41152.24574641113
inproc,onnx-fp32,1,4,0,55,1,0.024099950678646564,41493.860852007325
inproc,onnx-fp32,1,4,0,56,1,0.024300010409206152,41152.24574641113
inproc,onnx-fp32,1,4,0,57,1,0.02440001117065549,40983.58779452705
inproc,onnx-fp32,1,4,0,58,1,0.024499953724443913,40816.403624562256
inproc,onnx-fp32,1,4,0,59,1,0.02440001117065549,40983.58779452705
inproc,onnx-fp32,1,4,0,60,1,0.02440001117065549,40983.58779452705
inproc,onnx-fp32,1,4,0,61,1,0.024300010409206152,41152.24574641113
inproc,onnx-fp32,1,4,0,62,1,0.024800014216452837,40322.55753049446
inproc,onnx-fp32,1,4,0,63,1,0.024300010409206152,41152.24574641113
inproc,onnx-fp32,1,4,0,64,1,0.024200009647756815,41322.29757572405
inproc,onnx-fp32,1,4,0,65,1,0.024300010409206152,41152.24574641113
inproc,onnx-fp32,1,4,0,66,1,0.02440001117065549,40983.58779452705
inproc,onnx-fp32,1,4,0,67,1,0.02440001117065549,40983.58779452705
inproc,onnx-fp32,1,4,0,68,1,0.02440001117065549,40983.58779452705
inproc,onnx-fp32,1,4,0,69,1,0.024500011932104826,40816.306652063286
inproc,onnx-fp32,1,4,0,70,1,0.02440001117065549,40983.58779452705
inproc,onnx-fp32,1,4,0,71,1,0.02440001117065549,40983.58779452705
inproc,onnx-fp32,1,4,0,72,1,0.024300010409206152,41152.24574641113
inproc,onnx-fp32,1,4,0,73,1,0.024300010409206152,41152.24574641113
inproc,onnx-fp32,1,4,0,74,1,0.024300010409206152,41152.24574641113
inproc,onnx-fp32,1,4,1,0,1,0.024500011932104826,40816.306652063286
inproc,onnx-fp32,1,4,1,1,1,0.024800014216452837,40322.55753049446
inproc,onnx-fp32,1,4,1,2,1,0.02440001117065549,40983.58779452705
inproc,onnx-fp32,1,4,1,3,1,0.024300010409206152,41152.24574641113
inproc,onnx-fp32,1,4,1,4,1,0.02440001117065549,40983.58779452705
inproc,onnx-fp32,1,4,1,5,1,0.02440001117065549,40983.58779452705
inproc,onnx-fp32,1,4,1,6,1,0.024300010409206152,41152.24574641113
inproc,onnx-fp32,1,4,1,7,1,0.02440001117065549,40983.58779452705
inproc,onnx-fp32,1,4,1,8,1,0.024300010409206152,41152.24574641113
inproc,onnx-fp32,1,4,1,9,1,0.02440001117065549,40983.58779452705
inproc,onnx-fp32,1,4,1,10,1,0.024300010409206152,41152.24574641113
inproc,onnx-fp32,1,4,1,11,1,0.024200009647756815,41322.29757572405
inproc,onnx-fp32,1,4,1,12,1,0.02440001117065549,40983.58779452705
inproc,onnx-fp32,1,4,1,13,1,0.025300018023699522,39525.66354155403
inproc,onnx-fp32,1,4,1,14,1,0.02459995448589325,40650.48171424244
inproc,onnx-fp32,1,4,1,15,1,0.02440001117065549,40983.58779452705
inproc,onnx-fp32,1,4,1,16,1,0.02440001117065549,40983.58779452705
inproc,onnx-fp32,1,4,1,17,1,0.024499953724443913,40816.403624562256
inproc,onnx-fp32,1,4,1,18,1,0.024200009647756815,41322.29757572405
inproc,onnx-fp32,1,4,1,19,1,0.024300010409206152,41152.24574641113
inproc,onnx-fp32,1,4,1,20,1,0.024499953724443913,40816.403624562256
inproc,onnx-fp32,1,4,1,21,1,0.02440001117065549,40983.58779452705
inproc,onnx-fp32,1,4,1,22,1,0.024500011932104826,40816.306652063286
inproc,onnx-fp32,1,4,1,23,1,0.02429995220154524,41152.34432174767
inproc,onnx-fp32,1,4,1,24,1,0.02440001117065549,40983.58779452705
inproc,onnx-fp32,1,4,1,25,1,0.02440001117065549,40983.58779452705
inproc,onnx-fp32,1,4,1,26,1,0.02429995220154524,41152.34432174767
inproc,onnx-fp32,1,4,1,27,1,0.02440001117065549,40983.58779452705
inproc,onnx-fp32,1,4,1,28,1,0.024300010409206152,41152.24574641113
inproc,onnx-fp32,1,4,1,29,1,0.0241999514400959,41322.39696742289
inproc,onnx-fp32,1,4,1,30,1,0.024300010409206152,41152.24574641113
inproc,onnx-fp32,1,4,1,31,1,0.024300010409206152,41152.24574641113
inproc,onnx-fp32,1,4,1,32,1,0.02459995448589325,40650.48171424244
inproc,onnx-fp32,1,4,1,33,1,0.031200004741549492,32051.277180361634
inproc,onnx-fp32,1,4,1,34,1,0.025500019546598196,39215.6562144049
inproc,onnx-fp32,1,4,1,35,1,0.024399952962994576,40983.68556351804
inproc,onnx-fp32,1,4,1,36,1,0.02700003096833825,37036.99455651203
inproc,onnx-fp32,1,4,1,37,1,0.024999957531690598,40000.06794941047
inproc,onnx-fp32,1,4,1,38,1,0.024900014977902174,40160.61841277856
inproc,onnx-fp32,1,4,1,39,1,0.02429995220154524,41152.34432174767
inproc,onnx-fp32,1,4,1,40,1,0.024300010409206152,41152.24574641113
inproc,onnx-fp32,1,4,1,41,1,0.024200009647756815,41322.29757572405
inproc,onnx-fp32,1,4,1,42,1,0.0241999514400959,41322.39696742289
inproc,onnx-fp32,1,4,1,43,1,0.02440001117065549,40983.58779452705
inproc,onnx-fp32,1,4,1,44,1,0.024300010409206152,41152.24574641113
inproc,onnx-fp32,1,4,1,45,1,0.0241999514400959,41322.39696742289
inproc,onnx-fp32,1,4,1,46,1,0.02440001117065549,40983.58779452705
inproc,onnx-fp32,1,4,1,47,1,0.02440001117065549,40983.58779452705
inproc,onnx-fp32,1,4,1,48,1,0.024200009647756815,41322.29757572405
inproc,onnx-fp32,1,4,1,49,1,0.02440001117065549,40983.58779452705
inproc,onnx-fp32,1,4,1,50,1,0.02440001117065549,40983.58779452705
inproc,onnx-fp32,1,4,1,51,1,0.024300010409206152,41152.24574641113
inproc,onnx-fp32,1,4,1,52,1,0.024200009647756815,41322.29757572405
inproc,onnx-fp32,1,4,1,53,1,0.02440001117065549,40983.58779452705
inproc,onnx-fp32,1,4,1,54,1,0.024500011932104826,40816.306652063286
inproc,onnx-fp32,1,4,1,55,1,0.024300010409206152,41152.24574641113
inproc,onnx-fp32,1,4,1,56,1,0.024500011932104826,40816.306652063286
inproc,onnx-fp32,1,4,1,57,1,0.02440001117065549,40983.58779452705
inproc,onnx-fp32,1,4,1,58,1,0.02440001117065549,40983.58779452705
inproc,onnx-fp32,1,4,1,59,1,0.024500011932104826,40816.306652063286
inproc,onnx-fp32,1,4,1,60,1,0.024500011932104826,40816.306652063286
inproc,onnx-fp32,1,4,1,61,1,0.024500011932104826,40816.306652063286
inproc,onnx-fp32,1,4,1,62,1,0.02440001117065549,40983.58779452705
inproc,onnx-fp32,1,4,1,63,1,0.024900014977902174,40160.61841277856
inproc,onnx-fp32,1,4,1,64,1,0.02440001117065549,40983.58779452705
inproc,onnx-fp32,1,4,1,65,1,0.024500011932104826,40816.306652063286
inproc,onnx-fp32,1,4,1,66,1,0.024800014216452837,40322.55753049446
inproc,onnx-fp32,1,4,1,67,1,0.024500011932104826,40816.306652063286
inproc,onnx-fp32,1,4,1,68,1,0.024300010409206152,41152.24574641113
inproc,onnx-fp32,1,4,1,69,1,0.0247000134550035,40485.80790539728
inproc,onnx-fp32,1,4,1,70,1,0.02440001117065549,40983.58779452705
inproc,onnx-fp32,1,4,1,71,1,0.0241999514400959,41322.39696742289
inproc,onnx-fp32,1,4,1,72,1,0.02440001117065549,40983.58779452705
inproc,onnx-fp32,1,4,1,73,1,0.024600012693554163,40650.385528541854
inproc,onnx-fp32,1,4,1,74,1,0.02429995220154524,41152.34432174767
inproc,onnx-fp32,1,4,2,0,1,0.024600012693554163,40650.385528541854
inproc,onnx-fp32,1,4,2,1,1,0.024800014216452837,40322.55753049446
inproc,onnx-fp32,1,4,2,2,1,0.024499953724443913,40816.403624562256
inproc,onnx-fp32,1,4,2,3,1,0.024600012693554163,40650.385528541854
inproc,onnx-fp32,1,4,2,4,1,0.02440001117065549,40983.58779452705
inproc,onnx-fp32,1,4,2,5,1,0.024300010409206152,41152.24574641113
inproc,onnx-fp32,1,4,2,6,1,0.024500011932104826,40816.306652063286
inproc,onnx-fp32,1,4,2,7,1,0.024500011932104826,40816.306652063286
inproc,onnx-fp32,1,4,2,8,1,0.02440001117065549,40983.58779452705
inproc,onnx-fp32,1,4,2,9,1,0.02670002868399024,37453.14328443459
inproc,onnx-fp32,1,4,2,10,1,0.024499953724443913,40816.403624562256
inproc,onnx-fp32,1,4,2,11,1,0.024200009647756815,41322.29757572405
inproc,onnx-fp32,1,4,2,12,1,0.024200009647756815,41322.29757572405
inproc,onnx-fp32,1,4,2,13,1,0.024399952962994576,40983.68556351804
inproc,onnx-fp32,1,4,2,14,1,0.025399960577487946,39370.13984526821
inproc,onnx-fp32,1,4,2,15,1,0.024500011932104826,40816.306652063286
inproc,onnx-fp32,1,4,2,16,1,0.02440001117065549,40983.58779452705
inproc,onnx-fp32,1,4,2,17,1,0.024500011932104826,40816.306652063286
inproc,onnx-fp32,1,4,2,18,1,0.02440001117065549,40983.58779452705
inproc,onnx-fp32,1,4,2,19,1,0.024500011932104826,40816.306652063286
inproc,onnx-fp32,1,4,2,20,1,0.02440001117065549,40983.58779452705
inproc,onnx-fp32,1,4,2,21,1,0.02440001117065549,40983.58779452705
inproc,onnx-fp32,1,4,2,22,1,0.027699978090822697,36101.11158648573
inproc,onnx-fp32,1,4,2,23,1,0.024600012693554163,40650.385528541854
inproc,onnx-fp32,1,4,2,24,1,0.024500011932104826,40816.306652063286
inproc,onnx-fp32,1,4,2,25,1,0.04499999340623617,22222.225478402368
inproc,onnx-fp32,1,4,2,26,1,0.032299954909831285,30959.795541250907
inproc,onnx-fp32,1,4,2,27,1,0.02540001878514886,39370.04962314005
inproc,onnx-fp32,1,4,2,28,1,0.024500011932104826,40816.306652063286
inproc,onnx-fp32,1,4,2,29,1,0.024300010409206152,41152.24574641113
inproc,onnx-fp32,1,4,2,30,1,0.024300010409206152,41152.24574641113
inproc,onnx-fp32,1,4,2,31,1,0.02440001117065549,40983.58779452705
inproc,onnx-fp32,1,4,2,32,1,0.02440001117065549,40983.58779452705
inproc,onnx-fp32,1,4,2,33,1,0.024300010409206152,41152.24574641113
inproc,onnx-fp32,1,4,2,34,1,0.02440001117065549,40983.58779452705
inproc,onnx-fp32,1,4,2,35,1,0.024300010409206152,41152.24574641113
inproc,onnx-fp32,1,4,2,36,1,0.024300010409206152,41152.24574641113
inproc,onnx-fp32,1,4,2,37,1,0.02440001117065549,40983.58779452705
inproc,onnx-fp32,1,4,2,38,1,0.02429995220154524,41152.34432174767
inproc,onnx-fp32,1,4,2,39,1,0.02440001117065549,40983.58779452705
inproc,onnx-fp32,1,4,2,40,1,0.0247000134550035,40485.80790539728
inproc,onnx-fp32,1,4,2,41,1,0.024399952962994576,40983.68556351804
inproc,onnx-fp32,1,4,2,42,1,0.024300010409206152,41152.24574641113
inproc,onnx-fp32,1,4,2,43,1,0.024500011932104826,40816.306652063286
inproc,onnx-fp32,1,4,2,44,1,0.024399952962994576,40983.68556351804
inproc,onnx-fp32,1,4,2,45,1,0.024600012693554163,40650.385528541854
inproc,onnx-fp32,1,4,2,46,1,0.024500011932104826,40816.306652063286
inproc,onnx-fp32,1,4,2,47,1,0.024399952962994576,40983.68556351804
inproc,onnx-fp32,1,4,2,48,1,0.02640002639964223,37878.75000055121
inproc,onnx-fp32,1,4,2,49,1,0.02459995448589325,40650.48171424244
inproc,onnx-fp32,1,4,2,50,1,0.024500011932104826,40816.306652063286
inproc,onnx-fp32,1,4,2,51,1,0.02440001117065549,40983.58779452705
inproc,onnx-fp32,1,4,2,52,1,0.02459995448589325,40650.48171424244
inproc,onnx-fp32,1,4,2,53,1,0.024500011932104826,40816.306652063286
inproc,onnx-fp32,1,4,2,54,1,0.02440001117065549,40983.58779452705
inproc,onnx-fp32,1,4,2,55,1,0.024399952962994576,40983.68556351804
inproc,onnx-fp32,1,4,2,56,1,0.024600012693554163,40650.385528541854
inproc,onnx-fp32,1,4,2,57,1,0.024300010409206152,41152.24574641113
inproc,onnx-fp32,1,4,2,58,1,0.024699955247342587,40485.90331383648
inproc,onnx-fp32,1,4,2,59,1,0.02440001117065549,40983.58779452705
inproc,onnx-fp32,1,4,2,60,1,0.024500011932104826,40816.306652063286
inproc,onnx-fp32,1,4,2,61,1,0.027499976567924023,36363.66734822604
inproc,onnx-fp32,1,4,2,62,1,0.024500011932104826,40816.306652063286
inproc,onnx-fp32,1,4,2,63,1,0.024499953724443913,40816.403624562256
inproc,onnx-fp32,1,4,2,64,1,0.024600012693554163,40650.385528541854
inproc,onnx-fp32,1,4,2,65,1,0.0247000134550035,40485.80790539728
inproc,onnx-fp32,1,4,2,66,1,0.02440001117065549,40983.58779452705
inproc,onnx-fp32,1,4,2,67,1,0.024600012693554163,40650.385528541854
inproc,onnx-fp32,1,4,2,68,1,0.024500011932104826,40816.306652063286
inproc,onnx-fp32,1,4,2,69,1,0.026600027922540903,37593.94549930523
inproc,onnx-fp32,1,4,2,70,1,0.02589996438473463,38610.09170303714
inproc,onnx-fp32,1,4,2,71,1,0.024300010409206152,41152.24574641113
inproc,onnx-fp32,1,4,2,72,1,0.026699970476329327,37453.22493470707
inproc,onnx-fp32,1,4,2,73,1,0.02440001117065549,40983.58779452705
inproc,onnx-fp32,1,4,2,74,1,0.024500011932104826,40816.306652063286
inproc,onnx-fp32,8,1,0,0,8,0.07469998672604561,107095.06588453842
inproc,onnx-fp32,8,1,0,1,8,0.07579999510198832,105540.9039174219
inproc,onnx-fp32,8,1,0,2,8,0.07479998748749495,106951.88954861042
inproc,onnx-fp32,8,1,0,3,8,0.07469998672604561,107095.06588453842
inproc,onnx-fp32,8,1,0,4,8,0.07790001109242439,102695.74917657467
inproc,onnx-fp32,8,1,0,5,8,0.07449998520314693,107382.5716634112
inproc,onnx-fp32,8,1,0,6,8,0.07389998063445091,108254.42620306366
inproc,onnx-fp32,8,1,0,7,8,0.07910002022981644,101137.77438686966
inproc,onnx-fp32,8,1,0,8,8,0.07599999662488699,105263.16256940881
inproc,onnx-fp32,8,1,0,9,8,0.07569999434053898,105680.32494179234
inproc,onnx-fp32,8,1,0,10,8,0.07559999357908964,105820.11480769143
inproc,onnx-fp32,8,1,0,11,8,0.07589999586343765,105401.8502766973
inproc,onnx-fp32,8,1,0,12,8,0.07580005330964923,105540.82287144793
inproc,onnx-fp32,8,1,0,13,8,0.07609999738633633,105124.83935296943
inproc,onnx-fp32,8,1,0,14,8,0.07589999586343765,105401.8502766973
inproc,onnx-fp32,8,1,0,15,8,0.07559999357908964,105820.11480769143
inproc,onnx-fp32,8,1,0,16,8,0.07559999357908964,105820.11480769143
inproc,onnx-fp32,8,1,0,17,8,0.07730000652372837,103492.87612989117
inproc,onnx-fp32,8,1,0,18,8,0.07559999357908964,105820.11480769143
inproc,onnx-fp32,8,1,0,19,8,0.0754999928176403,105960.27498072594
inproc,onnx-fp32,8,1,0,20,8,0.07559999357908964,105820.11480769143
inproc,onnx-fp32,8,1,0,21,8,0.08600001456215978,93023.24006256646
inproc,onnx-fp32,8,1,0,22,8,0.07609999738633633,105124.83935296943
inproc,onnx-fp32,8,1,0,23,8,0.07599999662488699,105263.16256940881
inproc,onnx-fp32,8,1,0,24,8,0.07579999510198832,105540.9039174219
inproc,onnx-fp32,8,1,0,25,8,0.07579999510198832,105540.9039174219
inproc,onnx-fp32,8,1,0,26,8,0.07569999434053898,105680.32494179234
inproc,onnx-fp32,8,1,0,27,8,0.07579999510198832,105540.9039174219
inproc,onnx-fp32,8,1,0,28,8,0.07569999434053898,105680.32494179234
inproc,onnx-fp32,8,1,0,29,8,0.07670000195503235,104302.47452523193
inproc,onnx-fp32,8,1,0,30,8,0.07559999357908964,105820.11480769143
inproc,onnx-fp32,8,1,0,31,8,0.0754999928176403,105960.27498072594
inproc,onnx-fp32,8,1,0,32,8,0.07579999510198832,105540.9039174219
inproc,onnx-fp32,8,1,0,33,8,0.07559999357908964,105820.11480769143
inproc,onnx-fp32,8,1,0,34,8,0.07599999662488699,105263.16256940881
inproc,onnx-fp32,8,1,0,35,8,0.07599999662488699,105263.16256940881
inproc,onnx-fp32,8,1,0,36,8,0.07589999586343765,105401.8502766973
inproc,onnx-fp32,8,1,0,37,8,0.07569999434053898,105680.32494179234
inproc,onnx-fp32,8,1,0,38,8,0.07579999510198832,105540.9039174219
inproc,onnx-fp32,8,1,0,39,8,0.07539999205619097,106100.80693427783
inproc,onnx-fp32,8,1,0,40,8,0.07569999434053898,105680.32494179234
inproc,onnx-fp32,8,1,0,41,8,0.076299998909235,104849.28066010388
inproc,onnx-fp32,8,1,0,42,8,0.07559999357908964,105820.11480769143
inproc,onnx-fp32,8,1,0,43,8,0.07569999434053898,105680.32494179234
inproc,onnx-fp32,8,1,0,44,8,0.0754999928176403,105960.27498072594
inproc,onnx-fp32,8,1,0,45,8,0.07599999662488699,105263.16256940881
inproc,onnx-fp32,8,1,0,46,8,0.08019997039809823,99750.66025946691
inproc,onnx-fp32,8,1,0,47,8,0.07940002251416445,100755.63893666216
inproc,onnx-fp32,8,1,0,48,8,0.07609999738633633,105124.83935296943
inproc,onnx-fp32,8,1,0,49,8,0.07609999738633633,105124.83935296943
inproc,onnx-fp32,8,1,0,50,8,0.07569999434053898,105680.32494179234
inproc,onnx-fp32,8,1,0,51,8,0.07589999586343765,105401.8502766973
inproc,onnx-fp32,8,1,0,52,8,0.07589999586343765,105401.8502766973
inproc,onnx-fp32,8,1,0,53,8,0.07599999662488699,105263.16256940881
inproc,onnx-fp32,8,1,0,54,8,0.07589999586343765,105401.8502766973
inproc,onnx-fp32,8,1,0,55,8,0.07559999357908964,105820.11480769143
inproc,onnx-fp32,8,1,0,56,8,0.07579999510198832,105540.9039174219
inproc,onnx-fp32,8,1,0,57,8,0.07589999586343765,105401.8502766973
inproc,onnx-fp32,8,1,0,58,8,0.07569999434053898,105680.32494179234
inproc,onnx-fp32,8,1,0,59,8,0.07589999586343765,105401.8502766973
inproc,onnx-fp32,8,1,0,60,8,0.07809995440766215,102432.83828620448
inproc,onnx-fp32,8,1,0,61,8,0.07579999510198832,105540.9039174219
inproc,onnx-fp32,8,1,0,62,8,0.07599999662488699,105263.16256940881
inproc,onnx-fp32,8,1,0,63,8,0.07589999586343765,105401.8502766973
inproc,onnx-fp32,8,1,0,64,8,0.07569999434053898,105680.32494179234
inproc,onnx-fp32,8,1,0,65,8,0.07559999357908964,105820.11480769143
inproc,onnx-fp32,8,1,0,66,8,0.07569999434053898,105680.32494179234
inproc,onnx-fp32,8,1,0,67,8,0.07569999434053898,105680.32494179234
inproc,onnx-fp32,8,1,0,68,8,0.07589999586343765,105401.8502766973
inproc,onnx-fp32,8,1,0,69,8,0.07569999434053898,105680.32494179234
inproc,onnx-fp32,8,1,0,70,8,0.07589999586343765,105401.8502766973
inproc,onnx-fp32,8,1,0,71,8,0.07619999814778566,104986.87919236487
inproc,onnx-fp32,8,1,0,72,8,0.08040003012865782,99502.45027518313
inproc,onnx-fp32,8,1,0,73,8,0.07720000576227903,103626.93527037156
inproc,onnx-fp32,8,1,0,74,8,0.07639999967068434,104712.04233616905
inproc,onnx-fp32,8,1,1,0,8,0.07619999814778566,104986.87919236487
inproc,onnx-fp32,8,1,1,1,8,0.07639999967068434,104712.04233616905
inproc,onnx-fp32,8,1,1,2,8,0.07599999662488699,105263.16256940881
inproc,onnx-fp32,8,1,1,3,8,0.07589999586343765,105401.8502766973
inproc,onnx-fp32,8,1,1,4,8,0.07579999510198832,105540.9039174219
inproc,onnx-fp32,8,1,1,5,8,0.08139997953549027,98280.12298838493
inproc,onnx-fp32,8,1,1,6,8,0.0754999928176403,105960.27498072594
inproc,onnx-fp32,8,1,1,7,8,0.07589999586343765,105401.8502766973
inproc,onnx-fp32,8,1,1,8,8,0.07569999434053898,105680.32494179234
inproc,onnx-fp32,8,1,1,9,8,0.07670000195503235,104302.47452523193
inproc,onnx-fp32,8,1,1,10,8,0.076299998909235,104849.28066010388
inproc,onnx-fp32,8,1,1,11,8,0.07580005330964923,105540.82287144793
inproc,onnx-fp32,8,1,1,12,8,0.07589999586343765,105401.8502766973
inproc,onnx-fp32,8,1,1,13,8,0.07579999510198832,105540.9039174219
inproc,onnx-fp32,8,1,1,14,8,0.08150003850460052,98159.46282710547
inproc,onnx-fp32,8,1,1,15,8,0.07590005407109857,105401.76944414407
inproc,onnx-fp32,8,1,1,16,8,0.08620001608505845,92807.40727595626
inproc,onnx-fp32,8,1,1,17,8,0.07810001261532307,102432.76194337536
inproc,onnx-fp32,8,1,1,18,8,0.0760000548325479,105263.08194943443
inproc,onnx-fp32,8,1,1,19,8,0.0817000400274992,97919.168672467
inproc,onnx-fp32,8,1,1,20,8,0.07559999357908964,105820.11480769143
inproc,onnx-fp32,8,1,1,21,8,0.07560005178675056,105820.03333233242
inproc,onnx-fp32,8,1,1,22,8,0.0771000050008297,103761.34216740854
inproc,onnx-fp32,8,1,1,23,8,0.0754999928176403,105960.27498072594
inproc,onnx-fp32,8,1,1,24,8,0.09620003402233124,83160.05374949174
inproc,onnx-fp32,8,1,1,25,8,0.12720003724098206,62893.06334748865
inproc,onnx-fp32,8,1,1,26,8,0.11580000864341855,69084.62351358103
inproc,onnx-fp32,8,1,1,27,8,0.09579997276887298,83507.33062629151
inproc,onnx-fp32,8,1,1,28,8,0.08169998181983829,97919.23843558862
inproc,onnx-fp32,8,1,1,29,8,0.07810001261532307,102432.76194337536
inproc,onnx-fp32,8,1,1,30,8,0.07650000043213367,104575.16280796798
inproc,onnx-fp32,8,1,1,31,8,0.07589999586343765,105401.8502766973
inproc,onnx-fp32,8,1,1,32,8,0.07850001566112041,101910.80769379069
inproc,onnx-fp32,8,1,1,33,8,0.07589999586343765,105401.8502766973
inproc,onnx-fp32,8,1,1,34,8,0.07569999434053898,105680.32494179234
inproc,onnx-fp32,8,1,1,35,8,0.07559999357908964,105820.11480769143
inproc,onnx-fp32,8,1,1,36,8,0.10190001921728253,78508.32670542988
inproc,onnx-fp32,8,1,1,37,8,0.08560001151636243,93457.93135168914
inproc,onnx-fp32,8,1,1,38,8,0.09049999061971903,88397.7992176375
inproc,onnx-fp32,8,1,1,39,8,0.10539998766034842,75901.33715935536
inproc,onnx-fp32,8,1,1,40,8,0.0811999780125916,98522.19416561231
inproc,onnx-fp32,8,1,1,41,8,0.07680000271648169,104166.6629822027
inproc,onnx-fp32,8,1,1,42,8,0.07569999434053898,105680.32494179234
inproc,onnx-fp32,8,1,1,43,8,0.07879995973780751,101522.89451185687
inproc,onnx-fp32,8,1,1,44,8,0.07650000043213367,104575.16280796798
inproc,onnx-fp32,8,1,1,45,8,0.0798000255599618,100250.59445612326
inproc,onnx-fp32,8,1,1,46,8,0.07880001794546843,101522.81951935847
inproc,onnx-fp32,8,1,1,47,8,0.07830001413822174,102171.11820539049
inproc,onnx-fp32,8,1,1,48,8,0.07589999586343765,105401.8502766973
inproc,onnx-fp32,8,1,1,49,8,0.07559999357908964,105820.11480769143
inproc,onnx-fp32,8,1,1,50,8,0.07539999205619097,106100.80693427783
inproc,onnx-fp32,8,1,1,51,8,0.07579999510198832,105540.9039174219
inproc,onnx-fp32,8,1,1,52,8,0.07580005330964923,105540.82287144793
inproc,onnx-fp32,8,1,1,53,8,0.07589999586343765,105401.8502766973
inproc,onnx-fp32,8,1,1,54,8,0.07970002479851246,100376.38031135612
inproc,onnx-fp32,8,1,1,55,8,0.07579999510198832,105540.9039174219
inproc,onnx-fp32,8,1,1,56,8,0.07720000576227903,103626.93527037156
inproc,onnx-fp32,8,1,1,57,8,0.07599999662488699,105263.16256940881
inproc,onnx-fp32,8,1,1,58,8,0.07569999434053898,105680.32494179234
inproc,onnx-fp32,8,1,1,59,8,0.07559999357908964,105820.11480769143
inproc,onnx-fp32,8,1,1,60,8,0.07589999586343765,105401.8502766973
inproc,onnx-fp32,8,1,1,61,8,0.07619999814778566,104986.87919236487
inproc,onnx-fp32,8,1,1,62,8,0.07579999510198832,105540.9039174219
inproc,onnx-fp32,8,1,1,63,8,0.07639999967068434,104712.04233616905
inproc,onnx-fp32,8,1,1,64,8,0.0782000133767724,102301.77278174512
inproc,onnx-fp32,8,1,1,65,8,0.08289999095723033,96501.81993538879
inproc,onnx-fp32,8,1,1,66,8,0.07740000728517771,103359.16339806365
inproc,onnx-fp32,8,1,1,67,8,0.07589999586343765,105401.8502766973
inproc,onnx-fp32,8,1,1,68,8,0.07579999510198832,105540.9039174219
inproc,onnx-fp32,8,1,1,69,8,0.07559999357908964,105820.11480769143
inproc,onnx-fp32,8,1,1,70,8,0.07569999434053898,105680.32494179234
inproc,onnx-fp32,8,1,1,71,8,0.0754999928176403,105960.27498072594
inproc,onnx-fp32,8,1,1,72,8,0.07559999357908964,105820.11480769143
inproc,onnx-fp32,8,1,1,73,8,0.0754999928176403,105960.27498072594
inproc,onnx-fp32,8,1,1,74,8,0.0754999928176403,105960.27498072594
inproc,onnx-fp32,8,1,2,0,8,0.07810001261532307,102432.76194337536
inproc,onnx-fp32,8,1,2,1,8,0.07650000043213367,104575.16280796798
inproc,onnx-fp32,8,1,2,2,8,0.07639999967068434,104712.04233616905
inproc,onnx-fp32,8,1,2,3,8,0.07569999434053898,105680.32494179234
inproc,onnx-fp32,8,1,2,4,8,0.07619999814778566,104986.87919236487
inproc,onnx-fp32,8,1,2,5,8,0.076299998909235,104849.28066010388
inproc,onnx-fp32,8,1,2,6,8,0.07599999662488699,105263.16256940881
inproc,onnx-fp32,8,1,2,7,8,0.07599999662488699,105263.16256940881
inproc,onnx-fp32,8,1,2,8,8,0.08579995483160019,93240.14232526837
inproc,onnx-fp32,8,1,2,9,8,0.07790001109242439,102695.74917657467
inproc,onnx-fp32,8,1,2,10,8,0.07589999586343765,105401.8502766973
inproc,onnx-fp32,8,1,2,11,8,0.07579999510198832,105540.9039174219
inproc,onnx-fp32,8,1,2,12,8,0.07619999814778566,104986.87919236487
inproc,onnx-fp32,8,1,2,13,8,0.07569999434053898,105680.32494179234
inproc,onnx-fp32,8,1,2,14,8,0.07589999586343765,105401.8502766973
inproc,onnx-fp32,8,1,2,15,8,0.09669997962191701,82730.1105054918
inproc,onnx-fp32,8,1,2,16,8,0.09129999671131372,87623.22330958699
inproc,onnx-fp32,8,1,2,17,8,0.0893000396899879,89585.62647645654
inproc,onnx-fp32,8,1,2,18,8,0.08870003512129188,90191.62155979408
inproc,onnx-fp32,8,1,2,19,8,0.10060000931844115,79522.8554569677
inproc,onnx-fp32,8,1,2,20,8,0.11029996676370502,72529.48695023956
inproc,onnx-fp32,8,1,2,21,8,0.10270002530887723,77896.76756105426
inproc,onnx-fp32,8,1,2,22,8,0.10140001541003585,78895.45152089017
inproc,onnx-fp32,8,1,2,23,8,0.10019994806498289,79840.36074361777
inproc,onnx-fp32,8,1,2,24,8,0.10870001278817654,73597.0474593189
inproc,onnx-fp32,8,1,2,25,8,0.10130001464858651,78973.33507554066
inproc,onnx-fp32,8,1,2,26,8,0.11939997784793377,67001.68747257805
inproc,onnx-fp32,8,1,2,27,8,0.10689999908208847,74836.29624595976
inproc,onnx-fp32,8,1,2,28,8,0.10489998385310173,76263.11946056083
inproc,onnx-fp32,8,1,2,29,8,0.19240000983700156,41580.03945414286
inproc,onnx-fp32,8,1,2,30,8,0.1175999641418457,68027.23162696401
inproc,onnx-fp32,8,1,2,31,8,0.1050999853760004,76117.99346479074
inproc,onnx-fp32,8,1,2,32,8,0.11470000026747584,69747.16635871245
inproc,onnx-fp32,8,1,2,33,8,0.10030000703409314,79760.71225279881
inproc,onnx-fp32,8,1,2,34,8,0.0982999918051064,81383.52662186512
inproc,onnx-fp32,8,1,2,35,8,0.09599997429177165,83333.35564950976
inproc,onnx-fp32,8,1,2,36,8,0.09349995525553823,85561.538271711
inproc,onnx-fp32,8,1,2,37,8,0.09180000051856041,87145.96900663998
inproc,onnx-fp32,8,1,2,38,8,0.07880001794546843,101522.81951935847
inproc,onnx-fp32,8,1,2,39,8,0.07610005559399724,105124.75894473642
inproc,onnx-fp32,8,1,2,40,8,0.07589999586343765,105401.8502766973
inproc,onnx-fp32,8,1,2,41,8,0.07579999510198832,105540.9039174219
inproc,onnx-fp32,8,1,2,42,8,0.07569999434053898,105680.32494179234
inproc,onnx-fp32,8,1,2,43,8,0.07579999510198832,105540.9039174219
inproc,onnx-fp32,8,1,2,44,8,0.07569999434053898,105680.32494179234
inproc,onnx-fp32,8,1,2,45,8,0.07579999510198832,105540.9039174219
inproc,onnx-fp32,8,1,2,46,8,0.07599999662488699,105263.16256940881
inproc,onnx-fp32,8,1,2,47,8,0.07589999586343765,105401.8502766973
inproc,onnx-fp32,8,1,2,48,8,0.07559999357908964,105820.11480769143
inproc,onnx-fp32,8,1,2,49,8,0.07579999510198832,105540.9039174219
inproc,onnx-fp32,8,1,2,50,8,0.08699996396899223,91954.0610712355
inproc,onnx-fp32,8,1,2,51,8,0.0771000050008297,103761.34216740854
inproc,onnx-fp32,8,1,2,52,8,0.07589999586343765,105401.8502766973
inproc,onnx-fp32,8,1,2,53,8,0.07670000195503235,104302.47452523193
inproc,onnx-fp32,8,1,2,54,8,0.07560005178675056,105820.03333233242
inproc,onnx-fp32,8,1,2,55,8,0.0874000252224505,91533.15436280945
inproc,onnx-fp32,8,1,2,56,8,0.07650000043213367,104575.16280796798
inproc,onnx-fp32,8,1,2,57,8,0.07569999434053898,105680.32494179234
inproc,onnx-fp32,8,1,2,58,8,0.07559999357908964,105820.11480769143
inproc,onnx-fp32,8,1,2,59,8,0.07609999738633633,105124.83935296943
inproc,onnx-fp32,8,1,2,60,8,0.07550005102530122,105960.19328939365
inproc,onnx-fp32,8,1,2,61,8,0.07550005102530122,105960.19328939365
inproc,onnx-fp32,8,1,2,62,8,0.07569999434053898,105680.32494179234
inproc,onnx-fp32,8,1,2,63,8,0.07599999662488699,105263.16256940881
inproc,onnx-fp32,8,1,2,64,8,0.07569999434053898,105680.32494179234
inproc,onnx-fp32,8,1,2,65,8,0.07589999586343765,105401.8502766973
inproc,onnx-fp32,8,1,2,66,8,0.07599999662488699,105263.16256940881
inproc,onnx-fp32,8,1,2,67,8,0.07569999434053898,105680.32494179234
inproc,onnx-fp32,8,1,2,68,8,0.07569999434053898,105680.32494179234
inproc,onnx-fp32,8,1,2,69,8,0.07570005254819989,105680.24368155126
inproc,onnx-fp32,8,1,2,70,8,0.07650000043213367,104575.16280796798
inproc,onnx-fp32,8,1,2,71,8,0.07569999434053898,105680.32494179234
inproc,onnx-fp32,8,1,2,72,8,0.07569999434053898,105680.32494179234
inproc,onnx-fp32,8,1,2,73,8,0.07559999357908964,105820.11480769143
inproc,onnx-fp32,8,1,2,74,8,0.07559999357908964,105820.11480769143
inproc,onnx-fp32,8,4,0,0,8,0.07599999662488699,105263.16256940881
inproc,onnx-fp32,8,4,0,1,8,0.07660000119358301,104438.64067028476
inproc,onnx-fp32,8,4,0,2,8,0.07569999434053898,105680.32494179234
inproc,onnx-fp32,8,4,0,3,8,0.07609999738633633,105124.83935296943
inproc,onnx-fp32,8,4,0,4,8,0.07559999357908964,105820.11480769143
inproc,onnx-fp32,8,4,0,5,8,0.07599999662488699,105263.16256940881
inproc,onnx-fp32,8,4,0,6,8,0.07569999434053898,105680.32494179234
inproc,onnx-fp32,8,4,0,7,8,0.07569999434053898,105680.32494179234
inproc,onnx-fp32,8,4,0,8,8,0.0754999928176403,105960.27498072594
inproc,onnx-fp32,8,4,0,9,8,0.07569999434053898,105680.32494179234
inproc,onnx-fp32,8,4,0,10,8,0.07670000195503235,104302.47452523193
inproc,onnx-fp32,8,4,0,11,8,0.07569999434053898,105680.32494179234
inproc,onnx-fp32,8,4,0,12,8,0.08610001532360911,92915.19832989338
inproc,onnx-fp32,8,4,0,13,8,0.07810001261532307,102432.76194337536
inproc,onnx-fp32,8,4,0,14,8,0.07580005330964923,105540.82287144793
inproc,onnx-fp32,8,4,0,15,8,0.07569999434053898,105680.32494179234
inproc,onnx-fp32,8,4,0,16,8,0.07800001185387373,102564.08697715723
inproc,onnx-fp32,8,4,0,17,8,0.07589999586343765,105401.8502766973
inproc,onnx-fp32,8,4,0,18,8,0.07559999357908964,105820.11480769143
inproc,onnx-fp32,8,4,0,19,8,0.07599999662488699,105263.16256940881
inproc,onnx-fp32,8,4,0,20,8,0.07650000043213367,104575.16280796798
inproc,onnx-fp32,8,4,0,21,8,0.07569999434053898,105680.32494179234
inproc,onnx-fp32,8,4,0,22,8,0.07550005102530122,105960.19328939365
inproc,onnx-fp32,8,4,0,23,8,0.07560005178675056,105820.03333233242
inproc,onnx-fp32,8,4,0,24,8,0.09090005187317729,88008.7506568369
inproc,onnx-fp32,8,4,0,25,8,0.10750000365078449,74418.60212384857
inproc,onnx-fp32,8,4,0,26,8,0.08759996853768826,91324.2337131451
inproc,onnx-fp32,8,4,0,27,8,0.09139999747276306,87527.35471775015
inproc,onnx-fp32,8,4,0,28,8,0.07880001794546843,101522.81951935847
inproc,onnx-fp32,8,4,0,29,8,0.07599999662488699,105263.16256940881
inproc,onnx-fp32,8,4,0,30,8,0.07639999967068434,104712.04233616905
inproc,onnx-fp32,8,4,0,31,8,0.07850001566112041,101910.80769379069
inproc,onnx-fp32,8,4,0,32,8,0.07539999205619097,106100.80693427783
inproc,onnx-fp32,8,4,0,33,8,0.07589999586343765,105401.8502766973
inproc,onnx-fp32,8,4,0,34,8,0.07599999662488699,105263.16256940881
inproc,onnx-fp32,8,4,0,35,8,0.07579999510198832,105540.9039174219
inproc,onnx-fp32,8,4,0,36,8,0.08510000770911574,94007.04201279474
inproc,onnx-fp32,8,4,0,37,8,0.07750000804662704,103225.7957339422
inproc,onnx-fp32,8,4,0,38,8,0.07589999586343765,105401.8502766973
inproc,onnx-fp32,8,4,0,39,8,0.07619999814778566,104986.87919236487
inproc,onnx-fp32,8,4,0,40,8,0.07599999662488699,105263.16256940881
inproc,onnx-fp32,8,4,0,41,8,0.07579999510198832,105540.9039174219
inproc,onnx-fp32,8,4,0,42,8,0.10060000931844115,79522.8554569677
inproc,onnx-fp32,8,4,0,43,8,0.10170001769438386,78662.71984377227
inproc,onnx-fp32,8,4,0,44,8,0.08630001684650779,92699.86602932775
inproc,onnx-fp32,8,4,0,45,8,0.0838999985717237,95351.61068162629
inproc,onnx-fp32,8,4,0,46,8,0.08750002598389983,91428.54427805559
inproc,onnx-fp32,8,4,0,47,8,0.08110003545880318,98643.60668576777
inproc,onnx-fp32,8,4,0,48,8,0.07799995364621282,102564.1635158642
inproc,onnx-fp32,8,4,0,49,8,0.07880001794546843,101522.81951935847
inproc,onnx-fp32,8,4,0,50,8,0.07760000880807638,103092.77180349216
inproc,onnx-fp32,8,4,0,51,8,0.09080005111172795,88105.67727716512
inproc,onnx-fp32,8,4,0,52,8,0.07569999434053898,105680.32494179234
inproc,onnx-fp32,8,4,0,53,8,0.07850001566112041,101910.80769379069
inproc,onnx-fp32,8,4,0,54,8,0.07579999510198832,105540.9039174219
inproc,onnx-fp32,8,4,0,55,8,0.0754999928176403,105960.27498072594
inproc,onnx-fp32,8,4,0,56,8,0.07529999129474163,106241.71214955582
inproc,onnx-fp32,8,4,0,57,8,0.07539999205619097,106100.80693427783
inproc,onnx-fp32,8,4,0,58,8,0.07569999434053898,105680.32494179234
inproc,onnx-fp32,8,4,0,59,8,0.07589999586343765,105401.8502766973
inproc,onnx-fp32,8,4,0,60,8,0.07569999434053898,105680.32494179234
inproc,onnx-fp32,8,4,0,61,8,0.0838999985717237,95351.61068162629
inproc,onnx-fp32,8,4,0,62,8,0.07680000271648169,104166.6629822027
inproc,onnx-fp32,8,4,0,63,8,0.07559999357908964,105820.11480769143
inproc,onnx-fp32,8,4,0,64,8,0.07559999357908964,105820.11480769143
inproc,onnx-fp32,8,4,0,65,8,0.07569999434053898,105680.32494179234
inproc,onnx-fp32,8,4,0,66,8,0.07569999434053898,105680.32494179234
inproc,onnx-fp32,8,4,0,67,8,0.0754999928176403,105960.27498072594
inproc,onnx-fp32,8,4,0,68,8,0.07559999357908964,105820.11480769143
inproc,onnx-fp32,8,4,0,69,8,0.07569999434053898,105680.32494179234
inproc,onnx-fp32,8,4,0,70,8,0.07579999510198832,105540.9039174219
inproc,onnx-fp32,8,4,0,71,8,0.07670000195503235,104302.47452523193
inproc,onnx-fp32,8,4,0,72,8,0.07559999357908964,105820.11480769143
inproc,onnx-fp32,8,4,0,73,8,0.07559999357908964,105820.11480769143
inproc,onnx-fp32,8,4,0,74,8,0.07529999129474163,106241.71214955582
inproc,onnx-fp32,8,4,1,0,8,0.07639999967068434,104712.04233616905
inproc,onnx-fp32,8,4,1,1,8,0.07609999738633633,105124.83935296943
inproc,onnx-fp32,8,4,1,2,8,0.07569999434053898,105680.32494179234
inproc,onnx-fp32,8,4,1,3,8,0.07569999434053898,105680.32494179234
inproc,onnx-fp32,8,4,1,4,8,0.08510000770911574,94007.04201279474
inproc,onnx-fp32,8,4,1,5,8,0.0771000050008297,103761.34216740854
inproc,onnx-fp32,8,4,1,6,8,0.07599999662488699,105263.16256940881
inproc,onnx-fp32,8,4,1,7,8,0.07609999738633633,105124.83935296943
inproc,onnx-fp32,8,4,1,8,8,0.07569999434053898,105680.32494179234
inproc,onnx-fp32,8,4,1,9,8,0.0754999928176403,105960.27498072594
inproc,onnx-fp32,8,4,1,10,8,0.0754999928176403,105960.27498072594
inproc,onnx-fp32,8,4,1,11,8,0.0751999905332923,106382.99211564749
inproc,onnx-fp32,8,4,1,12,8,0.07569999434053898,105680.32494179234
inproc,onnx-fp32,8,4,1,13,8,0.0754999928176403,105960.27498072594
inproc,onnx-fp32,8,4,1,14,8,0.07559999357908964,105820.11480769143
inproc,onnx-fp32,8,4,1,15,8,0.07539999205619097,106100.80693427783
inproc,onnx-fp32,8,4,1,16,8,0.07579999510198832,105540.9039174219
inproc,onnx-fp32,8,4,1,17,8,0.07869995897635818,101651.895427331
inproc,onnx-fp32,8,4,1,18,8,0.07569999434053898,105680.32494179234
inproc,onnx-fp32,8,4,1,19,8,0.07539999205619097,106100.80693427783
inproc,onnx-fp32,8,4,1,20,8,0.0754999928176403,105960.27498072594
inproc,onnx-fp32,8,4,1,21,8,0.076299998909235,104849.28066010388
inproc,onnx-fp32,8,4,1,22,8,0.07569999434053898,105680.32494179234
inproc,onnx-fp32,8,4,1,23,8,0.0754999928176403,105960.27498072594
inproc,onnx-fp32,8,4,1,24,8,0.07599999662488699,105263.16256940881
inproc,onnx-fp32,8,4,1,25,8,0.07750000804662704,103225.7957339422
inproc,onnx-fp32,8,4,1,26,8,0.07539999205619097,106100.80693427783
inproc,onnx-fp32,8,4,1,27,8,0.07579999510198832,105540.9039174219
inproc,onnx-fp32,8,4,1,28,8,0.07539999205619097,106100.80693427783
inproc,onnx-fp32,8,4,1,29,8,0.07539999205619097,106100.80693427783
inproc,onnx-fp32,8,4,1,30,8,0.08269998943433166,96735.1997832169
inproc,onnx-fp32,8,4,1,31,8,0.07670000195503235,104302.47452523193
inproc,onnx-fp32,8,4,1,32,8,0.07780001033097506,102827.74984176196
inproc,onnx-fp32,8,4,1,33,8,0.07609999738633633,105124.83935296943
inproc,onnx-fp32,8,4,1,34,8,0.07540005026385188,106100.72502611237
inproc,onnx-fp32,8,4,1,35,8,0.07540005026385188,106100.72502611237
inproc,onnx-fp32,8,4,1,36,8,0.07579999510198832,105540.9039174219
inproc,onnx-fp32,8,4,1,37,8,0.07539999205619097,106100.80693427783
inproc,onnx-fp32,8,4,1,38,8,0.07529999129474163,106241.71214955582
inproc,onnx-fp32,8,4,1,39,8,0.07529999129474163,106241.71214955582
inproc,onnx-fp32,8,4,1,40,8,0.07559999357908964,105820.11480769143
inproc,onnx-fp32,8,4,1,41,8,0.07559999357908964,105820.11480769143
inproc,onnx-fp32,8,4,1,42,8,0.07559999357908964,105820.11480769143
inproc,onnx-fp32,8,4,1,43,8,0.07670000195503235,104302.47452523193
inproc,onnx-fp32,8,4,1,44,8,0.07579999510198832,105540.9039174219
inproc,onnx-fp32,8,4,1,45,8,0.07539999205619097,106100.80693427783
inproc,onnx-fp32,8,4,1,46,8,0.0754999928176403,105960.27498072594
inproc,onnx-fp32,8,4,1,47,8,0.07619999814778566,104986.87919236487
inproc,onnx-fp32,8,4,1,48,8,0.07650000043213367,104575.16280796798
inproc,onnx-fp32,8,4,1,49,8,0.07559999357908964,105820.11480769143
inproc,onnx-fp32,8,4,1,50,8,0.07589999586343765,105401.8502766973
inproc,onnx-fp32,8,4,1,51,8,0.07599999662488699,105263.16256940881
inproc,onnx-fp32,8,4,1,52,8,0.07569999434053898,105680.32494179234
inproc,onnx-fp32,8,4,1,53,8,0.07569999434053898,105680.32494179234
inproc,onnx-fp32,8,4,1,54,8,0.07609999738633633,105124.83935296943
inproc,onnx-fp32,8,4,1,55,8,0.07559999357908964,105820.11480769143
inproc,onnx-fp32,8,4,1,56,8,0.08440000237897038,94786.72718608037
inproc,onnx-fp32,8,4,1,57,8,0.07700000423938036,103896.09817590808
inproc,onnx-fp32,8,4,1,58,8,0.07609999738633633,105124.83935296943
inproc,onnx-fp32,8,4,1,59,8,0.076299998909235,104849.28066010388
inproc,onnx-fp32,8,4,1,60,8,0.07559999357908964,105820.11480769143
inproc,onnx-fp32,8,4,1,61,8,0.08700002217665315,91953.999549058
inproc,onnx-fp32,8,4,1,62,8,0.07570005254819989,105680.24368155126
inproc,onnx-fp32,8,4,1,63,8,0.07599999662488699,105263.16256940881
inproc,onnx-fp32,8,4,1,64,8,0.07569999434053898,105680.32494179234
inproc,onnx-fp32,8,4,1,65,8,0.07589999586343765,105401.8502766973
inproc,onnx-fp32,8,4,1,66,8,0.07639999967068434,104712.04233616905
inproc,onnx-fp32,8,4,1,67,8,0.07569999434053898,105680.32494179234
inproc,onnx-fp32,8,4,1,68,8,0.07569999434053898,105680.32494179234
inproc,onnx-fp32,8,4,1,69,8,0.07569999434053898,105680.32494179234
inproc,onnx-fp32,8,4,1,70,8,0.07790001109242439,102695.74917657467
inproc,onnx-fp32,8,4,1,71,8,0.07580005330964923,105540.82287144793
inproc,onnx-fp32,8,4,1,72,8,0.07579999510198832,105540.9039174219
inproc,onnx-fp32,8,4,1,73,8,0.07840001489967108,102040.79693400113
inproc,onnx-fp32,8,4,1,74,8,0.07619999814778566,104986.87919236487
inproc,onnx-fp32,8,4,2,0,8,0.07850001566112041,101910.80769379069
inproc,onnx-fp32,8,4,2,1,8,0.07660000119358301,104438.64067028476
inproc,onnx-fp32,8,4,2,2,8,0.07569999434053898,105680.32494179234
inproc,onnx-fp32,8,4,2,3,8,0.0754999928176403,105960.27498072594
inproc,onnx-fp32,8,4,2,4,8,0.07569999434053898,105680.32494179234
inproc,onnx-fp32,8,4,2,5,8,0.07609999738633633,105124.83935296943
inproc,onnx-fp32,8,4,2,6,8,0.07539999205619097,106100.80693427783
inproc,onnx-fp32,8,4,2,7,8,0.07589999586343765,105401.8502766973
inproc,onnx-fp32,8,4,2,8,8,0.07559999357908964,105820.11480769143
inproc,onnx-fp32,8,4,2,9,8,0.0754999928176403,105960.27498072594
inproc,onnx-fp32,8,4,2,10,8,0.07579999510198832,105540.9039174219
inproc,onnx-fp32,8,4,2,11,8,0.07569999434053898,105680.32494179234
inproc,onnx-fp32,8,4,2,12,8,0.07539999205619097,106100.80693427783
inproc,onnx-fp32,8,4,2,13,8,0.07529999129474163,106241.71214955582
inproc,onnx-fp32,8,4,2,14,8,0.07559999357908964,105820.11480769143
inproc,onnx-fp32,8,4,2,15,8,0.07569999434053898,105680.32494179234
inproc,onnx-fp32,8,4,2,16,8,0.07569999434053898,105680.32494179234
inproc,onnx-fp32,8,4,2,17,8,0.07559999357908964,105820.11480769143
inproc,onnx-fp32,8,4,2,18,8,0.07559999357908964,105820.11480769143
inproc,onnx-fp32,8,4,2,19,8,0.07559999357908964,105820.11480769143
inproc,onnx-fp32,8,4,2,20,8,0.07569999434053898,105680.32494179234
inproc,onnx-fp32,8,4,2,21,8,0.07780001033097506,102827.74984176196
inproc,onnx-fp32,8,4,2,22,8,0.07639999967068434,104712.04233616905
inproc,onnx-fp32,8,4,2,23,8,0.07619999814778566,104986.87919236487
inproc,onnx-fp32,8,4,2,24,8,0.07589999586343765,105401.8502766973
inproc,onnx-fp32,8,4,2,25,8,0.08129997877404094,98401.00970056339
inproc,onnx-fp32,8,4,2,26,8,0.07680000271648169,104166.6629822027
inproc,onnx-fp32,8,4,2,27,8,0.07589999586343765,105401.8502766973
inproc,onnx-fp32,8,4,2,28,8,0.07560005178675056,105820.03333233242
inproc,onnx-fp32,8,4,2,29,8,0.07560005178675056,105820.03333233242
inproc,onnx-fp32,8,4,2,30,8,0.07589999586343765,105401.8502766973
inproc,onnx-fp32,8,4,2,31,8,0.07599999662488699,105263.16256940881
inproc,onnx-fp32,8,4,2,32,8,0.07559999357908964,105820.11480769143
inproc,onnx-fp32,8,4,2,33,8,0.07569999434053898,105680.32494179234
inproc,onnx-fp32,8,4,2,34,8,0.07579999510198832,105540.9039174219
inproc,onnx-fp32,8,4,2,35,8,0.07579999510198832,105540.9039174219
inproc,onnx-fp32,8,4,2,36,8,0.07609999738633633,105124.83935296943
inproc,onnx-fp32,8,4,2,37,8,0.07539999205619097,106100.80693427783
inproc,onnx-fp32,8,4,2,38,8,0.07589999586343765,105401.8502766973
inproc,onnx-fp32,8,4,2,39,8,0.07569999434053898,105680.32494179234
inproc,onnx-fp32,8,4,2,40,8,0.07559999357908964,105820.11480769143
inproc,onnx-fp32,8,4,2,41,8,0.07619999814778566,104986.87919236487
inproc,onnx-fp32,8,4,2,42,8,0.07569999434053898,105680.32494179234
inproc,onnx-fp32,8,4,2,43,8,0.07599999662488699,105263.16256940881
inproc,onnx-fp32,8,4,2,44,8,0.07570005254819989,105680.24368155126
inproc,onnx-fp32,8,4,2,45,8,0.07550005102530122,105960.19328939365
inproc,onnx-fp32,8,4,2,46,8,0.076299998909235,104849.28066010388
inproc,onnx-fp32,8,4,2,47,8,0.07579999510198832,105540.9039174219
inproc,onnx-fp32,8,4,2,48,8,0.07670000195503235,104302.47452523193
inproc,onnx-fp32,8,4,2,49,8,0.07619999814778566,104986.87919236487
inproc,onnx-fp32,8,4,2,50,8,0.07729994831606746,103492.95406109776
inproc,onnx-fp32,8,4,2,51,8,0.08150003850460052,98159.46282710547
inproc,onnx-fp32,8,4,2,52,8,0.07690000347793102,104031.20465782375
inproc,onnx-fp32,8,4,2,53,8,0.076299998909235,104849.28066010388
inproc,onnx-fp32,8,4,2,54,8,0.07639999967068434,104712.04233616905
inproc,onnx-fp32,8,4,2,55,8,0.07599999662488699,105263.16256940881
inproc,onnx-fp32,8,4,2,56,8,0.0754999928176403,105960.27498072594
inproc,onnx-fp32,8,4,2,57,8,0.07589999586343765,105401.8502766973
inproc,onnx-fp32,8,4,2,58,8,0.076299998909235,104849.28066010388
inproc,onnx-fp32,8,4,2,59,8,0.07609999738633633,105124.83935296943
inproc,onnx-fp32,8,4,2,60,8,0.07580005330964923,105540.82287144793
inproc,onnx-fp32,8,4,2,61,8,0.07609999738633633,105124.83935296943
inproc,onnx-fp32,8,4,2,62,8,0.07569999434053898,105680.32494179234
inproc,onnx-fp32,8,4,2,63,8,0.07599999662488699,105263.16256940881
inproc,onnx-fp32,8,4,2,64,8,0.07559999357908964,105820.11480769143
inproc,onnx-fp32,8,4,2,65,8,0.07810001261532307,102432.76194337536
inproc,onnx-fp32,8,4,2,66,8,0.07589999586343765,105401.8502766973
inproc,onnx-fp32,8,4,2,67,8,0.07579999510198832,105540.9039174219
inproc,onnx-fp32,8,4,2,68,8,0.24319998919963837,32894.738302940255
inproc,onnx-fp32,8,4,2,69,8,0.07870001718401909,101651.8202441319
inproc,onnx-fp32,8,4,2,70,8,0.0811999780125916,98522.19416561231
inproc,onnx-fp32,8,4,2,71,8,0.08110003545880318,98643.60668576777
inproc,onnx-fp32,8,4,2,72,8,0.07599999662488699,105263.16256940881
inproc,onnx-fp32,8,4,2,73,8,0.07609999738633633,105124.83935296943
inproc,onnx-fp32,8,4,2,74,8,0.07660000119358301,104438.64067028476
inproc,onnx-fp32,32,1,0,0,32,0.25939999613910913,123361.60553695334
inproc,onnx-fp32,32,1,0,1,32,0.2590999938547611,123504.44136998955
inproc,onnx-fp32,32,1,0,2,32,0.2582999877631664,123886.95902432868
inproc,onnx-fp32,32,1,0,3,32,0.2576999831944704,124175.40584723887
inproc,onnx-fp32,32,1,0,4,32,0.25809998624026775,123982.95895378658
inproc,onnx-fp32,32,1,0,5,32,0.26760000037029386,119581.46470747278
inproc,onnx-fp32,32,1,0,6,32,0.2604000037536025,122887.86305195012
inproc,onnx-fp32,32,1,0,7,32,0.25800004368647933,124030.9867500886
inproc,onnx-fp32,32,1,0,8,32,0.25800004368647933,124030.9867500886
inproc,onnx-fp32,32,1,0,9,32,0.2601000014692545,123029.60330349175
inproc,onnx-fp32,32,1,0,10,32,0.25839998852461576,123839.01478753978
inproc,onnx-fp32,32,1,0,11,32,0.2584999892860651,123791.10764522193
inproc,onnx-fp32,32,1,0,12,32,0.2581999870017171,123934.94039868868
inproc,onnx-fp32,32,1,0,13,32,0.26599998818710446,120300.75722218149
inproc,onnx-fp32,32,1,0,14,32,0.2598999999463558,123124.2785940935
inproc,onnx-fp32,32,1,0,15,32,0.25919999461621046,123456.79268775227
inproc,onnx-fp32,32,1,0,16,32,0.25889999233186245,123599.84916099129
inproc,onnx-fp32,32,1,0,17,32,0.26249996153637767,121904.77976723584
inproc,onnx-fp32,32,1,0,18,32,0.2590999938547611,123504.44136998955
inproc,onnx-fp32,32,1,0,19,32,0.26000000070780516,123076.92274186738
inproc,onnx-fp32,32,1,0,20,32,0.2663999912329018,120120.12407321668
inproc,onnx-fp32,32,1,0,21,32,0.26329996762797236,121534.386381749
inproc,onnx-fp32,32,1,0,22,32,0.2639000304043293,121258.03832220793
inproc,onnx-fp32,32,1,0,23,32,0.2638999721966684,121258.0650677461
inproc,onnx-fp32,32,1,0,24,32,0.26619998971000314,120210.3727910006
inproc,onnx-fp32,32,1,0,25,32,0.2618000144138932,122230.70373636244
inproc,onnx-fp32,32,1,0,26,32,0.2581999870017171,123934.94039868868
inproc,onnx-fp32,32,1,0,27,32,0.25949999690055847,123314.06698344793
inproc,onnx-fp32,32,1,0,28,32,0.26539998361840844,120572.72786425464
inproc,onnx-fp32,32,1,0,29,32,0.25859999004751444,123743.23755434179
inproc,onnx-fp32,32,1,0,30,32,0.2579999854788184,124031.01473285616
inproc,onnx-fp32,32,1,0,31,32,0.2570999786257744,124465.19899007096
inproc,onnx-fp32,32,1,0,32,32,0.25779998395591974,124127.23813618065
inproc,onnx-fp32,32,1,0,33,32,0.25809998624026775,123982.95895378658
inproc,onnx-fp32,32,1,0,34,32,0.25720003759488463,124416.7780815147
inproc,onnx-fp32,32,1,0,35,32,0.26490003801882267,120800.28466332729
inproc,onnx-fp32,32,1,0,36,32,0.25860004825517535,123743.209701275
inproc,onnx-fp32,32,1,0,37,32,0.258200045209378,123934.91245925521
inproc,onnx-fp32,32,1,0,38,32,0.25790004292503,124079.07977472577
inproc,onnx-fp32,32,1,0,39,32,0.25759998243302107,124223.61095587561
inproc,onnx-fp32,32,1,0,40,32,0.2581999870017171,123934.94039868868
inproc,onnx-fp32,32,1,0,41,32,0.25889999233186245,123599.84916099129
inproc,onnx-fp32,32,1,0,42,32,0.26409997371956706,121166.23697198472
inproc,onnx-fp32,32,1,0,43,32,0.2590999938547611,123504.44136998955
inproc,onnx-fp32,32,1,0,44,32,0.25809998624026775,123982.95895378658
inproc,onnx-fp32,32,1,0,45,32,0.25969999842345715,123219.09970835653
inproc,onnx-fp32,32,1,0,46,32,0.2584999892860651,123791.10764522193
inproc,onnx-fp32,32,1,0,47,32,0.25809998624026775,123982.95895378658
inproc,onnx-fp32,32,1,0,48,32,0.25949999690055847,123314.06698344793
inproc,onnx-fp32,32,1,0,49,32,0.25919999461621046,123456.79268775227
inproc,onnx-fp32,32,1,0,50,32,0.2662999904714525,120165.23148704514
inproc,onnx-fp32,32,1,0,51,32,0.2607000060379505,122746.44901750294
inproc,onnx-fp32,32,1,0,52,32,0.2896999940276146,110459.0978933528
inproc,onnx-fp32,32,1,0,53,32,0.26950001483783126,118738.39791532351
inproc,onnx-fp32,32,1,0,54,32,0.2604000037536025,122887.86305195012
inproc,onnx-fp32,32,1,0,55,32,0.2607000060379505,122746.44901750294
inproc,onnx-fp32,32,1,0,56,32,0.2597999991849065,123171.67090221874
inproc,onnx-fp32,32,1,0,57,32,0.27409999165683985,116745.71679689242
inproc,onnx-fp32,32,1,0,58,32,0.2609000075608492,122652.35367054063
inproc,onnx-fp32,32,1,0,59,32,0.26159995468333364,122324.18021148343
inproc,onnx-fp32,32,1,0,60,32,0.2615000121295452,122370.93122637192
inproc,onnx-fp32,32,1,0,61,32,0.2630999661050737,121626.77355579828
inproc,onnx-fp32,32,1,0,62,32,0.29390002600848675,108880.56198768747
inproc,onnx-fp32,32,1,0,63,32,0.2775000175461173,115315.3080240147
inproc,onnx-fp32,32,1,0,64,32,0.2617000136524439,122277.41051056368
inproc,onnx-fp32,32,1,0,65,32,0.26970001636072993,118650.34504558305
inproc,onnx-fp32,32,1,0,66,32,0.26599998818710446,120300.75722218149
inproc,onnx-fp32,32,1,0,67,32,0.26000000070780516,123076.92274186738
inproc,onnx-fp32,32,1,0,68,32,0.2623000182211399,121997.70406810052
inproc,onnx-fp32,32,1,0,69,32,0.26239996077492833,121951.23774217241
inproc,onnx-fp32,32,1,0,70,32,0.26349996915087104,121442.13945496858
inproc,onnx-fp32,32,1,0,71,32,0.26560004334896803,120481.90804681333
inproc,onnx-fp32,32,1,0,72,32,0.27120002778247,117994.08820734803
inproc,onnx-fp32,32,1,0,73,32,0.264100031927228,121166.21026693973
inproc,onnx-fp32,32,1,0,74,32,0.263199966866523,121580.56241788284
inproc,onnx-fp32,32,1,1,0,32,0.26539998361840844,120572.72786425464
inproc,onnx-fp32,32,1,1,1,32,0.26599998818710446,120300.75722218149
inproc,onnx-fp32,32,1,1,2,32,0.26329996762797236,121534.386381749
inproc,onnx-fp32,32,1,1,3,32,0.26300002355128527,121672.99290663359
inproc,onnx-fp32,32,1,1,4,32,0.26379997143521905,121304.03133064095
inproc,onnx-fp32,32,1,1,5,32,0.2638999721966684,121258.0650677461
inproc,onnx-fp32,32,1,1,6,32,0.2702000201679766,118430.7831661389
inproc,onnx-fp32,32,1,1,7,32,0.2843000111170113,112557.15353042861
inproc,onnx-fp32,32,1,1,8,32,0.27409999165683985,116745.71679689242
inproc,onnx-fp32,32,1,1,9,32,0.27249997947365046,117431.20150617941
inproc,onnx-fp32,32,1,1,10,32,0.2601000014692545,123029.60330349175
inproc,onnx-fp32,32,1,1,11,32,0.2598999999463558,123124.2785940935
inproc,onnx-fp32,32,1,1,12,32,0.2606000052765012,122793.55085218605
inproc,onnx-fp32,32,1,1,13,32,0.2604000037536025,122887.86305195012
inproc,onnx-fp32,32,1,1,14,32,0.2704000216908753,118343.18577304999
inproc,onnx-fp32,32,1,1,15,32,0.26679999427869916,119940.03255702027
inproc,onnx-fp32,32,1,1,16,32,0.2645000349730253,120982.97077073535
inproc,onnx-fp32,32,1,1,17,32,0.2597999991849065,123171.67090221874
inproc,onnx-fp32,32,1,1,18,32,0.2623000182211399,121997.70406810052
inproc,onnx-fp32,32,1,1,19,32,0.26219995925202966,122044.26000402703
inproc,onnx-fp32,32,1,1,20,32,0.2618000144138932,122230.70373636244
inproc,onnx-fp32,32,1,1,21,32,0.262599962297827,121858.35717564684
inproc,onnx-fp32,32,1,1,22,32,0.2652999828569591,120618.17590562503
inproc,onnx-fp32,32,1,1,23,32,0.27030002092942595,118386.96826573701
inproc,onnx-fp32,32,1,1,24,32,0.26439997600391507,121028.7553109542
inproc,onnx-fp32,32,1,1,25,32,0.2579999854788184,124031.01473285616
inproc,onnx-fp32,32,1,1,26,32,0.2589999930933118,123552.12684685721
inproc,onnx-fp32,32,1,1,27,32,0.2582999877631664,123886.95902432868
inproc,onnx-fp32,32,1,1,28,32,0.2576999831944704,124175.40584723887
inproc,onnx-fp32,32,1,1,29,32,0.26439997600391507,121028.7553109542
inproc,onnx-fp32,32,1,1,30,32,0.3247999702580273,98522.17650937157
inproc,onnx-fp32,32,1,1,31,32,0.2918999525718391,109626.60225895215
inproc,onnx-fp32,32,1,1,32,32,0.2707000239752233,118212.0323821209
inproc,onnx-fp32,32,1,1,33,32,0.2631000243127346,121626.74664736293
inproc,onnx-fp32,32,1,1,34,32,0.2579999854788184,124031.01473285616
inproc,onnx-fp32,32,1,1,35,32,0.2582999877631664,123886.95902432868
inproc,onnx-fp32,32,1,1,36,32,0.25729998014867306,124368.45110329881
inproc,onnx-fp32,32,1,1,37,32,0.2964999875985086,107925.80552593913
inproc,onnx-fp32,32,1,1,38,32,0.2665999927558005,120030.0107633959
inproc,onnx-fp32,32,1,1,39,32,0.25779998395591974,124127.23813618065
inproc,onnx-fp32,32,1,1,40,32,0.2598999999463558,123124.2785940935
inproc,onnx-fp32,32,1,1,41,32,0.258200045209378,123934.91245925521
inproc,onnx-fp32,32,1,1,42,32,0.25790004292503,124079.07977472577
inproc,onnx-fp32,32,1,1,43,32,0.2601000014692545,123029.60330349175
inproc,onnx-fp32,32,1,1,44,32,0.2881000400520861,111072.52881400038
inproc,onnx-fp32,32,1,1,45,32,0.2660999889485538,120255.54802329095
inproc,onnx-fp32,32,1,1,46,32,0.25839998852461576,123839.01478753978
inproc,onnx-fp32,32,1,1,47,32,0.2581999870017171,123934.94039868868
inproc,onnx-fp32,32,1,1,48,32,0.26000000070780516,123076.92274186738
inproc,onnx-fp32,32,1,1,49,32,0.2584999892860651,123791.10764522193
inproc,onnx-fp32,32,1,1,50,32,0.25809998624026775,123982.95895378658
inproc,onnx-fp32,32,1,1,51,32,0.2578999847173691,124079.10777919818
inproc,onnx-fp32,32,1,1,52,32,0.28279999969527125,113154.17268204148
inproc,onnx-fp32,32,1,1,53,32,0.2658999874256551,120346.00042599517
inproc,onnx-fp32,32,1,1,54,32,0.25969999842345715,123219.09970835653
inproc,onnx-fp32,32,1,1,55,32,0.25839998852461576,123839.01478753978
inproc,onnx-fp32,32,1,1,56,32,0.2615000121295452,122370.93122637192
inproc,onnx-fp32,32,1,1,57,32,0.2589999930933118,123552.12684685721
inproc,onnx-fp32,32,1,1,58,32,0.2587000490166247,123695.37664039485
inproc,onnx-fp32,32,1,1,59,32,0.28390000807121396,112715.74177614348
inproc,onnx-fp32,32,1,1,60,32,0.2660999889485538,120255.54802329095
inproc,onnx-fp32,32,1,1,61,32,0.2578999847173691,124079.10777919818
inproc,onnx-fp32,32,1,1,62,32,0.2604000037536025,122887.86305195012
inproc,onnx-fp32,32,1,1,63,32,0.2578999847173691,124079.10777919818
inproc,onnx-fp32,32,1,1,64,32,0.2573999809101224,124320.13354023361
inproc,onnx-fp32,32,1,1,65,32,0.2582999877631664,123886.95902432868
inproc,onnx-fp32,32,1,1,66,32,0.2573999809101224,124320.13354023361
inproc,onnx-fp32,32,1,1,67,32,0.27469999622553587,116490.71874659642
inproc,onnx-fp32,32,1,1,68,32,0.262299960013479,121997.73114092581
inproc,onnx-fp32,32,1,1,69,32,0.2577000414021313,124175.37779928095
inproc,onnx-fp32,32,1,1,70,32,0.2589999930933118,123552.12684685721
inproc,onnx-fp32,32,1,1,71,32,0.26050000451505184,122840.68884978088
inproc,onnx-fp32,32,1,1,72,32,0.2576999831944704,124175.40584723887
inproc,onnx-fp32,32,1,1,73,32,0.2576999831944704,124175.40584723887
inproc,onnx-fp32,32,1,1,74,32,0.2759000053629279,115984.04993833238
inproc,onnx-fp32,32,1,2,0,32,0.26030000299215317,122935.0735004204
inproc,onnx-fp32,32,1,2,1,32,0.2790999715216458,114654.25748894503
inproc,onnx-fp32,32,1,2,2,32,0.26519998209550977,120663.65822179973
inproc,onnx-fp32,32,1,2,3,32,0.25809998624026775,123982.95895378658
inproc,onnx-fp32,32,1,2,4,32,0.2586999908089638,123695.40447193252
inproc,onnx-fp32,32,1,2,5,32,0.2581999870017171,123934.94039868868
inproc,onnx-fp32,32,1,2,6,32,0.2582999877631664,123886.95902432868
inproc,onnx-fp32,32,1,2,7,32,0.2592999953776598,123409.18075757507
inproc,onnx-fp32,32,1,2,8,32,0.2601000014692545,123029.60330349175
inproc,onnx-fp32,32,1,2,9,32,0.347200024407357,92165.89213846247
inproc,onnx-fp32,32,1,2,10,32,0.3093000268563628,103459.41552362237
inproc,onnx-fp32,32,1,2,11,32,0.30319998040795326,105540.9039174219
inproc,onnx-fp32,32,1,2,12,32,0.30909996712580323,103526.37788206573
inproc,onnx-fp32,32,1,2,13,32,0.30429998878389597,105159.38606466846
inproc,onnx-fp32,32,1,2,14,32,0.29990001348778605,106702.22927917025
inproc,onnx-fp32,32,1,2,15,32,0.32570003531873226,98249.91258807995
inproc,onnx-fp32,32,1,2,16,32,0.3068000078201294,104302.47452523193
inproc,onnx-fp32,32,1,2,17,32,0.3011000226251781,106276.97640473093
inproc,onnx-fp32,32,1,2,18,32,0.3073000116273761,104132.76534073926
inproc,onnx-fp32,32,1,2,19,32,0.30429998878389597,105159.38606466846
inproc,onnx-fp32,32,1,2,20,32,0.3016999689862132,106065.63901059699
inproc,onnx-fp32,32,1,2,21,32,0.30779995722696185,103963.62718271668
inproc,onnx-fp32,32,1,2,22,32,0.32699998700991273,97859.33110459098
inproc,onnx-fp32,32,1,2,23,32,0.30729995341971517,104132.78506519619
inproc,onnx-fp32,32,1,2,24,32,0.3081000177189708,103862.37637022261
inproc,onnx-fp32,32,1,2,25,32,0.30690000858157873,104268.48844969617
inproc,onnx-fp32,32,1,2,26,32,0.3056999994441867,104677.78887203569
inproc,onnx-fp32,32,1,2,27,32,0.30720001086592674,104166.6629822027
inproc,onnx-fp32,32,1,2,28,32,0.32700004521757364,97859.3136851354
inproc,onnx-fp32,32,1,2,29,32,0.30909996712580323,103526.37788206573
inproc,onnx-fp32,32,1,2,30,32,0.3068000078201294,104302.47452523193
inproc,onnx-fp32,32,1,2,31,32,0.30499999411404133,104918.03481161711
inproc,onnx-fp32,32,1,2,32,32,0.3034999826923013,105436.57932410066
inproc,onnx-fp32,32,1,2,33,32,0.3032999811694026,105506.10612180352
inproc,onnx-fp32,32,1,2,34,32,0.338899961207062,94423.14447610265
inproc,onnx-fp32,32,1,2,35,32,0.3440000000409782,93023.25580287231
inproc,onnx-fp32,32,1,2,36,32,0.3310000174678862,96676.73205819288
inproc,onnx-fp32,32,1,2,37,32,0.27000001864507794,118518.51033412274
inproc,onnx-fp32,32,1,2,38,32,0.2606000052765012,122793.55085218605
inproc,onnx-fp32,32,1,2,39,32,0.27009996119886637,118474.65604202503
inproc,onnx-fp32,32,1,2,40,32,0.2633000258356333,121534.3595141772
inproc,onnx-fp32,32,1,2,41,32,0.2872000331990421,111420.5999336449
inproc,onnx-fp32,32,1,2,42,32,0.2710000262595713,118081.16936988602
inproc,onnx-fp32,32,1,2,43,32,0.261999957729131,122137.42428570635
inproc,onnx-fp32,32,1,2,44,32,0.26220001745969057,122044.23291054713
inproc,onnx-fp32,32,1,2,45,32,0.27439999394118786,116618.078376702
inproc,onnx-fp32,32,1,2,46,32,0.27219997718930244,117560.6270449666
inproc,onnx-fp32,32,1,2,47,32,0.2581999870017171,123934.94039868868
inproc,onnx-fp32,32,1,2,48,32,0.2617000136524439,122277.41051056368
inproc,onnx-fp32,32,1,2,49,32,0.2823999966494739,113314.44893648378
inproc,onnx-fp32,32,1,2,50,32,0.26329996762797236,121534.386381749
inproc,onnx-fp32,32,1,2,51,32,0.2634000265970826,121488.21856024227
inproc,onnx-fp32,32,1,2,52,32,0.2627999638207257,121765.61798094252
inproc,onnx-fp32,32,1,2,53,32,0.27900002896785736,114695.3285932691
inproc,onnx-fp32,32,1,2,54,32,0.2617000136524439,122277.41051056368
inproc,onnx-fp32,32,1,2,55,32,0.25839998852461576,123839.01478753978
inproc,onnx-fp32,32,1,2,56,32,0.28219999512657523,113394.75745081792
inproc,onnx-fp32,32,1,2,57,32,0.2636999706737697,121350.03245634811
inproc,onnx-fp32,32,1,2,58,32,0.25809998624026775,123982.95895378658
inproc,onnx-fp32,32,1,2,59,32,0.2578999847173691,124079.10777919818
inproc,onnx-fp32,32,1,2,60,32,0.2579999854788184,124031.01473285616
inproc,onnx-fp32,32,1,2,61,32,0.2576999831944704,124175.40584723887
inproc,onnx-fp32,32,1,2,62,32,0.29070000164210796,110079.11874522945
inproc,onnx-fp32,32,1,2,63,32,0.2837999491021037,112755.48181471748
inproc,onnx-fp32,32,1,2,64,32,0.26460003573447466,120937.24746171955
inproc,onnx-fp32,32,1,2,65,32,0.2606000052765012,122793.55085218605
inproc,onnx-fp32,32,1,2,66,32,0.2579999854788184,124031.01473285616
inproc,onnx-fp32,32,1,2,67,32,0.2579999854788184,124031.01473285616
inproc,onnx-fp32,32,1,2,68,32,0.25809998624026775,123982.95895378658
inproc,onnx-fp32,32,1,2,69,32,0.2576999831944704,124175.40584723887
inproc,onnx-fp32,32,1,2,70,32,0.2573999809101224,124320.13354023361
inproc,onnx-fp32,32,1,2,71,32,0.28330000350251794,112954.46383471572
inproc,onnx-fp32,32,1,2,72,32,0.2654999843798578,120527.31405895964
inproc,onnx-fp32,32,1,2,73,32,0.25889999233186245,123599.84916099129
inproc,onnx-fp32,32,1,2,74,32,0.25779998395591974,124127.23813618065
inproc,onnx-fp32,32,4,0,0,32,0.2587999915704131,123647.60835509373
inproc,onnx-fp32,32,4,0,1,32,0.261999957729131,122137.42428570635
inproc,onnx-fp32,32,4,0,2,32,0.25889999233186245,123599.84916099129
inproc,onnx-fp32,32,4,0,3,32,0.28059998294338584,114041.34691788757
inproc,onnx-fp32,32,4,0,4,32,0.26599998818710446,120300.75722218149
inproc,onnx-fp32,32,4,0,5,32,0.26050000451505184,122840.68884978088
inproc,onnx-fp32,32,4,0,6,32,0.2597999991849065,123171.67090221874
inproc,onnx-fp32,32,4,0,7,32,0.2595999976620078,123266.56505468515
inproc,onnx-fp32,32,4,0,8,32,0.25969999842345715,123219.09970835653
inproc,onnx-fp32,32,4,0,9,32,0.2628000220283866,121765.59101103686
inproc,onnx-fp32,32,4,0,10,32,0.26509998133406043,120709.17485156606
inproc,onnx-fp32,32,4,0,11,32,0.2885999856516719,110880.11639273836
inproc,onnx-fp32,32,4,0,12,32,0.26979995891451836,118606.39315419122
inproc,onnx-fp32,32,4,0,13,32,0.28420001035556197,112596.75874031417
inproc,onnx-fp32,32,4,0,14,32,0.29830000130459666,107274.55534713366
inproc,onnx-fp32,32,4,0,15,32,0.3024000325240195,105820.09443883991
inproc,onnx-fp32,32,4,0,16,32,0.30449999030679464,105090.31533222334
inproc,onnx-fp32,32,4,0,17,32,0.31669996678829193,101042.00617548978
inproc,onnx-fp32,32,4,0,18,32,0.27459999546408653,116533.14103635923
inproc,onnx-fp32,32,4,0,19,32,0.2745000529102981,116575.56951530735
inproc,onnx-fp32,32,4,0,20,32,0.2626000205054879,121858.33016464388
inproc,onnx-fp32,32,4,0,21,32,0.25839998852461576,123839.01478753978
inproc,onnx-fp32,32,4,0,22,32,0.25809998624026775,123982.95895378658
inproc,onnx-fp32,32,4,0,23,32,0.2578999847173691,124079.10777919818
inproc,onnx-fp32,32,4,0,24,32,0.26210001669824123,122090.79725791077
inproc,onnx-fp32,32,4,0,25,32,0.2894999925047159,110535.40873400445
inproc,onnx-fp32,32,4,0,26,32,0.2665999927558005,120030.0107633959
inproc,onnx-fp32,32,4,0,27,32,0.27469999622553587,116490.71874659642
inproc,onnx-fp32,32,4,0,28,32,0.25839998852461576,123839.01478753978
inproc,onnx-fp32,32,4,0,29,32,0.2586999908089638,123695.40447193252
inproc,onnx-fp32,32,4,0,30,32,0.25759998243302107,124223.61095587561
inproc,onnx-fp32,32,4,0,31,32,0.25779998395591974,124127.23813618065
inproc,onnx-fp32,32,4,0,32,32,0.2818999928422272,113515.43388619256
inproc,onnx-fp32,32,4,0,33,32,0.26460003573447466,120937.24746171955
inproc,onnx-fp32,32,4,0,34,32,0.2584999892860651,123791.10764522193
inproc,onnx-fp32,32,4,0,35,32,0.2582999877631664,123886.95902432868
inproc,onnx-fp32,32,4,0,36,32,0.2581999870017171,123934.94039868868
inproc,onnx-fp32,32,4,0,37,32,0.25919999461621046,123456.79268775227
inproc,onnx-fp32,32,4,0,38,32,0.29880000511184335,107095.04502191067
inproc,onnx-fp32,32,4,0,39,32,0.33219996839761734,96327.52270975085
inproc,onnx-fp32,32,4,0,40,32,0.2749999985098839,116363.63699416484
inproc,onnx-fp32,32,4,0,41,32,0.2604000037536025,122887.86305195012
inproc,onnx-fp32,32,4,0,42,32,0.25809998624026775,123982.95895378658
inproc,onnx-fp32,32,4,0,43,32,0.2753000007942319,116236.83221097349
inproc,onnx-fp32,32,4,0,44,32,0.2807999844662845,113960.12026433079
inproc,onnx-fp32,32,4,0,45,32,0.2620000159367919,122137.39715084626
inproc,onnx-fp32,32,4,0,46,32,0.29260001610964537,109364.31386937693
inproc,onnx-fp32,32,4,0,47,32,0.26979995891451836,118606.39315419122
inproc,onnx-fp32,32,4,0,48,32,0.26569998590275645,120436.58900197188
inproc,onnx-fp32,32,4,0,49,32,0.26970001636072993,118650.34504558305
inproc,onnx-fp32,32,4,0,50,32,0.29090000316500664,110003.4364105823
inproc,onnx-fp32,32,4,0,51,32,0.2673999988473952,119670.90552705034
inproc,onnx-fp32,32,4,0,52,32,0.26599998818710446,120300.75722218149
inproc,onnx-fp32,32,4,0,53,32,0.28909998945891857,110688.34716975054
inproc,onnx-fp32,32,4,0,54,32,0.2738999901339412,116830.96441278265
inproc,onnx-fp32,32,4,0,55,32,0.26509998133406043,120709.17485156606
inproc,onnx-fp32,32,4,0,56,32,0.26489997981116176,120800.31120731575
inproc,onnx-fp32,32,4,0,57,32,0.2683000057004392,119269.47193481783
inproc,onnx-fp32,32,4,0,58,32,0.26790000265464187,119447.55387424234
inproc,onnx-fp32,32,4,0,59,32,0.27299998328089714,117216.12439468293
inproc,onnx-fp32,32,4,0,60,32,0.28849998489022255,110918.55000330886
inproc,onnx-fp32,32,4,0,61,32,0.27379998937249184,116873.63492357747
inproc,onnx-fp32,32,4,0,62,32,0.26509998133406043,120709.17485156606
inproc,onnx-fp32,32,4,0,63,32,0.2646999782882631,120891.58528434565
inproc,onnx-fp32,32,4,0,64,32,0.26430003345012665,121074.52118820255
inproc,onnx-fp32,32,4,0,65,32,0.26490003801882267,120800.28466332729
inproc,onnx-fp32,32,4,0,66,32,0.26480003725737333,120845.90444712622
inproc,onnx-fp32,32,4,0,67,32,0.26489997981116176,120800.31120731575
inproc,onnx-fp32,32,4,0,68,32,0.28879998717457056,110803.32902043032
inproc,onnx-fp32,32,4,0,69,32,0.27299998328089714,117216.12439468293
inproc,onnx-fp32,32,4,0,70,32,0.26619998971000314,120210.3727910006
inproc,onnx-fp32,32,4,0,71,32,0.2652999828569591,120618.17590562503
inproc,onnx-fp32,32,4,0,72,32,0.2717999741435051,117733.63886747326
inproc,onnx-fp32,32,4,0,73,32,0.2655999851413071,120481.93445106951
inproc,onnx-fp32,32,4,0,74,32,0.2657999866642058,120391.2776731125
inproc,onnx-fp32,32,4,1,0,32,0.2674999996088445,119626.16839922404
inproc,onnx-fp32,32,4,1,1,32,0.2706999657675624,118212.05780083817
inproc,onnx-fp32,32,4,1,2,32,0.29769999673590064,107490.76369116739
inproc,onnx-fp32,32,4,1,3,32,0.2807999844662845,113960.12026433079
inproc,onnx-fp32,32,4,1,4,32,0.2894999925047159,110535.40873400445
inproc,onnx-fp32,32,4,1,5,32,0.2699000178836286,118562.42267385575
inproc,onnx-fp32,32,4,1,6,32,0.270900025498122,118124.75816921561
inproc,onnx-fp32,32,4,1,7,32,0.2726000384427607,117388.09789903685
inproc,onnx-fp32,32,4,1,8,32,0.27359998784959316,116959.06952156534
inproc,onnx-fp32,32,4,1,9,32,0.30149996746331453,106135.99818677807
inproc,onnx-fp32,32,4,1,10,32,0.2714999718591571,117863.73229018334
inproc,onnx-fp32,32,4,1,11,32,0.2655999851413071,120481.93445106951
inproc,onnx-fp32,32,4,1,12,32,0.26519998209550977,120663.65822179973
inproc,onnx-fp32,32,4,1,13,32,0.26780000189319253,119492.15748236871
inproc,onnx-fp32,32,4,1,14,32,0.33000000985339284,96969.69407430154
inproc,onnx-fp32,32,4,1,15,32,0.3360999980941415,95209.75954018545
inproc,onnx-fp32,32,4,1,16,32,0.29009999707341194,110306.79187460372
inproc,onnx-fp32,32,4,1,17,32,0.2698999596759677,118562.44824348275
inproc,onnx-fp32,32,4,1,18,32,0.2655999851413071,120481.93445106951
inproc,onnx-fp32,32,4,1,19,32,0.26519998209550977,120663.65822179973
inproc,onnx-fp32,32,4,1,20,32,0.264400034211576,121028.72866647675
inproc,onnx-fp32,32,4,1,21,32,0.26460003573447466,120937.24746171955
inproc,onnx-fp32,32,4,1,22,32,0.2861999673768878,111809.93587556982
inproc,onnx-fp32,32,4,1,23,32,0.27789996238425374,115149.34987919657
inproc,onnx-fp32,32,4,1,24,32,0.26539998361840844,120572.72786425464
inproc,onnx-fp32,32,4,1,25,32,0.26480003725737333,120845.90444712622
inproc,onnx-fp32,32,4,1,26,32,0.26890001026913524,119003.34242446479
inproc,onnx-fp32,32,4,1,27,32,0.26619998971000314,120210.3727910006
inproc,onnx-fp32,32,4,1,28,32,0.2685000072233379,119180.6299408493
inproc,onnx-fp32,32,4,1,29,32,0.2891999902203679,110650.07289805326
inproc,onnx-fp32,32,4,1,30,32,0.27140002930536866,117907.13538941757
inproc,onnx-fp32,32,4,1,31,32,0.26729999808594584,119715.67612847844
inproc,onnx-fp32,32,4,1,32,32,0.2660999889485538,120255.54802329095
inproc,onnx-fp32,32,4,1,33,32,0.26539998361840844,120572.72786425464
inproc,onnx-fp32,32,4,1,34,32,0.2654999843798578,120527.31405895964
inproc,onnx-fp32,32,4,1,35,32,0.26649999199435115,120075.0505113647
inproc,onnx-fp32,32,4,1,36,32,0.26569998590275645,120436.58900197188
inproc,onnx-fp32,32,4,1,37,32,0.28689997270703316,111537.13155865888
inproc,onnx-fp32,32,4,1,38,32,0.2744999947026372,116575.59423513012
inproc,onnx-fp32,32,4,1,39,32,0.2663999912329018,120120.12407321668
inproc,onnx-fp32,32,4,1,40,32,0.2668999950401485,119895.09402271212
inproc,onnx-fp32,32,4,1,41,32,0.2662999904714525,120165.23148704514
inproc,onnx-fp32,32,4,1,42,32,0.26619998971000314,120210.3727910006
inproc,onnx-fp32,32,4,1,43,32,0.27009996119886637,118474.65604202503
inproc,onnx-fp32,32,4,1,44,32,0.3038999857380986,105297.80026899258
inproc,onnx-fp32,32,4,1,45,32,0.2791999722830951,114613.1918937068
inproc,onnx-fp32,32,4,1,46,32,0.2637000288814306,121350.00567022461
inproc,onnx-fp32,32,4,1,47,32,0.258200045209378,123934.91245925521
inproc,onnx-fp32,32,4,1,48,32,0.25750003987923265,124271.82541411636
inproc,onnx-fp32,32,4,1,49,32,0.25759998243302107,124223.61095587561
inproc,onnx-fp32,32,4,1,50,32,0.25779998395591974,124127.23813618065
inproc,onnx-fp32,32,4,1,51,32,0.2570999786257744,124465.19899007096
inproc,onnx-fp32,32,4,1,52,32,0.27979997685179114,114367.41475125376
inproc,onnx-fp32,32,4,1,53,32,0.2589999930933118,123552.12684685721
inproc,onnx-fp32,32,4,1,54,32,0.2573999809101224,124320.13354023361
inproc,onnx-fp32,32,4,1,55,32,0.25969999842345715,123219.09970835653
inproc,onnx-fp32,32,4,1,56,32,0.2589999930933118,123552.12684685721
inproc,onnx-fp32,32,4,1,57,32,0.25790004292503,124079.07977472577
inproc,onnx-fp32,32,4,1,58,32,0.257600040640682,124223.58288613694
inproc,onnx-fp32,32,4,1,59,32,0.28030003886669874,114163.3805310249
inproc,onnx-fp32,32,4,1,60,32,0.26320002507418394,121580.53552989091
inproc,onnx-fp32,32,4,1,61,32,0.25839998852461576,123839.01478753978
inproc,onnx-fp32,32,4,1,62,32,0.2582999877631664,123886.95902432868
inproc,onnx-fp32,32,4,1,63,32,0.2586999908089638,123695.40447193252
inproc,onnx-fp32,32,4,1,64,32,0.2589999930933118,123552.12684685721
inproc,onnx-fp32,32,4,1,65,32,0.263199966866523,121580.56241788284
inproc,onnx-fp32,32,4,1,66,32,0.25809998624026775,123982.95895378658
inproc,onnx-fp32,32,4,1,67,32,0.28039998142048717,114122.68944487865
inproc,onnx-fp32,32,4,1,68,32,0.2652999828569591,120618.17590562503
inproc,onnx-fp32,32,4,1,69,32,0.2590999938547611,123504.44136998955
inproc,onnx-fp32,32,4,1,70,32,0.2589999930933118,123552.12684685721
inproc,onnx-fp32,32,4,1,71,32,0.2587999915704131,123647.60835509373
inproc,onnx-fp32,32,4,1,72,32,0.29529997846111655,108364.38311563771
inproc,onnx-fp32,32,4,1,73,32,0.2658999874256551,120346.00042599517
inproc,onnx-fp32,32,4,1,74,32,0.2834000042639673,112914.60662856673
inproc,onnx-fp32,32,4,2,0,32,0.2634000265970826,121488.21856024227
inproc,onnx-fp32,32,4,2,1,32,0.2998000127263367,106737.8206858524
inproc,onnx-fp32,32,4,2,2,32,0.2734999870881438,117001.83367718775
inproc,onnx-fp32,32,4,2,3,32,0.26249996153637767,121904.77976723584
inproc,onnx-fp32,32,4,2,4,32,0.26270002126693726,121811.9429365552
inproc,onnx-fp32,32,4,2,5,32,0.2589999930933118,123552.12684685721
inproc,onnx-fp32,32,4,2,6,32,0.26709999656304717,119805.317902528
inproc,onnx-fp32,32,4,2,7,32,0.2655999851413071,120481.93445106951
inproc,onnx-fp32,32,4,2,8,32,0.2840000088326633,112676.05283369846
inproc,onnx-fp32,32,4,2,9,32,0.2762000076472759,115858.07065170661
inproc,onnx-fp32,32,4,2,10,32,0.26980001712217927,118606.36756560605
inproc,onnx-fp32,32,4,2,11,32,0.261999957729131,122137.42428570635
inproc,onnx-fp32,32,4,2,12,32,0.26290002278983593,121719.27434780414
inproc,onnx-fp32,32,4,2,13,32,0.26219995925202966,122044.26000402703
inproc,onnx-fp32,32,4,2,14,32,0.25949999690055847,123314.06698344793
inproc,onnx-fp32,32,4,2,15,32,0.26130001060664654,122464.59510547771
inproc,onnx-fp32,32,4,2,16,32,0.2940000267699361,108843.5275043052
inproc,onnx-fp32,32,4,2,17,32,0.27089996729046106,118124.7835504142
inproc,onnx-fp32,32,4,2,18,32,0.26329996762797236,121534.386381749
inproc,onnx-fp32,32,4,2,19,32,0.26240001898258924,121951.21068997812
inproc,onnx-fp32,32,4,2,20,32,0.261699955444783,122277.43770767204
inproc,onnx-fp32,32,4,2,21,32,0.2598999999463558,123124.2785940935
inproc,onnx-fp32,32,4,2,22,32,0.26539998361840844,120572.72786425464
inproc,onnx-fp32,32,4,2,23,32,0.30020001577213407,106595.59733097917
inproc,onnx-fp32,32,4,2,24,32,0.2712999703362584,117950.62107945723
inproc,onnx-fp32,32,4,2,25,32,0.2649999805726111,120754.72583376989
inproc,onnx-fp32,32,4,2,26,32,0.262899964582175,121719.30129719632
inproc,onnx-fp32,32,4,2,27,32,0.2590999938547611,123504.44136998955
inproc,onnx-fp32,32,4,2,28,32,0.2625000197440386,121904.75273564899
inproc,onnx-fp32,32,4,2,29,32,0.2609000075608492,122652.35367054063
inproc,onnx-fp32,32,4,2,30,32,0.2814999897964299,113676.73591441757
inproc,onnx-fp32,32,4,2,31,32,0.27790002059191465,115149.32576054304
inproc,onnx-fp32,32,4,2,32,32,0.2691000117920339,118914.89631271464
inproc,onnx-fp32,32,4,2,33,32,0.26299996534362435,121673.01983553567
inproc,onnx-fp32,32,4,2,34,32,0.2612000098451972,122511.48083403641
inproc,onnx-fp32,32,4,2,35,32,0.263199966866523,121580.56241788284
inproc,onnx-fp32,32,4,2,36,32,0.2589999930933118,123552.12684685721
inproc,onnx-fp32,32,4,2,37,32,0.26649999199435115,120075.0505113647
inproc,onnx-fp32,32,4,2,38,32,0.29739999445155263,107599.19501347838
inproc,onnx-fp32,32,4,2,39,32,0.27469999622553587,116490.71874659642
inproc,onnx-fp32,32,4,2,40,32,0.264400034211576,121028.72866647675
inproc,onnx-fp32,32,4,2,41,32,0.26000000070780516,123076.92274186738
inproc,onnx-fp32,32,4,2,42,32,0.2623000182211399,121997.70406810052
inproc,onnx-fp32,32,4,2,43,32,0.2609000075608492,122652.35367054063
inproc,onnx-fp32,32,4,2,44,32,0.26540004182606936,120572.70142018775
inproc,onnx-fp32,32,4,2,45,32,0.33820001408457756,94618.56495368859
inproc,onnx-fp32,32,4,2,46,32,0.2720999764278531,117603.83231229258
inproc,onnx-fp32,32,4,2,47,32,0.2582999877631664,123886.95902432868
inproc,onnx-fp32,32,4,2,48,32,0.2589999930933118,123552.12684685721
inproc,onnx-fp32,32,4,2,49,32,0.2785999677143991,114860.02766807255
inproc,onnx-fp32,32,4,2,50,32,0.26519998209550977,120663.65822179973
inproc,onnx-fp32,32,4,2,51,32,0.26300002355128527,121672.99290663359
inproc,onnx-fp32,32,4,2,52,32,0.2812000457197428,113797.99003266418
inproc,onnx-fp32,32,4,2,53,32,0.26649999199435115,120075.0505113647
inproc,onnx-fp32,32,4,2,54,32,0.25859999004751444,123743.23755434179
inproc,onnx-fp32,32,4,2,55,32,0.25759998243302107,124223.61095587561
inproc,onnx-fp32,32,4,2,56,32,0.25730003835633397,124368.42296806542
inproc,onnx-fp32,32,4,2,57,32,0.25750003987923265,124271.82541411636
inproc,onnx-fp32,32,4,2,58,32,0.2582999877631664,123886.95902432868
inproc,onnx-fp32,32,4,2,59,32,0.2666999935172498,119985.00479127413
inproc,onnx-fp32,32,4,2,60,32,0.30499999411404133,104918.03481161711
inproc,onnx-fp32,32,4,2,61,32,0.2766999532468617,115648.73656285282
inproc,onnx-fp32,32,4,2,62,32,0.312299991492182,102465.58076131447
inproc,onnx-fp32,32,4,2,63,32,0.27550000231713057,116152.44911382798
inproc,onnx-fp32,32,4,2,64,32,0.2609000075608492,122652.35367054063
inproc,onnx-fp32,32,4,2,65,32,0.2636999706737697,121350.03245634811
inproc,onnx-fp32,32,4,2,66,32,0.2597999991849065,123171.67090221874
inproc,onnx-fp32,32,4,2,67,32,0.3209999995306134,99688.47366602003
inproc,onnx-fp32,32,4,2,68,32,0.2758000046014786,116026.10393802889
inproc,onnx-fp32,32,4,2,69,32,0.26050000451505184,122840.68884978088
inproc,onnx-fp32,32,4,2,70,32,0.2586999908089638,123695.40447193252
inproc,onnx-fp32,32,4,2,71,32,0.2589999930933118,123552.12684685721
inproc,onnx-fp32,32,4,2,72,32,0.2579999854788184,124031.01473285616
inproc,onnx-fp32,32,4,2,73,32,0.28009997913613915,114244.92104102155
inproc,onnx-fp32,32,4,2,74,32,0.269099953584373,118914.92203459928
inproc,onnx-fp32,64,1,0,0,64,0.5275000003166497,121327.01414517885
inproc,onnx-fp32,64,1,0,1,64,0.5048000020906329,126782.88378554583
inproc,onnx-fp32,64,1,0,2,64,0.4991000168956816,128230.81112693457
inproc,onnx-fp32,64,1,0,3,64,0.49890001537278295,128282.21693314356
inproc,onnx-fp32,64,1,0,4,64,0.5169000360183418,123815.0426395579
inproc,onnx-fp32,64,1,0,5,64,0.5050000036135316,126732.67236049008
inproc,onnx-fp32,64,1,0,6,64,0.507800024934113,126033.8654144493
inproc,onnx-fp32,64,1,0,7,64,0.5021000397391617,127464.63838809424
inproc,onnx-fp32,64,1,0,8,64,0.519299996085465,123242.82781135831
inproc,onnx-fp32,64,1,0,9,64,0.5102999857626855,125416.42521182263
inproc,onnx-fp32,64,1,0,10,64,0.5789999850094318,110535.40873400445
inproc,onnx-fp32,64,1,0,11,64,0.5466999718919396,117066.0385778293
inproc,onnx-fp32,64,1,0,12,64,0.5119999987073243,125000.00031559466
inproc,onnx-fp32,64,1,0,13,64,0.500400026794523,127897.67500608074
inproc,onnx-fp32,64,1,0,14,64,0.5002999678254128,127923.2542791883
inproc,onnx-fp32,64,1,0,15,64,0.5231000250205398,122347.53763868968
inproc,onnx-fp32,64,1,0,16,64,0.5067000165581703,126307.47564353525
inproc,onnx-fp32,64,1,0,17,64,0.5001999670639634,127948.82889669594
inproc,onnx-fp32,64,1,0,18,64,0.5011000321246684,127719.00997219948
inproc,onnx-fp32,64,1,0,19,64,0.520800007507205,122887.86305195012
inproc,onnx-fp32,64,1,0,20,64,0.5070000188425183,126232.73692595137
inproc,onnx-fp32,64,1,0,21,64,0.501300033647567,127668.0544669471
inproc,onnx-fp32,64,1,0,22,64,0.5015999777242541,127591.71220534401
inproc,onnx-fp32,64,1,0,23,64,0.5240999744273722,122114.10632089026
inproc,onnx-fp32,64,1,0,24,64,0.5062000127509236,126432.2370364919
inproc,onnx-fp32,64,1,0,25,64,0.5002000252716243,127948.8140074483
inproc,onnx-fp32,64,1,0,26,64,0.49919995944947004,128205.13861936361
inproc,onnx-fp32,64,1,0,27,64,0.5321999778971076,120255.54802329095
inproc,onnx-fp32,64,1,0,28,64,0.5322999786585569,120232.95616371368
inproc,onnx-fp32,64,1,0,29,64,0.5216000135987997,122699.38330413279
inproc,onnx-fp32,64,1,0,30,64,0.5203999462537467,122982.33399277415
inproc,onnx-fp32,64,1,0,31,64,0.5194999976083636,123195.38074040145
inproc,onnx-fp32,64,1,0,32,64,0.519599998369813,123171.67090221874
inproc,onnx-fp32,64,1,0,33,64,0.5209000082686543,122864.27142268729
inproc,onnx-fp32,64,1,0,34,64,0.520500005222857,122958.69233007557
inproc,onnx-fp32,64,1,0,35,64,0.5203000036999583,123005.95722637534
inproc,onnx-fp32,64,1,0,36,64,0.5203000036999583,123005.95722637534
inproc,onnx-fp32,64,1,0,37,64,0.5204000044614077,122982.32023698257
inproc,onnx-fp32,64,1,0,38,64,0.5209999508224428,122840.70257390726
inproc,onnx-fp32,64,1,0,39,64,0.5203000036999583,123005.95722637534
inproc,onnx-fp32,64,1,0,40,64,0.5355000030249357,119514.47178053483
inproc,onnx-fp32,64,1,0,41,64,0.5456000217236578,117302.04811541503
inproc,onnx-fp32,64,1,0,42,64,0.526999996509403,121442.12604156646
inproc,onnx-fp32,64,1,0,43,64,0.5336999893188477,119917.5590797409
inproc,onnx-fp32,64,1,0,44,64,0.5132000078447163,124707.71438367762
inproc,onnx-fp32,64,1,0,45,64,0.5383999668993056,118870.73539135195
inproc,onnx-fp32,64,1,0,46,64,0.5182999884709716,123480.6124322043
inproc,onnx-fp32,64,1,0,47,64,0.5147999618202448,124320.13354023361
inproc,onnx-fp32,64,1,0,48,64,0.5432000034488738,117820.32325782876
inproc,onnx-fp32,64,1,0,49,64,0.5224999622441828,122488.04712849055
inproc,onnx-fp32,64,1,0,50,64,0.5586000042967498,114572.14376604397
inproc,onnx-fp32,64,1,0,51,64,0.6746999570168555,94856.97951274828
inproc,onnx-fp32,64,1,0,52,64,0.6712000467814505,95351.60241256516
inproc,onnx-fp32,64,1,0,53,64,0.5329999839887023,120075.0505113647
inproc,onnx-fp32,64,1,0,54,64,0.5157999694347382,124079.10777919818
inproc,onnx-fp32,64,1,0,55,64,0.5584000027738512,114613.17994641852
inproc,onnx-fp32,64,1,0,56,64,0.5219000158831477,122628.85237069902
inproc,onnx-fp32,64,1,0,57,64,0.5158999701961875,124055.05659490918
inproc,onnx-fp32,64,1,0,58,64,0.5164000322110951,123934.92642897037
inproc,onnx-fp32,64,1,0,59,64,0.542099995072931,118059.39970796311
inproc,onnx-fp32,64,1,0,60,64,0.5234999698586762,122254.06625577726
inproc,onnx-fp32,64,1,0,61,64,0.5215000128373504,122722.91164825117
inproc,onnx-fp32,64,1,0,62,64,0.5130000063218176,124756.33374524993
inproc,onnx-fp32,64,1,0,63,64,0.549500051420182,116469.5068446165
inproc,onnx-fp32,64,1,0,64,64,0.522000016644597,122605.36007525514
inproc,onnx-fp32,64,1,0,65,64,0.5178999854251742,123575.98339659862
inproc,onnx-fp32,64,1,0,66,64,0.5350999999791384,119603.81237618226
inproc,onnx-fp32,64,1,0,67,64,0.539399974513799,118650.35784936388
inproc,onnx-fp32,64,1,0,68,64,0.5169999785721302,123791.10764522193
inproc,onnx-fp32,64,1,0,69,64,0.5252999835647643,121835.14563561649
inproc,onnx-fp32,64,1,0,70,64,0.6394999800249934,100078.18920885456
inproc,onnx-fp32,64,1,0,71,64,0.5308000254444778,120572.71464221974
inproc,onnx-fp32,64,1,0,72,64,0.5218999576754868,122628.86604753221
inproc,onnx-fp32,64,1,0,73,64,0.5180999869480729,123528.27950643138
inproc,onnx-fp32,64,1,0,74,64,0.5569999921135604,114901.25835935696
inproc,onnx-fp32,64,1,1,0,64,0.5147999618202448,124320.13354023361
inproc,onnx-fp32,64,1,1,1,64,0.5429000011645257,117885.42984475849
inproc,onnx-fp32,64,1,1,2,64,0.519299996085465,123242.82781135831
inproc,onnx-fp32,64,1,1,3,64,0.513700011651963,124586.33161052107
inproc,onnx-fp32,64,1,1,4,64,0.513700011651963,124586.33161052107
inproc,onnx-fp32,64,1,1,5,64,0.534999999217689,119626.16839922404
inproc,onnx-fp32,64,1,1,6,64,0.521700014360249,122675.86397995791
inproc,onnx-fp32,64,1,1,7,64,0.522000016644597,122605.36007525514
inproc,onnx-fp32,64,1,1,8,64,0.5423999973572791,117994.10086988473
inproc,onnx-fp32,64,1,1,9,64,0.5368000129237771,119225.03438741101
inproc,onnx-fp32,64,1,1,10,64,0.5235999706201255,122230.71732452852
inproc,onnx-fp32,64,1,1,11,64,0.5200000014156103,123076.92274186738
inproc,onnx-fp32,64,1,1,12,64,0.5569999921135604,114901.25835935696
inproc,onnx-fp32,64,1,1,13,64,0.5240999744273722,122114.10632089026
inproc,onnx-fp32,64,1,1,14,64,0.5222999607212842,122534.95081948212
inproc,onnx-fp32,64,1,1,15,64,0.522000016644597,122605.36007525514
inproc,onnx-fp32,64,1,1,16,64,0.5704000359401107,112201.95646467262
inproc,onnx-fp32,64,1,1,17,64,0.5394000327214599,118650.34504558305
inproc,onnx-fp32,64,1,1,18,64,0.5416999920271337,118146.57733425671
inproc,onnx-fp32,64,1,1,19,64,0.680800003465265,94007.05005029474
inproc,onnx-fp32,64,1,1,20,64,0.5302999634295702,120686.41224505745
inproc,onnx-fp32,64,1,1,21,64,0.5173999816179276,123695.40447193252
inproc,onnx-fp32,64,1,1,22,64,0.5156000261195004,124127.22412307782
inproc,onnx-fp32,64,1,1,23,64,0.567499955650419,112775.33920976042
inproc,onnx-fp32,64,1,1,24,64,0.5439999513328075,117647.06934844222
inproc,onnx-fp32,64,1,1,25,64,0.5215000128373504,122722.91164825117
inproc,onnx-fp32,64,1,1,26,64,0.5129000055603683,124780.6576451035
inproc,onnx-fp32,64,1,1,27,64,0.5422999965958297,118015.85912178883
inproc,onnx-fp32,64,1,1,28,64,0.5184999899938703,123432.98213131425
inproc,onnx-fp32,64,1,1,29,64,0.5157000268809497,124103.1542834775
inproc,onnx-fp32,64,1,1,30,64,0.5122000002302229,124951.19088487577
inproc,onnx-fp32,64,1,1,31,64,0.5360000068321824,119402.98355264372
inproc,onnx-fp32,64,1,1,32,64,0.5176999839022756,123623.72414537502
inproc,onnx-fp32,64,1,1,33,64,0.5133999511599541,124659.14703614816
inproc,onnx-fp32,64,1,1,34,64,0.5319000338204205,120323.36140367234
inproc,onnx-fp32,64,1,1,35,64,0.521700014360249,122675.86397995791
inproc,onnx-fp32,64,1,1,36,64,0.514900020789355,124295.97478338872
inproc,onnx-fp32,64,1,1,37,64,0.5185999907553196,123409.18075757507
inproc,onnx-fp32,64,1,1,38,64,0.5421999958343804,118037.62539966774
inproc,onnx-fp32,64,1,1,39,64,0.5298000178299844,120800.29793532006
inproc,onnx-fp32,64,1,1,40,64,0.5232000257819891,122324.15299357803
inproc,onnx-fp32,64,1,1,41,64,0.5177999846637249,123599.84916099129
inproc,onnx-fp32,64,1,1,42,64,0.5567999905906618,114942.53067804086
inproc,onnx-fp32,64,1,1,43,64,0.5247000372037292,121974.45294853342
inproc,onnx-fp32,64,1,1,44,64,0.5288999527692795,121005.87202721597
inproc,onnx-fp32,64,1,1,45,64,0.5228000227361917,122417.7452499745
inproc,onnx-fp32,64,1,1,46,64,0.5531000206246972,115711.44027027044
inproc,onnx-fp32,64,1,1,47,64,0.5284000071696937,121120.36171764592
inproc,onnx-fp32,64,1,1,48,64,0.5253000417724252,121835.13213525806
inproc,onnx-fp32,64,1,1,49,64,0.6267999997362494,102105.93495043155
inproc,onnx-fp32,64,1,1,50,64,0.5842999671585858,109532.78041624407
inproc,onnx-fp32,64,1,1,51,64,0.5531999631784856,115690.53553850456
inproc,onnx-fp32,64,1,1,52,64,0.5236000288277864,122230.70373636244
inproc,onnx-fp32,64,1,1,53,64,0.5565999890677631,114983.83265725925
inproc,onnx-fp32,64,1,1,54,64,0.526399991940707,121580.5489738854
inproc,onnx-fp32,64,1,1,55,64,0.5179999861866236,123552.12684685721
inproc,onnx-fp32,64,1,1,56,64,0.5153999663889408,124175.40584723887
inproc,onnx-fp32,64,1,1,57,64,0.5439000087790191,117668.68719798556
inproc,onnx-fp32,64,1,1,58,64,0.5253000417724252,121835.13213525806
inproc,onnx-fp32,64,1,1,59,64,0.5129000055603683,124780.6576451035
inproc,onnx-fp32,64,1,1,60,64,0.5372000159695745,119136.25855816204
inproc,onnx-fp32,64,1,1,61,64,0.5209000082686543,122864.27142268729
inproc,onnx-fp32,64,1,1,62,64,0.5162999732419848,123958.94502594486
inproc,onnx-fp32,64,1,1,63,64,0.5164999747648835,123910.94506661594
inproc,onnx-fp32,64,1,1,64,64,0.5378000205382705,119003.34242446479
inproc,onnx-fp32,64,1,1,65,64,0.5267999949865043,121488.23198382826
inproc,onnx-fp32,64,1,1,66,64,0.5197999998927116,123124.2785940935
inproc,onnx-fp32,64,1,1,67,64,0.5161999724805355,123982.95895378658
inproc,onnx-fp32,64,1,1,68,64,0.5511000053957105,116131.37247938439
inproc,onnx-fp32,64,1,1,69,64,0.5222999607212842,122534.95081948212
inproc,onnx-fp32,64,1,1,70,64,0.5252000410109758,121858.33016464388
inproc,onnx-fp32,64,1,1,71,64,0.5239000311121345,122160.71043962502
inproc,onnx-fp32,64,1,1,72,64,0.5574000533670187,114818.79058568973
inproc,onnx-fp32,64,1,1,73,64,0.5495999939739704,116448.32733209801
inproc,onnx-fp32,64,1,1,74,64,0.5312000284902751,120481.92124893998
inproc,onnx-fp32,64,1,2,0,64,0.5223000189289451,122534.93716358971
inproc,onnx-fp32,64,1,2,1,64,0.5150000215508044,124271.83945988718
inproc,onnx-fp32,64,1,2,2,64,0.5127000040374696,124829.33391067946
inproc,onnx-fp32,64,1,2,3,64,0.5347999976947904,119670.90552705034
inproc,onnx-fp32,64,1,2,4,64,0.5179999861866236,123552.12684685721
inproc,onnx-fp32,64,1,2,5,64,0.5291000124998391,120960.1181024721
inproc,onnx-fp32,64,1,2,6,64,0.5341999931260943,119805.317902528
inproc,onnx-fp32,64,1,2,7,64,0.508100027218461,125959.45005230785
inproc,onnx-fp32,64,1,2,8,64,0.4990999586880207,128230.82608188585
inproc,onnx-fp32,64,1,2,9,64,0.49870001384988427,128333.66397151315
inproc,onnx-fp32,64,1,2,10,64,0.5167999770492315,123839.01478753978
inproc,onnx-fp32,64,1,2,11,64,0.5079000256955624,126009.05052594327
inproc,onnx-fp32,64,1,2,12,64,0.4991000168956816,128230.81112693457
inproc,onnx-fp32,64,1,2,13,64,0.500400026794523,127897.67500608074
inproc,onnx-fp32,64,1,2,14,64,0.5174000398255885,123695.39055616212
inproc,onnx-fp32,64,1,2,15,64,0.506000011228025,126482.21063212368
inproc,onnx-fp32,64,1,2,16,64,0.5013999762013555,127642.60677646795
inproc,onnx-fp32,64,1,2,17,64,0.4991000168956816,128230.81112693457
inproc,onnx-fp32,64,1,2,18,64,0.5185999907553196,123409.18075757507
inproc,onnx-fp32,64,1,2,19,64,0.5038000526838005,127034.52423052496
inproc,onnx-fp32,64,1,2,20,64,0.5048000020906329,126782.88378554583
inproc,onnx-fp32,64,1,2,21,64,0.4996000207029283,128102.47667714894
inproc,onnx-fp32,64,1,2,22,64,0.5221999599598348,122558.41613799163
inproc,onnx-fp32,64,1,2,23,64,0.5056000081822276,126582.27643250594
inproc,onnx-fp32,64,1,2,24,64,0.5006999708712101,127821.05796539393
inproc,onnx-fp32,64,1,2,25,64,0.5207000067457557,122911.46374278721
inproc,onnx-fp32,64,1,2,26,64,0.5087000317871571,125810.88264365974
inproc,onnx-fp32,64,1,2,27,64,0.5044999998062849,126858.27556902748
inproc,onnx-fp32,64,1,2,28,64,0.501300033647567,127668.0544669471
inproc,onnx-fp32,64,1,2,29,64,0.6096000433899462,104986.86916769257
inproc,onnx-fp32,64,1,2,30,64,0.5245999782346189,121997.71760451166
inproc,onnx-fp32,64,1,2,31,64,0.5043999990448356,126883.42609277267
inproc,onnx-fp32,64,1,2,32,64,0.5112999933771789,125171.13402891849
inproc,onnx-fp32,64,1,2,33,64,0.5604000180028379,114204.13623126596
inproc,onnx-fp32,64,1,2,34,64,0.5100999842397869,125465.59885780157
inproc,onnx-fp32,64,1,2,35,64,0.5107999895699322,125293.65956699562
inproc,onnx-fp32,64,1,2,36,64,0.5147000192664564,124344.27356581792
inproc,onnx-fp32,64,1,2,37,64,0.5556999822147191,115170.05947153475
inproc,onnx-fp32,64,1,2,38,64,0.5213000113144517,122769.99541708194
inproc,onnx-fp32,64,1,2,39,64,0.5035999929532409,127084.98986405344
inproc,onnx-fp32,64,1,2,40,64,0.49919995944947004,128205.13861936361
inproc,onnx-fp32,64,1,2,41,64,0.5250999820418656,121881.55054040234
inproc,onnx-fp32,64,1,2,42,64,0.5043999990448356,126883.42609277267
inproc,onnx-fp32,64,1,2,43,64,0.5006999708712101,127821.05796539393
inproc,onnx-fp32,64,1,2,44,64,0.5196999991312623,123147.97018853817
inproc,onnx-fp32,64,1,2,45,64,0.5071999621577561,126182.9747142092
inproc,onnx-fp32,64,1,2,46,64,0.4999000229872763,128025.59923392713
inproc,onnx-fp32,64,1,2,47,64,0.5089000333100557,125761.43802491548
inproc,onnx-fp32,64,1,2,48,64,0.5207999492995441,122887.8767866194
inproc,onnx-fp32,64,1,2,49,64,0.5091000348329544,125712.03225511395
inproc,onnx-fp32,64,1,2,50,64,0.5026000435464084,127337.83218244082
inproc,onnx-fp32,64,1,2,51,64,0.49920001765713096,128205.12367040334
inproc,onnx-fp32,64,1,2,52,64,0.5188999930396676,123337.83167946099
inproc,onnx-fp32,64,1,2,53,64,0.505999953020364,126482.22518199387
inproc,onnx-fp32,64,1,2,54,64,0.5029999883845448,127236.58345509111
inproc,onnx-fp32,64,1,2,55,64,0.4980000085197389,128514.0540262928
inproc,onnx-fp32,64,1,2,56,64,0.5177999846637249,123599.84916099129
inproc,onnx-fp32,64,1,2,57,64,0.5049000028520823,126757.77310056725
inproc,onnx-fp32,64,1,2,58,64,0.506900018081069,126257.64000222312
inproc,onnx-fp32,64,1,2,59,64,0.5108999903313816,125269.13527339885
inproc,onnx-fp32,64,1,2,60,64,0.6128000095486641,104438.64067028476
inproc,onnx-fp32,64,1,2,61,64,0.5280000041238964,121212.12026540488
inproc,onnx-fp32,64,1,2,62,64,0.5307000246830285,120595.43437599296
inproc,onnx-fp32,64,1,2,63,64,0.6661000079475343,96081.66827261318
inproc,onnx-fp32,64,1,2,64,64,0.6215000175870955,102976.66643433554
inproc,onnx-fp32,64,1,2,65,64,0.6969000096432865,91835.26921280843
inproc,onnx-fp32,64,1,2,66,64,0.6170999840833247,103710.90852492765
inproc,onnx-fp32,64,1,2,67,64,0.6111999973654747,104712.04233616905
inproc,onnx-fp32,64,1,2,68,64,0.5910000181756914,108291.02881850369
inproc,onnx-fp32,64,1,2,69,64,0.5927000311203301,107980.42287770136
inproc,onnx-fp32,64,1,2,70,64,0.5878999945707619,108862.05237461813
inproc,onnx-fp32,64,1,2,71,64,0.6175999878905714,103626.94503701926
inproc,onnx-fp32,64,1,2,72,64,0.5948000471107662,107599.18448372559
inproc,onnx-fp32,64,1,2,73,64,0.5902000120840967,108437.81546870037
inproc,onnx-fp32,64,1,2,74,64,0.5959999980404973,107382.55068861811
inproc,onnx-fp32,64,4,0,0,64,0.6152000278234482,104031.20465782375
inproc,onnx-fp32,64,4,0,1,64,0.6058000144548714,105645.42501305541
inproc,onnx-fp32,64,4,0,2,64,0.6396999815478921,100046.89986880755
inproc,onnx-fp32,64,4,0,3,64,0.6252999883145094,102350.87349435498
inproc,onnx-fp32,64,4,0,4,64,0.6395999807864428,100062.54209280391
inproc,onnx-fp32,64,4,0,5,64,0.6238000351004303,102596.98044052877
inproc,onnx-fp32,64,4,0,6,64,0.6020000437274575,106312.28463660147
inproc,onnx-fp32,64,4,0,7,64,0.6005000323057175,106577.84605649661
inproc,onnx-fp32,64,4,0,8,64,0.6325999856926501,101169.77781769114
inproc,onnx-fp32,64,4,0,9,64,0.5885999999009073,108732.58581511147
inproc,onnx-fp32,64,4,0,10,64,0.5558999837376177,115128.6236234317
inproc,onnx-fp32,64,4,0,11,64,0.5246999789960682,121974.46647978535
inproc,onnx-fp32,64,4,0,12,64,0.5521000130102038,115921.02606745847
inproc,onnx-fp32,64,4,0,13,64,0.595899997279048,107400.57105593523
inproc,onnx-fp32,64,4,0,14,64,0.5365000106394291,119291.70313290658
inproc,onnx-fp32,64,4,0,15,64,0.5381999653764069,118914.90917365557
inproc,onnx-fp32,64,4,0,16,64,0.5173999816179276,123695.40447193252
inproc,onnx-fp32,64,4,0,17,64,0.5154999671503901,124151.31731973295
inproc,onnx-fp32,64,4,0,18,64,0.5136000108905137,124610.5892580348
inproc,onnx-fp32,64,4,0,19,64,0.5206000059843063,122935.0735004204
inproc,onnx-fp32,64,4,0,20,64,0.5136999534443021,124586.34572747572
inproc,onnx-fp32,64,4,0,21,64,0.5132000078447163,124707.71438367762
inproc,onnx-fp32,64,4,0,22,64,0.5142999580129981,124440.99790959443
inproc,onnx-fp32,64,4,0,23,64,0.5219000158831477,122628.85237069902
inproc,onnx-fp32,64,4,0,24,64,0.5139000131748617,124537.84463753867
inproc,onnx-fp32,64,4,0,25,64,0.5145000177435577,124392.60989860554
inproc,onnx-fp32,64,4,0,26,64,0.5755999591201544,111188.33312258842
inproc,onnx-fp32,64,4,0,27,64,0.6717000505886972,95280.6240581768
inproc,onnx-fp32,64,4,0,28,64,0.5671000108122826,112854.87353161915
inproc,onnx-fp32,64,4,0,29,64,0.5448999581858516,117452.75263568881
inproc,onnx-fp32,64,4,0,30,64,0.5552999791689217,115253.02071104753
inproc,onnx-fp32,64,4,0,31,64,0.6332999910227954,101057.9518509678
inproc,onnx-fp32,64,4,0,32,64,0.6358000100590289,100660.58349709387
inproc,onnx-fp32,64,4,0,33,64,0.6432000081986189,99502.48629386978
inproc,onnx-fp32,64,4,0,34,64,0.542099995072931,118059.39970796311
inproc,onnx-fp32,64,4,0,35,64,0.5164000322110951,123934.92642897037
inproc,onnx-fp32,64,4,0,36,64,0.5212000105530024,122793.55085218605
inproc,onnx-fp32,64,4,0,37,64,0.5242000333964825,122090.79725791077
inproc,onnx-fp32,64,4,0,38,64,0.5168999778106809,123815.05658226312
inproc,onnx-fp32,64,4,0,39,64,0.514000013936311,124513.61530104968
inproc,onnx-fp32,64,4,0,40,64,0.5215000128373504,122722.91164825117
inproc,onnx-fp32,64,4,0,41,64,0.5209000082686543,122864.27142268729
inproc,onnx-fp32,64,4,0,42,64,0.514600018505007,124368.43703568053
inproc,onnx-fp32,64,4,0,43,64,0.513400009367615,124659.13290269037
inproc,onnx-fp32,64,4,0,44,64,0.5310999695211649,120504.6199827536
inproc,onnx-fp32,64,4,0,45,64,0.5226000212132931,122464.59510547771
inproc,onnx-fp32,64,4,0,46,64,0.5168000352568924,123839.00083943822
inproc,onnx-fp32,64,4,0,47,64,0.5178999854251742,123575.98339659862
inproc,onnx-fp32,64,4,0,48,64,0.5151999648660421,124223.61095587561
inproc,onnx-fp32,64,4,0,49,64,0.5190999945625663,123290.31144361953
inproc,onnx-fp32,64,4,0,50,64,0.5132000078447163,124707.71438367762
inproc,onnx-fp32,64,4,0,51,64,0.5138000124134123,124562.08340552647
inproc,onnx-fp32,64,4,0,52,64,0.5230000242590904,122370.93122637192
inproc,onnx-fp32,64,4,0,53,64,0.5162000306881964,123982.94497324106
inproc,onnx-fp32,64,4,0,54,64,0.5158000276423991,124079.09377696039
inproc,onnx-fp32,64,4,0,55,64,0.5145999602973461,124368.45110329881
inproc,onnx-fp32,64,4,0,56,64,0.5197999998927116,123124.2785940935
inproc,onnx-fp32,64,4,0,57,64,0.5235999706201255,122230.71732452852
inproc,onnx-fp32,64,4,0,58,64,0.5177999846637249,123599.84916099129
inproc,onnx-fp32,64,4,0,59,64,0.5248999805189669,121927.99080831249
inproc,onnx-fp32,64,4,0,60,64,0.5248000379651785,121951.21068997812
inproc,onnx-fp32,64,4,0,61,64,0.6164000369608402,103828.6764477691
inproc,onnx-fp32,64,4,0,62,64,0.63109997427091,101410.24023006369
inproc,onnx-fp32,64,4,0,63,64,0.6274999468587339,101992.04050993812
inproc,onnx-fp32,64,4,0,64,64,0.5284000071696937,121120.36171764592
inproc,onnx-fp32,64,4,0,65,64,0.5135000101290643,124634.85635358427
inproc,onnx-fp32,64,4,0,66,64,0.5124000017531216,124902.41955704697
inproc,onnx-fp32,64,4,0,67,64,0.520200002938509,123029.60330349175
inproc,onnx-fp32,64,4,0,68,64,0.5139000131748617,124537.84463753867
inproc,onnx-fp32,64,4,0,69,64,0.5173999816179276,123695.40447193252
inproc,onnx-fp32,64,4,0,70,64,0.5127000040374696,124829.33391067946
inproc,onnx-fp32,64,4,0,71,64,0.519900000654161,123100.59611362261
inproc,onnx-fp32,64,4,0,72,64,0.5158000276423991,124079.09377696039
inproc,onnx-fp32,64,4,0,73,64,0.5172999808564782,123719.31638976112
inproc,onnx-fp32,64,4,0,74,64,0.5136000108905137,124610.5892580348
inproc,onnx-fp32,64,4,1,0,64,0.5166999762877822,123862.98226643316
inproc,onnx-fp32,64,4,1,1,64,0.5156999686732888,124103.16829114623
inproc,onnx-fp32,64,4,1,2,64,0.5207000067457557,122911.46374278721
inproc,onnx-fp32,64,4,1,3,64,0.5159999709576368,124031.01473285616
inproc,onnx-fp32,64,4,1,4,64,0.5161999724805355,123982.95895378658
inproc,onnx-fp32,64,4,1,5,64,0.5156000261195004,124127.22412307782
inproc,onnx-fp32,64,4,1,6,64,0.5161000299267471,124006.96820165632
inproc,onnx-fp32,64,4,1,7,64,0.49869995564222336,128333.67895046454
inproc,onnx-fp32,64,4,1,8,64,0.49860001308843493,128359.40296826375
inproc,onnx-fp32,64,4,1,9,64,0.4980000085197389,128514.0540262928
inproc,onnx-fp32,64,4,1,10,64,0.5031000473536551,127211.27802838603
inproc,onnx-fp32,64,4,1,11,64,0.583200016990304,109739.36580160291
inproc,onnx-fp32,64,4,1,12,64,0.547099974937737,116980.44769108892
inproc,onnx-fp32,64,4,1,13,64,0.5079999682493508,125984.25984268119
inproc,onnx-fp32,64,4,1,14,64,0.5092000355944037,125687.34392426145
inproc,onnx-fp32,64,4,1,15,64,0.49970002146437764,128076.84060618436
inproc,onnx-fp32,64,4,1,16,64,0.49889995716512203,128282.23190008769
inproc,onnx-fp32,64,4,1,17,64,0.49870001384988427,128333.66397151315
inproc,onnx-fp32,64,4,1,18,64,0.5141000146977603,124489.39539055573
inproc,onnx-fp32,64,4,1,19,64,0.5111999926157296,125195.61996181204
inproc,onnx-fp32,64,4,1,20,64,0.5025999853387475,127337.84692982954
inproc,onnx-fp32,64,4,1,21,64,0.49870001384988427,128333.66397151315
inproc,onnx-fp32,64,4,1,22,64,0.5058000097051263,126532.22374849503
inproc,onnx-fp32,64,4,1,23,64,0.4999000229872763,128025.59923392713
inproc,onnx-fp32,64,4,1,24,64,0.5006999708712101,127821.05796539393
inproc,onnx-fp32,64,4,1,25,64,0.5112999933771789,125171.13402891849
inproc,onnx-fp32,64,4,1,26,64,0.5063999560661614,126382.31744166733
inproc,onnx-fp32,64,4,1,27,64,0.49940001918002963,128153.77961955688
inproc,onnx-fp32,64,4,1,28,64,0.5695999716408551,112359.55615593563
inproc,onnx-fp32,64,4,1,29,64,0.5167999770492315,123839.01478753978
inproc,onnx-fp32,64,4,1,30,64,0.5002000252716243,127948.8140074483
inproc,onnx-fp32,64,4,1,31,64,0.4985000123269856,128385.15229167117
inproc,onnx-fp32,64,4,1,32,64,0.4983000108040869,128436.68194332515
inproc,onnx-fp32,64,4,1,33,64,0.5064999568276107,126357.36516317741
inproc,onnx-fp32,64,4,1,34,64,0.4996000207029283,128102.47667714894
inproc,onnx-fp32,64,4,1,35,64,0.49999996554106474,128000.00882148804
inproc,onnx-fp32,64,4,1,36,64,0.49860001308843493,128359.40296826375
inproc,onnx-fp32,64,4,1,37,64,0.507200020365417,126182.96023310606
inproc,onnx-fp32,64,4,1,38,64,0.5009999731555581,127744.51782281495
inproc,onnx-fp32,64,4,1,39,64,0.5142999580129981,124440.99790959443
inproc,onnx-fp32,64,4,1,40,64,0.5005000275559723,127872.12083188686
inproc,onnx-fp32,64,4,1,41,64,0.5092000355944037,125687.34392426145
inproc,onnx-fp32,64,4,1,42,64,0.5532000213861465,115690.52336555588
inproc,onnx-fp32,64,4,1,43,64,0.603299995418638,106083.20982265139
inproc,onnx-fp32,64,4,1,44,64,0.5620999727398157,113858.74951754224
inproc,onnx-fp32,64,4,1,45,64,0.5505000008270144,116257.94714596367
inproc,onnx-fp32,64,4,1,46,64,0.5052000051364303,126682.50069141759
inproc,onnx-fp32,64,4,1,47,64,0.5002999678254128,127923.2542791883
inproc,onnx-fp32,64,4,1,48,64,0.4990000161342323,128256.50887911762
inproc,onnx-fp32,64,4,1,49,64,0.5127000040374696,124829.33391067946
inproc,onnx-fp32,64,4,1,50,64,0.5022000405006111,127439.25694669897
inproc,onnx-fp32,64,4,1,51,64,0.4991000168956816,128230.81112693457
inproc,onnx-fp32,64,4,1,52,64,0.49970002146437764,128076.84060618436
inproc,onnx-fp32,64,4,1,53,64,0.5099000409245491,125514.79675105616
inproc,onnx-fp32,64,4,1,54,64,0.5020000389777124,127490.02994169378
inproc,onnx-fp32,64,4,1,55,64,0.5003000260330737,127923.23939589223
inproc,onnx-fp32,64,4,1,56,64,0.5018999800086021,127515.44640209607
inproc,onnx-fp32,64,4,1,57,64,0.5111999926157296,125195.61996181204
inproc,onnx-fp32,64,4,1,58,64,0.5052000051364303,126682.50069141759
inproc,onnx-fp32,64,4,1,59,64,0.5160000291652977,124031.0007414708
inproc,onnx-fp32,64,4,1,60,64,0.5098999827168882,125514.81107920477
inproc,onnx-fp32,64,4,1,61,64,0.5055000074207783,126607.31762705276
inproc,onnx-fp32,64,4,1,62,64,0.5009000306017697,127770.00616891934
inproc,onnx-fp32,64,4,1,63,64,0.4984999541193247,128385.16728264428
inproc,onnx-fp32,64,4,1,64,64,0.5065000150352716,126357.35064201956
inproc,onnx-fp32,64,4,1,65,64,0.5040999967604876,126958.93753478488
inproc,onnx-fp32,64,4,1,66,64,0.5038999952375889,127009.32844784806
inproc,onnx-fp32,64,4,1,67,64,0.4990999586880207,128230.82608188585
inproc,onnx-fp32,64,4,1,68,64,0.5161000299267471,124006.96820165632
inproc,onnx-fp32,64,4,1,69,64,0.5155000253580511,124151.30330119285
inproc,onnx-fp32,64,4,1,70,64,0.5507000023499131,116215.72494444007
inproc,onnx-fp32,64,4,1,71,64,0.659200013615191,97087.37663552309
inproc,onnx-fp32,64,4,1,72,64,0.6572999991476536,97368.02081696529
inproc,onnx-fp32,64,4,1,73,64,0.6844000308774412,93512.56153210314
inproc,onnx-fp32,64,4,1,74,64,0.5785999819636345,110611.82508647651
inproc,onnx-fp32,64,4,2,0,64,0.5250999820418656,121881.55054040234
inproc,onnx-fp32,64,4,2,1,64,0.5163000314496458,123958.93105081451
inproc,onnx-fp32,64,4,2,2,64,0.5231999675743282,122324.1666025292
inproc,onnx-fp32,64,4,2,3,64,0.5216000135987997,122699.38330413279
inproc,onnx-fp32,64,4,2,4,64,0.5160000291652977,124031.0007414708
inproc,onnx-fp32,64,4,2,5,64,0.5178999854251742,123575.98339659862
inproc,onnx-fp32,64,4,2,6,64,0.527299998793751,121373.03270700948
inproc,onnx-fp32,64,4,2,7,64,0.5170000367797911,123791.09370790992
inproc,onnx-fp32,64,4,2,8,64,0.5119999987073243,125000.00031559466
inproc,onnx-fp32,64,4,2,9,64,0.5120999994687736,124975.59083458374
inproc,onnx-fp32,64,4,2,10,64,0.5397999775595963,118562.43545866787
inproc,onnx-fp32,64,4,2,11,64,0.5248999805189669,121927.99080831249
inproc,onnx-fp32,64,4,2,12,64,0.5157000268809497,124103.1542834775
inproc,onnx-fp32,64,4,2,13,64,0.5270000547170639,121442.11262816729
inproc,onnx-fp32,64,4,2,14,64,0.5264999927021563,121557.45657570241
inproc,onnx-fp32,64,4,2,15,64,0.514300016220659,124440.98382555947
inproc,onnx-fp32,64,4,2,16,64,0.513700011651963,124586.33161052107
inproc,onnx-fp32,64,4,2,17,64,0.5215999553911388,122699.39699670316
inproc,onnx-fp32,64,4,2,18,64,0.5178999854251742,123575.98339659862
inproc,onnx-fp32,64,4,2,19,64,0.514900020789355,124295.97478338872
inproc,onnx-fp32,64,4,2,20,64,0.5145999602973461,124368.45110329881
inproc,onnx-fp32,64,4,2,21,64,0.5219000158831477,122628.85237069902
inproc,onnx-fp32,64,4,2,22,64,0.7218000246211886,88667.21781228554
inproc,onnx-fp32,64,4,2,23,64,0.6729000015184283,95110.71460184455
inproc,onnx-fp32,64,4,2,24,64,0.8611999801360071,74314.91114281336
inproc,onnx-fp32,64,4,2,25,64,0.7332999957725406,87276.69489834814
inproc,onnx-fp32,64,4,2,26,64,0.6210000137798488,103059.57903358225
inproc,onnx-fp32,64,4,2,27,64,0.6381000275723636,100297.75463807215
inproc,onnx-fp32,64,4,2,28,64,0.5867999861948192,109066.12390197266
inproc,onnx-fp32,64,4,2,29,64,0.5505000008270144,116257.94714596367
inproc,onnx-fp32,64,4,2,30,64,0.5184000474400818,123456.77882561788
inproc,onnx-fp32,64,4,2,31,64,0.5450000171549618,117431.1889641696
inproc,onnx-fp32,64,4,2,32,64,0.521700014360249,122675.86397995791
inproc,onnx-fp32,64,4,2,33,64,0.5138000124134123,124562.08340552647
inproc,onnx-fp32,64,4,2,34,64,0.5339000490494072,119872.62431226602
inproc,onnx-fp32,64,4,2,35,64,1.0652000200934708,60082.61246031898
inproc,onnx-fp32,64,4,2,36,64,1.2318000080995262,51956.486100971815
inproc,onnx-fp32,64,4,2,37,64,0.9218000341206789,69429.37473532501
inproc,onnx-fp32,64,4,2,38,64,0.7791999960318208,82135.52403224907
inproc,onnx-fp32,64,4,2,39,64,0.747899990528822,85572.93864216679
inproc,onnx-fp32,64,4,2,40,64,0.7337999995797873,87217.2254519621
inproc,onnx-fp32,64,4,2,41,64,0.6622000364586711,96647.53318689123
inproc,onnx-fp32,64,4,2,42,64,0.6401000428013504,99984.37075540371
inproc,onnx-fp32,64,4,2,43,64,0.6661000079475343,96081.66827261318
inproc,onnx-fp32,64,4,2,44,64,0.6538999732583761,97874.29670793338
inproc,onnx-fp32,64,4,2,45,64,0.6378000252880156,100344.93173796771
inproc,onnx-fp32,64,4,2,46,64,0.6673000170849264,95908.88410220857
inproc,onnx-fp32,64,4,2,47,64,0.6405999884009361,99906.33961726508
inproc,onnx-fp32,64,4,2,48,64,0.6395000382326543,100078.18009968028
inproc,onnx-fp32,64,4,2,49,64,0.7017999887466431,91194.07384759113
inproc,onnx-fp32,64,4,2,50,64,0.6086999783292413,105142.1098710519
inproc,onnx-fp32,64,4,2,51,64,0.6346000009216368,100850.9295730414
inproc,onnx-fp32,64,4,2,52,64,0.6647000554949045,96284.02987321642
inproc,onnx-fp32,64,4,2,53,64,0.5588000058196485,114531.13696039557
inproc,onnx-fp32,64,4,2,54,64,0.577600032556802,110803.31785422146
inproc,onnx-fp32,64,4,2,55,64,0.5591000081039965,114469.6817605761
inproc,onnx-fp32,64,4,2,56,64,0.546799972653389,117044.62911626544
inproc,onnx-fp32,64,4,2,57,64,0.548899988643825,116596.83243595195
inproc,onnx-fp32,64,4,2,58,64,0.5500999977812171,116342.48365413328
inproc,onnx-fp32,64,4,2,59,64,0.5755999591201544,111188.33312258842
inproc,onnx-fp32,64,4,2,60,64,0.5648999940603971,113294.38957855139
inproc,onnx-fp32,64,4,2,61,64,0.5523999570868909,115858.08285993944
inproc,onnx-fp32,64,4,2,62,64,0.5541000282391906,115502.61096968013
inproc,onnx-fp32,64,4,2,63,64,0.5499999970197678,116363.63699416484
inproc,onnx-fp32,64,4,2,64,64,0.547099974937737,116980.44769108892
inproc,onnx-fp32,64,4,2,65,64,0.5908000166527927,108327.68821266328
inproc,onnx-fp32,64,4,2,66,64,0.7265000022016466,88093.59918244877
inproc,onnx-fp32,64,4,2,67,64,0.6965000065974891,91888.01061560638
inproc,onnx-fp32,64,4,2,68,64,0.6754000205546618,94758.6586500856
inproc,onnx-fp32,64,4,2,69,64,0.7314000395126641,87503.41337504378
inproc,onnx-fp32,64,4,2,70,64,0.7091999868862331,90242.52845941833
inproc,onnx-fp32,64,4,2,71,64,0.6642999942414463,96342.01498538411
inproc,onnx-fp32,64,4,2,72,64,0.6523999618366361,98099.33130564145
inproc,onnx-fp32,64,4,2,73,64,0.6614999729208648,96749.81499607154
inproc,onnx-fp32,64,4,2,74,64,0.6590000120922923,97116.84192053833
inproc,onnx-int8,1,1,0,0,1,0.03689998993650079,27100.278393594315
inproc,onnx-int8,1,1,0,1,1,0.0344999716617167,28985.53105507799
inproc,onnx-int8,1,1,0,2,1,0.033400021493434906,29940.10049354488
inproc,onnx-int8,1,1,0,3,1,0.03330002073198557,30030.011333881033
inproc,onnx-int8,1,1,0,4,1,0.03350002225488424,29850.726438075777
inproc,onnx-int8,1,1,0,5,1,0.033800024539232254,29585.77733691534
inproc,onnx-int8,1,1,0,6,1,0.033299962524324656,30030.06382573341
inproc,onnx-int8,1,1,0,7,1,0.03320001997053623,30120.463809583922
inproc,onnx-int8,1,1,0,8,1,0.032999960239976645,30303.066813655885
inproc,onnx-int8,1,1,0,9,1,0.03300001844763756,30303.01336306038
inproc,onnx-int8,1,1,0,10,1,0.032999960239976645,30303.066813655885
inproc,onnx-int8,1,1,0,11,1,0.03360002301633358,29761.88437471849
inproc,onnx-int8,1,1,0,12,1,0.03309996100142598,30211.515957886444
inproc,onnx-int8,1,1,0,13,1,0.033100019209086895,30211.46282976995
inproc,onnx-int8,1,1,0,14,1,0.03279995871707797,30487.843250830967
inproc,onnx-int8,1,1,0,15,1,0.03290001768618822,30395.120438485683
inproc,onnx-int8,1,1,0,16,1,0.03279995871707797,30487.843250830967
inproc,onnx-int8,1,1,0,17,1,0.03349996404722333,29850.778305025848
inproc,onnx-int8,1,1,0,18,1,0.03300001844763756,30303.01336306038
inproc,onnx-int8,1,1,0,19,1,0.032699957955628633,30581.079075298025
inproc,onnx-int8,1,1,0,20,1,0.03290001768618822,30395.120438485683
inproc,onnx-int8,1,1,0,21,1,0.032699957955628633,30581.079075298025
inproc,onnx-int8,1,1,0,22,1,0.03290001768618822,30395.120438485683
inproc,onnx-int8,1,1,0,23,1,0.03289995947852731,30395.174214505227
inproc,onnx-int8,1,1,0,24,1,0.032800016924738884,30487.789146406387
inproc,onnx-int8,1,1,0,25,1,0.032699957955628633,30581.079075298025
inproc,onnx-int8,1,1,0,26,1,0.03290001768618822,30395.120438485683
inproc,onnx-int8,1,1,0,27,1,0.032699957955628633,30581.079075298025
inproc,onnx-int8,1,1,0,28,1,0.03270001616328955,30581.02463945089
inproc,onnx-int8,1,1,0,29,1,0.03300001844763756,30303.01336306038
inproc,onnx-int8,1,1,0,30,1,0.03270001616328955,30581.02463945089
inproc,onnx-int8,1,1,0,31,1,0.03290001768618822,30395.120438485683
inproc,onnx-int8,1,1,0,32,1,0.033100019209086895,30211.46282976995
inproc,onnx-int8,1,1,0,33,1,0.032800016924738884,30487.789146406387
inproc,onnx-int8,1,1,0,34,1,0.03290001768618822,30395.120438485683
inproc,onnx-int8,1,1,0,35,1,0.03290001768618822,30395.120438485683
inproc,onnx-int8,1,1,0,36,1,0.03290001768618822,30395.120438485683
inproc,onnx-int8,1,1,0,37,1,0.032800016924738884,30487.789146406387
inproc,onnx-int8,1,1,0,38,1,0.03270001616328955,30581.02463945089
inproc,onnx-int8,1,1,0,39,1,0.03270001616328955,30581.02463945089
inproc,onnx-int8,1,1,0,40,1,0.03289995947852731,30395.174214505227
inproc,onnx-int8,1,1,0,41,1,0.03330002073198557,30030.011333881033
inproc,onnx-int8,1,1,0,42,1,0.03270001616328955,30581.02463945089
inproc,onnx-int8,1,1,0,43,1,0.03319996176287532,30120.516618131005
inproc,onnx-int8,1,1,0,44,1,0.03290001768618822,30395.120438485683
inproc,onnx-int8,1,1,0,45,1,0.03309996100142598,30211.515957886444
inproc,onnx-int8,1,1,0,46,1,0.03270001616328955,30581.02463945089
inproc,onnx-int8,1,1,0,47,1,0.03289995947852731,30395.174214505227
inproc,onnx-int8,1,1,0,48,1,0.03300001844763756,30303.01336306038
inproc,onnx-int8,1,1,0,49,1,0.03289995947852731,30395.174214505227
inproc,onnx-int8,1,1,0,50,1,0.03270001616328955,30581.02463945089
inproc,onnx-int8,1,1,0,51,1,0.032699957955628633,30581.079075298025
inproc,onnx-int8,1,1,0,52,1,0.03290001768618822,30395.120438485683
inproc,onnx-int8,1,1,0,53,1,0.032699957955628633,30581.079075298025
inproc,onnx-int8,1,1,0,54,1,0.032800016924738884,30487.789146406387
inproc,onnx-int8,1,1,0,55,1,0.03309996100142598,30211.515957886444
inproc,onnx-int8,1,1,0,56,1,0.03300001844763756,30303.01336306038
inproc,onnx-int8,1,1,0,57,1,0.04069996066391468,24570.048316695746
inproc,onnx-int8,1,1,0,58,1,0.03400002606213093,29411.742160803675
inproc,onnx-int8,1,1,0,59,1,0.03309996100142598,30211.515957886444
inproc,onnx-int8,1,1,0,60,1,0.03290001768618822,30395.120438485683
inproc,onnx-int8,1,1,0,61,1,0.03279995871707797,30487.843250830967
inproc,onnx-int8,1,1,0,62,1,0.033100019209086895,30211.46282976995
inproc,onnx-int8,1,1,0,63,1,0.03289995947852731,30395.174214505227
inproc,onnx-int8,1,1,0,64,1,0.03530003596097231,28328.583038997444
inproc,onnx-int8,1,1,0,65,1,0.03350002225488424,29850.726438075777
inproc,onnx-int8,1,1,0,66,1,0.03579998156055808,27932.97528124233
inproc,onnx-int8,1,1,0,67,1,0.03319996176287532,30120.516618131005
inproc,onnx-int8,1,1,0,68,1,0.033400021493434906,29940.10049354488
inproc,onnx-int8,1,1,0,69,1,0.03290001768618822,30395.120438485683
inproc,onnx-int8,1,1,0,70,1,0.03300001844763756,30303.01336306038
inproc,onnx-int8,1,1,0,71,1,0.03309996100142598,30211.515957886444
inproc,onnx-int8,1,1,0,72,1,0.03320001997053623,30120.463809583922
inproc,onnx-int8,1,1,0,73,1,0.033100019209086895,30211.46282976995
inproc,onnx-int8,1,1,0,74,1,0.032800016924738884,30487.789146406387
inproc,onnx-int8,1,1,1,0,1,0.03360002301633358,29761.88437471849
inproc,onnx-int8,1,1,1,1,1,0.033800024539232254,29585.77733691534
inproc,onnx-int8,1,1,1,2,1,0.03339996328577399,29940.15267154287
inproc,onnx-int8,1,1,1,3,1,0.033100019209086895,30211.46282976995
inproc,onnx-int8,1,1,1,4,1,0.032999960239976645,30303.066813655885
inproc,onnx-int8,1,1,1,5,1,0.03300001844763756,30303.01336306038
inproc,onnx-int8,1,1,1,6,1,0.032999960239976645,30303.066813655885
inproc,onnx-int8,1,1,1,7,1,0.032800016924738884,30487.789146406387
inproc,onnx-int8,1,1,1,8,1,0.03289995947852731,30395.174214505227
inproc,onnx-int8,1,1,1,9,1,0.032800016924738884,30487.789146406387
inproc,onnx-int8,1,1,1,10,1,0.03309996100142598,30211.515957886444
inproc,onnx-int8,1,1,1,11,1,0.033100019209086895,30211.46282976995
inproc,onnx-int8,1,1,1,12,1,0.03289995947852731,30395.174214505227
inproc,onnx-int8,1,1,1,13,1,0.03290001768618822,30395.120438485683
inproc,onnx-int8,1,1,1,14,1,0.03279995871707797,30487.843250830967
inproc,onnx-int8,1,1,1,15,1,0.03290001768618822,30395.120438485683
inproc,onnx-int8,1,1,1,16,1,0.03549997927621007,28169.030528706233
inproc,onnx-int8,1,1,1,17,1,0.03290001768618822,30395.120438485683
inproc,onnx-int8,1,1,1,18,1,0.04600000102072954,21739.12995239626
inproc,onnx-int8,1,1,1,19,1,0.037699996028095484,26525.201733569458
inproc,onnx-int8,1,1,1,20,1,0.03309996100142598,30211.515957886444
inproc,onnx-int8,1,1,1,21,1,0.03300001844763756,30303.01336306038
inproc,onnx-int8,1,1,1,22,1,0.032999960239976645,30303.066813655885
inproc,onnx-int8,1,1,1,23,1,0.032800016924738884,30487.789146406387
inproc,onnx-int8,1,1,1,24,1,0.03279995871707797,30487.843250830967
inproc,onnx-int8,1,1,1,25,1,0.03270001616328955,30581.02463945089
inproc,onnx-int8,1,1,1,26,1,0.03289995947852731,30395.174214505227
inproc,onnx-int8,1,1,1,27,1,0.03290001768618822,30395.120438485683
inproc,onnx-int8,1,1,1,28,1,0.04409998655319214,22675.743875654673
inproc,onnx-int8,1,1,1,29,1,0.03319996176287532,30120.516618131005
inproc,onnx-int8,1,1,1,30,1,0.032800016924738884,30487.789146406387
inproc,onnx-int8,1,1,1,31,1,0.0344999716617167,28985.53105507799
inproc,onnx-int8,1,1,1,32,1,0.03320001997053623,30120.463809583922
inproc,onnx-int8,1,1,1,33,1,0.03270001616328955,30581.02463945089
inproc,onnx-int8,1,1,1,34,1,0.03300001844763756,30303.01336306038
inproc,onnx-int8,1,1,1,35,1,0.032800016924738884,30487.789146406387
inproc,onnx-int8,1,1,1,36,1,0.03290001768618822,30395.120438485683
inproc,onnx-int8,1,1,1,37,1,0.032999960239976645,30303.066813655885
inproc,onnx-int8,1,1,1,38,1,0.032800016924738884,30487.789146406387
inproc,onnx-int8,1,1,1,39,1,0.03339996328577399,29940.15267154287
inproc,onnx-int8,1,1,1,40,1,0.03350002225488424,29850.726438075777
inproc,onnx-int8,1,1,1,41,1,0.033100019209086895,30211.46282976995
inproc,onnx-int8,1,1,1,42,1,0.032800016924738884,30487.789146406387
inproc,onnx-int8,1,1,1,43,1,0.03290001768618822,30395.120438485683
inproc,onnx-int8,1,1,1,44,1,0.03339996328577399,29940.15267154287
inproc,onnx-int8,1,1,1,45,1,0.032800016924738884,30487.789146406387
inproc,onnx-int8,1,1,1,46,1,0.03289995947852731,30395.174214505227
inproc,onnx-int8,1,1,1,47,1,0.033100019209086895,30211.46282976995
inproc,onnx-int8,1,1,1,48,1,0.03279995871707797,30487.843250830967
inproc,onnx-int8,1,1,1,49,1,0.03290001768618822,30395.120438485683
inproc,onnx-int8,1,1,1,50,1,0.032999960239976645,30303.066813655885
inproc,onnx-int8,1,1,1,51,1,0.032800016924738884,30487.789146406387
inproc,onnx-int8,1,1,1,52,1,0.03279995871707797,30487.843250830967
inproc,onnx-int8,1,1,1,53,1,0.03290001768618822,30395.120438485683
inproc,onnx-int8,1,1,1,54,1,0.03309996100142598,30211.515957886444
inproc,onnx-int8,1,1,1,55,1,0.035699980799108744,28011.219547349592
inproc,onnx-int8,1,1,1,56,1,0.03300001844763756,30303.01336306038
inproc,onnx-int8,1,1,1,57,1,0.03289995947852731,30395.174214505227
inproc,onnx-int8,1,1,1,58,1,0.03300001844763756,30303.01336306038
inproc,onnx-int8,1,1,1,59,1,0.03289995947852731,30395.174214505227
inproc,onnx-int8,1,1,1,60,1,0.032800016924738884,30487.789146406387
inproc,onnx-int8,1,1,1,61,1,0.03290001768618822,30395.120438485683
inproc,onnx-int8,1,1,1,62,1,0.032800016924738884,30487.789146406387
inproc,onnx-int8,1,1,1,63,1,0.03300001844763756,30303.01336306038
inproc,onnx-int8,1,1,1,64,1,0.032800016924738884,30487.789146406387
inproc,onnx-int8,1,1,1,65,1,0.03300001844763756,30303.01336306038
inproc,onnx-int8,1,1,1,66,1,0.03300001844763756,30303.01336306038
inproc,onnx-int8,1,1,1,67,1,0.033100019209086895,30211.46282976995
inproc,onnx-int8,1,1,1,68,1,0.03290001768618822,30395.120438485683
inproc,onnx-int8,1,1,1,69,1,0.03300001844763756,30303.01336306038
inproc,onnx-int8,1,1,1,70,1,0.033400021493434906,29940.10049354488
inproc,onnx-int8,1,1,1,71,1,0.033299962524324656,30030.06382573341
inproc,onnx-int8,1,1,1,72,1,0.032800016924738884,30487.789146406387
inproc,onnx-int8,1,1,1,73,1,0.03309996100142598,30211.515957886444
inproc,onnx-int8,1,1,1,74,1,0.032800016924738884,30487.789146406387
inproc,onnx-int8,1,1,2,0,1,0.03360002301633358,29761.88437471849
inproc,onnx-int8,1,1,2,1,1,0.043300038669258356,23094.66759691298
inproc,onnx-int8,1,1,2,2,1,0.03430002834647894,29154.494856347683
inproc,onnx-int8,1,1,2,3,1,0.03349996404722333,29850.778305025848
inproc,onnx-int8,1,1,2,4,1,0.03350002225488424,29850.726438075777
inproc,onnx-int8,1,1,2,5,1,0.03320001997053623,30120.463809583922
inproc,onnx-int8,1,1,2,6,1,0.033100019209086895,30211.46282976995
inproc,onnx-int8,1,1,2,7,1,0.03300001844763756,30303.01336306038
inproc,onnx-int8,1,1,2,8,1,0.03330002073198557,30030.011333881033
inproc,onnx-int8,1,1,2,9,1,0.03300001844763756,30303.01336306038
inproc,onnx-int8,1,1,2,10,1,0.033699965570122004,29673.62082074613
inproc,onnx-int8,1,1,2,11,1,0.03300001844763756,30303.01336306038
inproc,onnx-int8,1,1,2,12,1,0.032999960239976645,30303.066813655885
inproc,onnx-int8,1,1,2,13,1,0.03300001844763756,30303.01336306038
inproc,onnx-int8,1,1,2,14,1,0.032999960239976645,30303.066813655885
inproc,onnx-int8,1,1,2,15,1,0.03300001844763756,30303.01336306038
inproc,onnx-int8,1,1,2,16,1,0.03309996100142598,30211.515957886444
inproc,onnx-int8,1,1,2,17,1,0.03320001997053623,30120.463809583922
inproc,onnx-int8,1,1,2,18,1,0.032999960239976645,30303.066813655885
inproc,onnx-int8,1,1,2,19,1,0.03300001844763756,30303.01336306038
inproc,onnx-int8,1,1,2,20,1,0.033800024539232254,29585.77733691534
inproc,onnx-int8,1,1,2,21,1,0.03319996176287532,30120.516618131005
inproc,onnx-int8,1,1,2,22,1,0.033100019209086895,30211.46282976995
inproc,onnx-int8,1,1,2,23,1,0.03289995947852731,30395.174214505227
inproc,onnx-int8,1,1,2,24,1,0.03300001844763756,30303.01336306038
inproc,onnx-int8,1,1,2,25,1,0.03309996100142598,30211.515957886444
inproc,onnx-int8,1,1,2,26,1,0.03300001844763756,30303.01336306038
inproc,onnx-int8,1,1,2,27,1,0.03309996100142598,30211.515957886444
inproc,onnx-int8,1,1,2,28,1,0.033100019209086895,30211.46282976995
inproc,onnx-int8,1,1,2,29,1,0.032999960239976645,30303.066813655885
inproc,onnx-int8,1,1,2,30,1,0.03290001768618822,30395.120438485683
inproc,onnx-int8,1,1,2,31,1,0.03289995947852731,30395.174214505227
inproc,onnx-int8,1,1,2,32,1,0.03300001844763756,30303.01336306038
inproc,onnx-int8,1,1,2,33,1,0.03309996100142598,30211.515957886444
inproc,onnx-int8,1,1,2,34,1,0.03290001768618822,30395.120438485683
inproc,onnx-int8,1,1,2,35,1,0.032999960239976645,30303.066813655885
inproc,onnx-int8,1,1,2,36,1,0.03300001844763756,30303.01336306038
inproc,onnx-int8,1,1,2,37,1,0.032999960239976645,30303.066813655885
inproc,onnx-int8,1,1,2,38,1,0.03300001844763756,30303.01336306038
inproc,onnx-int8,1,1,2,39,1,0.03300001844763756,30303.01336306038
inproc,onnx-int8,1,1,2,40,1,0.03300001844763756,30303.01336306038
inproc,onnx-int8,1,1,2,41,1,0.03300001844763756,30303.01336306038
inproc,onnx-int8,1,1,2,42,1,0.03300001844763756,30303.01336306038
inproc,onnx-int8,1,1,2,43,1,0.035299977753311396,28328.62975122393
inproc,onnx-int8,1,1,2,44,1,0.07150002056732774,13986.009962869222
inproc,onnx-int8,1,1,2,45,1,0.05029997555539012,19880.725367327548
inproc,onnx-int8,1,1,2,46,1,0.09360001422464848,10683.759060120545
inproc,onnx-int8,1,1,2,47,1,0.06880000000819564,14534.883719198799
inproc,onnx-int8,1,1,2,48,1,0.04339998122304678,23041.48462324606
inproc,onnx-int8,1,1,2,49,1,0.04539999645203352,22026.433439406333
inproc,onnx-int8,1,1,2,50,1,0.04429998807609081,22573.36950706113
inproc,onnx-int8,1,1,2,51,1,0.04509999416768551,22172.951869614822
inproc,onnx-int8,1,1,2,52,1,0.049200025387108326,20325.192764270927
inproc,onnx-int8,1,1,2,53,1,0.047399953473359346,21097.067121849384
inproc,onnx-int8,1,1,2,54,1,0.04040001658722758,24752.46508478288
inproc,onnx-int8,1,1,2,55,1,0.03459997242316604,28901.75713927624
inproc,onnx-int8,1,1,2,56,1,0.03349996404722333,29850.778305025848
inproc,onnx-int8,1,1,2,57,1,0.032800016924738884,30487.789146406387
inproc,onnx-int8,1,1,2,58,1,0.03309996100142598,30211.515957886444
inproc,onnx-int8,1,1,2,59,1,0.03330002073198557,30030.011333881033
inproc,onnx-int8,1,1,2,60,1,0.03289995947852731,30395.174214505227
inproc,onnx-int8,1,1,2,61,1,0.03290001768618822,30395.120438485683
inproc,onnx-int8,1,1,2,62,1,0.03339996328577399,29940.15267154287
inproc,onnx-int8,1,1,2,63,1,0.03300001844763756,30303.01336306038
inproc,onnx-int8,1,1,2,64,1,0.03279995871707797,30487.843250830967
inproc,onnx-int8,1,1,2,65,1,0.03330002073198557,30030.011333881033
inproc,onnx-int8,1,1,2,66,1,0.03279995871707797,30487.843250830967
inproc,onnx-int8,1,1,2,67,1,0.03300001844763756,30303.01336306038
inproc,onnx-int8,1,1,2,68,1,0.03339996328577399,29940.15267154287
inproc,onnx-int8,1,1,2,69,1,0.03350002225488424,29850.726438075777
inproc,onnx-int8,1,1,2,70,1,0.03309996100142598,30211.515957886444
inproc,onnx-int8,1,1,2,71,1,0.03359996480867267,29761.935933393735
inproc,onnx-int8,1,1,2,72,1,0.033100019209086895,30211.46282976995
inproc,onnx-int8,1,1,2,73,1,0.032999960239976645,30303.066813655885
inproc,onnx-int8,1,1,2,74,1,0.03320001997053623,30120.463809583922
inproc,onnx-int8,1,4,0,0,1,0.05329999839887023,18761.726642400732
inproc,onnx-int8,1,4,0,1,1,0.05289999535307288,18903.593342979595
inproc,onnx-int8,1,4,0,2,1,0.04950002767145634,20202.00890870692
inproc,onnx-int8,1,4,0,3,1,0.04729995271191001,21141.670184972565
inproc,onnx-int8,1,4,0,4,1,0.05199998850002885,19230.773483718083
inproc,onnx-int8,1,4,0,5,1,0.05139998393133283,19455.259000390695
inproc,onnx-int8,1,4,0,6,1,0.0475000124424696,21052.62606428085
inproc,onnx-int8,1,4,0,7,1,0.04730001091957092,21141.64416791368
inproc,onnx-int8,1,4,0,8,1,0.04509999416768551,22172.951869614822
inproc,onnx-int8,1,4,0,9,1,0.045599997974932194,21929.8255352935
inproc,onnx-int8,1,4,0,10,1,0.05270005203783512,18975.313331418853
inproc,onnx-int8,1,4,0,11,1,0.051499984692782164,19417.48149956542
inproc,onnx-int8,1,4,0,12,1,0.04730001091957092,21141.64416791368
inproc,onnx-int8,1,4,0,13,1,0.04600000102072954,21739.12995239626
inproc,onnx-int8,1,4,0,14,1,0.05180004518479109,19305.00246539569
inproc,onnx-int8,1,4,0,15,1,0.0513000413775444,19493.16166512354
inproc,onnx-int8,1,4,0,16,1,0.05070003680884838,19723.85155794356
inproc,onnx-int8,1,4,0,17,1,0.04780001472681761,20920.495646604108
inproc,onnx-int8,1,4,0,18,1,0.04700000863522291,21276.591835572057
inproc,onnx-int8,1,4,0,19,1,0.04900002386420965,20408.153326031643
inproc,onnx-int8,1,4,0,20,1,0.052499992307275534,19047.6218386306
inproc,onnx-int8,1,4,0,21,1,0.04880002234131098,20491.793897263524
inproc,onnx-int8,1,4,0,22,1,0.09809999028220773,10193.680928237245
inproc,onnx-int8,1,4,0,23,1,0.059399986639618874,16835.020621587402
inproc,onnx-int8,1,4,0,24,1,0.0523999915458262,19083.972544641616
inproc,onnx-int8,1,4,0,25,1,0.05390000296756625,18552.8746742693
inproc,onnx-int8,1,4,0,26,1,0.051499984692782164,19417.48149956542
inproc,onnx-int8,1,4,0,27,1,0.04910002462565899,20366.588563326583
inproc,onnx-int8,1,4,0,28,1,0.05360000068321824,18656.716180100582
inproc,onnx-int8,1,4,0,29,1,0.04959997022524476,20161.30242535978
inproc,onnx-int8,1,4,0,30,1,0.0475000124424696,21052.62606428085
inproc,onnx-int8,1,4,0,31,1,0.04629994509741664,21598.29774951064
inproc,onnx-int8,1,4,0,32,1,0.05820003570988774,17182.120041725466
inproc,onnx-int8,1,4,0,33,1,0.051499984692782164,19417.48149956542
inproc,onnx-int8,1,4,0,34,1,0.047200010158121586,21186.43611833911
inproc,onnx-int8,1,4,0,35,1,0.046900007873773575,21321.958040847127
inproc,onnx-int8,1,4,0,36,1,0.05050003528594971,19801.96636175863
inproc,onnx-int8,1,4,0,37,1,0.05180004518479109,19305.00246539569
inproc,onnx-int8,1,4,0,38,1,0.050600036047399044,19762.831770777015
inproc,onnx-int8,1,4,0,39,1,0.05259999306872487,19011.40934930245
inproc,onnx-int8,1,4,0,40,1,0.05029997555539012,19880.725367327548
inproc,onnx-int8,1,4,0,41,1,0.04549999721348286,21978.02332400305
inproc,onnx-int8,1,4,0,42,1,0.05099998088553548,19607.850486148283
inproc,onnx-int8,1,4,0,43,1,0.05139998393133283,19455.259000390695
inproc,onnx-int8,1,4,0,44,1,0.04899996565654874,20408.177569127587
inproc,onnx-int8,1,4,0,45,1,0.0523999915458262,19083.972544641616
inproc,onnx-int8,1,4,0,46,1,0.05089998012408614,19646.37309409861
inproc,onnx-int8,1,4,0,47,1,0.047099951189011335,21231.444508021174
inproc,onnx-int8,1,4,0,48,1,0.0515999854542315,19379.850424318174
inproc,onnx-int8,1,4,0,49,1,0.05259999306872487,19011.40934930245
inproc,onnx-int8,1,4,0,50,1,0.04929996794089675,20283.988849624602
inproc,onnx-int8,1,4,0,51,1,0.04810001701116562,20790.013437372934
inproc,onnx-int8,1,4,0,52,1,0.05150004290044308,19417.459553055956
inproc,onnx-int8,1,4,0,53,1,0.053499999921768904,18691.588812378755
inproc,onnx-int8,1,4,0,54,1,0.05039997631683946,19841.27916476587
inproc,onnx-int8,1,4,0,55,1,0.05299999611452222,18867.925911526545
inproc,onnx-int8,1,4,0,56,1,0.050499977078288794,19801.989186049057
inproc,onnx-int8,1,4,0,57,1,0.0496999709866941,20120.736091933024
inproc,onnx-int8,1,4,0,58,1,0.050799979362636805,19685.047367076222
inproc,onnx-int8,1,4,0,59,1,0.08490000618621707,11778.562157070173
inproc,onnx-int8,1,4,0,60,1,0.05660002352669835,17667.83717904813
inproc,onnx-int8,1,4,0,61,1,0.04819995956495404,20746.905371412286
inproc,onnx-int8,1,4,0,62,1,0.04740001168102026,21097.041214452198
inproc,onnx-int8,1,4,0,63,1,0.049399968702346087,20242.92780478034
inproc,onnx-int8,1,4,0,64,1,0.0515999854542315,19379.850424318174
inproc,onnx-int8,1,4,0,65,1,0.049099966417998075,20366.61270777245
inproc,onnx-int8,1,4,0,66,1,0.045599997974932194,21929.8255352935
inproc,onnx-int8,1,4,0,67,1,0.054500007536262274,18348.62131596289
inproc,onnx-int8,1,4,0,68,1,0.05119998240843415,19531.25671065212
inproc,onnx-int8,1,4,0,69,1,0.05010003224015236,19960.066995696587
inproc,onnx-int8,1,4,0,70,1,0.051200040616095066,19531.234506201614
inproc,onnx-int8,1,4,0,71,1,0.04880002234131098,20491.793897263524
inproc,onnx-int8,1,4,0,72,1,0.05400000372901559,18518.517239706678
inproc,onnx-int8,1,4,0,73,1,0.05099998088553548,19607.850486148283
inproc,onnx-int8,1,4,0,74,1,0.04789995728060603,20876.845341256387
inproc,onnx-int8,1,4,1,0,1,0.052799994591623545,18939.39587938225
inproc,onnx-int8,1,4,1,1,1,0.0521000474691391,19193.840477637554
inproc,onnx-int8,1,4,1,2,1,0.04780001472681761,20920.495646604108
inproc,onnx-int8,1,4,1,3,1,0.047099951189011335,21231.444508021174
inproc,onnx-int8,1,4,1,4,1,0.05029997555539012,19880.725367327548
inproc,onnx-int8,1,4,1,5,1,0.05059997783973813,19762.854504941326
inproc,onnx-int8,1,4,1,6,1,0.0523999915458262,19083.972544641616
inproc,onnx-int8,1,4,1,7,1,0.049400026910007,20242.90395269864
inproc,onnx-int8,1,4,1,8,1,0.052099989261478186,19193.861921568234
inproc,onnx-int8,1,4,1,9,1,0.04950002767145634,20202.00890870692
inproc,onnx-int8,1,4,1,10,1,0.04810001701116562,20790.013437372934
inproc,onnx-int8,1,4,1,11,1,0.05269999383017421,18975.33428983884
inproc,onnx-int8,1,4,1,12,1,0.05110003985464573,19569.45636137475
inproc,onnx-int8,1,4,1,13,1,0.050600036047399044,19762.831770777015
inproc,onnx-int8,1,4,1,14,1,0.05150004290044308,19417.459553055956
inproc,onnx-int8,1,4,1,15,1,0.04950002767145634,20202.00890870692
inproc,onnx-int8,1,4,1,16,1,0.04859996261075139,20576.147517010184
inproc,onnx-int8,1,4,1,17,1,0.04539999645203352,22026.433439406333
inproc,onnx-int8,1,4,1,18,1,0.045199994929134846,22123.89628732953
inproc,onnx-int8,1,4,1,19,1,0.04539999645203352,22026.433439406333
inproc,onnx-int8,1,4,1,20,1,0.04610000178217888,21691.973131041726
inproc,onnx-int8,1,4,1,21,1,0.057999975979328156,17241.386450856655
inproc,onnx-int8,1,4,1,22,1,0.05099998088553548,19607.850486148283
inproc,onnx-int8,1,4,1,23,1,0.04859996261075139,20576.147517010184
inproc,onnx-int8,1,4,1,24,1,0.04710000939667225,21231.41826953973
inproc,onnx-int8,1,4,1,25,1,0.04490005085244775,22271.68969777424
inproc,onnx-int8,1,4,1,26,1,0.04600000102072954,21739.12995239626
inproc,onnx-int8,1,4,1,27,1,0.049900030717253685,20040.067824131318
inproc,onnx-int8,1,4,1,28,1,0.0515999854542315,19379.850424318174
inproc,onnx-int8,1,4,1,29,1,0.04900002386420965,20408.153326031643
inproc,onnx-int8,1,4,1,30,1,0.04630000330507755,21598.270596458762
inproc,onnx-int8,1,4,1,31,1,0.05889998283237219,16977.933641270727
inproc,onnx-int8,1,4,1,32,1,0.04730001091957092,21141.64416791368
inproc,onnx-int8,1,4,1,33,1,0.046099943574517965,21692.00052020793
inproc,onnx-int8,1,4,1,34,1,0.046600005589425564,21459.224893889696
inproc,onnx-int8,1,4,1,35,1,0.04640000406652689,21551.722249123748
inproc,onnx-int8,1,4,1,36,1,0.05170004442334175,19342.343147939653
inproc,onnx-int8,1,4,1,37,1,0.05080003757029772,19685.024811570023
inproc,onnx-int8,1,4,1,38,1,0.049900030717253685,20040.067824131318
inproc,onnx-int8,1,4,1,39,1,0.05099998088553548,19607.850486148283
inproc,onnx-int8,1,4,1,40,1,0.048399961087852716,20661.17363575685
inproc,onnx-int8,1,4,1,41,1,0.04579999949783087,21834.06137476838
inproc,onnx-int8,1,4,1,42,1,0.050099974032491446,19960.090185904442
inproc,onnx-int8,1,4,1,43,1,0.050499977078288794,19801.989186049057
inproc,onnx-int8,1,4,1,44,1,0.052799994591623545,18939.39587938225
inproc,onnx-int8,1,4,1,45,1,0.047099951189011335,21231.444508021174
inproc,onnx-int8,1,4,1,46,1,0.046200002543628216,21645.020453314184
inproc,onnx-int8,1,4,1,47,1,0.0523999915458262,19083.972544641616
inproc,onnx-int8,1,4,1,48,1,0.05129998316988349,19493.183783090724
inproc,onnx-int8,1,4,1,49,1,0.04740001168102026,21097.041214452198
inproc,onnx-int8,1,4,1,50,1,0.05270005203783512,18975.313331418853
inproc,onnx-int8,1,4,1,51,1,0.05110003985464573,19569.45636137475
inproc,onnx-int8,1,4,1,52,1,0.046900007873773575,21321.958040847127
inproc,onnx-int8,1,4,1,53,1,0.05289999535307288,18903.593342979595
inproc,onnx-int8,1,4,1,54,1,0.05089998012408614,19646.37309409861
inproc,onnx-int8,1,4,1,55,1,0.04759995499625802,21008.423223900383
inproc,onnx-int8,1,4,1,56,1,0.04610000178217888,21691.973131041726
inproc,onnx-int8,1,4,1,57,1,0.04600000102072954,21739.12995239626
inproc,onnx-int8,1,4,1,58,1,0.04710000939667225,21231.41826953973
inproc,onnx-int8,1,4,1,59,1,0.04840001929551363,20661.148787862025
inproc,onnx-int8,1,4,1,60,1,0.04549999721348286,21978.02332400305
inproc,onnx-int8,1,4,1,61,1,0.045599997974932194,21929.8255352935
inproc,onnx-int8,1,4,1,62,1,0.052099989261478186,19193.861921568234
inproc,onnx-int8,1,4,1,63,1,0.05089998012408614,19646.37309409861
inproc,onnx-int8,1,4,1,64,1,0.050499977078288794,19801.989186049057
inproc,onnx-int8,1,4,1,65,1,0.05139998393133283,19455.259000390695
inproc,onnx-int8,1,4,1,66,1,0.04829996032640338,20703.950753627134
inproc,onnx-int8,1,4,1,67,1,0.05019997479394078,19920.32872735031
inproc,onnx-int8,1,4,1,68,1,0.04840001929551363,20661.148787862025
inproc,onnx-int8,1,4,1,69,1,0.07990002632141113,12515.640432674376
inproc,onnx-int8,1,4,1,70,1,0.0638000201433897,15673.97624252333
inproc,onnx-int8,1,4,1,71,1,0.05229999078437686,19120.462260171596
inproc,onnx-int8,1,4,1,72,1,0.04900002386420965,20408.153326031643
inproc,onnx-int8,1,4,1,73,1,0.050099974032491446,19960.090185904442
inproc,onnx-int8,1,4,1,74,1,0.05150004290044308,19417.459553055956
inproc,onnx-int8,1,4,2,0,1,0.05050003528594971,19801.96636175863
inproc,onnx-int8,1,4,2,1,1,0.04910002462565899,20366.588563326583
inproc,onnx-int8,1,4,2,2,1,0.05269999383017421,18975.33428983884
inproc,onnx-int8,1,4,2,3,1,0.05029997555539012,19880.725367327548
inproc,onnx-int8,1,4,2,4,1,0.04780001472681761,20920.495646604108
inproc,onnx-int8,1,4,2,5,1,0.05269999383017421,18975.33428983884
inproc,onnx-int8,1,4,2,6,1,0.051200040616095066,19531.234506201614
inproc,onnx-int8,1,4,2,7,1,0.05010003224015236,19960.066995696587
inproc,onnx-int8,1,4,2,8,1,0.05170004442334175,19342.343147939653
inproc,onnx-int8,1,4,2,9,1,0.04950002767145634,20202.00890870692
inproc,onnx-int8,1,4,2,10,1,0.058100034948438406,17211.693605476525
inproc,onnx-int8,1,4,2,11,1,0.05200004670768976,19230.75195723084
inproc,onnx-int8,1,4,2,12,1,0.05110003985464573,19569.45636137475
inproc,onnx-int8,1,4,2,13,1,0.05259999306872487,19011.40934930245
inproc,onnx-int8,1,4,2,14,1,0.049600028432905674,20161.27876524723
inproc,onnx-int8,1,4,2,15,1,0.05259999306872487,19011.40934930245
inproc,onnx-int8,1,4,2,16,1,0.05089998012408614,19646.37309409861
inproc,onnx-int8,1,4,2,17,1,0.04850002005696297,20618.54817432047
inproc,onnx-int8,1,4,2,18,1,0.050600036047399044,19762.831770777015
inproc,onnx-int8,1,4,2,19,1,0.0513000413775444,19493.16166512354
inproc,onnx-int8,1,4,2,20,1,0.04850002005696297,20618.54817432047
inproc,onnx-int8,1,4,2,21,1,0.05289999535307288,18903.593342979595
inproc,onnx-int8,1,4,2,22,1,0.06370001938194036,15698.582350565353
inproc,onnx-int8,1,4,2,23,1,0.053800002206116915,18587.359832604296
inproc,onnx-int8,1,4,2,24,1,0.051499984692782164,19417.48149956542
inproc,onnx-int8,1,4,2,25,1,0.050499977078288794,19801.989186049057
inproc,onnx-int8,1,4,2,26,1,0.05139998393133283,19455.259000390695
inproc,onnx-int8,1,4,2,27,1,0.049099966417998075,20366.61270777245
inproc,onnx-int8,1,4,2,28,1,0.052799994591623545,18939.39587938225
inproc,onnx-int8,1,4,2,29,1,0.05069997860118747,19723.874202514526
inproc,onnx-int8,1,4,2,30,1,0.0467000063508749,21413.273319207277
inproc,onnx-int8,1,4,2,31,1,0.050600036047399044,19762.831770777015
inproc,onnx-int8,1,4,2,32,1,0.04819995956495404,20746.905371412286
inproc,onnx-int8,1,4,2,33,1,0.053099996875971556,18832.392821712445
inproc,onnx-int8,1,4,2,34,1,0.05129998316988349,19493.183783090724
inproc,onnx-int8,1,4,2,35,1,0.04789995728060603,20876.845341256387
inproc,onnx-int8,1,4,2,36,1,0.04730001091957092,21141.64416791368
inproc,onnx-int8,1,4,2,37,1,0.05319999763742089,18796.993315965858
inproc,onnx-int8,1,4,2,38,1,0.05039997631683946,19841.27916476587
inproc,onnx-int8,1,4,2,39,1,0.0475000124424696,21052.62606428085
inproc,onnx-int8,1,4,2,40,1,0.0488999648950994,20449.91243133217
inproc,onnx-int8,1,4,2,41,1,0.05219999002292752,19157.09178413205
inproc,onnx-int8,1,4,2,42,1,0.04959997022524476,20161.30242535978
inproc,onnx-int8,1,4,2,43,1,0.05219999002292752,19157.09178413205
inproc,onnx-int8,1,4,2,44,1,0.050799979362636805,19685.047367076222
inproc,onnx-int8,1,4,2,45,1,0.0496999709866941,20120.736091933024
inproc,onnx-int8,1,4,2,46,1,0.05119998240843415,19531.25671065212
inproc,onnx-int8,1,4,2,47,1,0.049099966417998075,20366.61270777245
inproc,onnx-int8,1,4,2,48,1,0.05269999383017421,18975.33428983884
inproc,onnx-int8,1,4,2,49,1,0.050099974032491446,19960.090185904442
inproc,onnx-int8,1,4,2,50,1,0.05059997783973813,19762.854504941326
inproc,onnx-int8,1,4,2,51,1,0.05189998773857951,19267.827288071912
inproc,onnx-int8,1,4,2,52,1,0.04929996794089675,20283.988849624602
inproc,onnx-int8,1,4,2,53,1,0.052499992307275534,19047.6218386306
inproc,onnx-int8,1,4,2,54,1,0.05070003680884838,19723.85155794356
inproc,onnx-int8,1,4,2,55,1,0.04919996717944741,20325.216810667625
inproc,onnx-int8,1,4,2,56,1,0.052499992307275534,19047.6218386306
inproc,onnx-int8,1,4,2,57,1,0.049099966417998075,20366.61270777245
inproc,onnx-int8,1,4,2,58,1,0.045900000259280205,21786.492251659995
inproc,onnx-int8,1,4,2,59,1,0.07969996659085155,12547.056702465245
inproc,onnx-int8,1,4,2,60,1,0.06229995051398873,16051.377115868841
inproc,onnx-int8,1,4,2,61,1,0.051799986977130175,19305.024158432752
inproc,onnx-int8,1,4,2,62,1,0.05139998393133283,19455.259000390695
inproc,onnx-int8,1,4,2,63,1,0.04900002386420965,20408.153326031643
inproc,onnx-int8,1,4,2,64,1,0.051200040616095066,19531.234506201614
inproc,onnx-int8,1,4,2,65,1,0.05169998621568084,19342.3649249774
inproc,onnx-int8,1,4,2,66,1,0.04989997250959277,20040.091200606574
inproc,onnx-int8,1,4,2,67,1,0.05199998850002885,19230.773483718083
inproc,onnx-int8,1,4,2,68,1,0.05000003147870302,19999.98740852672
inproc,onnx-int8,1,4,2,69,1,0.050900038331747055,19646.350627132753
inproc,onnx-int8,1,4,2,70,1,0.051200040616095066,19531.234506201614
inproc,onnx-int8,1,4,2,71,1,0.04830001853406429,20703.925802735157
inproc,onnx-int8,1,4,2,72,1,0.04749995423480868,21052.651862708215
inproc,onnx-int8,1,4,2,73,1,0.04930002614855766,20283.964900681018
inproc,onnx-int8,1,4,2,74,1,0.04770001396536827,20964.354449162885
inproc,onnx-int8,8,1,0,0,8,0.12559996685013175,63694.28432688801
inproc,onnx-int8,8,1,0,1,8,0.1249000197276473,64051.23087606011
inproc,onnx-int8,8,1,0,2,8,0.1365999924018979,58565.1569910984
inproc,onnx-int8,8,1,0,3,8,0.12290000449866056,65093.56962706367
inproc,onnx-int8,8,1,0,4,8,0.12149999383836985,65843.62473830505
inproc,onnx-int8,8,1,0,5,8,0.11929997708648443,67057.85026430088
inproc,onnx-int8,8,1,0,6,8,0.11389999417588115,70237.05363537268
inproc,onnx-int8,8,1,0,7,8,0.10720000136643648,74626.86472040233
inproc,onnx-int8,8,1,0,8,8,0.10730000212788582,74557.31445806661
inproc,onnx-int8,8,1,0,9,8,0.1058999914675951,75542.97114790573
inproc,onnx-int8,8,1,0,10,8,0.10840001050382853,73800.73085617876
inproc,onnx-int8,8,1,0,11,8,0.11370005086064339,70360.56659117251
inproc,onnx-int8,8,1,0,12,8,0.10920001659542322,73260.06212654087
inproc,onnx-int8,8,1,0,13,8,0.10659999679774046,75046.90656960293
inproc,onnx-int8,8,1,0,14,8,0.10649999603629112,75117.37368773147
inproc,onnx-int8,8,1,0,15,8,0.10659999679774046,75046.90656960293
inproc,onnx-int8,8,1,0,16,8,0.10770000517368317,74280.4049739714
inproc,onnx-int8,8,1,0,17,8,0.10799994925037026,74074.10888179258
inproc,onnx-int8,8,1,0,18,8,0.10900001507252455,73394.48526385156
inproc,onnx-int8,8,1,0,19,8,0.12159999459981918,65789.47660588051
inproc,onnx-int8,8,1,0,20,8,0.10040000779554248,79681.26871355862
inproc,onnx-int8,8,1,0,21,8,0.09210000280290842,86862.10376257848
inproc,onnx-int8,8,1,0,22,8,0.09139999747276306,87527.35471775015
inproc,onnx-int8,8,1,0,23,8,0.09109999518841505,87815.59190485379
inproc,onnx-int8,8,1,0,24,8,0.09080005111172795,88105.67727716512
inproc,onnx-int8,8,1,0,25,8,0.0906999921426177,88202.87423421943
inproc,onnx-int8,8,1,0,26,8,0.09109999518841505,87815.59190485379
inproc,onnx-int8,8,1,0,27,8,0.0906999921426177,88202.87423421943
inproc,onnx-int8,8,1,0,28,8,0.09059999138116837,88300.22915060495
inproc,onnx-int8,8,1,0,29,8,0.09059999138116837,88300.22915060495
inproc,onnx-int8,8,1,0,30,8,0.1023999648168683,78125.02684260848
inproc,onnx-int8,8,1,0,31,8,0.10740000288933516,74487.89371303082
inproc,onnx-int8,8,1,0,32,8,0.1020999625325203,78354.58311213274
inproc,onnx-int8,8,1,0,33,8,0.09380001574754715,85287.8321633885
inproc,onnx-int8,8,1,0,34,8,0.10060000931844115,79522.8554569677
inproc,onnx-int8,8,1,0,35,8,0.11590000940486789,69025.0159691876
inproc,onnx-int8,8,1,0,36,8,0.11670001549646258,68551.83322784131
inproc,onnx-int8,8,1,0,37,8,0.11299998732283711,70796.4681194545
inproc,onnx-int8,8,1,0,38,8,0.11029996676370502,72529.48695023956
inproc,onnx-int8,8,1,0,39,8,0.15889998758211732,50346.133575785905
inproc,onnx-int8,8,1,0,40,8,0.13020000187680125,61443.93152597506
inproc,onnx-int8,8,1,0,41,8,0.12059998698532581,66334.99886673629
inproc,onnx-int8,8,1,0,42,8,0.11729996185749769,68201.21569791157
inproc,onnx-int8,8,1,0,43,8,0.12320000678300858,64935.06135994255
inproc,onnx-int8,8,1,0,44,8,0.11960003757849336,66889.61109021066
inproc,onnx-int8,8,1,0,45,8,0.12030004290863872,66500.39190821869
inproc,onnx-int8,8,1,0,46,8,0.12280000373721123,65146.57782193386
inproc,onnx-int8,8,1,0,47,8,0.12059998698532581,66334.99886673629
inproc,onnx-int8,8,1,0,48,8,0.12159999459981918,65789.47660588051
inproc,onnx-int8,8,1,0,49,8,0.12390001211315393,64568.193848874325
inproc,onnx-int8,8,1,0,50,8,0.1183999702334404,67567.58455451463
inproc,onnx-int8,8,1,0,51,8,0.1238000113517046,64620.34948666302
inproc,onnx-int8,8,1,0,52,8,0.12229999992996454,65412.919088971576
inproc,onnx-int8,8,1,0,53,8,0.12019998393952847,66555.74932543027
inproc,onnx-int8,8,1,0,54,8,0.13280002167448401,60240.954023406666
inproc,onnx-int8,8,1,0,55,8,0.12250000145286322,65306.12167444194
inproc,onnx-int8,8,1,0,56,8,0.1218999968841672,65627.56525417982
inproc,onnx-int8,8,1,0,57,8,0.12159999459981918,65789.47660588051
inproc,onnx-int8,8,1,0,58,8,0.11850002920255065,67510.53188624703
inproc,onnx-int8,8,1,0,59,8,0.11959997937083244,66889.64364446209
inproc,onnx-int8,8,1,0,60,8,0.11820002691820264,67681.87967957232
inproc,onnx-int8,8,1,0,61,8,0.11940003605559468,67001.65480917497
inproc,onnx-int8,8,1,0,62,8,0.12640003114938736,63291.123643356594
inproc,onnx-int8,8,1,0,63,8,0.12059998698532581,66334.99886673629
inproc,onnx-int8,8,1,0,64,8,0.11830002767965198,67624.66718658281
inproc,onnx-int8,8,1,0,65,8,0.12199999764561653,65573.77175726069
inproc,onnx-int8,8,1,0,66,8,0.1210999907925725,66061.11154626668
inproc,onnx-int8,8,1,0,67,8,0.11870003072544932,67396.78120643315
inproc,onnx-int8,8,1,0,68,8,0.1197000383399427,66833.7296374155
inproc,onnx-int8,8,1,0,69,8,0.11959997937083244,66889.64364446209
inproc,onnx-int8,8,1,0,70,8,0.12019998393952847,66555.74932543027
inproc,onnx-int8,8,1,0,71,8,0.1537000061944127,52049.44487693076
inproc,onnx-int8,8,1,0,72,8,0.1256999676115811,63643.61226186137
inproc,onnx-int8,8,1,0,73,8,0.1191999763250351,67114.107289632
inproc,onnx-int8,8,1,0,74,8,0.11989998165518045,66722.27876570611
inproc,onnx-int8,8,1,1,0,8,0.11399999493733048,70175.44171293921
inproc,onnx-int8,8,1,1,1,8,0.11580000864341855,69084.62351358103
inproc,onnx-int8,8,1,1,2,8,0.11359999189153314,70422.54023784185
inproc,onnx-int8,8,1,1,3,8,0.11660001473501325,68610.62597788608
inproc,onnx-int8,8,1,1,4,8,0.1154000055976212,69324.0867586657
inproc,onnx-int8,8,1,1,5,8,0.13260002015158534,60331.81586891602
inproc,onnx-int8,8,1,1,6,8,0.11419999646022916,70052.54157591895
inproc,onnx-int8,8,1,1,7,8,0.12079998850822449,66225.1718629537
inproc,onnx-int8,8,1,1,8,8,0.11670001549646258,68551.83322784131
inproc,onnx-int8,8,1,1,9,8,0.11550000635907054,69264.06545060538
inproc,onnx-int8,8,1,1,10,8,0.11369999265298247,70360.60261161461
inproc,onnx-int8,8,1,1,11,8,0.10979996295645833,72859.76957180246
inproc,onnx-int8,8,1,1,12,8,0.10529998689889908,75973.41875912086
inproc,onnx-int8,8,1,1,13,8,0.10730000212788582,74557.31445806661
inproc,onnx-int8,8,1,1,14,8,0.10559998918324709,75757.583517529
inproc,onnx-int8,8,1,1,15,8,0.10440003825351596,76628.32441280813
inproc,onnx-int8,8,1,1,16,8,0.11259998427703977,71047.96729204587
inproc,onnx-int8,8,1,1,17,8,0.118900032248348,67283.41320623277
inproc,onnx-int8,8,1,1,18,8,0.11790002463385463,67854.09947830345
inproc,onnx-int8,8,1,1,19,8,0.11860002996399999,67453.60859038848
inproc,onnx-int8,8,1,1,20,8,0.11340004857629538,70546.70699384765
inproc,onnx-int8,8,1,1,21,8,0.11070002801716328,72267.37105034567
inproc,onnx-int8,8,1,1,22,8,0.14049996389076114,56939.51641311458
inproc,onnx-int8,8,1,1,23,8,0.11500000255182385,69565.21584766802
inproc,onnx-int8,8,1,1,24,8,0.10870001278817654,73597.0474593189
inproc,onnx-int8,8,1,1,25,8,0.10910001583397388,73327.21208926525
inproc,onnx-int8,8,1,1,26,8,0.10850001126527786,73732.71123853014
inproc,onnx-int8,8,1,1,27,8,0.10870001278817654,73597.0474593189
inproc,onnx-int8,8,1,1,28,8,0.11109997285529971,72007.21831336057
inproc,onnx-int8,8,1,1,29,8,0.10989996371790767,72793.47262146947
inproc,onnx-int8,8,1,1,30,8,0.15189999248832464,52666.23038585665
inproc,onnx-int8,8,1,1,31,8,0.11279998579993844,70921.994743765
inproc,onnx-int8,8,1,1,32,8,0.11219998123124242,71301.2596990736
inproc,onnx-int8,8,1,1,33,8,0.11109997285529971,72007.21831336057
inproc,onnx-int8,8,1,1,34,8,0.11020002420991659,72595.26535820945
inproc,onnx-int8,8,1,1,35,8,0.10990002192556858,72793.43406699334
inproc,onnx-int8,8,1,1,36,8,0.10879995534196496,73529.44194559187
inproc,onnx-int8,8,1,1,37,8,0.1097000204026699,72926.14869746454
inproc,onnx-int8,8,1,1,38,8,0.1097000204026699,72926.14869746454
inproc,onnx-int8,8,1,1,39,8,0.10959996143355966,72992.72641486887
inproc,onnx-int8,8,1,1,40,8,0.1097000204026699,72926.14869746454
inproc,onnx-int8,8,1,1,41,8,0.10820000898092985,73937.14728258472
inproc,onnx-int8,8,1,1,42,8,0.10920001659542322,73260.06212654087
inproc,onnx-int8,8,1,1,43,8,0.10980002116411924,72859.73094706709
inproc,onnx-int8,8,1,1,44,8,0.10919995838776231,73260.10117689325
inproc,onnx-int8,8,1,1,45,8,0.10890001431107521,73461.88198972894
inproc,onnx-int8,8,1,1,46,8,0.10979996295645833,72859.76957180246
inproc,onnx-int8,8,1,1,47,8,0.10960001964122057,72992.6876490376
inproc,onnx-int8,8,1,1,48,8,0.15470001380890608,51712.98827343375
inproc,onnx-int8,8,1,1,49,8,0.1142999972216785,69991.25279490992
inproc,onnx-int8,8,1,1,50,8,0.11239998275414109,71174.38814469267
inproc,onnx-int8,8,1,1,51,8,0.11529994662851095,69384.24720850469
inproc,onnx-int8,8,1,1,52,8,0.11010002344846725,72661.20160041956
inproc,onnx-int8,8,1,1,53,8,0.10930001735687256,73193.03503749149
inproc,onnx-int8,8,1,1,54,8,0.10900001507252455,73394.48526385156
inproc,onnx-int8,8,1,1,55,8,0.10930001735687256,73193.03503749149
inproc,onnx-int8,8,1,1,56,8,0.10880001354962587,73529.40260757449
inproc,onnx-int8,8,1,1,57,8,0.1094000181183219,73126.13048516662
inproc,onnx-int8,8,1,1,58,8,0.10990002192556858,72793.43406699334
inproc,onnx-int8,8,1,1,59,8,0.1088999561034143,73461.9212555328
inproc,onnx-int8,8,1,1,60,8,0.10920001659542322,73260.06212654087
inproc,onnx-int8,8,1,1,61,8,0.10819995077326894,73937.18705809633
inproc,onnx-int8,8,1,1,62,8,0.10920001659542322,73260.06212654087
inproc,onnx-int8,8,1,1,63,8,0.10939995991066098,73126.16939286834
inproc,onnx-int8,8,1,1,64,8,0.10960001964122057,72992.6876490376
inproc,onnx-int8,8,1,1,65,8,0.1370999962091446,58351.56981183343
inproc,onnx-int8,8,1,1,66,8,0.11550000635907054,69264.06545060538
inproc,onnx-int8,8,1,1,67,8,0.10890001431107521,73461.88198972894
inproc,onnx-int8,8,1,1,68,8,0.11059996904805303,72332.75080325015
inproc,onnx-int8,8,1,1,69,8,0.11020002420991659,72595.26535820945
inproc,onnx-int8,8,1,1,70,8,0.10920001659542322,73260.06212654087
inproc,onnx-int8,8,1,1,71,8,0.10930001735687256,73193.03503749149
inproc,onnx-int8,8,1,1,72,8,0.1094000181183219,73126.13048516662
inproc,onnx-int8,8,1,1,73,8,0.10869995458051562,73597.0868697492
inproc,onnx-int8,8,1,1,74,8,0.11160003487020731,71684.56541527189
inproc,onnx-int8,8,1,2,0,8,0.1256999676115811,63643.61226186137
inproc,onnx-int8,8,1,2,1,8,0.11250004172325134,71111.08473790523
inproc,onnx-int8,8,1,2,2,8,0.11710001854225993,68317.6663811791
inproc,onnx-int8,8,1,2,3,8,0.11119997361674905,71942.46311219478
inproc,onnx-int8,8,1,2,4,8,0.11049996828660369,72398.21082346744
inproc,onnx-int8,8,1,2,5,8,0.1097000204026699,72926.14869746454
inproc,onnx-int8,8,1,2,6,8,0.10980002116411924,72859.73094706709
inproc,onnx-int8,8,1,2,7,8,0.10930001735687256,73193.03503749149
inproc,onnx-int8,8,1,2,8,8,0.10840001050382853,73800.73085617876
inproc,onnx-int8,8,1,2,9,8,0.10830000974237919,73868.87608810156
inproc,onnx-int8,8,1,2,10,8,0.11070002801716328,72267.37105034567
inproc,onnx-int8,8,1,2,11,8,0.11039996752515435,72463.78943161573
inproc,onnx-int8,8,1,2,12,8,0.1086000120267272,73664.81688815233
inproc,onnx-int8,8,1,2,13,8,0.1097000204026699,72926.14869746454
inproc,onnx-int8,8,1,2,14,8,0.10979996295645833,72859.76957180246
inproc,onnx-int8,8,1,2,15,8,0.10920001659542322,73260.06212654087
inproc,onnx-int8,8,1,2,16,8,0.10929995914921165,73193.07401642064
inproc,onnx-int8,8,1,2,17,8,0.12989999959245324,61585.83545110937
inproc,onnx-int8,8,1,2,18,8,0.12550002429634333,63745.007579517216
inproc,onnx-int8,8,1,2,19,8,0.11059996904805303,72332.75080325015
inproc,onnx-int8,8,1,2,20,8,0.1107999705709517,72202.18524225269
inproc,onnx-int8,8,1,2,21,8,0.10990002192556858,72793.43406699334
inproc,onnx-int8,8,1,2,22,8,0.10850001126527786,73732.71123853014
inproc,onnx-int8,8,1,2,23,8,0.10990002192556858,72793.43406699334
inproc,onnx-int8,8,1,2,24,8,0.1094000181183219,73126.13048516662
inproc,onnx-int8,8,1,2,25,8,0.10959996143355966,72992.72641486887
inproc,onnx-int8,8,1,2,26,8,0.10910001583397388,73327.21208926525
inproc,onnx-int8,8,1,2,27,8,0.10879995534196496,73529.44194559187
inproc,onnx-int8,8,1,2,28,8,0.10930001735687256,73193.03503749149
inproc,onnx-int8,8,1,2,29,8,0.10979996295645833,72859.76957180246
inproc,onnx-int8,8,1,2,30,8,0.10920001659542322,73260.06212654087
inproc,onnx-int8,8,1,2,31,8,0.1094000181183219,73126.13048516662
inproc,onnx-int8,8,1,2,32,8,0.11329998960718513,70609.00912468103
inproc,onnx-int8,8,1,2,33,8,0.10849995305761695,73732.75079438738
inproc,onnx-int8,8,1,2,34,8,0.10770000517368317,74280.4049739714
inproc,onnx-int8,8,1,2,35,8,0.12349995085969567,64777.3537099504
inproc,onnx-int8,8,1,2,36,8,0.1145999995060265,69808.0282241127
inproc,onnx-int8,8,1,2,37,8,0.11669995728880167,68551.86742015771
inproc,onnx-int8,8,1,2,38,8,0.10910001583397388,73327.21208926525
inproc,onnx-int8,8,1,2,39,8,0.11080002877861261,72202.14731157376
inproc,onnx-int8,8,1,2,40,8,0.12040004367008805,66445.15862403714
inproc,onnx-int8,8,1,2,41,8,0.1105000264942646,72398.17268654892
inproc,onnx-int8,8,1,2,42,8,0.11060002725571394,72332.71273526468
inproc,onnx-int8,8,1,2,43,8,0.11090002954006195,72137.04119988579
inproc,onnx-int8,8,1,2,44,8,0.1175999641418457,68027.23162696401
inproc,onnx-int8,8,1,2,45,8,0.11179997818544507,71556.36458828485
inproc,onnx-int8,8,1,2,46,8,0.11239998275414109,71174.38814469267
inproc,onnx-int8,8,1,2,47,8,0.11750002158805728,68085.09387383058
inproc,onnx-int8,8,1,2,48,8,0.10890001431107521,73461.88198972894
inproc,onnx-int8,8,1,2,49,8,0.11119997361674905,71942.46311219478
inproc,onnx-int8,8,1,2,50,8,0.11049996828660369,72398.21082346744
inproc,onnx-int8,8,1,2,51,8,0.11149997590109706,71748.89443111788
inproc,onnx-int8,8,1,2,52,8,0.14219997683539987,56258.799600651175
inproc,onnx-int8,8,1,2,53,8,0.12809998588636518,62451.216872862366
inproc,onnx-int8,8,1,2,54,8,0.11549994815140963,69264.10035710793
inproc,onnx-int8,8,1,2,55,8,0.11940003605559468,67001.65480917497
inproc,onnx-int8,8,1,2,56,8,0.14399999054148793,55555.5592046731
inproc,onnx-int8,8,1,2,57,8,0.11710001854225993,68317.6663811791
inproc,onnx-int8,8,1,2,58,8,0.11289998656138778,70859.17583922928
inproc,onnx-int8,8,1,2,59,8,0.11180003639310598,71556.3273331216
inproc,onnx-int8,8,1,2,60,8,0.11289998656138778,70859.17583922928
inproc,onnx-int8,8,1,2,61,8,0.11169997742399573,71620.42629277574
inproc,onnx-int8,8,1,2,62,8,0.11010002344846725,72661.20160041956
inproc,onnx-int8,8,1,2,63,8,0.11190003715455532,71492.38019421273
inproc,onnx-int8,8,1,2,64,8,0.11260004248470068,71047.93056438664
inproc,onnx-int8,8,1,2,65,8,0.1221999991685152,65466.44889062485
inproc,onnx-int8,8,1,2,66,8,0.11239998275414109,71174.38814469267
inproc,onnx-int8,8,1,2,67,8,0.11149997590109706,71748.89443111788
inproc,onnx-int8,8,1,2,68,8,0.11189997894689441,71492.41738281869
inproc,onnx-int8,8,1,2,69,8,0.11199997970834374,71428.58436968108
inproc,onnx-int8,8,1,2,70,8,0.11259998427703977,71047.96729204587
inproc,onnx-int8,8,1,2,71,8,0.11359999189153314,70422.54023784185
inproc,onnx-int8,8,1,2,72,8,0.1115999766625464,71684.60280408684
inproc,onnx-int8,8,1,2,73,8,0.12270000297576189,65199.67242038549
inproc,onnx-int8,8,1,2,74,8,0.11160003487020731,71684.56541527189
inproc,onnx-int8,8,4,0,0,8,0.11209998046979308,71364.86524327016
inproc,onnx-int8,8,4,0,1,8,0.11310004629194736,70733.83488588009
inproc,onnx-int8,8,4,0,2,8,0.11110003106296062,72007.18058725279
inproc,onnx-int8,8,4,0,3,8,0.11140003334730864,71813.26396069051
inproc,onnx-int8,8,4,0,4,8,0.1113000325858593,71877.78668284418
inproc,onnx-int8,8,4,0,5,8,0.11169997742399573,71620.42629277574
inproc,onnx-int8,8,4,0,6,8,0.11099997209385037,72072.09019148228
inproc,onnx-int8,8,4,0,7,8,0.1105000264942646,72398.17268654892
inproc,onnx-int8,8,4,0,8,8,0.11490000179037452,69625.76044685651
inproc,onnx-int8,8,4,0,9,8,0.11139997513964772,71813.30148387767
inproc,onnx-int8,8,4,0,10,8,0.11060002725571394,72332.71273526468
inproc,onnx-int8,8,4,0,11,8,0.10960001964122057,72992.6876490376
inproc,onnx-int8,8,4,0,12,8,0.1218999968841672,65627.56525417982
inproc,onnx-int8,8,4,0,13,8,0.11100003030151129,72072.05239736839
inproc,onnx-int8,8,4,0,14,8,0.11199997970834374,71428.58436968108
inproc,onnx-int8,8,4,0,15,8,0.11019996600225568,72595.30370305422
inproc,onnx-int8,8,4,0,16,8,0.11040002573281527,72463.75122557678
inproc,onnx-int8,8,4,0,17,8,0.11070002801716328,72267.37105034567
inproc,onnx-int8,8,4,0,18,8,0.11090002954006195,72137.04119988579
inproc,onnx-int8,8,4,0,19,8,0.11019996600225568,72595.30370305422
inproc,onnx-int8,8,4,0,20,8,0.11070002801716328,72267.37105034567
inproc,onnx-int8,8,4,0,21,8,0.11070002801716328,72267.37105034567
inproc,onnx-int8,8,4,0,22,8,0.109699962195009,72926.1873926514
inproc,onnx-int8,8,4,0,23,8,0.11119997361674905,71942.46311219478
inproc,onnx-int8,8,4,0,24,8,0.11020002420991659,72595.26535820945
inproc,onnx-int8,8,4,0,25,8,0.1105000264942646,72398.17268654892
inproc,onnx-int8,8,4,0,26,8,0.11189997894689441,71492.41738281869
inproc,onnx-int8,8,4,0,27,8,0.11009996524080634,72661.24001495108
inproc,onnx-int8,8,4,0,28,8,0.11740002082660794,68143.08842257762
inproc,onnx-int8,8,4,0,29,8,0.1379000023007393,58013.05196901444
inproc,onnx-int8,8,4,0,30,8,0.11999998241662979,66666.6764352071
inproc,onnx-int8,8,4,0,31,8,0.11100003030151129,72072.05239736839
inproc,onnx-int8,8,4,0,32,8,0.10880001354962587,73529.40260757449
inproc,onnx-int8,8,4,0,33,8,0.109999964479357,72727.29621200296
inproc,onnx-int8,8,4,0,34,8,0.11259998427703977,71047.96729204587
inproc,onnx-int8,8,4,0,35,8,0.11189997894689441,71492.41738281869
inproc,onnx-int8,8,4,0,36,8,0.10919995838776231,73260.10117689325
inproc,onnx-int8,8,4,0,37,8,0.1181000261567533,67739.18906149655
inproc,onnx-int8,8,4,0,38,8,0.1162000116892159,68846.80890907734
inproc,onnx-int8,8,4,0,39,8,0.11389999417588115,70237.05363537268
inproc,onnx-int8,8,4,0,40,8,0.09380001574754715,85287.8321633885
inproc,onnx-int8,8,4,0,41,8,0.08819997310638428,90702.97550261869
inproc,onnx-int8,8,4,0,42,8,0.08800002979114652,90909.06013312352
inproc,onnx-int8,8,4,0,43,8,0.08790002902969718,91012.4841630847
inproc,onnx-int8,8,4,0,44,8,0.0879999715834856,90909.12026500369
inproc,onnx-int8,8,4,0,45,8,0.08780002826824784,91116.14378480939
inproc,onnx-int8,8,4,0,46,8,0.08780002826824784,91116.14378480939
inproc,onnx-int8,8,4,0,47,8,0.08809997234493494,90805.9308881263
inproc,onnx-int8,8,4,0,48,8,0.09869999485090375,81053.70230347836
inproc,onnx-int8,8,4,0,49,8,0.08889997843652964,89988.77323363605
inproc,onnx-int8,8,4,0,50,8,0.08790002902969718,91012.4841630847
inproc,onnx-int8,8,4,0,51,8,0.08940004045143723,89485.41812288843
inproc,onnx-int8,8,4,0,52,8,0.09139999747276306,87527.35471775015
inproc,onnx-int8,8,4,0,53,8,0.08870003512129188,90191.62155979408
inproc,onnx-int8,8,4,0,54,8,0.08940004045143723,89485.41812288843
inproc,onnx-int8,8,4,0,55,8,0.0885000335983932,90395.44590800299
inproc,onnx-int8,8,4,0,56,8,0.0914999982342124,87431.69567634759
inproc,onnx-int8,8,4,0,57,8,0.08749996777623892,91428.60509912603
inproc,onnx-int8,8,4,0,58,8,0.08800002979114652,90909.06013312352
inproc,onnx-int8,8,4,0,59,8,0.08750002598389983,91428.54427805559
inproc,onnx-int8,8,4,0,60,8,0.08819997310638428,90702.97550261869
inproc,onnx-int8,8,4,0,61,8,0.08730002446100116,91638.00410587258
inproc,onnx-int8,8,4,0,62,8,0.08729996625334024,91638.06520594051
inproc,onnx-int8,8,4,0,63,8,0.08720002369955182,91743.09433176355
inproc,onnx-int8,8,4,0,64,8,0.08750002598389983,91428.54427805559
inproc,onnx-int8,8,4,0,65,8,0.08809997234493494,90805.9308881263
inproc,onnx-int8,8,4,0,66,8,0.08699996396899223,91954.0610712355
inproc,onnx-int8,8,4,0,67,8,0.08800002979114652,90909.06013312352
inproc,onnx-int8,8,4,0,68,8,0.08759996853768826,91324.2337131451
inproc,onnx-int8,8,4,0,69,8,0.08729996625334024,91638.06520594051
inproc,onnx-int8,8,4,0,70,8,0.0961000332608819,83246.58929391285
inproc,onnx-int8,8,4,0,71,8,0.08839997462928295,90497.7635293343
inproc,onnx-int8,8,4,0,72,8,0.08739996701478958,91533.21532313921
inproc,onnx-int8,8,4,0,73,8,0.08710002293810248,91848.42586878754
inproc,onnx-int8,8,4,0,74,8,0.08749996777623892,91428.60509912603
inproc,onnx-int8,8,4,1,0,8,0.08779997006058693,91116.20419095301
inproc,onnx-int8,8,4,1,1,8,0.08829997386783361,90600.25331348692
inproc,onnx-int8,8,4,1,2,8,0.08730002446100116,91638.00410587258
inproc,onnx-int8,8,4,1,3,8,0.09550002869218588,83769.60833996677
inproc,onnx-int8,8,4,1,4,8,0.09139999747276306,87527.35471775015
inproc,onnx-int8,8,4,1,5,8,0.0877000275067985,91220.03980420463
inproc,onnx-int8,8,4,1,6,8,0.08739996701478958,91533.21532313921
inproc,onnx-int8,8,4,1,7,8,0.0885000335983932,90395.44590800299
inproc,onnx-int8,8,4,1,8,8,0.08759996853768826,91324.2337131451
inproc,onnx-int8,8,4,1,9,8,0.08739996701478958,91533.21532313921
inproc,onnx-int8,8,4,1,10,8,0.09650003630667925,82901.52321368898
inproc,onnx-int8,8,4,1,11,8,0.08820003131404519,90702.91564313833
inproc,onnx-int8,8,4,1,12,8,0.08709996473044157,91848.48724977713
inproc,onnx-int8,8,4,1,13,8,0.0874000252224505,91533.15436280945
inproc,onnx-int8,8,4,1,14,8,0.08709996473044157,91848.48724977713
inproc,onnx-int8,8,4,1,15,8,0.08710002293810248,91848.42586878754
inproc,onnx-int8,8,4,1,16,8,0.08760002674534917,91324.17303085736
inproc,onnx-int8,8,4,1,17,8,0.09109999518841505,87815.59190485379
inproc,onnx-int8,8,4,1,18,8,0.08719996549189091,91743.1555720507
inproc,onnx-int8,8,4,1,19,8,0.08710002293810248,91848.42586878754
inproc,onnx-int8,8,4,1,20,8,0.08700002217665315,91953.999549058
inproc,onnx-int8,8,4,1,21,8,0.08709996473044157,91848.48724977713
inproc,onnx-int8,8,4,1,22,8,0.08710002293810248,91848.42586878754
inproc,onnx-int8,8,4,1,23,8,0.08709996473044157,91848.48724977713
inproc,onnx-int8,8,4,1,24,8,0.08700002217665315,91953.999549058
inproc,onnx-int8,8,4,1,25,8,0.0868999632075429,92059.87787237178
inproc,onnx-int8,8,4,1,26,8,0.08710002293810248,91848.42586878754
inproc,onnx-int8,8,4,1,27,8,0.08710002293810248,91848.42586878754
inproc,onnx-int8,8,4,1,28,8,0.08709996473044157,91848.48724977713
inproc,onnx-int8,8,4,1,29,8,0.08710002293810248,91848.42586878754
inproc,onnx-int8,8,4,1,30,8,0.08729996625334024,91638.06520594051
inproc,onnx-int8,8,4,1,31,8,0.08710002293810248,91848.42586878754
inproc,onnx-int8,8,4,1,32,8,0.09620003402233124,83160.05374949174
inproc,onnx-int8,8,4,1,33,8,0.0885000335983932,90395.44590800299
inproc,onnx-int8,8,4,1,34,8,0.08729996625334024,91638.06520594051
inproc,onnx-int8,8,4,1,35,8,0.08710002293810248,91848.42586878754
inproc,onnx-int8,8,4,1,36,8,0.08710002293810248,91848.42586878754
inproc,onnx-int8,8,4,1,37,8,0.08699996396899223,91954.0610712355
inproc,onnx-int8,8,4,1,38,8,0.08720002369955182,91743.09433176355
inproc,onnx-int8,8,4,1,39,8,0.08719996549189091,91743.1555720507
inproc,onnx-int8,8,4,1,40,8,0.08710002293810248,91848.42586878754
inproc,onnx-int8,8,4,1,41,8,0.08710002293810248,91848.42586878754
inproc,onnx-int8,8,4,1,42,8,0.08729996625334024,91638.06520594051
inproc,onnx-int8,8,4,1,43,8,0.08710002293810248,91848.42586878754
inproc,onnx-int8,8,4,1,44,8,0.08719996549189091,91743.1555720507
inproc,onnx-int8,8,4,1,45,8,0.08760002674534917,91324.17303085736
inproc,onnx-int8,8,4,1,46,8,0.08710002293810248,91848.42586878754
inproc,onnx-int8,8,4,1,47,8,0.08700002217665315,91953.999549058
inproc,onnx-int8,8,4,1,48,8,0.08710002293810248,91848.42586878754
inproc,onnx-int8,8,4,1,49,8,0.08699996396899223,91954.0610712355
inproc,onnx-int8,8,4,1,50,8,0.08700002217665315,91953.999549058
inproc,onnx-int8,8,4,1,51,8,0.08719996549189091,91743.1555720507
inproc,onnx-int8,8,4,1,52,8,0.08720002369955182,91743.09433176355
inproc,onnx-int8,8,4,1,53,8,0.08730002446100116,91638.00410587258
inproc,onnx-int8,8,4,1,54,8,0.08709996473044157,91848.48724977713
inproc,onnx-int8,8,4,1,55,8,0.09280000813305378,86206.88899649499
inproc,onnx-int8,8,4,1,56,8,0.08859997615218163,90293.47802824451
inproc,onnx-int8,8,4,1,57,8,0.08789997082203627,91012.54443186258
inproc,onnx-int8,8,4,1,58,8,0.0874000252224505,91533.15436280945
inproc,onnx-int8,8,4,1,59,8,0.08750002598389983,91428.54427805559
inproc,onnx-int8,8,4,1,60,8,0.08739996701478958,91533.21532313921
inproc,onnx-int8,8,4,1,61,8,0.08750002598389983,91428.54427805559
inproc,onnx-int8,8,4,1,62,8,0.08709996473044157,91848.48724977713
inproc,onnx-int8,8,4,1,63,8,0.08720002369955182,91743.09433176355
inproc,onnx-int8,8,4,1,64,8,0.08720002369955182,91743.09433176355
inproc,onnx-int8,8,4,1,65,8,0.08709996473044157,91848.48724977713
inproc,onnx-int8,8,4,1,66,8,0.36780000664293766,21750.95121128273
inproc,onnx-int8,8,4,1,67,8,0.14749995898455381,54237.30321740469
inproc,onnx-int8,8,4,1,68,8,0.09889999637380242,80889.79063015533
inproc,onnx-int8,8,4,1,69,8,0.08909997995942831,89786.77664846616
inproc,onnx-int8,8,4,1,70,8,0.08789997082203627,91012.54443186258
inproc,onnx-int8,8,4,1,71,8,0.08730002446100116,91638.00410587258
inproc,onnx-int8,8,4,1,72,8,0.08729996625334024,91638.06520594051
inproc,onnx-int8,8,4,1,73,8,0.08730002446100116,91638.00410587258
inproc,onnx-int8,8,4,1,74,8,0.08750002598389983,91428.54427805559
inproc,onnx-int8,8,4,2,0,8,0.10279996786266565,77821.03600156278
inproc,onnx-int8,8,4,2,1,8,0.08949998300522566,89385.49183336608
inproc,onnx-int8,8,4,2,2,8,0.08749996777623892,91428.60509912603
inproc,onnx-int8,8,4,2,3,8,0.08720002369955182,91743.09433176355
inproc,onnx-int8,8,4,2,4,8,0.08759996853768826,91324.2337131451
inproc,onnx-int8,8,4,2,5,8,0.08710002293810248,91848.42586878754
inproc,onnx-int8,8,4,2,6,8,0.0947999651543796,84388.21667257135
inproc,onnx-int8,8,4,2,7,8,0.0879999715834856,90909.12026500369
inproc,onnx-int8,8,4,2,8,8,0.08789997082203627,91012.54443186258
inproc,onnx-int8,8,4,2,9,8,0.08720002369955182,91743.09433176355
inproc,onnx-int8,8,4,2,10,8,0.08729996625334024,91638.06520594051
inproc,onnx-int8,8,4,2,11,8,0.08690002141520381,92059.81620851868
inproc,onnx-int8,8,4,2,12,8,0.08729996625334024,91638.06520594051
inproc,onnx-int8,8,4,2,13,8,0.08710002293810248,91848.42586878754
inproc,onnx-int8,8,4,2,14,8,0.08750002598389983,91428.54427805559
inproc,onnx-int8,8,4,2,15,8,0.08699996396899223,91954.0610712355
inproc,onnx-int8,8,4,2,16,8,0.08710002293810248,91848.42586878754
inproc,onnx-int8,8,4,2,17,8,0.08699996396899223,91954.0610712355
inproc,onnx-int8,8,4,2,18,8,0.08710002293810248,91848.42586878754
inproc,onnx-int8,8,4,2,19,8,0.08720002369955182,91743.09433176355
inproc,onnx-int8,8,4,2,20,8,0.08690002141520381,92059.81620851868
inproc,onnx-int8,8,4,2,21,8,0.08720002369955182,91743.09433176355
inproc,onnx-int8,8,4,2,22,8,0.09409995982423425,85015.97678620584
inproc,onnx-int8,8,4,2,23,8,0.08820003131404519,90702.91564313833
inproc,onnx-int8,8,4,2,24,8,0.08720002369955182,91743.09433176355
inproc,onnx-int8,8,4,2,25,8,0.08759996853768826,91324.2337131451
inproc,onnx-int8,8,4,2,26,8,0.08680002065375447,92165.87668696558
inproc,onnx-int8,8,4,2,27,8,0.08709996473044157,91848.48724977713
inproc,onnx-int8,8,4,2,28,8,0.08700002217665315,91953.999549058
inproc,onnx-int8,8,4,2,29,8,0.08719996549189091,91743.1555720507
inproc,onnx-int8,8,4,2,30,8,0.08700002217665315,91953.999549058
inproc,onnx-int8,8,4,2,31,8,0.08710002293810248,91848.42586878754
inproc,onnx-int8,8,4,2,32,8,0.08699996396899223,91954.0610712355
inproc,onnx-int8,8,4,2,33,8,0.08750002598389983,91428.54427805559
inproc,onnx-int8,8,4,2,34,8,0.08839997462928295,90497.7635293343
inproc,onnx-int8,8,4,2,35,8,0.08710002293810248,91848.42586878754
inproc,onnx-int8,8,4,2,36,8,0.08780002826824784,91116.14378480939
inproc,onnx-int8,8,4,2,37,8,0.08719996549189091,91743.1555720507
inproc,onnx-int8,8,4,2,38,8,0.08700002217665315,91953.999549058
inproc,onnx-int8,8,4,2,39,8,0.0868999632075429,92059.87787237178
inproc,onnx-int8,8,4,2,40,8,0.08700002217665315,91953.999549058
inproc,onnx-int8,8,4,2,41,8,0.08710002293810248,91848.42586878754
inproc,onnx-int8,8,4,2,42,8,0.08719996549189091,91743.1555720507
inproc,onnx-int8,8,4,2,43,8,0.08710002293810248,91848.42586878754
inproc,onnx-int8,8,4,2,44,8,0.09310001041740179,85929.09887048391
inproc,onnx-int8,8,4,2,45,8,0.08830003207549453,90600.19358951287
inproc,onnx-int8,8,4,2,46,8,0.08709996473044157,91848.48724977713
inproc,onnx-int8,8,4,2,47,8,0.08690002141520381,92059.81620851868
inproc,onnx-int8,8,4,2,48,8,0.08709996473044157,91848.48724977713
inproc,onnx-int8,8,4,2,49,8,0.08700002217665315,91953.999549058
inproc,onnx-int8,8,4,2,50,8,0.08700002217665315,91953.999549058
inproc,onnx-int8,8,4,2,51,8,0.0868999632075429,92059.87787237178
inproc,onnx-int8,8,4,2,52,8,0.08690002141520381,92059.81620851868
inproc,onnx-int8,8,4,2,53,8,0.08699996396899223,91954.0610712355
inproc,onnx-int8,8,4,2,54,8,0.08700002217665315,91953.999549058
inproc,onnx-int8,8,4,2,55,8,0.08699996396899223,91954.0610712355
inproc,onnx-int8,8,4,2,56,8,0.08720002369955182,91743.09433176355
inproc,onnx-int8,8,4,2,57,8,0.08680002065375447,92165.87668696558
inproc,onnx-int8,8,4,2,58,8,0.08680002065375447,92165.87668696558
inproc,onnx-int8,8,4,2,59,8,0.08700002217665315,91953.999549058
inproc,onnx-int8,8,4,2,60,8,0.08699996396899223,91954.0610712355
inproc,onnx-int8,8,4,2,61,8,0.08670001989230514,92272.18182806924
inproc,onnx-int8,8,4,2,62,8,0.08719996549189091,91743.1555720507
inproc,onnx-int8,8,4,2,63,8,0.08710002293810248,91848.42586878754
inproc,onnx-int8,8,4,2,64,8,0.08699996396899223,91954.0610712355
inproc,onnx-int8,8,4,2,65,8,0.08710002293810248,91848.42586878754
inproc,onnx-int8,8,4,2,66,8,0.08690002141520381,92059.81620851868
inproc,onnx-int8,8,4,2,67,8,0.09300000965595245,86021.49644495183
inproc,onnx-int8,8,4,2,68,8,0.08790002902969718,91012.4841630847
inproc,onnx-int8,8,4,2,69,8,0.08709996473044157,91848.48724977713
inproc,onnx-int8,8,4,2,70,8,0.08800002979114652,90909.06013312352
inproc,onnx-int8,8,4,2,71,8,0.08700002217665315,91953.999549058
inproc,onnx-int8,8,4,2,72,8,0.08680002065375447,92165.87668696558
inproc,onnx-int8,8,4,2,73,8,0.08680002065375447,92165.87668696558
inproc,onnx-int8,8,4,2,74,8,0.08669996168464422,92272.24377674566
inproc,onnx-int8,32,1,0,0,32,0.27279998175799847,117302.06062985474
inproc,onnx-int8,32,1,0,1,32,0.2843000111170113,112557.15353042861
inproc,onnx-int8,32,1,0,2,32,0.2726000384427607,117388.09789903685
inproc,onnx-int8,32,1,0,3,32,0.2709999680519104,118081.19473235642
inproc,onnx-int8,32,1,0,4,32,0.2806999837048352,114000.71912241007
inproc,onnx-int8,32,1,0,5,32,0.2709999680519104,118081.19473235642
inproc,onnx-int8,32,1,0,6,32,0.2707000239752233,118212.0323821209
inproc,onnx-int8,32,1,0,7,32,0.2709999680519104,118081.19473235642
inproc,onnx-int8,32,1,0,8,32,0.27929997304454446,114572.15570477855
inproc,onnx-int8,32,1,0,9,32,0.27279998175799847,117302.06062985474
inproc,onnx-int8,32,1,0,10,32,0.27060002321377397,118255.71786710457
inproc,onnx-int8,32,1,0,11,32,0.271500030066818,117863.70702104372
inproc,onnx-int8,32,1,0,12,32,0.2709999680519104,118081.19473235642
inproc,onnx-int8,32,1,0,13,32,0.2713000285439193,117950.59577304721
inproc,onnx-int8,32,1,0,14,32,0.27160003082826734,117820.31063256247
inproc,onnx-int8,32,1,0,15,32,0.27599994791671634,115942.05086464755
inproc,onnx-int8,32,1,0,16,32,0.2817999920807779,113555.71646299837
inproc,onnx-int8,32,1,0,17,32,0.2801999798975885,114204.14809342891
inproc,onnx-int8,32,1,0,18,32,0.3752000047825277,85287.84539474551
inproc,onnx-int8,32,1,0,19,32,0.2809999859891832,113879.00923678982
inproc,onnx-int8,32,1,0,20,32,0.28439995367079973,112517.59920130235
inproc,onnx-int8,32,1,0,21,32,0.2717000315897167,117776.94618866264
inproc,onnx-int8,32,1,0,22,32,0.28360000578686595,112834.97654104061
inproc,onnx-int8,32,1,0,23,32,0.27359998784959316,116959.06952156534
inproc,onnx-int8,32,1,0,24,32,0.27060002321377397,118255.71786710457
inproc,onnx-int8,32,1,0,25,32,0.27060002321377397,118255.71786710457
inproc,onnx-int8,32,1,0,26,32,0.2698999596759677,118562.44824348275
inproc,onnx-int8,32,1,0,27,32,0.2704000216908753,118343.18577304999
inproc,onnx-int8,32,1,0,28,32,0.2698999596759677,118562.44824348275
inproc,onnx-int8,32,1,0,29,32,0.2713000285439193,117950.59577304721
inproc,onnx-int8,32,1,0,30,32,0.27920003049075603,114613.16799913273
inproc,onnx-int8,32,1,0,31,32,0.27249997947365046,117431.20150617941
inproc,onnx-int8,32,1,0,32,32,0.2709999680519104,118081.19473235642
inproc,onnx-int8,32,1,0,33,32,0.2728999825194478,117259.07676714331
inproc,onnx-int8,32,1,0,34,32,0.2704000216908753,118343.18577304999
inproc,onnx-int8,32,1,0,35,32,0.2701999619603157,118430.80867901766
inproc,onnx-int8,32,1,0,36,32,0.271800032351166,117733.61365408506
inproc,onnx-int8,32,1,0,37,32,0.27920003049075603,114613.16799913273
inproc,onnx-int8,32,1,0,38,32,0.2723999787122011,117474.31167683378
inproc,onnx-int8,32,1,0,39,32,0.27089996729046106,118124.7835504142
inproc,onnx-int8,32,1,0,40,32,0.27219997718930244,117560.6270449666
inproc,onnx-int8,32,1,0,41,32,0.27080002473667264,118168.37916140136
inproc,onnx-int8,32,1,0,42,32,0.2806999837048352,114000.71912241007
inproc,onnx-int8,32,1,0,43,32,0.2717999741435051,117733.63886747326
inproc,onnx-int8,32,1,0,44,32,0.28059998294338584,114041.34691788757
inproc,onnx-int8,32,1,0,45,32,0.2734999870881438,117001.83367718775
inproc,onnx-int8,32,1,0,46,32,0.27169997338205576,117776.97142061412
inproc,onnx-int8,32,1,0,47,32,0.2717000315897167,117776.94618866264
inproc,onnx-int8,32,1,0,48,32,0.2742999931797385,116660.59349491706
inproc,onnx-int8,32,1,0,49,32,0.2744999947026372,116575.59423513012
inproc,onnx-int8,32,1,0,50,32,0.27110002702102065,118037.61272778764
inproc,onnx-int8,32,1,0,51,32,0.27220003539696336,117560.60190562705
inproc,onnx-int8,32,1,0,52,32,0.2801999798975885,114204.14809342891
inproc,onnx-int8,32,1,0,53,32,0.27379998937249184,116873.63492357747
inproc,onnx-int8,32,1,0,54,32,0.27220003539696336,117560.60190562705
inproc,onnx-int8,32,1,0,55,32,0.27379998937249184,116873.63492357747
inproc,onnx-int8,32,1,0,56,32,0.2720999764278531,117603.83231229258
inproc,onnx-int8,32,1,0,57,32,0.2749999985098839,116363.63699416484
inproc,onnx-int8,32,1,0,58,32,0.2756000030785799,116110.3034925441
inproc,onnx-int8,32,1,0,59,32,0.27980003505945206,114367.39095904911
inproc,onnx-int8,32,1,0,60,32,0.2804999821819365,114082.00368171261
inproc,onnx-int8,32,1,0,61,32,0.27189997490495443,117690.33818846782
inproc,onnx-int8,32,1,0,62,32,0.27359998784959316,116959.06952156534
inproc,onnx-int8,32,1,0,63,32,0.27220003539696336,117560.60190562705
inproc,onnx-int8,32,1,0,64,32,0.27140002930536866,117907.13538941757
inproc,onnx-int8,32,1,0,65,32,0.2733999863266945,117044.62911626544
inproc,onnx-int8,32,1,0,66,32,0.28029998065903783,114163.40423842342
inproc,onnx-int8,32,1,0,67,32,0.2780999639071524,115066.53776727439
inproc,onnx-int8,32,1,0,68,32,0.2720999764278531,117603.83231229258
inproc,onnx-int8,32,1,0,69,32,0.272100034635514,117603.80715447148
inproc,onnx-int8,32,1,0,70,32,0.27190003311261535,117690.31299362241
inproc,onnx-int8,32,1,0,71,32,0.27279998175799847,117302.06062985474
inproc,onnx-int8,32,1,0,72,32,0.2722999779507518,117517.45351146346
inproc,onnx-int8,32,1,0,73,32,0.28390000807121396,112715.74177614348
inproc,onnx-int8,32,1,0,74,32,0.2778000198304653,115190.77651444673
inproc,onnx-int8,32,1,1,0,32,0.2885999856516719,110880.11639273836
inproc,onnx-int8,32,1,1,1,32,0.2772999578155577,115398.50294995127
inproc,onnx-int8,32,1,1,2,32,0.2720999764278531,117603.83231229258
inproc,onnx-int8,32,1,1,3,32,0.27110002702102065,118037.61272778764
inproc,onnx-int8,32,1,1,4,32,0.27199997566640377,117647.06934844222
inproc,onnx-int8,32,1,1,5,32,0.27189997490495443,117690.33818846782
inproc,onnx-int8,32,1,1,6,32,0.2736999886110425,116916.33661510848
inproc,onnx-int8,32,1,1,7,32,0.28229999588802457,113354.58896957593
inproc,onnx-int8,32,1,1,8,32,0.27329998556524515,117087.45587313839
inproc,onnx-int8,32,1,1,9,32,0.2747999969869852,116448.32733209801
inproc,onnx-int8,32,1,1,10,32,0.2720999764278531,117603.83231229258
inproc,onnx-int8,32,1,1,11,32,0.27219997718930244,117560.6270449666
inproc,onnx-int8,32,1,1,12,32,0.27219997718930244,117560.6270449666
inproc,onnx-int8,32,1,1,13,32,0.27329998556524515,117087.45587313839
inproc,onnx-int8,32,1,1,14,32,0.2818999928422272,113515.43388619256
inproc,onnx-int8,32,1,1,15,32,0.2767000114545226,115648.7122345472
inproc,onnx-int8,32,1,1,16,32,0.27219997718930244,117560.6270449666
inproc,onnx-int8,32,1,1,17,32,0.27219997718930244,117560.6270449666
inproc,onnx-int8,32,1,1,18,32,0.2730999840423465,117173.2034778813
inproc,onnx-int8,32,1,1,19,32,0.2728999825194478,117259.07676714331
inproc,onnx-int8,32,1,1,20,32,0.2750999992713332,116321.3380034878
inproc,onnx-int8,32,1,1,21,32,0.2733999863266945,117044.62911626544
inproc,onnx-int8,32,1,1,22,32,0.2809999859891832,113879.00923678982
inproc,onnx-int8,32,1,1,23,32,0.27459999546408653,116533.14103635923
inproc,onnx-int8,32,1,1,24,32,0.27240003691986203,117474.28657439628
inproc,onnx-int8,32,1,1,25,32,0.2739999908953905,116788.32504858427
inproc,onnx-int8,32,1,1,26,32,0.2770000137388706,115523.45997414488
inproc,onnx-int8,32,1,1,27,32,0.2734999870881438,117001.83367718775
inproc,onnx-int8,32,1,1,28,32,0.2958999830298126,108144.64966284209
inproc,onnx-int8,32,1,1,29,32,0.3828000044450164,83594.56538249944
inproc,onnx-int8,32,1,1,30,32,0.3480999730527401,91927.61412581819
inproc,onnx-int8,32,1,1,31,32,0.2829000004567206,113114.17443739281
inproc,onnx-int8,32,1,1,32,32,0.2717000315897167,117776.94618866264
inproc,onnx-int8,32,1,1,33,32,0.2709999680519104,118081.19473235642
inproc,onnx-int8,32,1,1,34,32,0.27979997685179114,114367.41475125376
inproc,onnx-int8,32,1,1,35,32,0.2899999963119626,110344.82898950294
inproc,onnx-int8,32,1,1,36,32,0.30779995722696185,103963.62718271668
inproc,onnx-int8,32,1,1,37,32,0.3293000045232475,97175.82617810412
inproc,onnx-int8,32,1,1,38,32,0.3434999962337315,93158.66186567841
inproc,onnx-int8,32,1,1,39,32,0.3402999718673527,94034.68306037194
inproc,onnx-int8,32,1,1,40,32,0.33409998286515474,95779.71158686183
inproc,onnx-int8,32,1,1,41,32,0.36890001501888037,86744.37163783317
inproc,onnx-int8,32,1,1,42,32,0.3425999893806875,93403.38876789193
inproc,onnx-int8,32,1,1,43,32,0.3415999817661941,93676.8199885391
inproc,onnx-int8,32,1,1,44,32,0.33629999961704016,95153.13718834323
inproc,onnx-int8,32,1,1,45,32,0.33379998058080673,95865.79347404545
inproc,onnx-int8,32,1,1,46,32,0.3409999771974981,93841.64850388379
inproc,onnx-int8,32,1,1,47,32,0.34329999471083283,93212.93473061112
inproc,onnx-int8,32,1,1,48,32,0.2835000050254166,112874.77754058983
inproc,onnx-int8,32,1,1,49,32,0.2725999802350998,117388.12296465346
inproc,onnx-int8,32,1,1,50,32,0.2710000262595713,118081.16936988602
inproc,onnx-int8,32,1,1,51,32,0.27030002092942595,118386.96826573701
inproc,onnx-int8,32,1,1,52,32,0.27089996729046106,118124.7835504142
inproc,onnx-int8,32,1,1,53,32,0.27140002930536866,117907.13538941757
inproc,onnx-int8,32,1,1,54,32,0.29500003438442945,108474.56362767464
inproc,onnx-int8,32,1,1,55,32,0.278300023637712,114983.82063257479
inproc,onnx-int8,32,1,1,56,32,0.2712999703362584,117950.62107945723
inproc,onnx-int8,32,1,1,57,32,0.27030002092942595,118386.96826573701
inproc,onnx-int8,32,1,1,58,32,0.27060002321377397,118255.71786710457
inproc,onnx-int8,32,1,1,59,32,0.2706999657675624,118212.05780083817
inproc,onnx-int8,32,1,1,60,32,0.2704000216908753,118343.18577304999
inproc,onnx-int8,32,1,1,61,32,0.2783999661915004,114942.5426940909
inproc,onnx-int8,32,1,1,62,32,0.27359998784959316,116959.06952156534
inproc,onnx-int8,32,1,1,63,32,0.270900025498122,118124.75816921561
inproc,onnx-int8,32,1,1,64,32,0.27080002473667264,118168.37916140136
inproc,onnx-int8,32,1,1,65,32,0.27050002245232463,118299.43565213555
inproc,onnx-int8,32,1,1,66,32,0.27089996729046106,118124.7835504142
inproc,onnx-int8,32,1,1,67,32,0.270900025498122,118124.75816921561
inproc,onnx-int8,32,1,1,68,32,0.2704999642446637,118299.46110845477
inproc,onnx-int8,32,1,1,69,32,0.27899997076019645,114695.35252211317
inproc,onnx-int8,32,1,1,70,32,0.27459999546408653,116533.14103635923
inproc,onnx-int8,32,1,1,71,32,0.2738999901339412,116830.96441278265
inproc,onnx-int8,32,1,1,72,32,0.27120002778247,117994.08820734803
inproc,onnx-int8,32,1,1,73,32,0.27060002321377397,118255.71786710457
inproc,onnx-int8,32,1,1,74,32,0.27329998556524515,117087.45587313839
inproc,onnx-int8,32,1,2,0,32,0.26240001898258924,121951.21068997812
inproc,onnx-int8,32,1,2,1,32,0.2644999767653644,120982.9973950694
inproc,onnx-int8,32,1,2,2,32,0.26329996762797236,121534.386381749
inproc,onnx-int8,32,1,2,3,32,0.27050002245232463,118299.43565213555
inproc,onnx-int8,32,1,2,4,32,0.26460003573447466,120937.24746171955
inproc,onnx-int8,32,1,2,5,32,0.26269996305927634,121811.96992699779
inproc,onnx-int8,32,1,2,6,32,0.2630999661050737,121626.77355579828
inproc,onnx-int8,32,1,2,7,32,0.2631000243127346,121626.74664736293
inproc,onnx-int8,32,1,2,8,32,0.2627999638207257,121765.61798094252
inproc,onnx-int8,32,1,2,9,32,0.2626000205054879,121858.33016464388
inproc,onnx-int8,32,1,2,10,32,0.271500030066818,117863.70702104372
inproc,onnx-int8,32,1,2,11,32,0.2646999782882631,120891.58528434565
inproc,onnx-int8,32,1,2,12,32,0.2630999661050737,121626.77355579828
inproc,onnx-int8,32,1,2,13,32,0.26409997371956706,121166.23697198472
inproc,onnx-int8,32,1,2,14,32,0.2645000349730253,120982.97077073535
inproc,onnx-int8,32,1,2,15,32,0.265000038780272,120754.699309811
inproc,onnx-int8,32,1,2,16,32,0.2655000425875187,120527.28763480936
inproc,onnx-int8,32,1,2,17,32,0.2658000448718667,120391.2513085772
inproc,onnx-int8,32,1,2,18,32,0.27680001221597195,115606.931314122
inproc,onnx-int8,32,1,2,19,32,0.2686000079847872,119136.25855816204
inproc,onnx-int8,32,1,2,20,32,0.26530004106462,120618.14944161903
inproc,onnx-int8,32,1,2,21,32,0.26429997524246573,121074.54785284626
inproc,onnx-int8,32,1,2,22,32,0.2646999782882631,120891.58528434565
inproc,onnx-int8,32,1,2,23,32,0.2680000034160912,119402.98355264372
inproc,onnx-int8,32,1,2,24,32,0.2654999843798578,120527.31405895964
inproc,onnx-int8,32,1,2,25,32,0.33769995206966996,94758.67498316425
inproc,onnx-int8,32,1,2,26,32,0.3132999991066754,102138.5256662715
inproc,onnx-int8,32,1,2,27,32,0.3380000125616789,94674.55269446352
inproc,onnx-int8,32,1,2,28,32,0.34169998252764344,93649.40484716358
inproc,onnx-int8,32,1,2,29,32,0.3304000128991902,96852.29646090741
inproc,onnx-int8,32,1,2,30,32,0.32700004521757364,97859.3136851354
inproc,onnx-int8,32,1,2,31,32,0.37129997508600354,86183.68474866688
inproc,onnx-int8,32,1,2,32,32,0.33760000951588154,94786.72718608037
inproc,onnx-int8,32,1,2,33,32,0.5044999998062849,63429.13778451374
inproc,onnx-int8,32,1,2,34,32,0.2734999870881438,117001.83367718775
inproc,onnx-int8,32,1,2,35,32,0.2636999706737697,121350.03245634811
inproc,onnx-int8,32,1,2,36,32,0.2636999706737697,121350.03245634811
inproc,onnx-int8,32,1,2,37,32,0.2924000145867467,109439.11902749416
inproc,onnx-int8,32,1,2,38,32,0.28270005714148283,113194.1759176404
inproc,onnx-int8,32,1,2,39,32,0.26760000037029386,119581.46470747278
inproc,onnx-int8,32,1,2,40,32,0.2530000056140125,126482.21063212368
inproc,onnx-int8,32,1,2,41,32,0.24810002651065588,128980.23611708725
inproc,onnx-int8,32,1,2,42,32,0.24799996754154563,129032.27495237181
inproc,onnx-int8,32,1,2,43,32,0.25159999495372176,127186.01208988873
inproc,onnx-int8,32,1,2,44,32,0.3344999859109521,95665.17592774663
inproc,onnx-int8,32,1,2,45,32,0.2869999734684825,111498.26814710193
inproc,onnx-int8,32,1,2,46,32,0.2481999690644443,128928.29971179934
inproc,onnx-int8,32,1,2,47,32,0.24860003031790257,128720.8209873479
inproc,onnx-int8,32,1,2,48,32,0.2471000188961625,129502.21591624881
inproc,onnx-int8,32,1,2,49,32,0.24730002041906118,129397.48223948602
inproc,onnx-int8,32,1,2,50,32,0.24810002651065588,128980.23611708725
inproc,onnx-int8,32,1,2,51,32,0.24729996221140027,129397.51269612137
inproc,onnx-int8,32,1,2,52,32,0.25949999690055847,123314.06698344793
inproc,onnx-int8,32,1,2,53,32,0.25729998014867306,124368.45110329881
inproc,onnx-int8,32,1,2,54,32,0.2777999616228044,115190.80065046756
inproc,onnx-int8,32,1,2,55,32,0.2533000078983605,126332.40822021752
inproc,onnx-int8,32,1,2,56,32,0.25759998243302107,124223.61095587561
inproc,onnx-int8,32,1,2,57,32,0.2539000124670565,126033.8654144493
inproc,onnx-int8,32,1,2,58,32,0.2523000002838671,126833.13501385748
inproc,onnx-int8,32,1,2,59,32,0.2505999873392284,127693.5419660765
inproc,onnx-int8,32,1,2,60,32,0.2690000110305846,118959.10292866749
inproc,onnx-int8,32,1,2,61,32,0.26490003801882267,120800.28466332729
inproc,onnx-int8,32,1,2,62,32,0.25810004444792867,123982.93099269868
inproc,onnx-int8,32,1,2,63,32,0.2492000348865986,128410.89695096543
inproc,onnx-int8,32,1,2,64,32,0.24730002041906118,129397.48223948602
inproc,onnx-int8,32,1,2,65,32,0.24839997058734298,128824.491904471
inproc,onnx-int8,32,1,2,66,32,0.248699972871691,128669.09324718505
inproc,onnx-int8,32,1,2,67,32,0.24700001813471317,129554.64635855728
inproc,onnx-int8,32,1,2,68,32,0.2590999938547611,123504.44136998955
inproc,onnx-int8,32,1,2,69,32,0.24829996982589364,128876.37490426679
inproc,onnx-int8,32,1,2,70,32,0.2470999606885016,129502.24642220701
inproc,onnx-int8,32,1,2,71,32,0.24690001737326384,129607.11927218032
inproc,onnx-int8,32,1,2,72,32,0.2470999606885016,129502.24642220701
inproc,onnx-int8,32,1,2,73,32,0.24660001508891582,129764.79335762351
inproc,onnx-int8,32,1,2,74,32,0.24699995992705226,129554.67688922185
inproc,onnx-int8,32,4,0,0,32,0.28689997270703316,111537.13155865888
inproc,onnx-int8,32,4,0,1,32,0.2538999542593956,126033.8943082572
inproc,onnx-int8,32,4,0,2,32,0.24910003412514925,128462.44727498922
inproc,onnx-int8,32,4,0,3,32,0.24880003184080124,128617.34688392533
inproc,onnx-int8,32,4,0,4,32,0.25129999266937375,127337.84692982954
inproc,onnx-int8,32,4,0,5,32,0.2479000249877572,129084.2951773819
inproc,onnx-int8,32,4,0,6,32,0.2606000052765012,122793.55085218605
inproc,onnx-int8,32,4,0,7,32,0.25050004478543997,127744.48813934888
inproc,onnx-int8,32,4,0,8,32,0.25100004859268665,127490.01515903443
inproc,onnx-int8,32,4,0,9,32,0.24780002422630787,129136.38769774865
inproc,onnx-int8,32,4,0,10,32,0.24849997134879231,128772.65066193946
inproc,onnx-int8,32,4,0,11,32,0.24829996982589364,128876.37490426679
inproc,onnx-int8,32,4,0,12,32,0.25099999038502574,127490.04472435657
inproc,onnx-int8,32,4,0,13,32,0.24830002803355455,128876.34469246057
inproc,onnx-int8,32,4,0,14,32,0.2571000368334353,124465.170811047
inproc,onnx-int8,32,4,0,15,32,0.249299977440387,128359.4179532242
inproc,onnx-int8,32,4,0,16,32,0.24749996373429894,129292.94823797741
inproc,onnx-int8,32,4,0,17,32,0.2476000227034092,129240.69897332604
inproc,onnx-int8,32,4,0,18,32,0.24730002041906118,129397.48223948602
inproc,onnx-int8,32,4,0,19,32,0.24750002194195986,129292.9178305454
inproc,onnx-int8,32,4,0,20,32,0.24730002041906118,129397.48223948602
inproc,onnx-int8,32,4,0,21,32,0.24749996373429894,129292.94823797741
inproc,onnx-int8,32,4,0,22,32,0.25730003835633397,124368.42296806542
inproc,onnx-int8,32,4,0,23,32,0.24960003793239594,128205.10872144654
inproc,onnx-int8,32,4,0,24,32,0.24850002955645323,128772.62049874473
inproc,onnx-int8,32,4,0,25,32,0.27359998784959316,116959.06952156534
inproc,onnx-int8,32,4,0,26,32,0.24959997972473502,128205.13861936361
inproc,onnx-int8,32,4,0,27,32,0.24809996830299497,128980.26637762254
inproc,onnx-int8,32,4,0,28,32,0.24780002422630787,129136.38769774865
inproc,onnx-int8,32,4,0,29,32,0.25590002769604325,125048.83367191127
inproc,onnx-int8,32,4,0,30,32,0.25159999495372176,127186.01208988873
inproc,onnx-int8,32,4,0,31,32,0.24830002803355455,128876.34469246057
inproc,onnx-int8,32,4,0,32,32,0.24809996830299497,128980.26637762254
inproc,onnx-int8,32,4,0,33,32,0.2484000287950039,128824.4617169852
inproc,onnx-int8,32,4,0,34,32,0.25240000104531646,126782.88378554583
inproc,onnx-int8,32,4,0,35,32,0.24810002651065588,128980.23611708725
inproc,onnx-int8,32,4,0,36,32,0.2514999941922724,127236.58345509111
inproc,onnx-int8,32,4,0,37,32,0.25969999842345715,123219.09970835653
inproc,onnx-int8,32,4,0,38,32,0.25460001779720187,125687.34392426145
inproc,onnx-int8,32,4,0,39,32,0.25159999495372176,127186.01208988873
inproc,onnx-int8,32,4,0,40,32,0.24859997211024165,128720.8511262809
inproc,onnx-int8,32,4,0,41,32,0.25240000104531646,126782.88378554583
inproc,onnx-int8,32,4,0,42,32,0.249299977440387,128359.4179532242
inproc,onnx-int8,32,4,0,43,32,0.25480001932010055,125588.68749456016
inproc,onnx-int8,32,4,0,44,32,0.25129999266937375,127337.84692982954
inproc,onnx-int8,32,4,0,45,32,0.2563000307418406,124853.67210990368
inproc,onnx-int8,32,4,0,46,32,0.2540999557822943,125934.69330398744
inproc,onnx-int8,32,4,0,47,32,0.2525000018067658,126732.67236049008
inproc,onnx-int8,32,4,0,48,32,0.2510999911464751,127439.27171758968
inproc,onnx-int8,32,4,0,49,32,0.24809996830299497,128980.26637762254
inproc,onnx-int8,32,4,0,50,32,0.2555000246502459,125244.60631189689
inproc,onnx-int8,32,4,0,51,32,0.24959997972473502,128205.13861936361
inproc,onnx-int8,32,4,0,52,32,0.24879997363314033,128617.37697442254
inproc,onnx-int8,32,4,0,53,32,0.2567999763414264,124610.60338048729
inproc,onnx-int8,32,4,0,54,32,0.24939997820183635,128307.95026815437
inproc,onnx-int8,32,4,0,55,32,0.25019998429343104,127897.6898834288
inproc,onnx-int8,32,4,0,56,32,0.2484000287950039,128824.4617169852
inproc,onnx-int8,32,4,0,57,32,0.2518999972380698,127034.53890774328
inproc,onnx-int8,32,4,0,58,32,0.24880003184080124,128617.34688392533
inproc,onnx-int8,32,4,0,59,32,0.25079998886212707,127591.71220534401
inproc,onnx-int8,32,4,0,60,32,0.2492000348865986,128410.89695096543
inproc,onnx-int8,32,4,0,61,32,0.26050000451505184,122840.68884978088
inproc,onnx-int8,32,4,0,62,32,0.32430002465844154,98674.05971893761
inproc,onnx-int8,32,4,0,63,32,0.30179996974766254,106030.49439254572
inproc,onnx-int8,32,4,0,64,32,0.25889999233186245,123599.84916099129
inproc,onnx-int8,32,4,0,65,32,0.24919997667893767,128410.92694494073
inproc,onnx-int8,32,4,0,66,32,0.24779996601864696,129136.41803159892
inproc,onnx-int8,32,4,0,67,32,0.25859999004751444,123743.23755434179
inproc,onnx-int8,32,4,0,68,32,0.2502999850548804,127846.59173265124
inproc,onnx-int8,32,4,0,69,32,0.2479000249877572,129084.2951773819
inproc,onnx-int8,32,4,0,70,32,0.2476000227034092,129240.69897332604
inproc,onnx-int8,32,4,0,71,32,0.2471000188961625,129502.21591624881
inproc,onnx-int8,32,4,0,72,32,0.24740002118051052,129345.17890219514
inproc,onnx-int8,32,4,0,73,32,0.24729996221140027,129397.51269612137
inproc,onnx-int8,32,4,0,74,32,0.24800002574920654,129032.24466742775
inproc,onnx-int8,32,4,1,0,32,0.256399973295629,124805.00519828065
inproc,onnx-int8,32,4,1,1,32,0.24959997972473502,128205.13861936361
inproc,onnx-int8,32,4,1,2,32,0.2567999763414264,124610.60338048729
inproc,onnx-int8,32,4,1,3,32,0.24949997896328568,128256.52384006353
inproc,onnx-int8,32,4,1,4,32,0.24770002346485853,129188.52227940896
inproc,onnx-int8,32,4,1,5,32,0.24750002194195986,129292.9178305454
inproc,onnx-int8,32,4,1,6,32,0.2473999629728496,129345.2093342139
inproc,onnx-int8,32,4,1,7,32,0.24730002041906118,129397.48223948602
inproc,onnx-int8,32,4,1,8,32,0.24719996144995093,129449.85837499349
inproc,onnx-int8,32,4,1,9,32,0.24730002041906118,129397.48223948602
inproc,onnx-int8,32,4,1,10,32,0.2536999527364969,126133.25172053343
inproc,onnx-int8,32,4,1,11,32,0.24949997896328568,128256.52384006353
inproc,onnx-int8,32,4,1,12,32,0.24780002422630787,129136.38769774865
inproc,onnx-int8,32,4,1,13,32,0.24799996754154563,129032.27495237181
inproc,onnx-int8,32,4,1,14,32,0.24799996754154563,129032.27495237181
inproc,onnx-int8,32,4,1,15,32,0.2514999941922724,127236.58345509111
inproc,onnx-int8,32,4,1,16,32,0.24740002118051052,129345.17890219514
inproc,onnx-int8,32,4,1,17,32,0.24729996221140027,129397.51269612137
inproc,onnx-int8,32,4,1,18,32,0.2547000185586512,125637.99634208185
inproc,onnx-int8,32,4,1,19,32,0.2422000397928059,132122.19133974932
inproc,onnx-int8,32,4,1,20,32,0.24069997016340494,132945.59188468545
inproc,onnx-int8,32,4,1,21,32,0.25069998810067773,127642.60677646795
inproc,onnx-int8,32,4,1,22,32,0.2405999694019556,133000.84816943415
inproc,onnx-int8,32,4,1,23,32,0.2403000253252685,133166.86070542445
inproc,onnx-int8,32,4,1,24,32,0.2397999633103609,133444.55753141223
inproc,onnx-int8,32,4,1,25,32,0.24020002456381917,133222.30111386965
inproc,onnx-int8,32,4,1,26,32,0.2403000253252685,133166.86070542445
inproc,onnx-int8,32,4,1,27,32,0.2478999667800963,129084.32548676427
inproc,onnx-int8,32,4,1,28,32,0.2432999899610877,131524.87184696528
inproc,onnx-int8,32,4,1,29,32,0.24040002608671784,133111.4664207934
inproc,onnx-int8,32,4,1,30,32,0.2395000192336738,133611.68029292912
inproc,onnx-int8,32,4,1,31,32,0.2590999938547611,123504.44136998955
inproc,onnx-int8,32,4,1,32,32,0.2516000531613827,127185.98266541059
inproc,onnx-int8,32,4,1,33,32,0.2416000352241099,132450.31181521382
inproc,onnx-int8,32,4,1,34,32,0.24050002684816718,133056.11820244114
inproc,onnx-int8,32,4,1,35,32,0.25019998429343104,127897.6898834288
inproc,onnx-int8,32,4,1,36,32,0.24259998463094234,131904.3776885655
inproc,onnx-int8,32,4,1,37,32,0.24069997016340494,132945.59188468545
inproc,onnx-int8,32,4,1,38,32,0.24010002380236983,133277.7877037601
inproc,onnx-int8,32,4,1,39,32,0.2405999694019556,133000.84816943415
inproc,onnx-int8,32,4,1,40,32,0.2400000230409205,133333.32053282319
inproc,onnx-int8,32,4,1,41,32,0.2403000253252685,133166.86070542445
inproc,onnx-int8,32,4,1,42,32,0.2402999671176076,133166.89296232222
inproc,onnx-int8,32,4,1,43,32,0.24750002194195986,129292.9178305454
inproc,onnx-int8,32,4,1,44,32,0.2628000220283866,121765.59101103686
inproc,onnx-int8,32,4,1,45,32,0.28689997270703316,111537.13155865888
inproc,onnx-int8,32,4,1,46,32,0.24909997591748834,128462.47729305142
inproc,onnx-int8,32,4,1,47,32,0.2410999732092023,132725.02511741724
inproc,onnx-int8,32,4,1,48,32,0.24040002608671784,133111.4664207934
inproc,onnx-int8,32,4,1,49,32,0.24020002456381917,133222.30111386965
inproc,onnx-int8,32,4,1,50,32,0.23999996483325958,133333.3528704142
inproc,onnx-int8,32,4,1,51,32,0.25040004402399063,127795.50468822643
inproc,onnx-int8,32,4,1,52,32,0.24210003903135657,132176.7651423443
inproc,onnx-int8,32,4,1,53,32,0.24060002760961652,133000.815992928
inproc,onnx-int8,32,4,1,54,32,0.24019996635615826,133222.33339763156
inproc,onnx-int8,32,4,1,55,32,0.24020002456381917,133222.30111386965
inproc,onnx-int8,32,4,1,56,32,0.24019996635615826,133222.33339763156
inproc,onnx-int8,32,4,1,57,32,0.24009996559470892,133277.8200144198
inproc,onnx-int8,32,4,1,58,32,0.24010002380236983,133277.7877037601
inproc,onnx-int8,32,4,1,59,32,0.2478999667800963,129084.32548676427
inproc,onnx-int8,32,4,1,60,32,0.2443999983370304,130932.8977812497
inproc,onnx-int8,32,4,1,61,32,0.24159997701644897,132450.3437259074
inproc,onnx-int8,32,4,1,62,32,0.2801999798975885,114204.14809342891
inproc,onnx-int8,32,4,1,63,32,0.27929997304454446,114572.15570477855
inproc,onnx-int8,32,4,1,64,32,0.24749996373429894,129292.94823797741
inproc,onnx-int8,32,4,1,65,32,0.2416999777778983,132395.54382336466
inproc,onnx-int8,32,4,1,66,32,0.2408000291325152,132890.34937113736
inproc,onnx-int8,32,4,1,67,32,0.2521999995224178,126883.42609277267
inproc,onnx-int8,32,4,1,68,32,0.24229998234659433,132067.69431054307
inproc,onnx-int8,32,4,1,69,32,0.2408000291325152,132890.34937113736
inproc,onnx-int8,32,4,1,70,32,0.24010002380236983,133277.7877037601
inproc,onnx-int8,32,4,1,71,32,0.2397999633103609,133444.55753141223
inproc,onnx-int8,32,4,1,72,32,0.24060002760961652,133000.815992928
inproc,onnx-int8,32,4,1,73,32,0.24259998463094234,131904.3776885655
inproc,onnx-int8,32,4,1,74,32,0.24079997092485428,132890.38149421598
inproc,onnx-int8,32,4,2,0,32,0.2416000352241099,132450.31181521382
inproc,onnx-int8,32,4,2,1,32,0.2419000375084579,132286.04811142758
inproc,onnx-int8,32,4,2,2,32,0.2512000501155853,127388.50961723836
inproc,onnx-int8,32,4,2,3,32,0.24540000595152378,130399.34484077098
inproc,onnx-int8,32,4,2,4,32,0.24119997397065163,132669.99773347258
inproc,onnx-int8,32,4,2,5,32,0.24130003293976188,132614.98396889353
inproc,onnx-int8,32,4,2,6,32,0.24100003065541387,132780.06609780964
inproc,onnx-int8,32,4,2,7,32,0.24149997625499964,132505.18901174227
inproc,onnx-int8,32,4,2,8,32,0.2413999754935503,132560.07973726979
inproc,onnx-int8,32,4,2,9,32,0.24149997625499964,132505.18901174227
inproc,onnx-int8,32,4,2,10,32,0.24970003869384527,128153.76468257132
inproc,onnx-int8,32,4,2,11,32,0.24349999148398638,131416.84237842966
inproc,onnx-int8,32,4,2,12,32,0.2468000166118145,129659.63470874474
inproc,onnx-int8,32,4,2,13,32,0.24119997397065163,132669.99773347258
inproc,onnx-int8,32,4,2,14,32,0.2432999899610877,131524.87184696528
inproc,onnx-int8,32,4,2,15,32,0.2443999983370304,130932.8977812497
inproc,onnx-int8,32,4,2,16,32,0.24769996525719762,129188.55263775677
inproc,onnx-int8,32,4,2,17,32,0.24149997625499964,132505.18901174227
inproc,onnx-int8,32,4,2,18,32,0.25350000942125916,126232.73692595137
inproc,onnx-int8,32,4,2,19,32,0.2463000128045678,129922.85154849385
inproc,onnx-int8,32,4,2,20,32,0.2452000044286251,130505.70726769636
inproc,onnx-int8,32,4,2,21,32,0.2416000352241099,132450.31181521382
inproc,onnx-int8,32,4,2,22,32,0.24310004664584994,131633.04755189066
inproc,onnx-int8,32,4,2,23,32,0.2435000496916473,131416.8109637872
inproc,onnx-int8,32,4,2,24,32,0.24770002346485853,129188.52227940896
inproc,onnx-int8,32,4,2,25,32,0.242499983869493,131958.77166417273
inproc,onnx-int8,32,4,2,26,32,0.24459999985992908,130825.83817794315
inproc,onnx-int8,32,4,2,27,32,0.2538999542593956,126033.8943082572
inproc,onnx-int8,32,4,2,28,32,0.264400034211576,121028.72866647675
inproc,onnx-int8,32,4,2,29,32,0.2764000091701746,115774.23639048495
inproc,onnx-int8,32,4,2,30,32,0.25349995121359825,126232.76591101551
inproc,onnx-int8,32,4,2,31,32,0.24289998691529036,131741.46448661512
inproc,onnx-int8,32,4,2,32,32,0.2419000375084579,132286.04811142758
inproc,onnx-int8,32,4,2,33,32,0.24040002608671784,133111.4664207934
inproc,onnx-int8,32,4,2,34,32,0.24009996559470892,133277.8200144198
inproc,onnx-int8,32,4,2,35,32,0.25340000865980983,126282.55290614486
inproc,onnx-int8,32,4,2,36,32,0.24159997701644897,132450.3437259074
inproc,onnx-int8,32,4,2,37,32,0.24129997473210096,132615.01595898397
inproc,onnx-int8,32,4,2,38,32,0.24070002837106586,132945.5597349097
inproc,onnx-int8,32,4,2,39,32,0.24019996635615826,133222.33339763156
inproc,onnx-int8,32,4,2,40,32,0.24079997092485428,132890.38149421598
inproc,onnx-int8,32,4,2,41,32,0.24050002684816718,133056.11820244114
inproc,onnx-int8,32,4,2,42,32,0.24009996559470892,133277.8200144198
inproc,onnx-int8,32,4,2,43,32,0.248999975156039,128514.06904738361
inproc,onnx-int8,32,4,2,44,32,0.24239998310804367,132013.2105196427
inproc,onnx-int8,32,4,2,45,32,0.24010002380236983,133277.7877037601
inproc,onnx-int8,32,4,2,46,32,0.24039996787905693,133111.49865086054
inproc,onnx-int8,32,4,2,47,32,0.24060002760961652,133000.815992928
inproc,onnx-int8,32,4,2,48,32,0.24090002989396453,132835.18484445702
inproc,onnx-int8,32,4,2,49,32,0.2410999732092023,132725.02511741724
inproc,onnx-int8,32,4,2,50,32,0.24149997625499964,132505.18901174227
inproc,onnx-int8,32,4,2,51,32,0.2490000333636999,128514.0390052055
inproc,onnx-int8,32,4,2,52,32,0.24230004055425525,132067.66258396328
inproc,onnx-int8,32,4,2,53,32,0.24140003370121121,132560.04777367786
inproc,onnx-int8,32,4,2,54,32,0.24079997092485428,132890.38149421598
inproc,onnx-int8,32,4,2,55,32,0.24119997397065163,132669.99773347258
inproc,onnx-int8,32,4,2,56,32,0.24150003446266055,132505.15707461594
inproc,onnx-int8,32,4,2,57,32,0.24050002684816718,133056.11820244114
inproc,onnx-int8,32,4,2,58,32,0.2402999671176076,133166.89296232222
inproc,onnx-int8,32,4,2,59,32,0.24780002422630787,129136.38769774865
inproc,onnx-int8,32,4,2,60,32,0.2567999763414264,124610.60338048729
inproc,onnx-int8,32,4,2,61,32,0.2907999441958964,110041.28659131829
inproc,onnx-int8,32,4,2,62,32,0.30610000248998404,104540.99882291598
inproc,onnx-int8,32,4,2,63,32,0.3268999862484634,97889.26688934793
inproc,onnx-int8,32,4,2,64,32,0.30649994732812047,104404.58564171536
inproc,onnx-int8,32,4,2,65,32,0.3127999952994287,102301.79181866006
inproc,onnx-int8,32,4,2,66,32,0.3220000071451068,99378.8797823829
inproc,onnx-int8,32,4,2,67,32,0.26270002126693726,121811.9429365552
inproc,onnx-int8,32,4,2,68,32,0.24530000519007444,130452.50437399834
inproc,onnx-int8,32,4,2,69,32,0.2408000291325152,132890.34937113736
inproc,onnx-int8,32,4,2,70,32,0.24120003217831254,132669.96571685065
inproc,onnx-int8,32,4,2,71,32,0.2405999694019556,133000.84816943415
inproc,onnx-int8,32,4,2,72,32,0.2408000291325152,132890.34937113736
inproc,onnx-int8,32,4,2,73,32,0.2403000253252685,133166.86070542445
inproc,onnx-int8,32,4,2,74,32,0.25569996796548367,125146.67191635942
inproc,onnx-int8,64,1,0,0,64,0.5147000192664564,124344.27356581792
inproc,onnx-int8,64,1,0,1,64,0.4771000239998102,134143.77862203892
inproc,onnx-int8,64,1,0,2,64,0.4805000498890877,133194.57514057058
inproc,onnx-int8,64,1,0,3,64,0.5225000204518437,122488.03348305049
inproc,onnx-int8,64,1,0,4,64,0.4767999635078013,134228.1981927057
inproc,onnx-int8,64,1,0,5,64,0.4694999661296606,136315.2388009444
inproc,onnx-int8,64,1,0,6,64,0.4687000182457268,136547.8931269137
inproc,onnx-int8,64,1,0,7,64,0.4767999635078013,134228.1981927057
inproc,onnx-int8,64,1,0,8,64,0.46790001215413213,136781.35998619636
inproc,onnx-int8,64,1,0,9,64,0.4661999992094934,137280.13751291475
inproc,onnx-int8,64,1,0,10,64,0.46710000606253743,137015.62656676865
inproc,onnx-int8,64,1,0,11,64,0.47699996503069997,134171.91759307767
inproc,onnx-int8,64,1,0,12,64,0.46960002509877086,136286.193738041
inproc,onnx-int8,64,1,0,13,64,0.4673000075854361,136956.9847231362
inproc,onnx-int8,64,1,0,14,64,0.4664000007323921,137221.2690812612
inproc,onnx-int8,64,1,0,15,64,0.4741000011563301,134992.61726197842
inproc,onnx-int8,64,1,0,16,64,0.46740000834688544,136927.6826210533
inproc,onnx-int8,64,1,0,17,64,0.46820001443848014,136693.71641681012
inproc,onnx-int8,64,1,0,18,64,0.46629999997094274,137250.6969847483
inproc,onnx-int8,64,1,0,19,64,0.47849997645244,133751.3127471621
inproc,onnx-int8,64,1,0,20,64,0.4689000197686255,136489.6508888616
inproc,onnx-int8,64,1,0,21,64,0.4694000235758722,136344.26243196655
inproc,onnx-int8,64,1,0,22,64,0.4677999531850219,136810.61651300988
inproc,onnx-int8,64,1,0,23,64,0.4754000110551715,134623.47183785113
inproc,onnx-int8,64,1,0,24,64,0.4705000319518149,136025.49554460903
inproc,onnx-int8,64,1,0,25,64,0.4700000281445682,136170.2046118051
inproc,onnx-int8,64,1,0,26,64,0.47119997907429934,135823.43557343073
inproc,onnx-int8,64,1,0,27,64,0.470799976028502,135938.83444914507
inproc,onnx-int8,64,1,0,28,64,0.4751000087708235,134708.47993789875
inproc,onnx-int8,64,1,0,29,64,0.46910002129152417,136431.4583141469
inproc,onnx-int8,64,1,0,30,64,0.46800001291558146,136752.13297813394
inproc,onnx-int8,64,1,0,31,64,0.46770001063123345,136839.85149716397
inproc,onnx-int8,64,1,0,32,64,0.4797999863512814,133388.91584115836
inproc,onnx-int8,64,1,0,33,64,0.5925999721512198,107998.65509218833
inproc,onnx-int8,64,1,0,34,64,0.48449996393173933,132094.95307416967
inproc,onnx-int8,64,1,0,35,64,0.4684000159613788,136635.34974191166
inproc,onnx-int8,64,1,0,36,64,0.4776000278070569,134003.34228174505
inproc,onnx-int8,64,1,0,37,64,0.46980002662166953,136228.17448569296
inproc,onnx-int8,64,1,0,38,64,0.470499973744154,136025.51237293286
inproc,onnx-int8,64,1,0,39,64,0.4684000159613788,136635.34974191166
inproc,onnx-int8,64,1,0,40,64,0.4760000156238675,134453.77709939497
inproc,onnx-int8,64,1,0,41,64,0.470799976028502,135938.83444914507
inproc,onnx-int8,64,1,0,42,64,0.46910002129152417,136431.4583141469
inproc,onnx-int8,64,1,0,43,64,0.47610001638531685,134425.5362264125
inproc,onnx-int8,64,1,0,44,64,0.47779997112229466,133947.26636268248
inproc,onnx-int8,64,1,0,45,64,0.4708000342361629,135938.81764226104
inproc,onnx-int8,64,1,0,46,64,0.4721000441350043,135564.48637335483
inproc,onnx-int8,64,1,0,47,64,0.4675000091083348,136898.3930547243
inproc,onnx-int8,64,1,0,48,64,0.47450000420212746,134878.8186158525
inproc,onnx-int8,64,1,0,49,64,0.4681999562308192,136693.73341087726
inproc,onnx-int8,64,1,0,50,64,0.46740000834688544,136927.6826210533
inproc,onnx-int8,64,1,0,51,64,0.46790001215413213,136781.35998619636
inproc,onnx-int8,64,1,0,52,64,0.4664000007323921,137221.2690812612
inproc,onnx-int8,64,1,0,53,64,0.47470000572502613,134821.99121158748
inproc,onnx-int8,64,1,0,54,64,0.47039997298270464,136054.42958295645
inproc,onnx-int8,64,1,0,55,64,0.47989998711273074,133361.1204806432
inproc,onnx-int8,64,1,0,56,64,0.46820001443848014,136693.71641681012
inproc,onnx-int8,64,1,0,57,64,0.47560001257807016,134566.8593511535
inproc,onnx-int8,64,1,0,58,64,0.47039997298270464,136054.42958295645
inproc,onnx-int8,64,1,0,59,64,0.4692000220529735,136402.38063069462
inproc,onnx-int8,64,1,0,60,64,0.4713000380434096,135794.5996900285
inproc,onnx-int8,64,1,0,61,64,0.478199974168092,133835.22262070086
inproc,onnx-int8,64,1,0,62,64,0.4731999943032861,135249.36764682367
inproc,onnx-int8,64,1,0,63,64,0.4708000342361629,135938.81764226104
inproc,onnx-int8,64,1,0,64,64,0.4761999589391053,134397.32364232332
inproc,onnx-int8,64,1,0,65,64,0.4835000145249069,132368.14493767326
inproc,onnx-int8,64,1,0,66,64,0.4754000110551715,134623.47183785113
inproc,onnx-int8,64,1,0,67,64,0.5204000044614077,122982.32023698257
inproc,onnx-int8,64,1,0,68,64,0.4841000190936029,132204.0848497164
inproc,onnx-int8,64,1,0,69,64,0.4831000114791095,132477.74473043563
inproc,onnx-int8,64,1,0,70,64,0.46790001215413213,136781.35998619636
inproc,onnx-int8,64,1,0,71,64,0.46690000453963876,137074.3186501009
inproc,onnx-int8,64,1,0,72,64,0.4668000037781894,137103.68355183443
inproc,onnx-int8,64,1,0,73,64,0.47019997145980597,136112.300903172
inproc,onnx-int8,64,1,0,74,64,0.4749000072479248,134765.21167241922
inproc,onnx-int8,64,1,1,0,64,0.4752000095322728,134680.13197851903
inproc,onnx-int8,64,1,1,1,64,0.48240000614896417,132669.98172515968
inproc,onnx-int8,64,1,1,2,64,0.47099997755140066,135881.1105102773
inproc,onnx-int8,64,1,1,3,64,0.46939996536821127,136344.27933925495
inproc,onnx-int8,64,1,1,4,64,0.4681000136770308,136722.91845767235
inproc,onnx-int8,64,1,1,5,64,0.46909996308386326,136431.47524306757
inproc,onnx-int8,64,1,1,6,64,0.4752000095322728,134680.13197851903
inproc,onnx-int8,64,1,1,7,64,0.47039997298270464,136054.42958295645
inproc,onnx-int8,64,1,1,8,64,0.4699999699369073,136170.22147595318
inproc,onnx-int8,64,1,1,9,64,0.4695000243373215,136315.22190085755
inproc,onnx-int8,64,1,1,10,64,0.48010004684329033,133305.54833478338
inproc,onnx-int8,64,1,1,11,64,0.4716000403277576,135708.21570651393
inproc,onnx-int8,64,1,1,12,64,0.47420000191777945,134964.1496017894
inproc,onnx-int8,64,1,1,13,64,0.4792999825440347,133528.06661978154
inproc,onnx-int8,64,1,1,14,64,0.4817000008188188,132862.7774365984
inproc,onnx-int8,64,1,1,15,64,0.47470000572502613,134821.99121158748
inproc,onnx-int8,64,1,1,16,64,0.4734999965876341,135163.6757364898
inproc,onnx-int8,64,1,1,17,64,0.47580001410096884,134510.29445833236
inproc,onnx-int8,64,1,1,18,64,0.48260000767186284,132614.99996393683
inproc,onnx-int8,64,1,1,19,64,0.4776000278070569,134003.34228174505
inproc,onnx-int8,64,1,1,20,64,0.4849000251851976,131985.96963478505
inproc,onnx-int8,64,1,1,21,64,0.4737999988719821,135078.09234354264
inproc,onnx-int8,64,1,1,22,64,0.4771000239998102,134143.77862203892
inproc,onnx-int8,64,1,1,23,64,0.47019997145980597,136112.300903172
inproc,onnx-int8,64,1,1,24,64,0.46880001900717616,136518.7657959978
inproc,onnx-int8,64,1,1,25,64,0.4697000258602202,136257.17793561716
inproc,onnx-int8,64,1,1,26,64,0.477299967315048,134087.58513020384
inproc,onnx-int8,64,1,1,27,64,0.47209998592734337,135564.50308780491
inproc,onnx-int8,64,1,1,28,64,0.47039997298270464,136054.42958295645
inproc,onnx-int8,64,1,1,29,64,0.47149998135864735,135737.01491054415
inproc,onnx-int8,64,1,1,30,64,0.4779000300914049,133919.22153208303
inproc,onnx-int8,64,1,1,31,64,0.4724000464193523,135478.3948162165
inproc,onnx-int8,64,1,1,32,64,0.47389999963343143,135049.5886252478
inproc,onnx-int8,64,1,1,33,64,0.4684000159613788,136635.34974191166
inproc,onnx-int8,64,1,1,34,64,0.4681999562308192,136693.73341087726
inproc,onnx-int8,64,1,1,35,64,0.4759000148624182,134482.0298408738
inproc,onnx-int8,64,1,1,36,64,0.4702000296674669,136112.28405336733
inproc,onnx-int8,64,1,1,37,64,0.4667000030167401,137133.06103772274
inproc,onnx-int8,64,1,1,38,64,0.4664000007323921,137221.2690812612
inproc,onnx-int8,64,1,1,39,64,0.47339999582618475,135192.2276389256
inproc,onnx-int8,64,1,1,40,64,0.4676000098697841,136869.11601610645
inproc,onnx-int8,64,1,1,41,64,0.4667000030167401,137133.06103772274
inproc,onnx-int8,64,1,1,42,64,0.46690000453963876,137074.3186501009
inproc,onnx-int8,64,1,1,43,64,0.4820000031031668,132780.0821326997
inproc,onnx-int8,64,1,1,44,64,0.46929996460676193,136373.33225376904
inproc,onnx-int8,64,1,1,45,64,0.4676000098697841,136869.11601610645
inproc,onnx-int8,64,1,1,46,64,0.4706000327132642,135996.59063133787
inproc,onnx-int8,64,1,1,47,64,0.4752000095322728,134680.13197851903
inproc,onnx-int8,64,1,1,48,64,0.4702999722212553,136083.35909042077
inproc,onnx-int8,64,1,1,49,64,0.46960002509877086,136286.193738041
inproc,onnx-int8,64,1,1,50,64,0.47200004337355494,135593.20787889947
inproc,onnx-int8,64,1,1,51,64,0.47120003728196025,135823.4187950694
inproc,onnx-int8,64,1,1,52,64,0.480000046081841,133333.32053282319
inproc,onnx-int8,64,1,1,53,64,0.4754000110551715,134623.47183785113
inproc,onnx-int8,64,1,1,54,64,0.48429996240884066,132149.50437260597
inproc,onnx-int8,64,1,1,55,64,0.4797999863512814,133388.91584115836
inproc,onnx-int8,64,1,1,56,64,0.48320001224055886,132450.3277705587
inproc,onnx-int8,64,1,1,57,64,0.47960004303604364,133444.52513985737
inproc,onnx-int8,64,1,1,58,64,0.47450000420212746,134878.8186158525
inproc,onnx-int8,64,1,1,59,64,0.47959998482838273,133444.54133563282
inproc,onnx-int8,64,1,1,60,64,0.48420001985505223,132176.78103185276
inproc,onnx-int8,64,1,1,61,64,0.47480000648647547,134793.59546264668
inproc,onnx-int8,64,1,1,62,64,0.4800999886356294,133305.56449684198
inproc,onnx-int8,64,1,1,63,64,0.47889997949823737,133639.5964498795
inproc,onnx-int8,64,1,1,64,64,0.48379995860159397,132286.07994301952
inproc,onnx-int8,64,1,1,65,64,0.46849995851516724,136606.20206421654
inproc,onnx-int8,64,1,1,66,64,0.46740000834688544,136927.6826210533
inproc,onnx-int8,64,1,1,67,64,0.46690000453963876,137074.3186501009
inproc,onnx-int8,64,1,1,68,64,0.4765999619849026,134284.52602777872
inproc,onnx-int8,64,1,1,69,64,0.5216000135987997,122699.38330413279
inproc,onnx-int8,64,1,1,70,64,0.6065999623388052,105506.10612180352
inproc,onnx-int8,64,1,1,71,64,0.5714999861083925,111986.00447185586
inproc,onnx-int8,64,1,1,72,64,0.5354000022634864,119536.79441432591
inproc,onnx-int8,64,1,1,73,64,0.4751000087708235,134708.47993789875
inproc,onnx-int8,64,1,1,74,64,0.4695000243373215,136315.22190085755
inproc,onnx-int8,64,1,2,0,64,0.4810999962501228,133028.4774451059
inproc,onnx-int8,64,1,2,1,64,0.47209998592734337,135564.50308780491
inproc,onnx-int8,64,1,2,2,64,0.4712999798357487,135794.6164612705
inproc,onnx-int8,64,1,2,3,64,0.4691999638453126,136402.39755239993
inproc,onnx-int8,64,1,2,4,64,0.5096999811939895,125564.06192144215
inproc,onnx-int8,64,1,2,5,64,0.48909999895840883,130852.58666181742
inproc,onnx-int8,64,1,2,6,64,0.5792999872937799,110478.16572373536
inproc,onnx-int8,64,1,2,7,64,0.9624999947845936,66493.50685380847
inproc,onnx-int8,64,1,2,8,64,0.5777999758720398,110764.97520341452
inproc,onnx-int8,64,1,2,9,64,0.5602999590337276,114224.5309287047
inproc,onnx-int8,64,1,2,10,64,0.46069995732977986,138919.04911592448
inproc,onnx-int8,64,1,2,11,64,0.45900000259280205,139433.55041062398
inproc,onnx-int8,64,1,2,12,64,0.4457999602891505,143562.14827495484
inproc,onnx-int8,64,1,2,13,64,0.44299999717622995,144469.52688024542
inproc,onnx-int8,64,1,2,14,64,0.44570001773536205,143594.34025869955
inproc,onnx-int8,64,1,2,15,64,0.4523000097833574,141499.00202446317
inproc,onnx-int8,64,1,2,16,64,0.44319999869912863,144404.33255381646
inproc,onnx-int8,64,1,2,17,64,0.44299999717622995,144469.52688024542
inproc,onnx-int8,64,1,2,18,64,0.4417999880388379,144861.9323963718
inproc,onnx-int8,64,1,2,19,64,0.4425999941304326,144600.0922926796
inproc,onnx-int8,64,1,2,20,64,0.4521000082604587,141561.59882910032
inproc,onnx-int8,64,1,2,21,64,0.44520001392811537,143755.6109563236
inproc,onnx-int8,64,1,2,22,64,0.44460000935941935,143949.61460349796
inproc,onnx-int8,64,1,2,23,64,0.45549997594207525,140504.94704776607
inproc,onnx-int8,64,1,2,24,64,0.4526000120677054,141405.21054698096
inproc,onnx-int8,64,1,2,25,64,0.4458999610505998,143529.95198565943
inproc,onnx-int8,64,1,2,26,64,0.44249999336898327,144632.7705289544
inproc,onnx-int8,64,1,2,27,64,0.44219999108463526,144730.8939175231
inproc,onnx-int8,64,1,2,28,64,0.4479999770410359,142857.15017824149
inproc,onnx-int8,64,1,2,29,64,0.4467000253498554,143272.88195221213
inproc,onnx-int8,64,1,2,30,64,0.4418000462464988,144861.91331064666
inproc,onnx-int8,64,1,2,31,64,0.4423000500537455,144698.15228875313
inproc,onnx-int8,64,1,2,32,64,0.45039999531582,142095.916220255
inproc,onnx-int8,64,1,2,33,64,0.44999999227002263,142222.22466527685
inproc,onnx-int8,64,1,2,34,64,0.44620002154260874,143433.43099522573
inproc,onnx-int8,64,1,2,35,64,0.4437000025063753,144241.6038730593
inproc,onnx-int8,64,1,2,36,64,0.44490001164376736,143852.54737022793
inproc,onnx-int8,64,1,2,37,64,0.45170000521466136,141686.95873621982
inproc,onnx-int8,64,1,2,38,64,0.44520001392811537,143755.6109563236
inproc,onnx-int8,64,1,2,39,64,0.44520001392811537,143755.6109563236
inproc,onnx-int8,64,1,2,40,64,0.4819000023417175,132807.63579373737
inproc,onnx-int8,64,1,2,41,64,0.45110000064596534,141875.4154474693
inproc,onnx-int8,64,1,2,42,64,0.4518000059761107,141655.5979492042
inproc,onnx-int8,64,1,2,43,64,0.4430999979376793,144436.9223603594
inproc,onnx-int8,64,1,2,44,64,0.4419999895617366,144796.38351000633
inproc,onnx-int8,64,1,2,45,64,0.4414999857544899,144960.36707822056
inproc,onnx-int8,64,1,2,46,64,0.4482999793253839,142761.55019304092
inproc,onnx-int8,64,1,2,47,64,0.4457999602891505,143562.14827495484
inproc,onnx-int8,64,1,2,48,64,0.44319999869912863,144404.33255381646
inproc,onnx-int8,64,1,2,49,64,0.4468999686650932,143208.78157850486
inproc,onnx-int8,64,1,2,50,64,0.44299999717622995,144469.52688024542
inproc,onnx-int8,64,1,2,51,64,0.45759999193251133,139860.14232587436
inproc,onnx-int8,64,1,2,52,64,0.444200006313622,144079.24153610566
inproc,onnx-int8,64,1,2,53,64,0.443900004029274,144176.61504634583
inproc,onnx-int8,64,1,2,54,64,0.44460000935941935,143949.61460349796
inproc,onnx-int8,64,1,2,55,64,0.451600004453212,141718.3334120864
inproc,onnx-int8,64,1,2,56,64,0.4476999747566879,142952.87828591495
inproc,onnx-int8,64,1,2,57,64,0.444800010882318,143884.88856609463
inproc,onnx-int8,64,1,2,58,64,0.4466999671421945,143272.90062152027
inproc,onnx-int8,64,1,2,59,64,0.4724999889731407,135449.73861076235
inproc,onnx-int8,64,1,2,60,64,0.4623999702744186,138408.3133959074
inproc,onnx-int8,64,1,2,61,64,0.46220002695918083,138468.18750976006
inproc,onnx-int8,64,1,2,62,64,0.4579999949783087,139737.9927985176
inproc,onnx-int8,64,1,2,63,64,0.44999999227002263,142222.22466527685
inproc,onnx-int8,64,1,2,64,64,0.44450000859797,143981.99946467287
inproc,onnx-int8,64,1,2,65,64,0.4417000454850495,144894.71000556246
inproc,onnx-int8,64,1,2,66,64,0.44269999489188194,144567.42881966906
inproc,onnx-int8,64,1,2,67,64,0.4427999956533313,144534.78009992052
inproc,onnx-int8,64,1,2,68,64,0.45140000293031335,141781.1244672948
inproc,onnx-int8,64,1,2,69,64,0.44490001164376736,143852.54737022793
inproc,onnx-int8,64,1,2,70,64,0.44249999336898327,144632.7705289544
inproc,onnx-int8,64,1,2,71,64,0.4430999979376793,144436.9223603594
inproc,onnx-int8,64,1,2,72,64,0.45059999683871865,142032.84609189033
inproc,onnx-int8,64,1,2,73,64,0.44510001316666603,143787.90857513508
inproc,onnx-int8,64,1,2,74,64,0.44549995800480247,143658.8238675212
inproc,onnx-int8,64,4,0,0,64,0.4447000101208687,143917.24430724638
inproc,onnx-int8,64,4,0,1,64,0.4459000192582607,143529.93324930058
inproc,onnx-int8,64,4,0,2,64,0.4545999690890312,140783.1155999615
inproc,onnx-int8,64,4,0,3,64,0.44510001316666603,143787.90857513508
inproc,onnx-int8,64,4,0,4,64,0.44290005462244153,144502.12713240238
inproc,onnx-int8,64,4,0,5,64,0.444800010882318,143884.88856609463
inproc,onnx-int8,64,4,0,6,64,0.45709998812526464,140013.1298679039
inproc,onnx-int8,64,4,0,7,64,0.451600004453212,141718.3334120864
inproc,onnx-int8,64,4,0,8,64,0.4459000192582607,143529.93324930058
inproc,onnx-int8,64,4,0,9,64,0.4468999686650932,143208.78157850486
inproc,onnx-int8,64,4,0,10,64,0.44680002611130476,143240.81526364238
inproc,onnx-int8,64,4,0,11,64,0.4532000166364014,141218.0001117402
inproc,onnx-int8,64,4,0,12,64,0.4615000216290355,138678.21668585902
inproc,onnx-int8,64,4,0,13,64,0.44680002611130476,143240.81526364238
inproc,onnx-int8,64,4,0,14,64,0.44549995800480247,143658.8238675212
inproc,onnx-int8,64,4,0,15,64,0.45250001130625606,141436.46055443792
inproc,onnx-int8,64,4,0,16,64,0.4430999979376793,144436.9223603594
inproc,onnx-int8,64,4,0,17,64,0.44249999336898327,144632.7705289544
inproc,onnx-int8,64,4,0,18,64,0.4428999964147806,144502.14612344073
inproc,onnx-int8,64,4,0,19,64,0.4504999960772693,142064.37415600507
inproc,onnx-int8,64,4,0,20,64,0.45009999303147197,142190.62650713034
inproc,onnx-int8,64,4,0,21,64,0.4507999983616173,141969.83192679883
inproc,onnx-int8,64,4,0,22,64,0.4447999526746571,143884.9073952396
inproc,onnx-int8,64,4,0,23,64,0.44520001392811537,143755.6109563236
inproc,onnx-int8,64,4,0,24,64,0.44650002382695675,143337.05842041233
inproc,onnx-int8,64,4,0,25,64,0.4498999915085733,142253.8368702779
inproc,onnx-int8,64,4,0,26,64,0.4450999549590051,143787.92737890655
inproc,onnx-int8,64,4,0,27,64,0.450999999884516,141906.87365052765
inproc,onnx-int8,64,4,0,28,64,0.520200002938509,123029.60330349175
inproc,onnx-int8,64,4,0,29,64,0.508400029502809,125885.12251383805
inproc,onnx-int8,64,4,0,30,64,0.4545000265352428,140814.07318694034
inproc,onnx-int8,64,4,0,31,64,0.4628999740816653,138258.810938514
inproc,onnx-int8,64,4,0,32,64,0.4465999663807452,143304.98167892228
inproc,onnx-int8,64,4,0,33,64,0.450699997600168,142001.33201859184
inproc,onnx-int8,64,4,0,34,64,0.44600002001971006,143497.7514063153
inproc,onnx-int8,64,4,0,35,64,0.4459000192582607,143529.93324930058
inproc,onnx-int8,64,4,0,36,64,0.4440000047907233,144144.14258884074
inproc,onnx-int8,64,4,0,37,64,0.4553000326268375,140566.6492724682
inproc,onnx-int8,64,4,0,38,64,0.44979999074712396,142285.46313150233
inproc,onnx-int8,64,4,0,39,64,0.4466999671421945,143272.90062152027
inproc,onnx-int8,64,4,0,40,64,0.44520001392811537,143755.6109563236
inproc,onnx-int8,64,4,0,41,64,0.4417000454850495,144894.71000556246
inproc,onnx-int8,64,4,0,42,64,0.45059999683871865,142032.84609189033
inproc,onnx-int8,64,4,0,43,64,0.4450000124052167,143820.22070984045
inproc,onnx-int8,64,4,0,44,64,0.4450999549590051,143787.92737890655
inproc,onnx-int8,64,4,0,45,64,0.44570001773536205,143594.34025869955
inproc,onnx-int8,64,4,0,46,64,0.44319999869912863,144404.33255381646
inproc,onnx-int8,64,4,0,47,64,0.4537000204436481,141062.36966314868
inproc,onnx-int8,64,4,0,48,64,0.4490999854169786,142507.24132305977
inproc,onnx-int8,64,4,0,49,64,0.44599996181204915,143497.77013427307
inproc,onnx-int8,64,4,0,50,64,0.457499991171062,139890.71308215614
inproc,onnx-int8,64,4,0,51,64,0.4566999850794673,140135.76109240248
inproc,onnx-int8,64,4,0,52,64,0.4498999915085733,142253.8368702779
inproc,onnx-int8,64,4,0,53,64,0.44450000859797,143981.99946467287
inproc,onnx-int8,64,4,0,54,64,0.4417000454850495,144894.71000556246
inproc,onnx-int8,64,4,0,55,64,0.44210004853084683,144763.61224722757
inproc,onnx-int8,64,4,0,56,64,0.4518000059761107,141655.5979492042
inproc,onnx-int8,64,4,0,57,64,0.4467000253498554,143272.88195221213
inproc,onnx-int8,64,4,0,58,64,0.4447000101208687,143917.24430724638
inproc,onnx-int8,64,4,0,59,64,0.4447000101208687,143917.24430724638
inproc,onnx-int8,64,4,0,60,64,0.45279995538294315,141342.77011108305
inproc,onnx-int8,64,4,0,61,64,0.4512000014074147,141843.97118875603
inproc,onnx-int8,64,4,0,62,64,0.4447000101208687,143917.24430724638
inproc,onnx-int8,64,4,0,63,64,0.48290000995621085,132532.61271583632
inproc,onnx-int8,64,4,0,64,64,0.5433000042103231,117798.63704036384
inproc,onnx-int8,64,4,0,65,64,0.46439998550340533,137812.23513739902
inproc,onnx-int8,64,4,0,66,64,0.45089999912306666,141938.34580720885
inproc,onnx-int8,64,4,0,67,64,0.444200006313622,144079.24153610566
inproc,onnx-int8,64,4,0,68,64,0.44189998880028725,144829.150536422
inproc,onnx-int8,64,4,0,69,64,0.44999999227002263,142222.22466527685
inproc,onnx-int8,64,4,0,70,64,0.44839998008683324,142729.7119585204
inproc,onnx-int8,64,4,0,71,64,0.4838000168092549,132286.06402722164
inproc,onnx-int8,64,4,0,72,64,0.4547999706119299,140721.20522322922
inproc,onnx-int8,64,4,0,73,64,0.451300002168864,141812.5408651183
inproc,onnx-int8,64,4,0,74,64,0.4493999877013266,142412.10892630176
inproc,onnx-int8,64,4,1,0,64,0.5048000020906329,126782.88378554583
inproc,onnx-int8,64,4,1,1,64,0.45419996604323387,140907.09992238978
inproc,onnx-int8,64,4,1,2,64,0.4471999709494412,143112.7105489808
inproc,onnx-int8,64,4,1,3,64,0.4434000002220273,144339.1970409399
inproc,onnx-int8,64,4,1,4,64,0.44599996181204915,143497.77013427307
inproc,onnx-int8,64,4,1,5,64,0.4558000364340842,140412.4503821873
inproc,onnx-int8,64,4,1,6,64,0.44450000859797,143981.99946467287
inproc,onnx-int8,64,4,1,7,64,0.4419999895617366,144796.38351000633
inproc,onnx-int8,64,4,1,8,64,0.44139998499304056,144993.20837314724
inproc,onnx-int8,64,4,1,9,64,0.45089999912306666,141938.34580720885
inproc,onnx-int8,64,4,1,10,64,0.45409996528178453,140938.13013239455
inproc,onnx-int8,64,4,1,11,64,0.4456000169739127,143626.5654445584
inproc,onnx-int8,64,4,1,12,64,0.4427999956533313,144534.78009992052
inproc,onnx-int8,64,4,1,13,64,0.5306000239215791,120618.16267362058
inproc,onnx-int8,64,4,1,14,64,0.5704999784938991,112182.30046030477
inproc,onnx-int8,64,4,1,15,64,0.46229996951296926,138438.25269429217
inproc,onnx-int8,64,4,1,16,64,0.5363000091165304,119336.1904010218
inproc,onnx-int8,64,4,1,17,64,0.6825000164099038,93772.89151823572
inproc,onnx-int8,64,4,1,18,64,0.5234000273048878,122277.41051056368
inproc,onnx-int8,64,4,1,19,64,0.5396000342443585,118606.36756560605
inproc,onnx-int8,64,4,1,20,64,0.6111999973654747,104712.04233616905
inproc,onnx-int8,64,4,1,21,64,0.5773999728262424,110841.70940766494
inproc,onnx-int8,64,4,1,22,64,0.4925000248476863,129949.23202246142
inproc,onnx-int8,64,4,1,23,64,0.4611000185832381,138798.51967181536
inproc,onnx-int8,64,4,1,24,64,0.46929996460676193,136373.33225376904
inproc,onnx-int8,64,4,1,25,64,0.45960000716149807,139251.52089371302
inproc,onnx-int8,64,4,1,26,64,0.45689998660236597,140074.41864010898
inproc,onnx-int8,64,4,1,27,64,0.4589000018313527,139463.9349413649
inproc,onnx-int8,64,4,1,28,64,0.45469996985048056,140752.1536037163
inproc,onnx-int8,64,4,1,29,64,0.46220002695918083,138468.18750976006
inproc,onnx-int8,64,4,1,30,64,0.45600003795698285,140350.86551031712
inproc,onnx-int8,64,4,1,31,64,0.4559000371955335,140381.65119199295
inproc,onnx-int8,64,4,1,32,64,0.4555999767035246,140474.10727074536
inproc,onnx-int8,64,4,1,33,64,0.46249997103586793,138378.38704434567
inproc,onnx-int8,64,4,1,34,64,0.457199988886714,139982.50558981983
inproc,onnx-int8,64,4,1,35,64,0.4589000018313527,139463.9349413649
inproc,onnx-int8,64,4,1,36,64,0.45630004024133086,140258.58942758644
inproc,onnx-int8,64,4,1,37,64,0.464599987026304,137752.90957202835
inproc,onnx-int8,64,4,1,38,64,0.4589000018313527,139463.9349413649
inproc,onnx-int8,64,4,1,39,64,0.4602000117301941,139069.96603364256
inproc,onnx-int8,64,4,1,40,64,0.4602999542839825,139039.77048956024
inproc,onnx-int8,64,4,1,41,64,0.45900000259280205,139433.55041062398
inproc,onnx-int8,64,4,1,42,64,0.46579999616369605,137398.02603499484
inproc,onnx-int8,64,4,1,43,64,0.4594000056385994,139312.14456785945
inproc,onnx-int8,64,4,1,44,64,0.4575000493787229,139890.69528388223
inproc,onnx-int8,64,4,1,45,64,0.45759999193251133,139860.14232587436
inproc,onnx-int8,64,4,1,46,64,0.4668000037781894,137103.68355183443
inproc,onnx-int8,64,4,1,47,64,0.45900000259280205,139433.55041062398
inproc,onnx-int8,64,4,1,48,64,0.4593999474309385,139312.1622192199
inproc,onnx-int8,64,4,1,49,64,0.5030999891459942,127211.29274647607
inproc,onnx-int8,64,4,1,50,64,0.604200002271682,105925.18993606695
inproc,onnx-int8,64,4,1,51,64,0.5643999902531505,113394.75745081792
inproc,onnx-int8,64,4,1,52,64,0.5449000163935125,117452.74008907513
inproc,onnx-int8,64,4,1,53,64,0.5456000217236578,117302.04811541503
inproc,onnx-int8,64,4,1,54,64,0.5535000236704946,115627.81800005847
inproc,onnx-int8,64,4,1,55,64,0.5390000296756625,118738.39791532351
inproc,onnx-int8,64,4,1,56,64,0.5444000125862658,117560.61447529547
inproc,onnx-int8,64,4,1,57,64,0.5837999633513391,109626.59132865326
inproc,onnx-int8,64,4,1,58,64,0.5612000240944326,114041.3350895202
inproc,onnx-int8,64,4,1,59,64,0.5510000046342611,116152.44911382798
inproc,onnx-int8,64,4,1,60,64,0.5460999673232436,117194.6600064848
inproc,onnx-int8,64,4,1,61,64,0.5542999715544283,115460.94765353177
inproc,onnx-int8,64,4,1,62,64,0.5418999935500324,118102.97243358617
inproc,onnx-int8,64,4,1,63,64,0.5344999954104424,119738.07399353563
inproc,onnx-int8,64,4,1,64,64,0.5471999756991863,116959.06952156534
inproc,onnx-int8,64,4,1,65,64,0.568999967072159,112478.0381435131
inproc,onnx-int8,64,4,1,66,64,0.5458999658003449,117237.59664679495
inproc,onnx-int8,64,4,1,67,64,0.5484999855980277,116681.86268085497
inproc,onnx-int8,64,4,1,68,64,0.5601999582722783,114244.92104102155
inproc,onnx-int8,64,4,1,69,64,0.547999981790781,116788.32504858427
inproc,onnx-int8,64,4,1,70,64,0.5498999962583184,116384.7980277775
inproc,onnx-int8,64,4,1,71,64,0.548899988643825,116596.83243595195
inproc,onnx-int8,64,4,1,72,64,0.5803999956697226,110268.78097431843
inproc,onnx-int8,64,4,1,73,64,0.5609000218100846,114102.33109541541
inproc,onnx-int8,64,4,1,74,64,0.5415999912656844,118168.39186137376
inproc,onnx-int8,64,4,2,0,64,0.5462000262923539,117173.1909909209
inproc,onnx-int8,64,4,2,1,64,0.5502999993041158,116300.20003803648
inproc,onnx-int8,64,4,2,2,64,0.555099977646023,115294.54616698186
inproc,onnx-int8,64,4,2,3,64,0.5455999635159969,117302.06062985474
inproc,onnx-int8,64,4,2,4,64,0.5449999589473009,117431.20150617941
inproc,onnx-int8,64,4,2,5,64,0.567199953366071,112834.98812048453
inproc,onnx-int8,64,4,2,6,64,0.5469999741762877,117001.83367718775
inproc,onnx-int8,64,4,2,7,64,0.5567999905906618,114942.53067804086
inproc,onnx-int8,64,4,2,8,64,0.5375000182539225,119069.76339815771
inproc,onnx-int8,64,4,2,9,64,0.5522000137716532,115900.03332825958
inproc,onnx-int8,64,4,2,10,64,0.5548000335693359,115356.87838418565
inproc,onnx-int8,64,4,2,11,64,0.5569999921135604,114901.25835935696
inproc,onnx-int8,64,4,2,12,64,0.5449999589473009,117431.20150617941
inproc,onnx-int8,64,4,2,13,64,0.5714999861083925,111986.00447185586
inproc,onnx-int8,64,4,2,14,64,0.5509000038728118,116173.53340003952
inproc,onnx-int8,64,4,2,15,64,0.5442000110633671,117603.81973338067
inproc,onnx-int8,64,4,2,16,64,0.5586000042967498,114572.14376604397
inproc,onnx-int8,64,4,2,17,64,0.5492999916896224,116511.92602996195
inproc,onnx-int8,64,4,2,18,64,0.5516000092029572,116026.10393802889
inproc,onnx-int8,64,4,2,19,64,0.5754000158049166,111226.96948569173
inproc,onnx-int8,64,4,2,20,64,0.5833000177517533,109720.55212115176
inproc,onnx-int8,64,4,2,21,64,0.5395000334829092,118628.35222980102
inproc,onnx-int8,64,4,2,22,64,0.5329999839887023,120075.0505113647
inproc,onnx-int8,64,4,2,23,64,0.5430000019259751,117863.71965561218
inproc,onnx-int8,64,4,2,24,64,0.5321999778971076,120255.54802329095
inproc,onnx-int8,64,4,2,25,64,0.5336000467650592,119940.01947338434
inproc,onnx-int8,64,4,2,26,64,0.5512000061571598,116110.3034925441
inproc,onnx-int8,64,4,2,27,64,0.5663000047206879,113014.30243068119
inproc,onnx-int8,64,4,2,28,64,0.5378000205382705,119003.34242446479
inproc,onnx-int8,64,4,2,29,64,0.5329999839887023,120075.0505113647
inproc,onnx-int8,64,4,2,30,64,0.5284000071696937,121120.36171764592
inproc,onnx-int8,64,4,2,31,64,0.5336999893188477,119917.5590797409
inproc,onnx-int8,64,4,2,32,64,0.596500001847744,107292.53948323698
inproc,onnx-int8,64,4,2,33,64,0.6036999984644353,106012.92059431787
inproc,onnx-int8,64,4,2,34,64,0.5843999679200351,109514.037496931
inproc,onnx-int8,64,4,2,35,64,0.5556000396609306,115190.77651444673
inproc,onnx-int8,64,4,2,36,64,0.5447000148706138,117495.86607814275
inproc,onnx-int8,64,4,2,37,64,0.534999999217689,119626.16839922404
inproc,onnx-int8,64,4,2,38,64,0.5511000053957105,116131.37247938439
inproc,onnx-int8,64,4,2,39,64,0.5357000045478344,119469.85151515942
inproc,onnx-int8,64,4,2,40,64,0.54240005556494,117994.08820734803
inproc,onnx-int8,64,4,2,41,64,0.5675000138580799,112775.32764255595
inproc,onnx-int8,64,4,2,42,64,0.5530000198632479,115732.3647399265
inproc,onnx-int8,64,4,2,43,64,0.5436000064946711,117733.62626077782
inproc,onnx-int8,64,4,2,44,64,0.5459999665617943,117216.12439468293
inproc,onnx-int8,64,4,2,45,64,0.5575999966822565,114777.61904735061
inproc,onnx-int8,64,4,2,46,64,0.5447999574244022,117474.31167683378
inproc,onnx-int8,64,4,2,47,64,0.5477999802678823,116830.96441278265
inproc,onnx-int8,64,4,2,48,64,0.5568999913521111,114921.89081312937
inproc,onnx-int8,64,4,2,49,64,0.5864999839104712,109121.91262697383
inproc,onnx-int8,64,4,2,50,64,0.5741000059060752,111478.83529280197
inproc,onnx-int8,64,4,2,51,64,0.5270999972708523,121419.08619117932
inproc,onnx-int8,64,4,2,52,64,0.5846000276505947,109476.55999471093
inproc,onnx-int8,64,4,2,53,64,0.5363000091165304,119336.1904010218
inproc,onnx-int8,64,4,2,54,64,0.5923999706283212,108035.11676767851
inproc,onnx-int8,64,4,2,55,64,0.7184999994933605,89074.46074478586
inproc,onnx-int8,64,4,2,56,64,0.5315999733284116,120391.2776731125
inproc,onnx-int8,64,4,2,57,64,0.5107999895699322,125293.65956699562
inproc,onnx-int8,64,4,2,58,64,0.4722000448964536,135535.77703287647
inproc,onnx-int8,64,4,2,59,64,0.4459000192582607,143529.93324930058
inproc,onnx-int8,64,4,2,60,64,0.4363000043667853,146688.05720707026
inproc,onnx-int8,64,4,2,61,64,0.4328000359237194,147874.29456516943
inproc,onnx-int8,64,4,2,62,64,0.4422999918460846,144698.17133135122
inproc,onnx-int8,64,4,2,63,64,0.4323000321164727,148045.32788643596
inproc,onnx-int8,64,4,2,64,64,0.4400999750941992,145421.50334432855
inproc,onnx-int8,64,4,2,65,64,0.4756999551318586,134538.5874216867
inproc,onnx-int8,64,4,2,66,64,0.5249999812804163,121904.76625144092
inproc,onnx-int8,64,4,2,67,64,0.512500002514571,124878.04816777617
inproc,onnx-int8,64,4,2,68,64,0.5234999698586762,122254.06625577726
inproc,onnx-int8,64,4,2,69,64,0.5164999747648835,123910.94506661594
inproc,onnx-int8,64,4,2,70,64,0.5077999667264521,126033.87986135158
inproc,onnx-int8,64,4,2,71,64,0.5088999751023948,125761.45240943012
inproc,onnx-int8,64,4,2,72,64,0.5253000417724252,121835.13213525806
inproc,onnx-int8,64,4,2,73,64,0.5130000063218176,124756.33374524993
inproc,onnx-int8,64,4,2,74,64,0.5126999458298087,124829.3480827573
http,torchscript,1,1,0,0,1,1.6330999787896872,612.3323819654408
http,torchscript,1,1,0,1,1,2.7135999989695847,368.5141510833294
http,torchscript,1,1,0,2,1,3.9520999998785555,253.03003467289014
http,torchscript,1,1,0,3,1,2.9252999811433256,341.8452830294552
http,torchscript,1,1,0,4,1,2.4096000124700367,415.0066379585209
http,torchscript,1,1,0,5,1,2.91719997767359,342.794463065052
http,torchscript,1,1,0,6,1,2.1166999940760434,472.4335063063616
http,torchscript,1,1,0,7,1,3.584899997804314,278.9478090358118
http,torchscript,1,1,0,8,1,4.116600030101836,242.91891189032086
http,torchscript,1,1,0,9,1,2.2979999775998294,435.1610138153529
http,torchscript,1,1,0,10,1,2.849400043487549,350.95107206359165
http,torchscript,1,1,0,11,1,2.274500031489879,439.65706140041874
http,torchscript,1,1,0,12,1,2.221899980213493,450.065263470552
http,torchscript,1,1,0,13,1,3.962000017054379,252.39777781310264
http,torchscript,1,1,0,14,1,6.042300025001168,165.49989174028258
http,torchscript,1,1,0,15,1,2.756600035354495,362.76572124160236
http,torchscript,1,1,0,16,1,3.126900002826005,319.8055579315705
http,torchscript,1,1,0,17,1,5.620000010821968,177.9359427178617
http,torchscript,1,1,0,18,1,4.612299962900579,216.81157080926735
http,torchscript,1,1,0,19,1,3.110899997409433,321.4503844008932
http,torchscript,1,1,0,20,1,3.185699984896928,313.90275441532344
http,torchscript,1,1,0,21,1,4.242700000759214,235.69896523936504
http,torchscript,1,1,0,22,1,5.009399959817529,199.62470715483173
http,torchscript,1,1,0,23,1,2.8797999839298427,347.24633848888925
http,torchscript,1,1,0,24,1,2.9613999649882317,337.67812920331886
http,torchscript,1,1,0,25,1,2.9072999604977667,343.9617561267353
http,torchscript,1,1,0,26,1,4.5695999870076776,218.83753563620618
http,torchscript,1,1,0,27,1,2.832599973771721,353.0325528699556
http,torchscript,1,1,0,28,1,2.0582000142894685,485.86142894631155
http,torchscript,1,1,0,29,1,1.9566999981179833,511.06454794390146
http,torchscript,1,1,0,30,1,2.2551000001840293,443.4393152935099
http,torchscript,1,1,0,31,1,2.253200043924153,443.81323473543387
http,torchscript,1,1,0,32,1,3.144300018902868,318.03580892033557
http,torchscript,1,1,0,33,1,3.9764000102877617,251.48375349884193
http,torchscript,1,1,0,34,1,2.7993000112473965,357.2321637488187
http,torchscript,1,1,0,35,1,4.010399978142232,249.35168697642914
http,torchscript,1,1,0,36,1,2.594800025690347,385.38615311364885
http,torchscript,1,1,0,37,1,2.39730003522709,417.13593847474857
http,torchscript,1,1,0,38,1,3.9879000396467745,250.75854210442404
http,torchscript,1,1,0,39,1,3.555000002961606,281.29395194568724
http,torchscript,1,1,0,40,1,2.6968999882228673,370.79610084427117
http,torchscript,1,1,0,41,1,3.279399999883026,304.9338293699059
http,torchscript,1,1,0,42,1,4.885400005150586,204.69152964869173
http,torchscript,1,1,0,43,1,4.182700009550899,239.0800195367994
http,torchscript,1,1,0,44,1,2.2424000198952854,445.95076307870244
http,torchscript,1,1,0,45,1,1.846300030592829,541.6237791421743
http,torchscript,1,1,0,46,1,1.7324999789707363,577.2005842066974
http,torchscript,1,1,0,47,1,1.941800001077354,514.9860950896991
http,torchscript,1,1,0,48,1,2.1082000457681715,474.33828777649364
http,torchscript,1,1,0,49,1,5.099600006360561,196.09381103473476
http,torchscript,1,1,0,50,1,2.2799999569542706,438.5964995086431
http,torchscript,1,1,0,51,1,2.064300002530217,484.4257127231012
http,torchscript,1,1,0,52,1,2.3578000254929066,424.1241789752489
http,torchscript,1,1,0,53,1,2.145000034943223,466.2004586058058
http,torchscript,1,1,0,54,1,1.9732999498955905,506.7653298490739
http,torchscript,1,1,0,55,1,3.878899966366589,257.8050500582287
http,torchscript,1,1,0,56,1,3.682600043248385,271.5472731917718
http,torchscript,1,1,0,57,1,2.2028000093996525,453.967675564219
http,torchscript,1,1,0,58,1,2.3474000045098364,426.00323680616646
http,torchscript,1,1,0,59,1,2.1315999911166728,469.131171029952
http,torchscript,1,1,0,60,1,1.9053000141866505,524.8517254784612
http,torchscript,1,1,0,61,1,3.7900999886915088,263.8452819143801
http,torchscript,1,1,0,62,1,4.212300002109259,237.39999513312486
http,torchscript,1,1,0,63,1,2.311799966264516,432.56337684606575
http,torchscript,1,1,0,64,1,1.8378000240772963,544.1288425828973
http,torchscript,1,1,0,65,1,2.355600008741021,424.52029049467615
http,torchscript,1,1,0,66,1,1.9551999866962433,511.45663195800665
http,torchscript,1,1,0,67,1,3.1068000243976712,321.87459512907475
http,torchscript,1,1,0,68,1,3.0864999862387776,323.99157766354125
http,torchscript,1,1,0,69,1,2.134900016244501,468.4060107691124
http,torchscript,1,1,1,0,1,1.8191999988630414,549.6921727270103
http,torchscript,1,1,1,1,1,1.687200041487813,592.697946544724
http,torchscript,1,1,1,2,1,1.6231999616138637,616.0670426616766
http,torchscript,1,1,1,3,1,1.9176999921910465,521.4579986817757
http,torchscript,1,1,1,4,1,1.8799000536091626,531.9431732980329
http,torchscript,1,1,1,5,1,1.9870999967679381,503.2459371076051
http,torchscript,1,1,1,6,1,1.9329999922774732,517.3305763037243
http,torchscript,1,1,1,7,1,1.750499999616295,571.2653528815752
http,torchscript,1,1,1,8,1,2.3172000073827803,431.55532401774633
http,torchscript,1,1,1,9,1,1.8754999618977308,533.1911598591272
http,torchscript,1,1,1,10,1,1.8115999992005527,551.9982338492457
http,torchscript,1,1,1,11,1,2.1097999997437,473.9785762259364
http,torchscript,1,1,1,12,1,2.367899985983968,422.3151340509238
http,torchscript,1,1,1,13,1,2.7756000054068863,360.2824607479441
http,torchscript,1,1,1,14,1,2.0531000336632133,487.0683277013857
http,torchscript,1,1,1,15,1,1.8752000178210437,533.2764454439298
http,torchscript,1,1,1,16,1,1.8483999883756042,541.0084431340058
http,torchscript,1,1,1,17,1,3.1000999733805656,322.5702424394818
http,torchscript,1,1,1,18,1,2.2790999501012266,438.76969939628356
http,torchscript,1,1,1,19,1,1.774700009264052,563.4755140474072
http,torchscript,1,1,1,20,1,2.011600008700043,497.1167208565635
http,torchscript,1,1,1,21,1,3.4990000422112644,285.79593824984056
http,torchscript,1,1,1,22,1,2.0569999469444156,486.14488371059844
http,torchscript,1,1,1,23,1,1.7517000087536871,570.8740052536094
http,torchscript,1,1,1,24,1,1.8828000174835324,531.1238531517308
http,torchscript,1,1,1,25,1,1.732399978209287,577.2339024349678
http,torchscript,1,1,1,26,1,1.594299974385649,627.234533065424
http,torchscript,1,1,1,27,1,1.5931999660097063,627.6676006368353
http,torchscript,1,1,1,28,1,1.7980000120587647,556.1735224100303
http,torchscript,1,1,1,29,1,2.330099989194423,429.1661321992136
http,torchscript,1,1,1,30,1,1.8364000134170055,544.5436684240115
http,torchscript,1,1,1,31,1,1.6995000187307596,588.4083489136009
http,torchscript,1,1,1,32,1,1.7894000047817826,558.8465392465168
http,torchscript,1,1,1,33,1,1.7414999892935157,574.2176320113994
http,torchscript,1,1,1,34,1,1.615600020159036,618.9650826456182
http,torchscript,1,1,1,35,1,1.6073000151664019,622.1613827935361
http,torchscript,1,1,1,36,1,1.7008999711833894,587.9240501746008
http,torchscript,1,1,1,37,1,1.8326000426895916,545.6728018691755
http,torchscript,1,1,1,38,1,2.4898999836295843,401.62255776325486
http,torchscript,1,1,1,39,1,1.9189000013284385,521.131898122731
http,torchscript,1,1,1,40,1,1.9313999800942838,517.7591437850091
http,torchscript,1,1,1,41,1,1.7445000121369958,573.2301479178608
http,torchscript,1,1,1,42,1,1.7717999871820211,564.3977916437741
http,torchscript,1,1,1,43,1,1.6810999950394034,594.8486127837749
http,torchscript,1,1,1,44,1,2.1353000192902982,468.31826486489064
http,torchscript,1,1,1,45,1,1.8597000162117183,537.7211331304062
http,torchscript,1,1,1,46,1,1.7692999681457877,565.1952851431926
http,torchscript,1,1,1,47,1,2.0936999935656786,477.6233476969872
http,torchscript,1,1,1,48,1,1.979100052267313,505.2801645143568
http,torchscript,1,1,1,49,1,1.8081999733112752,553.0361767281441
http,torchscript,1,1,1,50,1,1.7337999888695776,576.7677969890813
http,torchscript,1,1,1,51,1,1.7667000065557659,566.0270539929015
http,torchscript,1,1,1,52,1,2.2595000336878,442.5757845056851
http,torchscript,1,1,1,53,1,1.7362000071443617,575.9705079397871
http,torchscript,1,1,1,54,1,1.7024999833665788,587.371518220263
http,torchscript,1,1,1,55,1,1.827100000809878,547.3154176327192
http,torchscript,1,1,1,56,1,2.483899996150285,402.59269759244216
http,torchscript,1,1,1,57,1,1.8201000057160854,549.4203597931247
http,torchscript,1,1,1,58,1,2.3167000035755336,431.6484648235103
http,torchscript,1,1,1,59,1,3.202300053089857,312.27554676992656
http,torchscript,1,1,1,60,1,2.3344000219367445,428.375595700323
http,torchscript,1,1,1,61,1,2.0858999923802912,479.4093694103072
http,torchscript,1,1,1,62,1,2.4073999957181513,415.3858942338704
http,torchscript,1,1,1,63,1,3.7757999962195754,264.8445365223859
http,torchscript,1,1,1,64,1,2.0549999899230897,486.618007252363
http,torchscript,1,1,1,65,1,1.8844000296667218,530.6728848740581
http,torchscript,1,1,1,66,1,1.6679000109434128,599.556324383241
http,torchscript,1,1,1,67,1,1.6545999678783119,604.3756916557279
http,torchscript,1,1,1,68,1,1.6521999496035278,605.2536197207646
http,torchscript,1,1,1,69,1,1.848700048867613,540.9206326426677
http,torchscript,1,1,2,0,1,3.1257999944500625,319.9181015341754
http,torchscript,1,1,2,1,1,3.3764999825507402,296.1646690856965
http,torchscript,1,1,2,2,1,3.1128000118769705,321.2541750785382
http,torchscript,1,1,2,3,1,2.2089999984018505,452.69352681008235
http,torchscript,1,1,2,4,1,1.9979000207968056,500.525546619284
http,torchscript,1,1,2,5,1,1.9965999526903033,500.85145932842363
http,torchscript,1,1,2,6,1,1.7933000344783068,557.6311720146218
http,torchscript,1,1,2,7,1,2.0737999584525824,482.20658695845236
http,torchscript,1,1,2,8,1,3.2805000082589686,304.83157978430285
http,torchscript,1,1,2,9,1,3.74399998690933,267.09401802789523
http,torchscript,1,1,2,10,1,3.2685999758541584,305.9413838913334
http,torchscript,1,1,2,11,1,1.9915999728254974,502.10886405129474
http,torchscript,1,1,2,12,1,1.767300011124462,565.8348858175699
http,torchscript,1,1,2,13,1,1.7160000279545784,582.7505732572572
http,torchscript,1,1,2,14,1,2.2545999963767827,443.5376570598037
http,torchscript,1,1,2,15,1,3.9502999861724675,253.14533162047826
http,torchscript,1,1,2,16,1,2.2490000119432807,444.642060777908
http,torchscript,1,1,2,17,1,1.8712999881245196,534.3878620991356
http,torchscript,1,1,2,18,1,1.68599997414276,593.119819298008
http,torchscript,1,1,2,19,1,1.8687000265344977,535.1313671539348
http,torchscript,1,1,2,20,1,1.8173999851569533,550.2366062326332
http,torchscript,1,1,2,21,1,1.8311000312678516,546.119809362682
http,torchscript,1,1,2,22,1,3.4297999809496105,291.56219183461815
http,torchscript,1,1,2,23,1,3.6794000188820064,271.7834415579125
http,torchscript,1,1,2,24,1,1.9744999590329826,506.4573414778662
http,torchscript,1,1,2,25,1,1.7275999998673797,578.8376939550623
http,torchscript,1,1,2,26,1,1.9990000291727483,500.25011776204565
http,torchscript,1,1,2,27,1,1.755199977196753,569.7356500637094
http,torchscript,1,1,2,28,1,1.658499997574836,602.9544778186696
http,torchscript,1,1,2,29,1,2.3241000017151237,430.27408427435427
http,torchscript,1,1,2,30,1,3.5733000258915126,279.85335481324637
http,torchscript,1,1,2,31,1,2.0942999981343746,477.48651143141427
http,torchscript,1,1,2,32,1,6.266399985179305,159.5812591543957
http,torchscript,1,1,2,33,1,1.769399968907237,565.1633421343336
http,torchscript,1,1,2,34,1,1.9851000397466123,503.7529494622572
http,torchscript,1,1,2,35,1,4.718100011814386,211.9497249943715
http,torchscript,1,1,2,36,1,2.799700014293194,357.181124725771
http,torchscript,1,1,2,37,1,2.2632000036537647,441.85224389606566
http,torchscript,1,1,2,38,1,2.7843000134453177,359.15669833388074
http,torchscript,1,1,2,39,1,2.7278000488877296,366.59578491017095
http,torchscript,1,1,2,40,1,4.069400019943714,245.73647100287562
http,torchscript,1,1,2,41,1,3.1809999491088092,314.3665564283208
http,torchscript,1,1,2,42,1,2.049800008535385,487.8524713806182
http,torchscript,1,1,2,43,1,1.8554999842308462,538.9382961458372
http,torchscript,1,1,2,44,1,1.7655999981798232,566.379701535405
http,torchscript,1,1,2,45,1,2.2844999912194908,437.73254709718304
http,torchscript,1,1,2,46,1,2.135800023097545,468.2086287037785
http,torchscript,1,1,2,47,1,4.685699997935444,213.41528489673001
http,torchscript,1,1,2,48,1,2.8400999726727605,352.1002815471035
http,torchscript,1,1,2,49,1,2.0394999883137643,490.31625679330784
http,torchscript,1,1,2,50,1,2.328300033695996,429.4979107192545
http,torchscript,1,1,2,51,1,2.597399987280369,385.0003868857561
http,torchscript,1,1,2,52,1,4.297900013625622,232.67176919651516
http,torchscript,1,1,2,53,1,3.479400009382516,287.40587380106047
http,torchscript,1,1,2,54,1,3.0644999933429062,326.3175076431151
http,torchscript,1,1,2,55,1,1.9960000063292682,501.0020024193507
http,torchscript,1,1,2,56,1,1.7082999693229795,585.3772861661482
http,torchscript,1,1,2,57,1,1.6585999983362854,602.9181243235763
http,torchscript,1,1,2,58,1,1.8511000089347363,540.2193264401074
http,torchscript,1,1,2,59,1,2.789999998640269,358.4229392427809
http,torchscript,1,1,2,60,1,4.108799970708787,243.3800640403274
http,torchscript,1,1,2,61,1,2.5816999841481447,387.3416764690259
http,torchscript,1,1,2,62,1,2.1451999782584608,466.1570064026528
http,torchscript,1,1,2,63,1,2.128500025719404,469.81441762586473
http,torchscript,1,1,2,64,1,2.3240000009536743,430.29259879072333
http,torchscript,1,1,2,65,1,3.2657000119797885,306.21306192596757
http,torchscript,1,1,2,66,1,3.520699974615127,284.0344270202454
http,torchscript,1,1,2,67,1,2.3071999894455075,433.42579948621244
http,torchscript,1,1,2,68,1,2.388899971265346,418.6027092085914
http,torchscript,1,1,2,69,1,2.255300001706928,443.39999079641206
http,torchscript,1,4,0,0,1,6.6087000304833055,151.3156892259291
http,torchscript,1,4,0,1,1,6.631099968217313,150.80454295561424
http,torchscript,1,4,0,2,1,3.7960000336170197,263.4351926090869
http,torchscript,1,4,0,3,1,6.064500019419938,164.89405504126765
http,torchscript,1,4,0,4,1,10.843100026249886,92.22454810700964
http,torchscript,1,4,0,5,1,5.4983000154607,181.87439702964454
http,torchscript,1,4,0,6,1,16.33459998993203,61.2197421801794
http,torchscript,1,4,0,7,1,5.869100044947118,170.3838735652376
http,torchscript,1,4,0,8,1,5.632499989587814,177.5410566974861
http,torchscript,1,4,0,9,1,3.2736000139266253,305.4740944971214
http,torchscript,1,4,0,10,1,5.05090004298836,197.98451592567073
http,torchscript,1,4,0,11,1,6.322800007183105,158.1577780198545
http,torchscript,1,4,0,12,1,4.711100016720593,212.2646508142067
http,torchscript,1,4,0,13,1,6.226199970114976,160.61160977801578
http,torchscript,1,4,0,14,1,4.389100009575486,227.8371415138294
http,torchscript,1,4,0,15,1,3.7880000309087336,263.99155011625015
http,torchscript,1,4,0,16,1,5.4911000188440084,182.1128729340685
http,torchscript,1,4,0,17,1,6.528999947477132,153.16281330135553
http,torchscript,1,4,0,18,1,3.6215000436641276,276.12867263373806
http,torchscript,1,4,0,19,1,6.713399954605848,148.95582071107387
http,torchscript,1,4,0,20,1,9.047500032465905,110.52776970562209
http,torchscript,1,4,0,21,1,8.733300026506186,114.50425348550135
http,torchscript,1,4,0,22,1,7.681199989747256,130.18799163344062
http,torchscript,1,4,0,23,1,6.781900010537356,147.4513039776837
http,torchscript,1,4,0,24,1,6.932299991603941,144.25226854163128
http,torchscript,1,4,0,25,1,6.2750999932177365,159.3600103712804
http,torchscript,1,4,0,26,1,7.457299972884357,134.09679155138195
http,torchscript,1,4,0,27,1,7.173800026066601,139.39613543260427
http,torchscript,1,4,0,28,1,9.26300004357472,107.95638511236432
http,torchscript,1,4,0,29,1,9.119599999394268,109.65393219729165
http,torchscript,1,4,0,30,1,11.009400011971593,90.83147118940202
http,torchscript,1,4,0,31,1,3.8644999731332064,258.76568946880695
http,torchscript,1,4,0,32,1,6.9623999879695475,143.62863405261368
http,torchscript,1,4,0,33,1,8.066600013989955,123.96796646241214
http,torchscript,1,4,0,34,1,6.661899969913065,150.10732741654323
http,torchscript,1,4,0,35,1,10.377999977208674,96.35767991868562
http,torchscript,1,4,0,36,1,9.053199959453195,110.45818102756222
http,torchscript,1,4,0,37,1,9.104700002353638,109.83338272996276
http,torchscript,1,4,0,38,1,7.892699970398098,126.69935557547377
http,torchscript,1,4,0,39,1,7.080799958202988,141.22698083590353
http,torchscript,1,4,0,40,1,5.1095999660901725,195.71003730947504
http,torchscript,1,4,0,41,1,6.453400012105703,154.95707659902308
http,torchscript,1,4,0,42,1,8.198599971365184,121.97204443351879
http,torchscript,1,4,0,43,1,9.50749998446554,105.18012112899463
http,torchscript,1,4,0,44,1,8.073500008322299,123.8620175845895
http,torchscript,1,4,0,45,1,8.869099954608828,112.75101251738064
http,torchscript,1,4,0,46,1,9.04209999134764,110.59377809987691
http,torchscript,1,4,0,47,1,9.194499987643212,108.76067228712084
http,torchscript,1,4,0,48,1,4.61949995951727,216.47364623085704
http,torchscript,1,4,0,49,1,5.385000025853515,185.7010204640624
http,torchscript,1,4,0,50,1,5.332100030500442,187.54336833139746
http,torchscript,1,4,0,51,1,5.534699943382293,180.67826805962187
http,torchscript,1,4,0,52,1,8.490699983667582,117.77591976204147
http,torchscript,1,4,0,53,1,6.513400003314018,153.5296464966377
http,torchscript,1,4,0,54,1,7.894299982581288,126.67367622290669
http,torchscript,1,4,0,55,1,6.602799985557795,151.45089994961
http,torchscript,1,4,0,56,1,9.481400018557906,105.46965617342418
http,torchscript,1,4,0,57,1,5.8608000399544835,170.6251694619778
http,torchscript,1,4,0,58,1,4.996399977244437,200.14410466623806
http,torchscript,1,4,0,59,1,6.611299992073327,151.25618277781348
http,torchscript,1,4,0,60,1,6.840400048531592,146.1902802329035
http,torchscript,1,4,0,61,1,4.685899999458343,213.40617599940097
http,torchscript,1,4,0,62,1,5.47460000962019,182.66174665596745
http,torchscript,1,4,0,63,1,7.377900008577853,135.53992312681908
http,torchscript,1,4,0,64,1,8.649999974295497,115.60693675972472
http,torchscript,1,4,0,65,1,5.884699989110231,169.93219736783902
http,torchscript,1,4,0,66,1,5.423500027973205,184.38277769746895
http,torchscript,1,4,0,67,1,6.5663999994285405,152.29044835633343
http,torchscript,1,4,0,68,1,5.220399994868785,191.55620277812352
http,torchscript,1,4,0,69,1,4.946100001689047,202.1794948865792
http,torchscript,1,4,1,0,1,4.485499986913055,222.940586984196
http,torchscript,1,4,1,1,1,7.565300038550049,132.182464000682
http,torchscript,1,4,1,2,1,7.989600009750575,125.16271137223285
http,torchscript,1,4,1,3,1,5.41969999903813,184.5120578957279
http,torchscript,1,4,1,4,1,8.662200008984655,115.4441133849108
http,torchscript,1,4,1,5,1,3.6232999991625547,275.9914995256059
http,torchscript,1,4,1,6,1,5.587299994658679,178.97732374420121
http,torchscript,1,4,1,7,1,4.52340004267171,221.0726423854738
http,torchscript,1,4,1,8,1,4.194999986793846,238.37902339644103
http,torchscript,1,4,1,9,1,3.6187999648973346,276.33469926497304
http,torchscript,1,4,1,10,1,5.466499947942793,182.93240821786338
http,torchscript,1,4,1,11,1,6.347699963953346,157.53737663700164
http,torchscript,1,4,1,12,1,7.383300049696118,135.44079114611603
http,torchscript,1,4,1,13,1,5.628300015814602,177.67354213353298
http,torchscript,1,4,1,14,1,4.310600052122027,231.98626360794455
http,torchscript,1,4,1,15,1,6.521500006783754,153.33895560220597
http,torchscript,1,4,1,16,1,7.523900014348328,132.90979386926549
http,torchscript,1,4,1,17,1,8.477299998048693,117.96208701239549
http,torchscript,1,4,1,18,1,5.903300014324486,169.39677766223608
http,torchscript,1,4,1,19,1,5.1454000058583915,194.34834976122968
http,torchscript,1,4,1,20,1,5.322400014847517,187.88516406327443
http,torchscript,1,4,1,21,1,5.259400000795722,190.1357569016817
http,torchscript,1,4,1,22,1,4.656100005377084,214.7720192532705
http,torchscript,1,4,1,23,1,4.717399948276579,211.98117839580948
http,torchscript,1,4,1,24,1,4.561500041745603,219.22612974860746
http,torchscript,1,4,1,25,1,6.764399993699044,147.83277170650578
http,torchscript,1,4,1,26,1,2.932000032160431,341.0641163135167
http,torchscript,1,4,1,27,1,4.344500019215047,230.17608368676616
http,torchscript,1,4,1,28,1,5.330599960871041,187.59614440033803
http,torchscript,1,4,1,29,1,4.513899970334023,221.537917670338
http,torchscript,1,4,1,30,1,4.769699997268617,209.65679195183196
http,torchscript,1,4,1,31,1,3.7662999820895493,265.5125732829169
http,torchscript,1,4,1,32,1,5.393200030084699,185.41867433466865
http,torchscript,1,4,1,33,1,4.0139000047929585,249.13425815439095
http,torchscript,1,4,1,34,1,5.136099993251264,194.70025920717677
http,torchscript,1,4,1,35,1,3.7705000140704215,265.21681375634205
http,torchscript,1,4,1,36,1,3.672500024549663,272.2940757836003
http,torchscript,1,4,1,37,1,4.4154999777674675,226.4749190431686
http,torchscript,1,4,1,38,1,5.277400021441281,189.48724673838456
http,torchscript,1,4,1,39,1,4.012599994894117,249.21497315268465
http,torchscript,1,4,1,40,1,3.599399991799146,277.8240824244026
http,torchscript,1,4,1,41,1,4.398400022182614,227.35540081772075
http,torchscript,1,4,1,42,1,3.7066999939270318,269.7817470090312
http,torchscript,1,4,1,43,1,3.931800019927323,254.33643494881625
http,torchscript,1,4,1,44,1,5.992999998852611,166.861338259879
http,torchscript,1,4,1,45,1,3.39000002713874,294.98524837595045
http,torchscript,1,4,1,46,1,4.293299978598952,232.92106421278615
http,torchscript,1,4,1,47,1,4.116700030863285,242.91301102895682
http,torchscript,1,4,1,48,1,5.171800032258034,193.35627707233587
http,torchscript,1,4,1,49,1,3.850799985229969,259.68629994691355
http,torchscript,1,4,1,50,1,3.5927999997511506,278.3344466903984
http,torchscript,1,4,1,51,1,3.6612999974749982,273.1270315706569
http,torchscript,1,4,1,52,1,4.475199966691434,223.45370205642703
http,torchscript,1,4,1,53,1,4.457700008060783,224.3309325866965
http,torchscript,1,4,1,54,1,2.7307000127620995,366.2064654947217
http,torchscript,1,4,1,55,1,4.443200014065951,225.06301693245288
http,torchscript,1,4,1,56,1,4.1393000283278525,241.5867400662833
http,torchscript,1,4,1,57,1,5.170500022359192,193.40489230744083
http,torchscript,1,4,1,58,1,3.800800011958927,263.10250390801315
http,torchscript,1,4,1,59,1,5.085199954919517,196.64910109042643
http,torchscript,1,4,1,60,1,6.299000000581145,158.7553579786855
http,torchscript,1,4,1,61,1,6.335000041872263,157.85319548387207
http,torchscript,1,4,1,62,1,5.649200000334531,177.01621467478273
http,torchscript,1,4,1,63,1,6.603399990126491,151.4371386702632
http,torchscript,1,4,1,64,1,4.729599982965738,211.43437153282065
http,torchscript,1,4,1,65,1,5.1512999925762415,194.12575494363418
http,torchscript,1,4,1,66,1,5.489700008183718,182.1593162666921
http,torchscript,1,4,1,67,1,6.79020001552999,147.27106678932606
http,torchscript,1,4,1,68,1,3.7121999775990844,269.3820392312926
http,torchscript,1,4,1,69,1,5.348600039724261,186.96481183355664
http,torchscript,1,4,2,0,1,3.166399954352528,315.8160732744459
http,torchscript,1,4,2,1,1,4.217399982735515,237.11291413990432
http,torchscript,1,4,2,2,1,7.274600036907941,137.46460216733078
http,torchscript,1,4,2,3,1,8.994199975859374,111.18276252296164
http,torchscript,1,4,2,4,1,5.949300015345216,168.08700139859624
http,torchscript,1,4,2,5,1,8.347700000740588,119.79347603666668
http,torchscript,1,4,2,6,1,5.172099976334721,193.34506381848087
http,torchscript,1,4,2,7,1,5.025100021157414,199.00101406731272
http,torchscript,1,4,2,8,1,4.9362999852746725,202.5808810208192
http,torchscript,1,4,2,9,1,7.7880999888293445,128.40102225630432
http,torchscript,1,4,2,10,1,4.97369997901842,201.0575636283864
http,torchscript,1,4,2,11,1,5.096399981994182,196.2169381392839
http,torchscript,1,4,2,12,1,7.103200012352318,140.781619306935
http,torchscript,1,4,2,13,1,8.485700003802776,117.845316185095
http,torchscript,1,4,2,14,1,18.003500008489937,55.544755160298195
http,torchscript,1,4,2,15,1,17.77630002470687,56.25467609176955
http,torchscript,1,4,2,16,1,20.026499987579882,49.93383769606193
http,torchscript,1,4,2,17,1,19.968800013884902,50.07812183529657
http,torchscript,1,4,2,18,1,8.219100011046976,121.66782234745149
http,torchscript,1,4,2,19,1,7.263500010594726,137.67467454276513
http,torchscript,1,4,2,20,1,7.1962999645620584,138.96029972686895
http,torchscript,1,4,2,21,1,8.933400036767125,111.93946267762641
http,torchscript,1,4,2,22,1,7.14140001218766,140.02856558845318
http,torchscript,1,4,2,23,1,6.3958000391721725,156.35260544034034
http,torchscript,1,4,2,24,1,6.714100018143654,148.94028943531956
http,torchscript,1,4,2,25,1,6.722600024659187,148.7519704179778
http,torchscript,1,4,2,26,1,6.035899976268411,165.67537632030684
http,torchscript,1,4,2,27,1,6.168499996419996,162.11396621226694
http,torchscript,1,4,2,28,1,5.773300013970584,173.21116130811475
http,torchscript,1,4,2,29,1,7.096700021065772,140.91056364671047
http,torchscript,1,4,2,30,1,5.80039998749271,172.4019036887595
http,torchscript,1,4,2,31,1,7.109300000593066,140.66082454201944
http,torchscript,1,4,2,32,1,7.557399978395551,132.3206397515964
http,torchscript,1,4,2,33,1,7.758599997032434,128.88923264280763
http,torchscript,1,4,2,34,1,7.310600019991398,136.7876777918944
http,torchscript,1,4,2,35,1,6.591399956960231,151.71283893098362
http,torchscript,1,4,2,36,1,5.090899998322129,196.42892225924342
http,torchscript,1,4,2,37,1,6.7949999938718975,147.16703471697642
http,torchscript,1,4,2,38,1,3.91289999242872,255.56492676402505
http,torchscript,1,4,2,39,1,4.7762999893166125,209.3670837754642
http,torchscript,1,4,2,40,1,5.682999966666102,175.96340064500194
http,torchscript,1,4,2,41,1,5.467299954034388,182.9056405186051
http,torchscript,1,4,2,42,1,7.403799972962588,135.0657775266524
http,torchscript,1,4,2,43,1,4.327900009229779,231.05894264363246
http,torchscript,1,4,2,44,1,6.521700008306652,153.3342531435524
http,torchscript,1,4,2,45,1,6.461900018621236,154.75324550338186
http,torchscript,1,4,2,46,1,5.992999998852611,166.861338259879
http,torchscript,1,4,2,47,1,5.64930000109598,177.01308123236456
http,torchscript,1,4,2,48,1,4.8516999813728034,206.11332189527658
http,torchscript,1,4,2,49,1,6.386999972164631,156.56802949086094
http,torchscript,1,4,2,50,1,6.313999998383224,158.37820719924963
http,torchscript,1,4,2,51,1,7.1858000010252,139.16334992030528
http,torchscript,1,4,2,52,1,5.552500020712614,180.0990538081365
http,torchscript,1,4,2,53,1,5.863900005351752,170.53496803958785
http,torchscript,1,4,2,54,1,7.394099957309663,135.2429647656331
http,torchscript,1,4,2,55,1,6.263700022827834,159.65004651492492
http,torchscript,1,4,2,56,1,2.6322000194340944,379.91033835452725
http,torchscript,1,4,2,57,1,6.432800029870123,155.45330110629754
http,torchscript,1,4,2,58,1,6.570400029886514,152.19773460540307
http,torchscript,1,4,2,59,1,6.803800002671778,146.97668943932962
http,torchscript,1,4,2,60,1,6.489199993666261,154.10220072983466
http,torchscript,1,4,2,61,1,15.081599995028228,66.30596225398222
http,torchscript,1,4,2,62,1,13.800700020510703,72.46009249630762
http,torchscript,1,4,2,63,1,14.793100010138005,67.5990833101027
http,torchscript,1,4,2,64,1,16.662499983794987,60.01500380930496
http,torchscript,1,4,2,65,1,5.181499989703298,192.99430705147253
http,torchscript,1,4,2,66,1,6.284400005824864,159.1241803629819
http,torchscript,1,4,2,67,1,6.00189995020628,166.6139069788444
http,torchscript,1,4,2,68,1,4.9085000064224005,203.72822627922497
http,torchscript,1,4,2,69,1,2.64920003246516,377.4724398857379
http,torchscript,8,1,0,0,8,3.2772000413388014,2441.1082323591822
http,torchscript,8,1,0,1,8,3.4529000404290855,2316.893019296862
http,torchscript,8,1,0,2,8,3.616300004068762,2212.205843264956
http,torchscript,8,1,0,3,8,5.769599985796958,1386.5779290927662
http,torchscript,8,1,0,4,8,3.0382999684661627,2633.0514047428546
http,torchscript,8,1,0,5,8,2.485700009856373,3218.409288441146
http,torchscript,8,1,0,6,8,3.8562999689020216,2074.527413456839
http,torchscript,8,1,0,7,8,2.5821999879553914,3098.1333890929454
http,torchscript,8,1,0,8,8,2.3584000300616026,3392.1302145637424
http,torchscript,8,1,0,9,8,2.326899964828044,3438.050677262868
http,torchscript,8,1,0,10,8,2.220699971076101,3602.4677372888787
http,torchscript,8,1,0,11,8,2.182000025641173,3666.361093487718
http,torchscript,8,1,0,12,8,2.2034000139683485,3630.752450433142
http,torchscript,8,1,0,13,8,2.216199995018542,3609.782518717616
http,torchscript,8,1,0,14,8,2.2022000048309565,3632.7308974890725
http,torchscript,8,1,0,15,8,2.494200016371906,3207.4412426782433
http,torchscript,8,1,0,16,8,2.209400001447648,3620.8925476410895
http,torchscript,8,1,0,17,8,2.155900001525879,3710.7472491014655
http,torchscript,8,1,0,18,8,2.152700035367161,3716.26323619934
http,torchscript,8,1,0,19,8,2.022199972998351,3956.087482356288
http,torchscript,8,1,0,20,8,2.020099957007915,3960.2000743810995
http,torchscript,8,1,0,21,8,2.0450999727472663,3911.7892066925574
http,torchscript,8,1,0,22,8,4.44779999088496,1798.6420289569437
http,torchscript,8,1,0,23,8,2.2320999996736646,3584.0688146452258
http,torchscript,8,1,0,24,8,2.113899972755462,3784.4742433919546
http,torchscript,8,1,0,25,8,2.138200041372329,3741.464711068605
http,torchscript,8,1,0,26,8,2.0946000004187226,3819.3449815720205
http,torchscript,8,1,0,27,8,2.079300000332296,3847.4486599920688
http,torchscript,8,1,0,28,8,2.047699992544949,3906.8223026447035
http,torchscript,8,1,0,29,8,2.6423000381328166,3027.6652479077306
http,torchscript,8,1,0,30,8,2.351399976760149,3402.228493266685
http,torchscript,8,1,0,31,8,2.3108000168576837,3462.0044753499324
http,torchscript,8,1,0,32,8,2.3831999860703945,3356.8311710134835
http,torchscript,8,1,0,33,8,2.6941000251099467,2969.4517372915725
http,torchscript,8,1,0,34,8,6.235299981199205,1283.017661399091
http,torchscript,8,1,0,35,8,2.6706000207923353,2995.5814939395136
http,torchscript,8,1,0,36,8,3.908099955879152,2047.0305494528604
http,torchscript,8,1,0,37,8,3.2338000019080937,2473.8697492979236
http,torchscript,8,1,0,38,8,3.2990999752655625,2424.9037798122613
http,torchscript,8,1,0,39,8,3.3552999957464635,2384.287548100514
http,torchscript,8,1,0,40,8,2.4628000101074576,3248.3352148642152
http,torchscript,8,1,0,41,8,2.3523999843746424,3400.782202490409
http,torchscript,8,1,0,42,8,2.2312000510282815,3585.514439331911
http,torchscript,8,1,0,43,8,2.1897999686188996,3653.301723739441
http,torchscript,8,1,0,44,8,2.3877000203356147,3350.5046412302336
http,torchscript,8,1,0,45,8,2.258500026073307,3542.1739684054955
http,torchscript,8,1,0,46,8,2.3727999650873244,3371.5442168364925
http,torchscript,8,1,0,47,8,2.642999985255301,3026.863429674684
http,torchscript,8,1,0,48,8,2.356100012548268,3395.441601541993
http,torchscript,8,1,0,49,8,2.26690003182739,3529.0484307554802
http,torchscript,8,1,0,50,8,2.304999972693622,3470.7158762571275
http,torchscript,8,1,0,51,8,2.2235000506043434,3597.9311076811596
http,torchscript,8,1,0,52,8,2.4994999985210598,3200.6401299194063
http,torchscript,8,1,0,53,8,3.048800048418343,2623.9831648357003
http,torchscript,8,1,0,54,8,2.3210999788716435,3446.6417098883608
http,torchscript,8,1,0,55,8,2.1388999884948134,3740.2403305587745
http,torchscript,8,1,0,56,8,2.370300004258752,3375.1001922230457
http,torchscript,8,1,0,57,8,2.204400021582842,3629.105389980762
http,torchscript,8,1,0,58,8,2.1727000130340457,3682.0545643705677
http,torchscript,8,1,0,59,8,2.782299998216331,2875.3189825427226
http,torchscript,8,1,0,60,8,3.4008999937213957,2352.318508268187
http,torchscript,8,1,0,61,8,3.417600004468113,2340.823966977099
http,torchscript,8,1,0,62,8,4.156599985435605,1924.6499610333835
http,torchscript,8,1,0,63,8,3.8087000139057636,2100.454215556904
http,torchscript,8,1,0,64,8,2.901499974541366,2757.1945787332097
http,torchscript,8,1,0,65,8,2.933699986897409,2726.9318729692445
http,torchscript,8,1,0,66,8,2.2824000334367156,3505.0823180869083
http,torchscript,8,1,0,67,8,3.4150999854318798,2342.537563797947
http,torchscript,8,1,0,68,8,3.19869996747002,2501.0160632000507
http,torchscript,8,1,0,69,8,3.0728999990969896,2603.403951430538
http,torchscript,8,1,1,0,8,2.6981999981217086,2964.939591419843
http,torchscript,8,1,1,1,8,3.1204000115394592,2563.773865663196
http,torchscript,8,1,1,2,8,2.710699976887554,2951.2672255177645
http,torchscript,8,1,1,3,8,2.597499988041818,3079.8845185100363
http,torchscript,8,1,1,4,8,2.4731000303290784,3234.8064784648013
http,torchscript,8,1,1,5,8,2.660199999809265,3007.2926849761657
http,torchscript,8,1,1,6,8,2.8933000285178423,2765.0087862122546
http,torchscript,8,1,1,7,8,2.8901000041514635,2768.0703050096736
http,torchscript,8,1,1,8,8,2.685900020878762,2978.5174197893607
http,torchscript,8,1,1,9,8,2.5964999804273248,3081.070695283958
http,torchscript,8,1,1,10,8,2.5881000328809023,3091.0706303322163
http,torchscript,8,1,1,11,8,2.581499982625246,3098.9734858973084
http,torchscript,8,1,1,12,8,2.6509000454097986,3017.842945022581
http,torchscript,8,1,1,13,8,4.8716000164859,1642.1709444386515
http,torchscript,8,1,1,14,8,3.2558999955654144,2457.0779234301185
http,torchscript,8,1,1,15,8,4.067700006999075,1966.71337272533
http,torchscript,8,1,1,16,8,3.319300012663007,2410.146708486818
http,torchscript,8,1,1,17,8,3.0657000024802983,2609.518215587832
http,torchscript,8,1,1,18,8,2.9353999998420477,2725.3525926383036
http,torchscript,8,1,1,19,8,2.7346000424586236,2925.4735156104807
http,torchscript,8,1,1,20,8,2.7902000001631677,2867.177979905444
http,torchscript,8,1,1,21,8,2.744400000665337,2915.0269632927143
http,torchscript,8,1,1,22,8,3.3697999897412956,2374.0281394606363
http,torchscript,8,1,1,23,8,4.238500026986003,1887.4601743694689
http,torchscript,8,1,1,24,8,2.8336000395938754,2823.2636533794644
http,torchscript,8,1,1,25,8,2.6196000399068,3053.9013124631897
http,torchscript,8,1,1,26,8,2.510799968149513,3186.235503219353
http,torchscript,8,1,1,27,8,2.765800047200173,2892.4722913713235
http,torchscript,8,1,1,28,8,2.539200009778142,3150.5986016040483
http,torchscript,8,1,1,29,8,2.786100027151406,2871.3972657253967
http,torchscript,8,1,1,30,8,2.5692000053822994,3113.8097397012857
http,torchscript,8,1,1,31,8,2.5653999764472246,3118.4221070583517
http,torchscript,8,1,1,32,8,2.503700030501932,3195.2709599944333
http,torchscript,8,1,1,33,8,2.739099960308522,2920.667414817132
http,torchscript,8,1,1,34,8,2.677000011317432,2988.4198603581476
http,torchscript,8,1,1,35,8,2.6569999754428864,3010.914593127351
http,torchscript,8,1,1,36,8,2.5625000125728548,3121.9512041944045
http,torchscript,8,1,1,37,8,2.4361999821849167,3283.8026674744347
http,torchscript,8,1,1,38,8,2.440100011881441,3278.554141652413
http,torchscript,8,1,1,39,8,2.6983999996446073,2964.7198343661576
http,torchscript,8,1,1,40,8,2.6000000070780516,3076.9230685466846
http,torchscript,8,1,1,41,8,2.507500001229346,3190.428712294261
http,torchscript,8,1,1,42,8,2.654300013091415,3013.9773049552696
http,torchscript,8,1,1,43,8,2.4541000020690262,3259.850859074725
http,torchscript,8,1,1,44,8,2.4304999969899654,3291.5038098776135
http,torchscript,8,1,1,45,8,2.6428999844938517,3026.9779586578265
http,torchscript,8,1,1,46,8,3.6238000029698014,2207.6273506936877
http,torchscript,8,1,1,47,8,3.7050999817438424,2159.185997521913
http,torchscript,8,1,1,48,8,4.217499983496964,1896.858335815986
http,torchscript,8,1,1,49,8,3.429700038395822,2332.565504399577
http,torchscript,8,1,1,50,8,3.708300006110221,2157.3227588971445
http,torchscript,8,1,1,51,8,3.458599967416376,2313.0746762760527
http,torchscript,8,1,1,52,8,3.416999999899417,2341.2350015321886
http,torchscript,8,1,1,53,8,3.1439000158570707,2544.6101846909687
http,torchscript,8,1,1,54,8,3.3101000008173287,2416.8454119285348
http,torchscript,8,1,1,55,8,3.4318999969400465,2331.070254708169
http,torchscript,8,1,1,56,8,3.3081999863497913,2418.2334904205886
http,torchscript,8,1,1,57,8,3.528700035531074,2267.123847152395
http,torchscript,8,1,1,58,8,3.6860000109300017,2170.374383146447
http,torchscript,8,1,1,59,8,3.892799955792725,2055.0760611511796
http,torchscript,8,1,1,60,8,2.5470000109635293,3140.9501238963885
http,torchscript,8,1,1,61,8,2.404300030320883,3327.371750243793
http,torchscript,8,1,1,62,8,2.523800008930266,3169.823271135841
http,torchscript,8,1,1,63,8,2.4561999598518014,3257.063810261886
http,torchscript,8,1,1,64,8,2.3379999911412597,3421.727985591189
http,torchscript,8,1,1,65,8,2.474700042512268,3232.7150210409154
http,torchscript,8,1,1,66,8,2.630499948281795,3041.2469710274986
http,torchscript,8,1,1,67,8,2.5798000278882682,3101.015549080567
http,torchscript,8,1,1,68,8,2.4724999675527215,3235.591549033828
http,torchscript,8,1,1,69,8,2.6299000019207597,3041.9407559820384
http,torchscript,8,1,2,0,8,1.9435000140219927,4116.285023041668
http,torchscript,8,1,2,1,8,1.9928000401705503,4014.45194637558
http,torchscript,8,1,2,2,8,1.9847999792546034,4030.632851479785
http,torchscript,8,1,2,3,8,1.9394000410102308,4124.987022188991
http,torchscript,8,1,2,4,8,1.9249999895691872,4155.84417836303
http,torchscript,8,1,2,5,8,3.0817000078968704,2595.969750300147
http,torchscript,8,1,2,6,8,2.147899998817593,3724.568184926652
http,torchscript,8,1,2,7,8,1.9641999970190227,4072.9050056721503
http,torchscript,8,1,2,8,8,1.9282999564893544,4148.732137382157
http,torchscript,8,1,2,9,8,2.3858999484218657,3353.032471161054
http,torchscript,8,1,2,10,8,2.1484000026248395,3723.7013546015087
http,torchscript,8,1,2,11,8,2.0336000015959144,3933.9103037577775
http,torchscript,8,1,2,12,8,1.9730999483726919,4054.533581331232
http,torchscript,8,1,2,13,8,2.180099952965975,3669.5565215329634
http,torchscript,8,1,2,14,8,2.0387000404298306,3924.0691820035063
http,torchscript,8,1,2,15,8,1.9583000103011727,4085.175896398865
http,torchscript,8,1,2,16,8,1.9354000105522573,4133.5124296693775
http,torchscript,8,1,2,17,8,3.1830999650992453,2513.2732517718996
http,torchscript,8,1,2,18,8,2.3176000104285777,3451.846722472449
http,torchscript,8,1,2,19,8,2.2640000097453594,3533.5688893834367
http,torchscript,8,1,2,20,8,2.5147999986074865,3181.1674902297673
http,torchscript,8,1,2,21,8,2.1909999777562916,3651.300812970548
http,torchscript,8,1,2,22,8,2.384499995969236,3355.0010541091287
http,torchscript,8,1,2,23,8,2.756599977146834,2902.1258312133655
http,torchscript,8,1,2,24,8,2.1988999797031283,3638.1827613096225
http,torchscript,8,1,2,25,8,4.105100000742823,1948.7954004902172
http,torchscript,8,1,2,26,8,2.6812999858520925,2983.6273606877576
http,torchscript,8,1,2,27,8,2.7718000346794724,2886.2110902329614
http,torchscript,8,1,2,28,8,3.148099989630282,2541.215344605218
http,torchscript,8,1,2,29,8,2.4927000049501657,3209.3713580106228
http,torchscript,8,1,2,30,8,2.8667000005953014,2790.665224243455
http,torchscript,8,1,2,31,8,2.543100039474666,3145.7669284817352
http,torchscript,8,1,2,32,8,3.216999990399927,2486.788941210244
http,torchscript,8,1,2,33,8,2.6342999772168696,3036.859913141698
http,torchscript,8,1,2,34,8,2.919799997471273,2739.9136950916136
http,torchscript,8,1,2,35,8,2.7724000392481685,2885.5864546046805
http,torchscript,8,1,2,36,8,3.254899987950921,2457.832815021851
http,torchscript,8,1,2,37,8,2.894399978686124,2763.958008191908
http,torchscript,8,1,2,38,8,3.029000014066696,2641.135676080537
http,torchscript,8,1,2,39,8,2.7361000538803637,2923.869684025013
http,torchscript,8,1,2,40,8,3.0453000217676163,2626.9989632602683
http,torchscript,8,1,2,41,8,3.1490999972447753,2540.4083728682467
http,torchscript,8,1,2,42,8,3.006500017363578,2660.9013649749645
http,torchscript,8,1,2,43,8,3.0145999626256526,2653.751774425211
http,torchscript,8,1,2,44,8,2.7962999884039164,2860.923374879486
http,torchscript,8,1,2,45,8,2.559300046414137,3125.854669212735
http,torchscript,8,1,2,46,8,2.3245999473147094,3441.45237086549
http,torchscript,8,1,2,47,8,2.151800028514117,3717.817591778843
http,torchscript,8,1,2,48,8,2.1727000130340457,3682.0545643705677
http,torchscript,8,1,2,49,8,2.120700024534017,3772.3392782804567
http,torchscript,8,1,2,50,8,2.2628000006079674,3535.44281326258
http,torchscript,8,1,2,51,8,2.266499970573932,3529.6713451861237
http,torchscript,8,1,2,52,8,2.3519000387750566,3401.5051099563957
http,torchscript,8,1,2,53,8,2.383099985308945,3356.972031940523
http,torchscript,8,1,2,54,8,2.56910000462085,3113.930942980418
http,torchscript,8,1,2,55,8,2.4673999869264662,3242.2793395428585
http,torchscript,8,1,2,56,8,2.349300018977374,3405.269627283414
http,torchscript,8,1,2,57,8,2.770699968095869,2887.357018846724
http,torchscript,8,1,2,58,8,2.496899978723377,3203.9729537305157
http,torchscript,8,1,2,59,8,4.137100011575967,1933.7216836951734
http,torchscript,8,1,2,60,8,2.797699999064207,2859.491726302281
http,torchscript,8,1,2,61,8,2.808899967931211,2848.0900321602044
http,torchscript,8,1,2,62,8,3.0901000136509538,2588.912968725565
http,torchscript,8,1,2,63,8,2.9569999896921217,2705.4447169047667
http,torchscript,8,1,2,64,8,3.4726999583654106,2303.6830408364954
http,torchscript,8,1,2,65,8,2.5910999975167215,3087.491801808924
http,torchscript,8,1,2,66,8,2.3489000159315765,3405.8495234958696
http,torchscript,8,1,2,67,8,2.328599977772683,3435.540701006121
http,torchscript,8,1,2,68,8,2.1916000405326486,3650.3010823341983
http,torchscript,8,1,2,69,8,2.392499998677522,3343.7826559757905
http,torchscript,8,4,0,0,8,3.8864999660290778,2058.4073253379634
http,torchscript,8,4,0,1,8,8.448300010059029,946.9360688510993
http,torchscript,8,4,0,2,8,7.695900043472648,1039.5145408346718
http,torchscript,8,4,0,3,8,9.5428999629803,838.319591637169
http,torchscript,8,4,0,4,8,7.853400020394474,1018.6670714881225
http,torchscript,8,4,0,5,8,7.369900005869567,1085.4964102129752
http,torchscript,8,4,0,6,8,5.433699989225715,1472.293283740896
http,torchscript,8,4,0,7,8,7.527599984314293,1062.755727810999
http,torchscript,8,4,0,8,8,7.150899968110025,1118.740303413081
http,torchscript,8,4,0,9,8,6.886100047267973,1161.760640287816
http,torchscript,8,4,0,10,8,5.616500042378902,1424.37459977505
http,torchscript,8,4,0,11,8,7.593100017402321,1053.588123647143
http,torchscript,8,4,0,12,8,8.094799995888025,988.2887784829544
http,torchscript,8,4,0,13,8,5.591400025878102,1430.768673851705
http,torchscript,8,4,0,14,8,5.752500030212104,1390.699688480493
http,torchscript,8,4,0,15,8,7.963299984112382,1004.6086441501436
http,torchscript,8,4,0,16,8,6.39620004221797,1250.7426201801359
http,torchscript,8,4,0,17,8,6.1110000242479146,1309.114705982114
http,torchscript,8,4,0,18,8,5.897600029129535,1356.4839867889061
http,torchscript,8,4,0,19,8,6.012099969666451,1330.6498628371671
http,torchscript,8,4,0,20,8,5.7564000017009676,1389.7574869078014
http,torchscript,8,4,0,21,8,5.126699979882687,1560.458000544643
http,torchscript,8,4,0,22,8,5.1525000017136335,1552.6443468877897
http,torchscript,8,4,0,23,8,7.779299980029464,1028.3701644797222
http,torchscript,8,4,0,24,8,7.450000033713877,1073.8254984962657
http,torchscript,8,4,0,25,8,6.839999987278134,1169.5906454502012
http,torchscript,8,4,0,26,8,6.773400004021823,1181.0907365945998
http,torchscript,8,4,0,27,8,8.002299990039319,999.7125838768627
http,torchscript,8,4,0,28,8,9.17410000693053,872.0201430065553
http,torchscript,8,4,0,29,8,6.5104999812319875,1228.784275103577
http,torchscript,8,4,0,30,8,7.39609997253865,1081.6511444820378
http,torchscript,8,4,0,31,8,7.454899954609573,1073.1196996216397
http,torchscript,8,4,0,32,8,9.254000033251941,864.4910277992215
http,torchscript,8,4,0,33,8,6.583800015505403,1215.1037366200867
http,torchscript,8,4,0,34,8,7.7951999846845865,1026.272580013058
http,torchscript,8,4,0,35,8,7.5659999856725335,1057.361884106439
http,torchscript,8,4,0,36,8,8.769800013396889,912.2214859836108
http,torchscript,8,4,0,37,8,7.244699983857572,1104.2555271888918
http,torchscript,8,4,0,38,8,6.6772999707609415,1198.0890532147719
http,torchscript,8,4,0,39,8,7.675900007598102,1042.22306075914
http,torchscript,8,4,0,40,8,9.234500001184642,866.3165302911608
http,torchscript,8,4,0,41,8,6.256400025449693,1278.6906156028572
http,torchscript,8,4,0,42,8,8.961400017142296,892.717654015753
http,torchscript,8,4,0,43,8,7.18119996599853,1114.019946231593
http,torchscript,8,4,0,44,8,8.520799980033189,938.8789806997487
http,torchscript,8,4,0,45,8,7.8943000407889485,1013.3894023111501
http,torchscript,8,4,0,46,8,7.691500009968877,1040.1092101191289
http,torchscript,8,4,0,47,8,7.855199975892901,1018.4336521732713
http,torchscript,8,4,0,48,8,6.924199988134205,1155.3681311500766
http,torchscript,8,4,0,49,8,10.382699954789132,770.5124904731465
http,torchscript,8,4,0,50,8,6.453199952375144,1239.6950441703802
http,torchscript,8,4,0,51,8,6.926200003363192,1155.03450609503
http,torchscript,8,4,0,52,8,7.689699996262789,1040.352680063984
http,torchscript,8,4,0,53,8,5.807900044601411,1377.4341738949522
http,torchscript,8,4,0,54,8,6.835200008936226,1170.4119834885496
http,torchscript,8,4,0,55,8,6.011499965097755,1330.7826742821762
http,torchscript,8,4,0,56,8,7.303699967451394,1095.3352459235232
http,torchscript,8,4,0,57,8,8.421099977567792,949.9946588106634
http,torchscript,8,4,0,58,8,6.125499960035086,1306.015843962911
http,torchscript,8,4,0,59,8,5.430399964097887,1473.1879885258104
http,torchscript,8,4,0,60,8,4.347600042819977,1840.09566685232
http,torchscript,8,4,0,61,8,7.3726000264286995,1085.098875745632
http,torchscript,8,4,0,62,8,7.095699955243617,1127.4433883140898
http,torchscript,8,4,0,63,8,8.427600027061999,949.261945786591
http,torchscript,8,4,0,64,8,7.240300008561462,1104.926590133035
http,torchscript,8,4,0,65,8,7.467699993867427,1071.2803147648813
http,torchscript,8,4,0,66,8,9.995600034017116,800.3521522244115
http,torchscript,8,4,0,67,8,7.510000024922192,1065.246334680656
http,torchscript,8,4,0,68,8,3.6925000022165477,2166.553824021051
http,torchscript,8,4,0,69,8,5.026700033340603,1591.5013720608717
http,torchscript,8,4,1,0,8,5.647299985866994,1416.6061693235536
http,torchscript,8,4,1,1,8,11.85439998516813,674.8549070395263
http,torchscript,8,4,1,2,8,8.240399998612702,970.8266590634952
http,torchscript,8,4,1,3,8,14.069699973333627,568.5977679099369
http,torchscript,8,4,1,4,8,13.037400029134005,613.6192785465516
http,torchscript,8,4,1,5,8,6.938099977560341,1153.0534333425758
http,torchscript,8,4,1,6,8,8.943499997258186,894.5043889363856
http,torchscript,8,4,1,7,8,7.529599999543279,1062.4734382284921
http,torchscript,8,4,1,8,8,10.059099993668497,795.2997788107726
http,torchscript,8,4,1,9,8,8.99040000513196,889.8380489670523
http,torchscript,8,4,1,10,8,11.983399977907538,667.5901676276108
http,torchscript,8,4,1,11,8,12.05869996920228,663.4214318651154
http,torchscript,8,4,1,12,8,11.87350001418963,673.7693174244715
http,torchscript,8,4,1,13,8,10.335300001315773,774.0462298125387
http,torchscript,8,4,1,14,8,11.463100032415241,697.8914933462745
http,torchscript,8,4,1,15,8,10.94760000705719,730.7537720452823
http,torchscript,8,4,1,16,8,12.310100020840764,649.8728675198538
http,torchscript,8,4,1,17,8,10.090800002217293,792.80136344414
http,torchscript,8,4,1,18,8,10.130700014997274,789.6788956495573
http,torchscript,8,4,1,19,8,11.538400023709983,693.337029706111
http,torchscript,8,4,1,20,8,14.84409999102354,538.9346612349502
http,torchscript,8,4,1,21,8,8.947000023908913,894.154462794427
http,torchscript,8,4,1,22,8,12.179600016679615,656.8360199878673
http,torchscript,8,4,1,23,8,11.540100036654621,693.2348917764783
http,torchscript,8,4,1,24,8,10.990999988280237,727.8682566218218
http,torchscript,8,4,1,25,8,16.627000004518777,481.14512526768584
http,torchscript,8,4,1,26,8,16.163799969945103,494.9331230821443
http,torchscript,8,4,1,27,8,17.61610002722591,454.1300280786267
http,torchscript,8,4,1,28,8,16.66080002905801,480.16901865740203
http,torchscript,8,4,1,29,8,8.510200015734881,940.0484107551467
http,torchscript,8,4,1,30,8,8.242800016887486,970.5439879179347
http,torchscript,8,4,1,31,8,8.454399998299778,946.2528389488125
http,torchscript,8,4,1,32,8,8.025699993595481,996.7977879043585
http,torchscript,8,4,1,33,8,6.336399994324893,1262.5465575350495
http,torchscript,8,4,1,34,8,7.292100053746253,1097.0776512988284
http,torchscript,8,4,1,35,8,8.797199989203364,909.380258470678
http,torchscript,8,4,1,36,8,10.011100035626441,799.1129817433098
http,torchscript,8,4,1,37,8,6.102200015448034,1311.0025859112432
http,torchscript,8,4,1,38,8,7.0445999735966325,1135.6216151355982
http,torchscript,8,4,1,39,8,6.936399964615703,1153.336030334177
http,torchscript,8,4,1,40,8,8.757300034631044,913.5235710051871
http,torchscript,8,4,1,41,8,10.803500015754253,740.5007625615739
http,torchscript,8,4,1,42,8,7.186300004832447,1113.2293384106395
http,torchscript,8,4,1,43,8,10.667400027159601,749.9484391352812
http,torchscript,8,4,1,44,8,9.895899973344058,808.4156086408593
http,torchscript,8,4,1,45,8,10.234699991997331,781.6545679165313
http,torchscript,8,4,1,46,8,10.681300016585737,748.9725021839794
http,torchscript,8,4,1,47,8,14.382799970917404,556.2199304847679
http,torchscript,8,4,1,48,8,13.266500027384609,603.0226497935748
http,torchscript,8,4,1,49,8,12.927700008731335,618.8262409088098
http,torchscript,8,4,1,50,8,11.890599969774485,672.8003650224326
http,torchscript,8,4,1,51,8,10.709800000768155,746.9794019894119
http,torchscript,8,4,1,52,8,13.285099994391203,602.1783805449335
http,torchscript,8,4,1,53,8,16.42790000187233,486.9764241983588
http,torchscript,8,4,1,54,8,14.79669997934252,540.661094106706
http,torchscript,8,4,1,55,8,9.437499975319952,847.6821214220753
http,torchscript,8,4,1,56,8,10.006900003645569,799.4483803261305
http,torchscript,8,4,1,57,8,9.248999995179474,864.9583743290684
http,torchscript,8,4,1,58,8,10.948199953418225,730.7137277395318
http,torchscript,8,4,1,59,8,8.753000001888722,913.9723521391248
http,torchscript,8,4,1,60,8,8.537199988495559,937.0753889777127
http,torchscript,8,4,1,61,8,10.172200039960444,786.4572038077133
http,torchscript,8,4,1,62,8,12.693399970885366,630.2487921557237
http,torchscript,8,4,1,63,8,10.522599972318858,760.2683767362721
http,torchscript,8,4,1,64,8,10.309099976439029,776.0134268057958
http,torchscript,8,4,1,65,8,10.960100044030696,729.9203445097306
http,torchscript,8,4,1,66,8,10.756100004073232,743.7640033999755
http,torchscript,8,4,1,67,8,6.2300999998115,1284.0885379435404
http,torchscript,8,4,1,68,8,7.168499985709786,1115.993585261601
http,torchscript,8,4,1,69,8,6.015499995555729,1329.8977650919169
http,torchscript,8,4,2,0,8,10.95929997973144,729.9736310526689
http,torchscript,8,4,2,1,8,8.84680001763627,904.2817723981375
http,torchscript,8,4,2,2,8,13.874500000383705,576.5973548436885
http,torchscript,8,4,2,3,8,14.938000007532537,535.5469270294533
http,torchscript,8,4,2,4,8,11.75790000706911,680.3936072929879
http,torchscript,8,4,2,5,8,9.505900030490011,841.5825933725515
http,torchscript,8,4,2,6,8,13.324600004125386,600.3932573978315
http,torchscript,8,4,2,7,8,13.727499986998737,582.7718089657089
http,torchscript,8,4,2,8,8,10.246100020594895,780.7848824352502
http,torchscript,8,4,2,9,8,15.829799987841398,505.37593691295314
http,torchscript,8,4,2,10,8,14.862899959553033,538.2529669021994
http,torchscript,8,4,2,11,8,12.424500018823892,643.8890891286975
http,torchscript,8,4,2,12,8,13.355700008105487,598.9951852126696
http,torchscript,8,4,2,13,8,12.501099961809814,639.9436869107174
http,torchscript,8,4,2,14,8,12.495400034822524,640.2356049190406
http,torchscript,8,4,2,15,8,9.843300038482994,812.7355631468615
http,torchscript,8,4,2,16,8,8.987799985334277,890.0954641907801
http,torchscript,8,4,2,17,8,10.913099977187812,733.0639338705585
http,torchscript,8,4,2,18,8,13.407699996605515,596.6720617276187
http,torchscript,8,4,2,19,8,11.361700017005205,704.1199809910748
http,torchscript,8,4,2,20,8,14.779900026042014,541.2756504376953
http,torchscript,8,4,2,21,8,13.721700001042336,583.0181391075668
http,torchscript,8,4,2,22,8,13.423099997453392,595.9875141746502
http,torchscript,8,4,2,23,8,11.143600044306368,717.9008550371891
http,torchscript,8,4,2,24,8,13.122100033797324,609.6585134540336
http,torchscript,8,4,2,25,8,12.72099994821474,628.8813798102968
http,torchscript,8,4,2,26,8,15.04430000204593,531.7628602801094
http,torchscript,8,4,2,27,8,14.102499990258366,567.2753061887033
http,torchscript,8,4,2,28,8,9.021000005304813,886.819642533598
http,torchscript,8,4,2,29,8,13.912399997934699,575.0265950653808
http,torchscript,8,4,2,30,8,16.674000013154,479.7888925086276
http,torchscript,8,4,2,31,8,20.81800001906231,384.2828318125988
http,torchscript,8,4,2,32,8,20.740500011015683,385.7187626022056
http,torchscript,8,4,2,33,8,12.764999992214143,626.7136705741874
http,torchscript,8,4,2,34,8,14.853800006676465,538.5827193313611
http,torchscript,8,4,2,35,8,14.825099962763488,539.6253664456743
http,torchscript,8,4,2,36,8,14.23369999974966,562.0464109922721
http,torchscript,8,4,2,37,8,7.752500008791685,1031.925184253807
http,torchscript,8,4,2,38,8,11.54620002489537,692.8686479318545
http,torchscript,8,4,2,39,8,9.398900030646473,851.1634312435331
http,torchscript,8,4,2,40,8,12.528099992778152,638.564507356392
http,torchscript,8,4,2,41,8,13.77590000629425,580.7243081283093
http,torchscript,8,4,2,42,8,10.309399978723377,775.9908449095451
http,torchscript,8,4,2,43,8,15.93920000595972,501.9072473529897
http,torchscript,8,4,2,44,8,14.996999991126359,533.4400216532343
http,torchscript,8,4,2,45,8,8.997600001748651,889.1259889798645
http,torchscript,8,4,2,46,8,14.998099999502301,533.4008974647104
http,torchscript,8,4,2,47,8,13.58200004324317,589.0148707501936
http,torchscript,8,4,2,48,8,13.315000047441572,600.8261337961595
http,torchscript,8,4,2,49,8,11.349599983077496,704.8706572855587
http,torchscript,8,4,2,50,8,9.94610000634566,804.3353671183642
http,torchscript,8,4,2,51,8,12.646700022742152,632.5760859049284
http,torchscript,8,4,2,52,8,13.233799953013659,604.512689356333
http,torchscript,8,4,2,53,8,12.156800017692149,658.0679116508757
http,torchscript,8,4,2,54,8,10.272099985741079,778.8086185984337
http,torchscript,8,4,2,55,8,13.420599978417158,596.0985360464882
http,torchscript,8,4,2,56,8,15.564100001938641,514.0033795081972
http,torchscript,8,4,2,57,8,7.242700026836246,1104.5604498816385
http,torchscript,8,4,2,58,8,13.381999975536019,597.8179655227176
http,torchscript,8,4,2,59,8,14.141099993139505,565.726853206693
http,torchscript,8,4,2,60,8,12.121999985538423,659.9571035756493
http,torchscript,8,4,2,61,8,15.925500018056482,502.3390154738956
http,torchscript,8,4,2,62,8,14.041699992958456,569.7315854926248
http,torchscript,8,4,2,63,8,17.941800004336983,445.8861428656099
http,torchscript,8,4,2,64,8,15.494100051000714,516.3255673880398
http,torchscript,8,4,2,65,8,14.656599960289896,545.8291842361075
http,torchscript,8,4,2,66,8,10.9888999722898,728.0073547100465
http,torchscript,8,4,2,67,8,10.59650001116097,754.966261649964
http,torchscript,8,4,2,68,8,12.268899998161942,652.0551965700687
http,torchscript,8,4,2,69,8,10.481600009370595,763.2422524087893
http,torchscript,32,1,0,0,32,8.121000020764768,3940.4014183202166
http,torchscript,32,1,0,1,32,6.12800003727898,5221.932083115486
http,torchscript,32,1,0,2,32,4.710600012913346,6793.189808575805
http,torchscript,32,1,0,3,32,4.343600012362003,7367.160859408586
http,torchscript,32,1,0,4,32,4.749300016555935,6737.835025887782
http,torchscript,32,1,0,5,32,4.596400016453117,6961.9702126564025
http,torchscript,32,1,0,6,32,4.323700035456568,7401.068468576338
http,torchscript,32,1,0,7,32,4.3589999550022185,7341.1333632334745
http,torchscript,32,1,0,8,32,4.398500022944063,7275.207419137702
http,torchscript,32,1,0,9,32,6.764899997506291,4730.299045336367
http,torchscript,32,1,0,10,32,5.461900029331446,5858.767064236601
http,torchscript,32,1,0,11,32,5.211300041992217,6140.502320370482
http,torchscript,32,1,0,12,32,6.959500024095178,4598.031451858556
http,torchscript,32,1,0,13,32,6.535900000017136,4896.035741048073
http,torchscript,32,1,0,14,32,4.8738999757915735,6565.584061827789
http,torchscript,32,1,0,15,32,5.635600013192743,5678.188644525714
http,torchscript,32,1,0,16,32,4.735899972729385,6756.899466683166
http,torchscript,32,1,0,17,32,4.504599957726896,7103.849465058333
http,torchscript,32,1,0,18,32,4.694300005212426,6816.777786777166
http,torchscript,32,1,0,19,32,4.4034000020474195,7267.111773884083
http,torchscript,32,1,0,20,32,4.3966000084765255,7278.351439363341
http,torchscript,32,1,0,21,32,5.644100019708276,5669.637300590213
http,torchscript,32,1,0,22,32,4.310099990107119,7424.421724194083
http,torchscript,32,1,0,23,32,4.348399990703911,7359.028623955981
http,torchscript,32,1,0,24,32,5.312900000717491,6023.075908765175
http,torchscript,32,1,0,25,32,4.411800007801503,7253.275294304717
http,torchscript,32,1,0,26,32,4.441500001121312,7204.773160401035
http,torchscript,32,1,0,27,32,4.829599987715483,6625.807537144867
http,torchscript,32,1,0,28,32,5.6773999822326005,5636.382868944212
http,torchscript,32,1,0,29,32,4.683300037868321,6832.78879022351
http,torchscript,32,1,0,30,32,6.528500001877546,4901.585355104089
http,torchscript,32,1,0,31,32,4.957400029525161,6454.996532338562
http,torchscript,32,1,0,32,32,4.570099990814924,7002.034980484939
http,torchscript,32,1,0,33,32,5.075199995189905,6305.170245572286
http,torchscript,32,1,0,34,32,7.2851000004448,4392.527212810559
http,torchscript,32,1,0,35,32,5.408100027125329,5917.050320722262
http,torchscript,32,1,0,36,32,5.98130002617836,5350.007500032698
http,torchscript,32,1,0,37,32,5.381299997679889,5946.518501811194
http,torchscript,32,1,0,38,32,5.244200001470745,6101.979327833711
http,torchscript,32,1,0,39,32,6.411499984096736,4991.031752222366
http,torchscript,32,1,0,40,32,5.383000010624528,5944.6405232846
http,torchscript,32,1,0,41,32,5.061500007286668,6322.23648205709
http,torchscript,32,1,0,42,32,6.166899984236807,5188.9928621827985
http,torchscript,32,1,0,43,32,5.453700025100261,5867.5761139634205
http,torchscript,32,1,0,44,32,6.617999984882772,4835.297684058069
http,torchscript,32,1,0,45,32,6.56510004773736,4874.259305618457
http,torchscript,32,1,0,46,32,5.1948000327683985,6160.006121149316
http,torchscript,32,1,0,47,32,5.629400024190545,5684.442367302065
http,torchscript,32,1,0,48,32,6.345000001601875,5043.341212280725
http,torchscript,32,1,0,49,32,6.7128000082448125,4767.012269201657
http,torchscript,32,1,0,50,32,5.135999992489815,6230.529604126252
http,torchscript,32,1,0,51,32,5.088799982331693,6288.319468460925
http,torchscript,32,1,0,52,32,4.772900021634996,6704.519234626277
http,torchscript,32,1,0,53,32,5.1988999475724995,6155.148266498498
http,torchscript,32,1,0,54,32,5.328700004611164,6005.217027100223
http,torchscript,32,1,0,55,32,4.903699969872832,6525.684727165283
http,torchscript,32,1,0,56,32,6.072100019082427,5270.005418131373
http,torchscript,32,1,0,57,32,7.273500028531998,4399.532532408407
http,torchscript,32,1,0,58,32,7.3580999742262065,4348.948792771083
http,torchscript,32,1,0,59,32,6.951799965463579,4603.124393534832
http,torchscript,32,1,0,60,32,6.779399991501123,4720.181732913863
http,torchscript,32,1,0,61,32,7.6422999845817685,4187.221132978232
http,torchscript,32,1,0,62,32,6.4641000353731215,4950.418437970986
http,torchscript,32,1,0,63,32,6.161299999803305,5193.709119994413
http,torchscript,32,1,0,64,32,4.653899988625199,6875.953518170267
http,torchscript,32,1,0,65,32,4.55160002456978,7030.4947331185285
http,torchscript,32,1,0,66,32,5.600099975708872,5714.183700077493
http,torchscript,32,1,0,67,32,4.765200021211058,6715.352945849127
http,torchscript,32,1,0,68,32,4.647599998861551,6885.274121662478
http,torchscript,32,1,0,69,32,5.112099985126406,6259.658475597821
http,torchscript,32,1,1,0,32,3.7504000356420875,8532.423127102877
http,torchscript,32,1,1,1,32,3.86850000359118,8271.940020755843
http,torchscript,32,1,1,2,32,3.8169000181369483,8383.766891441759
http,torchscript,32,1,1,3,32,4.132100031711161,7744.246207599274
http,torchscript,32,1,1,4,32,4.548999946564436,7034.513162429804
http,torchscript,32,1,1,5,32,4.403200000524521,7267.441859599399
http,torchscript,32,1,1,6,32,6.281399982981384,5094.405719537004
http,torchscript,32,1,1,7,32,4.2013999773189425,7616.50882390405
http,torchscript,32,1,1,8,32,4.2922000284306705,7455.384135883331
http,torchscript,32,1,1,9,32,4.7085999976843596,6796.075269875816
http,torchscript,32,1,1,10,32,4.612500022631139,6937.6693426542315
http,torchscript,32,1,1,11,32,3.8472999585792422,8317.521468177174
http,torchscript,32,1,1,12,32,3.7899999879300594,8443.271794699152
http,torchscript,32,1,1,13,32,4.141999990679324,7725.736376631841
http,torchscript,32,1,1,14,32,3.895199974067509,8215.239323537076
http,torchscript,32,1,1,15,32,3.717700019478798,8607.472316845573
http,torchscript,32,1,1,16,32,3.687500022351742,8677.966049093517
http,torchscript,32,1,1,17,32,4.252700018696487,7524.631377552103
http,torchscript,32,1,1,18,32,3.8717000279575586,8265.103124965233
http,torchscript,32,1,1,19,32,3.6432999768294394,8783.246014193926
http,torchscript,32,1,1,20,32,3.619800030719489,8840.26734306633
http,torchscript,32,1,1,21,32,3.944900003261864,8111.739200877236
http,torchscript,32,1,1,22,32,4.054199962411076,7893.049256743927
http,torchscript,32,1,1,23,32,4.445200029294938,7198.776160602965
http,torchscript,32,1,1,24,32,4.629799979738891,6911.74567800761
http,torchscript,32,1,1,25,32,4.719699965789914,6780.092004141689
http,torchscript,32,1,1,26,32,4.105300002265722,7794.801837219971
http,torchscript,32,1,1,27,32,4.050299990922213,7900.649352324622
http,torchscript,32,1,1,28,32,4.581300017889589,6984.9169176964415
http,torchscript,32,1,1,29,32,5.166199989616871,6194.1078673520615
http,torchscript,32,1,1,30,32,3.950999991502613,8099.215405928162
http,torchscript,32,1,1,31,32,3.750799980480224,8531.513321566927
http,torchscript,32,1,1,32,32,3.7289000465534627,8581.619137143907
http,torchscript,32,1,1,33,32,4.243599949404597,7540.767362976756
http,torchscript,32,1,1,34,32,3.8351999828591943,8343.763074420844
http,torchscript,32,1,1,35,32,3.7051999825052917,8636.510890395455
http,torchscript,32,1,1,36,32,3.610900021158159,8862.056499070924
http,torchscript,32,1,1,37,32,4.18109999736771,7653.4883212901395
http,torchscript,32,1,1,38,32,3.9949999772943556,8010.012561169586
http,torchscript,32,1,1,39,32,3.978300024755299,8043.6366792040235
http,torchscript,32,1,1,40,32,3.8693000096827745,8270.229736624513
http,torchscript,32,1,1,41,32,4.286799987312406,7464.7756122772325
http,torchscript,32,1,1,42,32,3.7181999650783837,8606.314964376965
http,torchscript,32,1,1,43,32,3.6614000564441085,8739.82616121929
http,torchscript,32,1,1,44,32,3.641099960077554,8788.553006196076
http,torchscript,32,1,1,45,32,5.199700011871755,6154.201189864575
http,torchscript,32,1,1,46,32,5.888800020329654,5434.044268701223
http,torchscript,32,1,1,47,32,6.128299981355667,5221.676500392388
http,torchscript,32,1,1,48,32,6.254699954297394,5116.15269058812
http,torchscript,32,1,1,49,32,6.0258000157773495,5310.498177207079
http,torchscript,32,1,1,50,32,5.931700055953115,5394.743445917241
http,torchscript,32,1,1,51,32,6.166599981952459,5189.245304325417
http,torchscript,32,1,1,52,32,4.726200015284121,6770.767190663699
http,torchscript,32,1,1,53,32,4.241399990860373,7544.6786601017475
http,torchscript,32,1,1,54,32,4.0484999772161245,7904.162079804235
http,torchscript,32,1,1,55,32,3.9410999743267894,8119.560581679021
http,torchscript,32,1,1,56,32,3.7426000344567,8550.205660607098
http,torchscript,32,1,1,57,32,3.9858000236563385,8028.501131535717
http,torchscript,32,1,1,58,32,4.856900020968169,6588.564693909667
http,torchscript,32,1,1,59,32,4.190300009213388,7636.68470745299
http,torchscript,32,1,1,60,32,3.8665999891236424,8276.004781982307
http,torchscript,32,1,1,61,32,3.8927000132389367,8220.51529559666
http,torchscript,32,1,1,62,32,4.175800015218556,7663.202232716397
http,torchscript,32,1,1,63,32,5.496300000231713,5822.098502383593
http,torchscript,32,1,1,64,32,6.159099983051419,5195.5643012871105
http,torchscript,32,1,1,65,32,5.8055000263266265,5512.0144440422455
http,torchscript,32,1,1,66,32,5.746500042732805,5568.606936750684
http,torchscript,32,1,1,67,32,5.724999995436519,5589.519655110509
http,torchscript,32,1,1,68,32,6.672099989373237,4796.091193322481
http,torchscript,32,1,1,69,32,4.990099987480789,6412.697156426105
http,torchscript,32,1,2,0,32,4.6533000422641635,6876.840029518
http,torchscript,32,1,2,1,32,3.991300007328391,8017.437912771548
http,torchscript,32,1,2,2,32,6.803399999625981,4703.530587905931
http,torchscript,32,1,2,3,32,6.128599983640015,5221.420893095057
http,torchscript,32,1,2,4,32,5.141100031323731,6224.348836830673
http,torchscript,32,1,2,5,32,6.522200012113899,4906.319944277289
http,torchscript,32,1,2,6,32,5.250099988188595,6095.1220113887275
http,torchscript,32,1,2,7,32,4.342000000178814,7369.875633045178
http,torchscript,32,1,2,8,32,5.045799945946783,6341.908189543886
http,torchscript,32,1,2,9,32,4.960099991876632,6451.482843573269
http,torchscript,32,1,2,10,32,4.306900023948401,7429.937965140789
http,torchscript,32,1,2,11,32,4.734699963591993,6758.61200204186
http,torchscript,32,1,2,12,32,4.729399981442839,6766.186012086354
http,torchscript,32,1,2,13,32,4.424500046297908,7232.4555690253
http,torchscript,32,1,2,14,32,4.226699995342642,7570.9182187665265
http,torchscript,32,1,2,15,32,4.09070000750944,7822.622030766492
http,torchscript,32,1,2,16,32,4.072000039741397,7858.546092261886
http,torchscript,32,1,2,17,32,4.094800038728863,7814.789415195392
http,torchscript,32,1,2,18,32,5.0389000098221,6350.592378817568
http,torchscript,32,1,2,19,32,5.369500024244189,5959.58652677431
http,torchscript,32,1,2,20,32,5.73840003926307,5576.467269805307
http,torchscript,32,1,2,21,32,4.793199943378568,6676.124588586275
http,torchscript,32,1,2,22,32,6.260299996938556,5111.576125049726
http,torchscript,32,1,2,23,32,5.997000029310584,5336.001307920407
http,torchscript,32,1,2,24,32,6.326699978671968,5057.929111207371
http,torchscript,32,1,2,25,32,3.913799999281764,8176.197047849261
http,torchscript,32,1,2,26,32,4.280699999071658,7475.412901380555
http,torchscript,32,1,2,27,32,4.397899960167706,7276.200070449019
http,torchscript,32,1,2,28,32,4.526900011114776,7068.855049024997
http,torchscript,32,1,2,29,32,4.595200007315725,6963.788289749051
http,torchscript,32,1,2,30,32,4.787500016391277,6684.073084164909
http,torchscript,32,1,2,31,32,6.077300000470132,5265.496190335268
http,torchscript,32,1,2,32,32,5.973300023470074,5357.172731030881
http,torchscript,32,1,2,33,32,6.696199998259544,4778.829785298728
http,torchscript,32,1,2,34,32,5.620900017675012,5693.038463480132
http,torchscript,32,1,2,35,32,4.16469998890534,7683.626692258079
http,torchscript,32,1,2,36,32,4.783800046425313,6689.242796406583
http,torchscript,32,1,2,37,32,6.602899986319244,4846.355399339957
http,torchscript,32,1,2,38,32,6.473799992818385,4943.001024977406
http,torchscript,32,1,2,39,32,7.0689000422134995,4526.871197626919
http,torchscript,32,1,2,40,32,6.133800023235381,5216.99433936241
http,torchscript,32,1,2,41,32,6.298599997535348,5080.494080037096
http,torchscript,32,1,2,42,32,6.157500029075891,5196.914307575329
http,torchscript,32,1,2,43,32,5.214200005866587,6137.087178089878
http,torchscript,32,1,2,44,32,4.325699992477894,7397.646636531864
http,torchscript,32,1,2,45,32,4.7419999609701335,6748.207562923163
http,torchscript,32,1,2,46,32,4.358700010925531,7341.638543553972
http,torchscript,32,1,2,47,32,5.082499992568046,6296.11412627495
http,torchscript,32,1,2,48,32,6.792000029236078,4711.425185844582
http,torchscript,32,1,2,49,32,4.507900041062385,7098.6489736934145
http,torchscript,32,1,2,50,32,4.31750004645437,7411.696503924565
http,torchscript,32,1,2,51,32,4.358300007879734,7342.312356227091
http,torchscript,32,1,2,52,32,4.361899977084249,7336.25258903591
http,torchscript,32,1,2,53,32,4.034499987028539,7931.590061441148
http,torchscript,32,1,2,54,32,5.314100009854883,6021.715801482225
http,torchscript,32,1,2,55,32,6.48939999518916,4931.11844295664
http,torchscript,32,1,2,56,32,7.206199981737882,4440.6205879791205
http,torchscript,32,1,2,57,32,6.687000044621527,4785.404484293098
http,torchscript,32,1,2,58,32,6.294400023762137,5083.884068250517
http,torchscript,32,1,2,59,32,5.658399953972548,5655.308967252132
http,torchscript,32,1,2,60,32,6.63610000628978,4822.109366897725
http,torchscript,32,1,2,61,32,4.675600037444383,6844.041351640238
http,torchscript,32,1,2,62,32,4.2642000480555,7504.338361093586
http,torchscript,32,1,2,63,32,4.345500026829541,7363.939662277961
http,torchscript,32,1,2,64,32,4.335900011938065,7380.2439889974785
http,torchscript,32,1,2,65,32,4.2233000276610255,7577.013186468412
http,torchscript,32,1,2,66,32,4.256499989423901,7517.913797606062
http,torchscript,32,1,2,67,32,4.107799963094294,7790.058008544133
http,torchscript,32,1,2,68,32,3.973199985921383,8053.961570872003
http,torchscript,32,1,2,69,32,5.234500044025481,6113.286795464631
http,torchscript,32,4,0,0,32,11.304200044833124,2830.80623777765
http,torchscript,32,4,0,1,32,13.642999983858317,2345.5251805219323
http,torchscript,32,4,0,2,32,16.494099982082844,1940.0876698189568
http,torchscript,32,4,0,3,32,16.366099996957928,1955.261180485763
http,torchscript,32,4,0,4,32,8.057900005951524,3971.2580171465224
http,torchscript,32,4,0,5,32,11.305300053209066,2830.5307996594606
http,torchscript,32,4,0,6,32,11.685000034049153,2738.553693346561
http,torchscript,32,4,0,7,32,17.891099967528135,1788.5988037671882
http,torchscript,32,4,0,8,32,16.093899961560965,1988.3309872951568
http,torchscript,32,4,0,9,32,10.133600037079304,3157.811624981304
http,torchscript,32,4,0,10,32,17.710499989334494,1806.8377527043754
http,torchscript,32,4,0,11,32,17.239300010260195,1856.2238594928322
http,torchscript,32,4,0,12,32,17.697200004477054,1808.1956463115414
http,torchscript,32,4,0,13,32,11.413300002459437,2803.7465056648266
http,torchscript,32,4,0,14,32,15.00109996413812,2133.1769054602487
http,torchscript,32,4,0,15,32,16.65780000621453,1921.0219829786497
http,torchscript,32,4,0,16,32,11.543800006620586,2772.050796241047
http,torchscript,32,4,0,17,32,9.540900005958974,3353.9812784971764
http,torchscript,32,4,0,18,32,13.580800034105778,2356.2676660901907
http,torchscript,32,4,0,19,32,15.657400013878942,2043.7620531911266
http,torchscript,32,4,0,20,32,13.992599968332797,2286.923093093525
http,torchscript,32,4,0,21,32,18.177099991589785,1760.4568393641352
http,torchscript,32,4,0,22,32,12.58189999498427,2543.3360631348755
http,torchscript,32,4,0,23,32,12.419899983797222,2576.5102812217992
http,torchscript,32,4,0,24,32,15.346999978646636,2085.0980676695026
http,torchscript,32,4,0,25,32,15.315699973143637,2089.3592885805147
http,torchscript,32,4,0,26,32,10.795300011523068,2964.2529587730505
http,torchscript,32,4,0,27,32,11.831100040581077,2704.7358141034147
http,torchscript,32,4,0,28,32,12.58779998170212,2542.1439843750177
http,torchscript,32,4,0,29,32,17.486299970187247,1830.0040634415204
http,torchscript,32,4,0,30,32,9.04229999287054,3538.9226220353903
http,torchscript,32,4,0,31,32,12.683200009632856,2523.0225791358716
http,torchscript,32,4,0,32,32,15.553800039924681,2057.375041331376
http,torchscript,32,4,0,33,32,14.136700017843395,2263.6117311401867
http,torchscript,32,4,0,34,32,13.295000011567026,2406.9198926031663
http,torchscript,32,4,0,35,32,18.18949996959418,1759.2567169791166
http,torchscript,32,4,0,36,32,18.752200005110353,1706.4664408058443
http,torchscript,32,4,0,37,32,13.430299994070083,2382.6720188029344
http,torchscript,32,4,0,38,32,10.5489999987185,3033.462887845993
http,torchscript,32,4,0,39,32,15.998599992599338,2000.1750162390847
http,torchscript,32,4,0,40,32,16.08890003990382,1988.9488977265905
http,torchscript,32,4,0,41,32,14.84720001462847,2155.2885371296557
http,torchscript,32,4,0,42,32,17.547099967487156,1823.6631727916565
http,torchscript,32,4,0,43,32,12.053100042976439,2654.918642166833
http,torchscript,32,4,0,44,32,11.642099998425692,2748.645004279916
http,torchscript,32,4,0,45,32,14.072099991608411,2274.0031707479693
http,torchscript,32,4,0,46,32,16.173999989405274,1978.4839879412325
http,torchscript,32,4,0,47,32,11.677299975417554,2740.3595066808884
http,torchscript,32,4,0,48,32,10.53699996555224,3036.917538636709
http,torchscript,32,4,0,49,32,10.381300002336502,3082.465586467765
http,torchscript,32,4,0,50,32,12.152999988757074,2633.094711561235
http,torchscript,32,4,0,51,32,14.070000033825636,2274.3425673822967
http,torchscript,32,4,0,52,32,10.406299959868193,3075.0603118695144
http,torchscript,32,4,0,53,32,12.241199961863458,2614.1228065625596
http,torchscript,32,4,0,54,32,14.662500005215406,2182.438191892085
http,torchscript,32,4,0,55,32,10.603100003208965,3017.9853052706653
http,torchscript,32,4,0,56,32,13.213900034315884,2421.6923025675605
http,torchscript,32,4,0,57,32,16.935199964791536,1889.5554860012487
http,torchscript,32,4,0,58,32,16.065799980424345,1991.8086892025894
http,torchscript,32,4,0,59,32,12.108000053558499,2642.880728316095
http,torchscript,32,4,0,60,32,10.43789996765554,3065.7507831230473
http,torchscript,32,4,0,61,32,10.497700015548617,3048.2867630627047
http,torchscript,32,4,0,62,32,13.321299978997558,2402.167960368087
http,torchscript,32,4,0,63,32,12.382699991576374,2584.25060946068
http,torchscript,32,4,0,64,32,15.381400007754564,2080.4348098266173
http,torchscript,32,4,0,65,32,17.97159999841824,1780.5871487689722
http,torchscript,32,4,0,66,32,16.572099993936718,1930.9562464448038
http,torchscript,32,4,0,67,32,10.142399987671524,3155.0717817180575
http,torchscript,32,4,0,68,32,11.725099990144372,2729.187813058981
http,torchscript,32,4,0,69,32,14.362299989443272,2228.0553966649472
http,torchscript,32,4,1,0,32,10.210299980826676,3134.090091387219
http,torchscript,32,4,1,1,32,13.959000003524125,2292.427823763966
http,torchscript,32,4,1,2,32,15.962399949785322,2004.7110773233298
http,torchscript,32,4,1,3,32,7.664300035685301,4175.2018907149595
http,torchscript,32,4,1,4,32,15.556700003799051,2056.991520835742
http,torchscript,32,4,1,5,32,14.9165999609977,2145.2609900158286
http,torchscript,32,4,1,6,32,13.077299983706325,2446.9882957392147
http,torchscript,32,4,1,7,32,14.789099979680032,2163.755741996974
http,torchscript,32,4,1,8,32,17.370000015944242,1842.2567628455158
http,torchscript,32,4,1,9,32,10.732299997471273,2981.653513928961
http,torchscript,32,4,1,10,32,11.865600012242794,2696.871626127862
http,torchscript,32,4,1,11,32,14.9923000135459,2134.429004961696
http,torchscript,32,4,1,12,32,13.325400010216981,2401.428848324602
http,torchscript,32,4,1,13,32,14.111900003626943,2267.5897640838994
http,torchscript,32,4,1,14,32,9.892000001855195,3234.937322482669
http,torchscript,32,4,1,15,32,13.706800004001707,2334.6076393219123
http,torchscript,32,4,1,16,32,13.605699990876019,2351.955432021814
http,torchscript,32,4,1,17,32,10.765800019726157,2972.3754798869063
http,torchscript,32,4,1,18,32,11.231400014366955,2849.1550438116637
http,torchscript,32,4,1,19,32,12.249499966856092,2612.3515316203548
http,torchscript,32,4,1,20,32,14.42179997684434,2218.863113576616
http,torchscript,32,4,1,21,32,11.715499975252897,2731.424187409401
http,torchscript,32,4,1,22,32,14.405400026589632,2221.389197171483
http,torchscript,32,4,1,23,32,11.3936000270769,2808.5942918789474
http,torchscript,32,4,1,24,32,11.385600024368614,2810.5677286669443
http,torchscript,32,4,1,25,32,11.219700041692704,2852.12616033291
http,torchscript,32,4,1,26,32,12.389599985908717,2582.8113931357852
http,torchscript,32,4,1,27,32,12.545500008855015,2550.7153941583338
http,torchscript,32,4,1,28,32,12.749900051858276,2509.823596251333
http,torchscript,32,4,1,29,32,13.050900015514344,2451.938177593866
http,torchscript,32,4,1,30,32,14.712200034409761,2175.0655867345818
http,torchscript,32,4,1,31,32,17.06789998570457,1874.8645133145842
http,torchscript,32,4,1,32,32,15.457799949217588,2070.152292378432
http,torchscript,32,4,1,33,32,8.521999989170581,3754.987097003559
http,torchscript,32,4,1,34,32,11.717399989720434,2730.981278105493
http,torchscript,32,4,1,35,32,14.252099965233356,2245.2831567320577
http,torchscript,32,4,1,36,32,16.389099997468293,1952.5172221136731
http,torchscript,32,4,1,37,32,15.791899990290403,2026.3552846506811
http,torchscript,32,4,1,38,32,12.623700022231787,2534.9144817798524
http,torchscript,32,4,1,39,32,14.825999969616532,2158.3704347483326
http,torchscript,32,4,1,40,32,12.705700006335974,2518.554663186011
http,torchscript,32,4,1,41,32,15.425099991261959,2074.540846939561
http,torchscript,32,4,1,42,32,11.130500002764165,2874.983153681602
http,torchscript,32,4,1,43,32,11.409400030970573,2804.7048848437853
http,torchscript,32,4,1,44,32,11.7150999722071,2731.5174497799244
http,torchscript,32,4,1,45,32,15.783000038936734,2027.4979358205571
http,torchscript,32,4,1,46,32,10.372099990490824,3085.199721304047
http,torchscript,32,4,1,47,32,10.879999957978725,2941.1764819477926
http,torchscript,32,4,1,48,32,15.161800023633987,2110.567343595014
http,torchscript,32,4,1,49,32,8.37400002637878,3821.3517911628132
http,torchscript,32,4,1,50,32,13.376699993386865,2392.2193078876007
http,torchscript,32,4,1,51,32,12.666700000409037,2526.309141210153
http,torchscript,32,4,1,52,32,12.19219999620691,2624.6288618916565
http,torchscript,32,4,1,53,32,15.668999985791743,2042.2490285925585
http,torchscript,32,4,1,54,32,10.819100018125027,2957.7321539121576
http,torchscript,32,4,1,55,32,14.406100031919777,2221.281257876677
http,torchscript,32,4,1,56,32,14.974799996707588,2136.923365055669
http,torchscript,32,4,1,57,32,19.456800015177578,1644.6692146210016
http,torchscript,32,4,1,58,32,14.447399997152388,2214.931406779577
http,torchscript,32,4,1,59,32,13.738300011027604,2329.2547094119286
http,torchscript,32,4,1,60,32,16.554499976336956,1933.0091543532503
http,torchscript,32,4,1,61,32,14.535399968735874,2201.5218066808384
http,torchscript,32,4,1,62,32,14.311500010080636,2235.9640832519344
http,torchscript,32,4,1,63,32,14.75679996656254,2168.491818856992
http,torchscript,32,4,1,64,32,18.403499969281256,1738.799687744926
http,torchscript,32,4,1,65,32,17.4117999849841,1837.834114083365
http,torchscript,32,4,1,66,32,12.52250000834465,2555.400277794057
http,torchscript,32,4,1,67,32,17.066000029444695,1875.0732418134912
http,torchscript,32,4,1,68,32,10.08390000788495,3173.375378075754
http,torchscript,32,4,1,69,32,12.085999944247305,2647.6915561489277
http,torchscript,32,4,2,0,32,11.017700016964227,2904.417432924186
http,torchscript,32,4,2,1,32,14.062199974432588,2275.6041059138192
http,torchscript,32,4,2,2,32,7.649599981959909,4183.2252765459325
http,torchscript,32,4,2,3,32,18.202300008852035,1758.0195900758667
http,torchscript,32,4,2,4,32,19.824500021059066,1614.1642899446244
http,torchscript,32,4,2,5,32,14.219300006516278,2250.4623986648685
http,torchscript,32,4,2,6,32,17.256800027098507,1854.3414740710975
http,torchscript,32,4,2,7,32,15.446699981112033,2071.6398997280367
http,torchscript,32,4,2,8,32,17.50210003228858,1828.3520229552514
http,torchscript,32,4,2,9,32,13.678699964657426,2339.4036043396336
http,torchscript,32,4,2,10,32,14.145200024358928,2262.2515019154184
http,torchscript,32,4,2,11,32,16.418199986219406,1949.0565364570512
http,torchscript,32,4,2,12,32,16.392799967434257,1952.076525277611
http,torchscript,32,4,2,13,32,11.95650000590831,2676.3685011656576
http,torchscript,32,4,2,14,32,15.692699991632253,2039.1647082441655
http,torchscript,32,4,2,15,32,13.495600025635213,2371.1431829051867
http,torchscript,32,4,2,16,32,13.723000010941178,2331.8516340805068
http,torchscript,32,4,2,17,32,14.138200029265136,2263.371570197205
http,torchscript,32,4,2,18,32,14.569699997082353,2196.3389779067616
http,torchscript,32,4,2,19,32,12.092499993741512,2646.2683495192587
http,torchscript,32,4,2,20,32,14.845300000160933,2155.5643873584972
http,torchscript,32,4,2,21,32,12.667400005739182,2526.169536408565
http,torchscript,32,4,2,22,32,10.874099971260875,2942.772283184144
http,torchscript,32,4,2,23,32,17.055800009984523,1876.1946071874138
http,torchscript,32,4,2,24,32,13.072900008410215,2447.8118840818315
http,torchscript,32,4,2,25,32,12.719299993477762,2515.861723240198
http,torchscript,32,4,2,26,32,15.417999995406717,2075.496173922256
http,torchscript,32,4,2,27,32,10.846399993170053,2950.2876549039597
http,torchscript,32,4,2,28,32,10.01730002462864,3194.4735528859537
http,torchscript,32,4,2,29,32,17.769399972166866,1800.8486527470404
http,torchscript,32,4,2,30,32,18.215299991425127,1756.7649182315986
http,torchscript,32,4,2,31,32,17.924999992828816,1785.2161792358222
http,torchscript,32,4,2,32,32,18.446800007950515,1734.718215962015
http,torchscript,32,4,2,33,32,10.149999987334013,3152.7093635401156
http,torchscript,32,4,2,34,32,15.517099993303418,2062.2410124191997
http,torchscript,32,4,2,35,32,19.882500055246055,1609.455546892188
http,torchscript,32,4,2,36,32,19.985000020824373,1601.200899007055
http,torchscript,32,4,2,37,32,14.918899978511035,2144.930259341663
http,torchscript,32,4,2,38,32,14.044199953787029,2278.520677952266
http,torchscript,32,4,2,39,32,17.83549995161593,1794.1745444091541
http,torchscript,32,4,2,40,32,8.909599971957505,3591.631509912713
http,torchscript,32,4,2,41,32,20.506200031377375,1560.5036501660713
http,torchscript,32,4,2,42,32,13.149499951396137,2433.5526155580105
http,torchscript,32,4,2,43,32,12.842199997976422,2491.784897061432
http,torchscript,32,4,2,44,32,13.425100012682378,2383.5949057936514
http,torchscript,32,4,2,45,32,14.144500019028783,2262.363459786488
http,torchscript,32,4,2,46,32,13.769799959845841,2323.926280215784
http,torchscript,32,4,2,47,32,11.525199981406331,2776.5244899546888
http,torchscript,32,4,2,48,32,14.87809995887801,2150.812273640161
http,torchscript,32,4,2,49,32,17.972600006032735,1780.4880756962702
http,torchscript,32,4,2,50,32,18.82950001163408,1699.460951179178
http,torchscript,32,4,2,51,32,19.0621999790892,1678.7149455521017
http,torchscript,32,4,2,52,32,18.1822000304237,1759.9630378312531
http,torchscript,32,4,2,53,32,17.687799991108477,1809.1565947198724
http,torchscript,32,4,2,54,32,14.402000000700355,2221.913622999852
http,torchscript,32,4,2,55,32,15.010000031907111,2131.912054095726
http,torchscript,32,4,2,56,32,17.237899999599904,1856.374616440676
http,torchscript,32,4,2,57,32,8.552500046789646,3741.596004084425
http,torchscript,32,4,2,58,32,21.50730002904311,1487.866908295682
http,torchscript,32,4,2,59,32,12.686100031714886,2522.4458202285114
http,torchscript,32,4,2,60,32,11.43640000373125,2798.083312017737
http,torchscript,32,4,2,61,32,15.573700016830117,2054.7461403146576
http,torchscript,32,4,2,62,32,14.222800033167005,2249.9085922165305
http,torchscript,32,4,2,63,32,13.335000025108457,2399.7000329769207
http,torchscript,32,4,2,64,32,14.977800019551069,2136.495343657228
http,torchscript,32,4,2,65,32,15.726899961009622,2034.7303079014239
http,torchscript,32,4,2,66,32,15.988899976946414,2001.388466132078
http,torchscript,32,4,2,67,32,12.063999951351434,2652.519904595598
http,torchscript,32,4,2,68,32,9.138199966400862,3501.78373395821
http,torchscript,32,4,2,69,32,8.332800003699958,3840.2457740244877
http,torchscript,64,1,0,0,64,7.112400024197996,8998.369014995993
http,torchscript,64,1,0,1,64,7.435200037434697,8607.703851648
http,torchscript,64,1,0,2,64,7.721400004811585,8288.652311772275
http,torchscript,64,1,0,3,64,8.811199979390949,7263.482857010792
http,torchscript,64,1,0,4,64,7.431200006976724,8612.337164914697
http,torchscript,64,1,0,5,64,7.3701999499462545,8683.617871244687
http,torchscript,64,1,0,6,64,9.404600015841424,6805.180432149826
http,torchscript,64,1,0,7,64,9.286300046369433,6891.872939752943
http,torchscript,64,1,0,8,64,7.736700004898012,8272.260777784117
http,torchscript,64,1,0,9,64,7.196699967607856,8892.964871130129
http,torchscript,64,1,0,10,64,7.561900012660772,8463.481386006928
http,torchscript,64,1,0,11,64,6.6982999560423195,9554.663186181693
http,torchscript,64,1,0,12,64,6.273899984080344,10200.991434736969
http,torchscript,64,1,0,13,64,6.4839000115171075,9870.602551908452
http,torchscript,64,1,0,14,64,6.245199998375028,10247.870367106338
http,torchscript,64,1,0,15,64,7.412699982523918,8633.831148014291
http,torchscript,64,1,0,16,64,9.652199980337173,6630.612723563187
http,torchscript,64,1,0,17,64,9.347300045192242,6846.896931795639
http,torchscript,64,1,0,18,64,8.45549994846806,7569.037950452039
http,torchscript,64,1,0,19,64,8.177499985322356,7826.352811357067
http,torchscript,64,1,0,20,64,8.604200033005327,7438.227813683882
http,torchscript,64,1,0,21,64,7.6722000376321375,8341.805438606922
http,torchscript,64,1,0,22,64,7.092099986039102,9024.125453107668
http,torchscript,64,1,0,23,64,7.893399975728244,8108.0396529754435
http,torchscript,64,1,0,24,64,7.140100002288818,8963.459892646359
http,torchscript,64,1,0,25,64,7.693500025197864,8318.71057261146
http,torchscript,64,1,0,26,64,7.17689999146387,8917.499209424812
http,torchscript,64,1,0,27,64,8.366099966224283,7649.920543429023
http,torchscript,64,1,0,28,64,10.588000004645437,6044.578765765044
http,torchscript,64,1,0,29,64,11.470699973870069,5579.432828492611
http,torchscript,64,1,0,30,64,10.45880001038313,6119.248856127189
http,torchscript,64,1,0,31,64,11.707000026945025,5466.814713649657
http,torchscript,64,1,0,32,64,7.072200009133667,9049.51781869075
http,torchscript,64,1,0,33,64,7.835099997464567,8168.370540351795
http,torchscript,64,1,0,34,64,7.162399997469038,8935.552331985864
http,torchscript,64,1,0,35,64,7.593899965286255,8427.817102221665
http,torchscript,64,1,0,36,64,7.26569996913895,8808.5112613843
http,torchscript,64,1,0,37,64,7.3376999935135245,8722.079133321824
http,torchscript,64,1,0,38,64,8.832100022118539,7246.294747537115
http,torchscript,64,1,0,39,64,10.999999998603016,5818.181818920719
http,torchscript,64,1,0,40,64,11.13429997349158,5748.003929512453
http,torchscript,64,1,0,41,64,8.581300033256412,7458.077418569576
http,torchscript,64,1,0,42,64,11.145500000566244,5742.227804651967
http,torchscript,64,1,0,43,64,6.932999996934086,9231.213043170648
http,torchscript,64,1,0,44,64,6.998100026976317,9145.339414025582
http,torchscript,64,1,0,45,64,6.679599988274276,9581.41207742215
http,torchscript,64,1,0,46,64,6.537300010677427,9789.974438295361
http,torchscript,64,1,0,47,64,6.850700010545552,9342.111010770035
http,torchscript,64,1,0,48,64,6.540600035805255,9785.034958512113
http,torchscript,64,1,0,49,64,6.751000008080155,9480.077014279294
http,torchscript,64,1,0,50,64,10.1888999924995,6281.345390288768
http,torchscript,64,1,0,51,64,10.096200043335557,6339.018613467948
http,torchscript,64,1,0,52,64,10.399000020697713,6154.437914474201
http,torchscript,64,1,0,53,64,8.292799990158528,7717.538114503175
http,torchscript,64,1,0,54,64,11.328499997034669,5649.468157015716
http,torchscript,64,1,0,55,64,7.1638000081293285,8933.80607043387
http,torchscript,64,1,0,56,64,15.293199976440519,4184.8664830508515
http,torchscript,64,1,0,57,64,11.768300028052181,5438.338574598093
http,torchscript,64,1,0,58,64,7.623200013767928,8395.424478488352
http,torchscript,64,1,0,59,64,9.975099994335324,6415.975783334947
http,torchscript,64,1,0,60,64,6.541799986734986,9783.24010666404
http,torchscript,64,1,0,61,64,10.829899983946234,5909.565194034181
http,torchscript,64,1,0,62,64,6.866399955470115,9320.750380847598
http,torchscript,64,1,0,63,64,7.954499975312501,8045.760286457942
http,torchscript,64,1,0,64,64,7.591600005980581,8430.370402758508
http,torchscript,64,1,0,65,64,6.1852000071667135,10347.280593326652
http,torchscript,64,1,0,66,64,6.2763000023551285,10197.090638749667
http,torchscript,64,1,0,67,64,6.542499992065132,9782.193363029486
http,torchscript,64,1,0,68,64,6.417600030545145,9972.575370136225
http,torchscript,64,1,0,69,64,6.441200035624206,9936.036708383
http,torchscript,64,1,1,0,64,6.50859996676445,9833.14389066926
http,torchscript,64,1,1,1,64,6.613000005017966,9677.907145234627
http,torchscript,64,1,1,2,64,6.539000023622066,9787.429235173682
http,torchscript,64,1,1,3,64,6.705300009343773,9544.688516668397
http,torchscript,64,1,1,4,64,7.298899989109486,8768.444573222385
http,torchscript,64,1,1,5,64,7.4687000014819205,8569.095021530024
http,torchscript,64,1,1,6,64,7.974600011948496,8025.480889838685
http,torchscript,64,1,1,7,64,7.649899984244257,8366.122450203855
http,torchscript,64,1,1,8,64,8.152999973390251,7849.871238670808
http,torchscript,64,1,1,9,64,10.985500004608184,5825.861360261559
http,torchscript,64,1,1,10,64,6.958599959034473,9197.252375013695
http,torchscript,64,1,1,11,64,6.802799995057285,9407.890875301424
http,torchscript,64,1,1,12,64,6.694199983030558,9560.515096984944
http,torchscript,64,1,1,13,64,6.5938999759964645,9705.940374130163
http,torchscript,64,1,1,14,64,7.199299987405539,8889.753185998869
http,torchscript,64,1,1,15,64,7.28960003471002,8779.631213682345
http,torchscript,64,1,1,16,64,7.273700030054897,8798.823121045998
http,torchscript,64,1,1,17,64,7.146000047214329,8956.059274719517
http,torchscript,64,1,1,18,64,7.974500011187047,8025.581529903749
http,torchscript,64,1,1,19,64,7.643899996764958,8372.689337522208
http,torchscript,64,1,1,20,64,8.491299988236278,7537.126245529502
http,torchscript,64,1,1,21,64,7.756100036203861,8251.569693694166
http,torchscript,64,1,1,22,64,7.64949998119846,8366.559926440188
http,torchscript,64,1,1,23,64,6.5324000315740705,9797.317936846915
http,torchscript,64,1,1,24,64,6.61089998902753,9680.981425558439
http,torchscript,64,1,1,25,64,7.256299955770373,8819.92205257526
http,torchscript,64,1,1,26,64,7.400800008326769,8647.713750944828
http,torchscript,64,1,1,27,64,7.155900006182492,8943.66885293336
http,torchscript,64,1,1,28,64,7.177500054240227,8916.75367695622
http,torchscript,64,1,1,29,64,6.953000032808632,9204.659815620265
http,torchscript,64,1,1,30,64,6.895800004713237,9281.011623924185
http,torchscript,64,1,1,31,64,7.855700037907809,8146.950582528222
http,torchscript,64,1,1,32,64,7.473400037270039,8563.705901039733
http,torchscript,64,1,1,33,64,11.72980002593249,5456.188499250408
http,torchscript,64,1,1,34,64,8.973299991339445,7132.27018619342
http,torchscript,64,1,1,35,64,8.281000016722828,7728.535185455505
http,torchscript,64,1,1,36,64,7.1921999915502965,8898.528972385353
http,torchscript,64,1,1,37,64,7.583400001749396,8439.486244327873
http,torchscript,64,1,1,38,64,7.450300035998225,8590.258068905407
http,torchscript,64,1,1,39,64,9.83930000802502,6504.527755816068
http,torchscript,64,1,1,40,64,9.727299970109016,6579.420825580106
http,torchscript,64,1,1,41,64,7.654799963347614,8360.767140414127
http,torchscript,64,1,1,42,64,9.588400018401444,6674.7319549847
http,torchscript,64,1,1,43,64,10.741199948824942,5958.365946534812
http,torchscript,64,1,1,44,64,11.053299997001886,5790.126027282301
http,torchscript,64,1,1,45,64,6.728600012138486,9511.636876102477
http,torchscript,64,1,1,46,64,6.185799953527749,10346.277034630086
http,torchscript,64,1,1,47,64,6.198599992785603,10324.912088937504
http,torchscript,64,1,1,48,64,6.233000021893531,10267.92873017789
http,torchscript,64,1,1,49,64,6.548099976498634,9773.827557566057
http,torchscript,64,1,1,50,64,6.741899996995926,9492.872933226137
http,torchscript,64,1,1,51,64,6.4267999841831625,9958.29964484795
http,torchscript,64,1,1,52,64,8.164600003510714,7838.718366175992
http,torchscript,64,1,1,53,64,10.260799957904965,6237.330448167847
http,torchscript,64,1,1,54,64,7.8217999543994665,8182.2598855909655
http,torchscript,64,1,1,55,64,8.285799995064735,7724.058031586603
http,torchscript,64,1,1,56,64,7.607699953950942,8412.52946191215
http,torchscript,64,1,1,57,64,9.038700023666024,7080.664236276105
http,torchscript,64,1,1,58,64,7.4760999996215105,8560.613154350543
http,torchscript,64,1,1,59,64,7.8369000111706555,8166.494393034861
http,torchscript,64,1,1,60,64,7.18719995347783,8904.719558975245
http,torchscript,64,1,1,61,64,7.05100002232939,9076.72667668731
http,torchscript,64,1,1,62,64,7.4480000184848905,8592.910827223548
http,torchscript,64,1,1,63,64,7.001499994657934,9140.898385893206
http,torchscript,64,1,1,64,64,7.466599985491484,8571.505119379613
http,torchscript,64,1,1,65,64,6.711499998345971,9535.871268088
http,torchscript,64,1,1,66,64,8.449400018434972,7574.502315000386
http,torchscript,64,1,1,67,64,8.382800035178661,7634.680504297151
http,torchscript,64,1,1,68,64,8.471500012092292,7554.742360697143
http,torchscript,64,1,1,69,64,8.706099994014949,7351.167577215644
http,torchscript,64,1,2,0,64,6.918800005223602,9250.158980123844
http,torchscript,64,1,2,1,64,7.0056000258773565,9135.548670149044
http,torchscript,64,1,2,2,64,7.973700005095452,8026.386741299764
http,torchscript,64,1,2,3,64,7.630800013430417,8387.062940629849
http,torchscript,64,1,2,4,64,7.466899987775832,8571.160736687956
http,torchscript,64,1,2,5,64,7.16209999518469,8935.926619710595
http,torchscript,64,1,2,6,64,6.629900017287582,9653.237580222758
http,torchscript,64,1,2,7,64,6.327499984763563,10114.579242056128
http,torchscript,64,1,2,8,64,6.685999978799373,9572.24053289523
http,torchscript,64,1,2,9,64,6.3452000031247735,10086.364491029817
http,torchscript,64,1,2,10,64,6.511499988846481,9828.764510423913
http,torchscript,64,1,2,11,64,6.441099976655096,9936.191059284816
http,torchscript,64,1,2,12,64,7.308500004000962,8756.926861184083
http,torchscript,64,1,2,13,64,9.212100005242974,6947.3844143653505
http,torchscript,64,1,2,14,64,6.626399990636855,9658.336365210733
http,torchscript,64,1,2,15,64,6.708900036755949,9539.566791778707
http,torchscript,64,1,2,16,64,7.59180000750348,8430.148309589893
http,torchscript,64,1,2,17,64,8.013600017875433,7986.4230629478925
http,torchscript,64,1,2,18,64,6.9340000045485795,9229.881736085543
http,torchscript,64,1,2,19,64,6.479699979536235,9877.000509610107
http,torchscript,64,1,2,20,64,6.239600013941526,10257.06773783589
http,torchscript,64,1,2,21,64,6.33390003349632,10104.359030224847
http,torchscript,64,1,2,22,64,6.378999969456345,10032.920568496953
http,torchscript,64,1,2,23,64,6.311399978585541,10140.3809324636
http,torchscript,64,1,2,24,64,6.593399972189218,9706.676414285537
http,torchscript,64,1,2,25,64,6.479300034698099,9877.610182776798
http,torchscript,64,1,2,26,64,6.565600051544607,9747.776212007237
http,torchscript,64,1,2,27,64,8.222100033890456,7783.899458313582
http,torchscript,64,1,2,28,64,8.354599995072931,7660.450534764509
http,torchscript,64,1,2,29,64,6.87180005479604,9313.425811237397
http,torchscript,64,1,2,30,64,6.562200025655329,9752.82675776234
http,torchscript,64,1,2,31,64,6.018299958668649,10634.2323313107
http,torchscript,64,1,2,32,64,6.053499993868172,10572.39614517686
http,torchscript,64,1,2,33,64,6.893999991007149,9283.434883011974
http,torchscript,64,1,2,34,64,5.938799993600696,10776.587874480141
http,torchscript,64,1,2,35,64,6.2315999530255795,10270.235650946526
http,torchscript,64,1,2,36,64,6.112699978984892,10470.005107403977
http,torchscript,64,1,2,37,64,5.967200035229325,10725.298234038573
http,torchscript,64,1,2,38,64,6.1926000053063035,10334.915858469754
http,torchscript,64,1,2,39,64,6.354400014970452,10071.761275528954
http,torchscript,64,1,2,40,64,6.506200006697327,9836.771069767288
http,torchscript,64,1,2,41,64,9.117000037804246,7019.852992719068
http,torchscript,64,1,2,42,64,9.760000044479966,6557.377019295911
http,torchscript,64,1,2,43,64,7.32660002540797,8735.293284477648
http,torchscript,64,1,2,44,64,6.279800029005855,10191.407322588222
http,torchscript,64,1,2,45,64,6.034999969415367,10604.805356146493
http,torchscript,64,1,2,46,64,5.835200019646436,10967.918800472904
http,torchscript,64,1,2,47,64,6.20050000725314,10321.748234035145
http,torchscript,64,1,2,48,64,5.977199994958937,10707.35462323102
http,torchscript,64,1,2,49,64,5.850700021255761,10938.861976769645
http,torchscript,64,1,2,50,64,6.342499982565641,10090.658285522137
http,torchscript,64,1,2,51,64,5.848600005265325,10942.789717604666
http,torchscript,64,1,2,52,64,6.096300028730184,10498.170972292311
http,torchscript,64,1,2,53,64,8.246299985330552,7761.05648761874
http,torchscript,64,1,2,54,64,9.847400011494756,6499.177440267841
http,torchscript,64,1,2,55,64,6.623199966270477,9663.00282732342
http,torchscript,64,1,2,56,64,6.373099982738495,10042.208685466043
http,torchscript,64,1,2,57,64,7.848599983844906,8154.320532545144
http,torchscript,64,1,2,58,64,6.097599980421364,10495.932859731049
http,torchscript,64,1,2,59,64,6.106099986936897,10481.32197915504
http,torchscript,64,1,2,60,64,5.9979999787174165,10670.223445663541
http,torchscript,64,1,2,61,64,5.835000018123537,10968.294738854447
http,torchscript,64,1,2,62,64,6.093000003602356,10503.856878739762
http,torchscript,64,1,2,63,64,5.815699987579137,11004.694213368606
http,torchscript,64,1,2,64,64,6.088899972382933,10510.929772254603
http,torchscript,64,1,2,65,64,6.111199967563152,10472.574999950471
http,torchscript,64,1,2,66,64,7.724000024609268,8285.86222114073
http,torchscript,64,1,2,67,64,9.493799996562302,6741.241654887858
http,torchscript,64,1,2,68,64,9.520200022961944,6722.547829419259
http,torchscript,64,1,2,69,64,7.226700021419674,8856.047685708047
http,torchscript,64,4,0,0,64,15.632900001946837,4093.9301084270855
http,torchscript,64,4,0,1,64,18.92879995284602,3381.09125562275
http,torchscript,64,4,0,2,64,19.93179996497929,3210.9493428817127
http,torchscript,64,4,0,3,64,24.383899988606572,2624.6826811914475
http,torchscript,64,4,0,4,64,19.02830001199618,3363.411337831121
http,torchscript,64,4,0,5,64,20.824299950618297,3073.3326043020124
http,torchscript,64,4,0,6,64,25.187899998854846,2540.9025763525233
http,torchscript,64,4,0,7,64,22.015700000338256,2907.016356464554
http,torchscript,64,4,0,8,64,15.098699950613081,4238.775537585359
http,torchscript,64,4,0,9,64,19.765099976211786,3238.0306741188747
http,torchscript,64,4,0,10,64,25.973399984650314,2464.059385287353
http,torchscript,64,4,0,11,64,22.425000031944364,2853.9576325008757
http,torchscript,64,4,0,12,64,32.65050001209602,1960.1537488335537
http,torchscript,64,4,0,13,64,21.746499987784773,2943.0023238658837
http,torchscript,64,4,0,14,64,19.558400032110512,3272.25130352822
http,torchscript,64,4,0,15,64,22.23290002439171,2878.616821457642
http,torchscript,64,4,0,16,64,32.769499986898154,1953.0355979062351
http,torchscript,64,4,0,17,64,15.408199978992343,4153.632487069099
http,torchscript,64,4,0,18,64,23.44019996235147,2730.35213448664
http,torchscript,64,4,0,19,64,18.943200004287064,3378.5210516447096
http,torchscript,64,4,0,20,64,24.358400027267635,2627.4303701538765
http,torchscript,64,4,0,21,64,24.637199996504933,2597.69779070183
http,torchscript,64,4,0,22,64,19.39720002701506,3299.445276166936
http,torchscript,64,4,0,23,64,25.509700004477054,2508.8495744272864
http,torchscript,64,4,0,24,64,35.96770000876859,1779.3742714823968
http,torchscript,64,4,0,25,64,27.4898000061512,2328.1362536533247
http,torchscript,64,4,0,26,64,24.898800009395927,2570.404998467744
http,torchscript,64,4,0,27,64,26.600099983625114,2406.0059939398
http,torchscript,64,4,0,28,64,26.85819996986538,2382.8849316710475
http,torchscript,64,4,0,29,64,39.257299969904125,1630.2700401979862
http,torchscript,64,4,0,30,64,15.492199978325516,4131.111145579046
http,torchscript,64,4,0,31,64,22.598300012759864,2832.071437402953
http,torchscript,64,4,0,32,64,28.86459999717772,2217.2488101777853
http,torchscript,64,4,0,33,64,29.502100020181388,2169.337096553119
http,torchscript,64,4,0,34,64,26.957500027492642,2374.10738884279
http,torchscript,64,4,0,35,64,30.2825000253506,2113.431848309196
http,torchscript,64,4,0,36,64,28.415100008714944,2252.323587823767
http,torchscript,64,4,0,37,64,23.274200037121773,2749.8259831883192
http,torchscript,64,4,0,38,64,27.704900014214218,2310.0606740022267
http,torchscript,64,4,0,39,64,33.89960003551096,1887.9278791772726
http,torchscript,64,4,0,40,64,16.2028000340797,3949.934570900549
http,torchscript,64,4,0,41,64,22.158300038427114,2888.308213581847
http,torchscript,64,4,0,42,64,29.365100024733692,2179.457926112765
http,torchscript,64,4,0,43,64,36.16040002088994,1769.8919249517999
http,torchscript,64,4,0,44,64,42.29869996197522,1513.0488657460714
http,torchscript,64,4,0,45,64,15.171299979556352,4218.491499491893
http,torchscript,64,4,0,46,64,22.030399995855987,2905.0766219423467
http,torchscript,64,4,0,47,64,17.602100037038326,3635.929796179504
http,torchscript,64,4,0,48,64,18.04009999614209,3547.6521756357515
http,torchscript,64,4,0,49,64,24.627699982374907,2598.699839847096
http,torchscript,64,4,0,50,64,25.454599992372096,2514.2803272956044
http,torchscript,64,4,0,51,64,26.746499992441386,2392.8364465663367
http,torchscript,64,4,0,52,64,22.707500029355288,2818.4520496427845
http,torchscript,64,4,0,53,64,31.973799981642514,2001.638842950949
http,torchscript,64,4,0,54,64,25.724700011778623,2487.881295824487
http,torchscript,64,4,0,55,64,14.055799983907491,4553.280501520632
http,torchscript,64,4,0,56,64,29.27200001431629,2186.389722898982
http,torchscript,64,4,0,57,64,31.54510003514588,2028.8412440821107
http,torchscript,64,4,0,58,64,23.543299990706146,2718.395468148661
http,torchscript,64,4,0,59,64,23.775600013323128,2691.835325465449
http,torchscript,64,4,0,60,64,23.07019999716431,2774.1415335743345
http,torchscript,64,4,0,61,64,21.048400027211756,3040.611158912774
http,torchscript,64,4,0,62,64,20.531300047878176,3117.191792568154
http,torchscript,64,4,0,63,64,19.641200022306293,3258.4567097385043
http,torchscript,64,4,0,64,64,20.002599980216473,3199.584057237512
http,torchscript,64,4,0,65,64,24.119400011841208,2653.465673631175
http,torchscript,64,4,0,66,64,14.049699995666742,4555.257409036428
http,torchscript,64,4,0,67,64,24.73970002029091,2586.935166857671
http,torchscript,64,4,0,68,64,14.732299954630435,4344.1960995292175
http,torchscript,64,4,0,69,64,18.81799998227507,3400.9990466724666
http,torchscript,64,4,1,0,64,12.207199994008988,5242.807526001845
http,torchscript,64,4,1,1,64,14.453199983108789,4428.085135111652
http,torchscript,64,4,1,2,64,18.28739995835349,3499.677381462064
http,torchscript,64,4,1,3,64,16.609400045126677,3853.239721249178
http,torchscript,64,4,1,4,64,32.6082999818027,1962.6904817397922
http,torchscript,64,4,1,5,64,21.498700021766126,2976.9241830996243
http,torchscript,64,4,1,6,64,10.79189998563379,5930.373714100111
http,torchscript,64,4,1,7,64,22.20319997286424,2882.46739561045
http,torchscript,64,4,1,8,64,17.506899952422827,3655.7014762138324
http,torchscript,64,4,1,9,64,23.335799982305616,2742.5672164026105
http,torchscript,64,4,1,10,64,23.571999976411462,2715.0856976092355
http,torchscript,64,4,1,11,64,31.210599991027266,2050.5853786341613
http,torchscript,64,4,1,12,64,22.021800046786666,2906.211111899485
http,torchscript,64,4,1,13,64,23.80630001425743,2688.3640028761647
http,torchscript,64,4,1,14,64,26.775000034831464,2390.2894460034627
http,torchscript,64,4,1,15,64,17.969699983950704,3561.5508359716846
http,torchscript,64,4,1,16,64,25.571500009391457,2502.786304147007
http,torchscript,64,4,1,17,64,19.981399993412197,3202.97877131235
http,torchscript,64,4,1,18,64,23.77659996272996,2691.7221175576233
http,torchscript,64,4,1,19,64,26.0495999827981,2456.851546367795
http,torchscript,64,4,1,20,64,17.550199991092086,3646.68209094394
http,torchscript,64,4,1,21,64,18.89070001197979,3387.910451143343
http,torchscript,64,4,1,22,64,22.722499968949705,2816.5914880605565
http,torchscript,64,4,1,23,64,16.553400026168674,3866.2752001899735
http,torchscript,64,4,1,24,64,17.086400010157377,3745.66906791096
http,torchscript,64,4,1,25,64,15.867900045122951,4033.2999210989233
http,torchscript,64,4,1,26,64,25.473899964708835,2512.3754151765006
http,torchscript,64,4,1,27,64,23.61969999037683,2709.602578613402
http,torchscript,64,4,1,28,64,28.50149996811524,2245.495853607603
http,torchscript,64,4,1,29,64,21.21360000455752,3016.9325331980554
http,torchscript,64,4,1,30,64,22.703199996612966,2818.985870253885
http,torchscript,64,4,1,31,64,30.403299955651164,2105.034653914405
http,torchscript,64,4,1,32,64,34.83580000465736,1837.1904762182453
http,torchscript,64,4,1,33,64,21.129500004462898,3028.9405800649397
http,torchscript,64,4,1,34,64,31.894000014290214,2006.6470173488615
http,torchscript,64,4,1,35,64,29.076799983158708,2201.067519020966
http,torchscript,64,4,1,36,64,33.421400003135204,1914.9407264206845
http,torchscript,64,4,1,37,64,31.396300008054823,2038.4567603055325
http,torchscript,64,4,1,38,64,18.329599988646805,3491.6201138945225
http,torchscript,64,4,1,39,64,22.417300031520426,2854.9379233900218
http,torchscript,64,4,1,40,64,18.81949999369681,3400.727969469722
http,torchscript,64,4,1,41,64,36.77649999735877,1740.2417305778522
http,torchscript,64,4,1,42,64,36.267400020733476,1764.6701986746293
http,torchscript,64,4,1,43,64,21.223599964287132,3015.5110399598816
http,torchscript,64,4,1,44,64,20.494399999734014,3122.8042782823904
http,torchscript,64,4,1,45,64,29.419699974823743,2175.413075414391
http,torchscript,64,4,1,46,64,33.322200004477054,1920.6414940010318
http,torchscript,64,4,1,47,64,34.547199960798025,1852.5379791306718
http,torchscript,64,4,1,48,64,39.75280001759529,1609.949487122227
http,torchscript,64,4,1,49,64,25.22150002187118,2537.517591915687
http,torchscript,64,4,1,50,64,25.326000002678484,2527.047302899445
http,torchscript,64,4,1,51,64,25.05230001406744,2554.655658924032
http,torchscript,64,4,1,52,64,25.903300032950938,2470.7276647603667
http,torchscript,64,4,1,53,64,23.93989998381585,2673.3612105007155
http,torchscript,64,4,1,54,64,15.32270002644509,4176.809562906269
http,torchscript,64,4,1,55,64,36.77830001106486,1740.1565591869503
http,torchscript,64,4,1,56,64,31.72239998821169,2017.5018291107524
http,torchscript,64,4,1,57,64,29.782700003124774,2148.8985213995097
http,torchscript,64,4,1,58,64,29.116099991369992,2198.096586389303
http,torchscript,64,4,1,59,64,30.529199982993305,2096.353656029377
http,torchscript,64,4,1,60,64,30.682099983096123,2085.9067676351983
http,torchscript,64,4,1,61,64,31.197600008454174,2051.439853791855
http,torchscript,64,4,1,62,64,29.19200004544109,2192.3814709638186
http,torchscript,64,4,1,63,64,16.978600004222244,3769.450954971815
http,torchscript,64,4,1,64,64,21.68909995816648,2950.7909559844334
http,torchscript,64,4,1,65,64,28.998400026466697,2207.0183162377066
http,torchscript,64,4,1,66,64,30.715800006873906,2083.618202543232
http,torchscript,64,4,1,67,64,29.223800054751337,2189.9958212174597
http,torchscript,64,4,1,68,64,39.33070000493899,1627.2275853713038
http,torchscript,64,4,1,69,64,13.409500010311604,4772.735743374879
http,torchscript,64,4,2,0,64,21.631799987517297,2958.6072373510947
http,torchscript,64,4,2,1,64,21.942999970633537,2916.6476819783816
http,torchscript,64,4,2,2,64,23.411999980453402,2733.640870213283
http,torchscript,64,4,2,3,64,25.96240001730621,2465.1033786298035
http,torchscript,64,4,2,4,64,23.068899987265468,2774.297865755601
http,torchscript,64,4,2,5,64,19.716000009793788,3246.094540891075
http,torchscript,64,4,2,6,64,25.873800041154027,2473.5446628714635
http,torchscript,64,4,2,7,64,24.493300006724894,2612.9594616661752
http,torchscript,64,4,2,8,64,20.972399972379208,3051.629765038261
http,torchscript,64,4,2,9,64,23.268199991434813,2750.5350660368595
http,torchscript,64,4,2,10,64,20.56050003739074,3112.764761733004
http,torchscript,64,4,2,11,64,25.155099981930107,2544.2156877123807
http,torchscript,64,4,2,12,64,22.32360001653433,2866.921103791386
http,torchscript,64,4,2,13,64,18.712999997660518,3420.0822961578165
http,torchscript,64,4,2,14,64,16.324599971994758,3920.4636015457368
http,torchscript,64,4,2,15,64,27.49399997992441,2327.7806083775213
http,torchscript,64,4,2,16,64,20.31849999912083,3149.838816978086
http,torchscript,64,4,2,17,64,19.734000030439347,3243.13367291381
http,torchscript,64,4,2,18,64,25.718299963045865,2488.5004099011358
http,torchscript,64,4,2,19,64,13.190899975597858,4851.8296794301405
http,torchscript,64,4,2,20,64,18.326500023249537,3492.210728661104
http,torchscript,64,4,2,21,64,24.744999944232404,2586.381092917206
http,torchscript,64,4,2,22,64,21.80159999988973,2935.56436226349
http,torchscript,64,4,2,23,64,26.036700000986457,2458.0688027889564
http,torchscript,64,4,2,24,64,25.28509998228401,2531.1349389498782
http,torchscript,64,4,2,25,64,26.22739999787882,2440.196130961365
http,torchscript,64,4,2,26,64,24.620799988042563,2599.42812707477
http,torchscript,64,4,2,27,64,31.521599972620606,2030.353790911307
http,torchscript,64,4,2,28,64,13.200600049458444,4848.2644546620895
http,torchscript,64,4,2,29,64,15.521999972406775,4123.180009906702
http,torchscript,64,4,2,30,64,20.799399993848056,3077.0118377900135
http,torchscript,64,4,2,31,64,23.614200006704777,2710.233672189974
http,torchscript,64,4,2,32,64,21.568600030150265,2967.2764996585697
http,torchscript,64,4,2,33,64,17.47130003059283,3663.150417423653
http,torchscript,64,4,2,34,64,28.381899988744408,2254.9582665494872
http,torchscript,64,4,2,35,64,27.253000007476658,2348.3653169354593
http,torchscript,64,4,2,36,64,12.717899982817471,5032.277348183839
http,torchscript,64,4,2,37,64,28.448700031731278,2249.6634267511454
http,torchscript,64,4,2,38,64,17.66210002824664,3623.5781644111453
http,torchscript,64,4,2,39,64,22.675100015476346,2822.4792815166566
http,torchscript,64,4,2,40,64,22.93939999071881,2789.9596339003697
http,torchscript,64,4,2,41,64,27.319799992255867,2342.623299516892
http,torchscript,64,4,2,42,64,13.403399963863194,4774.907872073498
http,torchscript,64,4,2,43,64,24.764299974776804,2584.365399594818
http,torchscript,64,4,2,44,64,27.820900024380535,2300.4288122927123
http,torchscript,64,4,2,45,64,34.79939996032044,1839.1121706976314
http,torchscript,64,4,2,46,64,35.26939998846501,1814.60416170764
http,torchscript,64,4,2,47,64,20.1245000353083,3180.2032292833323
http,torchscript,64,4,2,48,64,18.217000004369766,3513.201953375865
http,torchscript,64,4,2,49,64,23.376299999654293,2737.815650934771
http,torchscript,64,4,2,50,64,27.750000008381903,2306.3063056096853
http,torchscript,64,4,2,51,64,25.153499969746917,2544.3775250750496
http,torchscript,64,4,2,52,64,21.765800018329173,2940.392723727363
http,torchscript,64,4,2,53,64,24.87600001040846,2572.760892957932
http,torchscript,64,4,2,54,64,29.862200026400387,2143.177660836083
http,torchscript,64,4,2,55,64,28.44829997047782,2249.6950631994146
http,torchscript,64,4,2,56,64,28.567800007294863,2240.2845155614864
http,torchscript,64,4,2,57,64,27.084300003480166,2362.992582114967
http,torchscript,64,4,2,58,64,31.57610003836453,2026.8494184601923
http,torchscript,64,4,2,59,64,24.76210001623258,2584.595004383528
http,torchscript,64,4,2,60,64,23.959500016644597,2671.1742713971234
http,torchscript,64,4,2,61,64,21.93960000295192,2917.099673256985
http,torchscript,64,4,2,62,64,22.19899999909103,2883.012748440046
http,torchscript,64,4,2,63,64,20.784799999091774,3079.173242119077
http,torchscript,64,4,2,64,64,20.052399951964617,3191.6379163248066
http,torchscript,64,4,2,65,64,25.17819998320192,2541.881470585615
http,torchscript,64,4,2,66,64,29.05989997088909,2202.3475670636285
http,torchscript,64,4,2,67,64,19.594800018239766,3266.1726550118283
http,torchscript,64,4,2,68,64,23.32030003890395,2744.3900761667896
http,torchscript,64,4,2,69,64,10.722899984102696,5968.534640338305
http,onnx-fp32,1,1,0,0,1,1.9064999651163816,524.521383843275
http,onnx-fp32,1,1,0,1,1,1.9811000092886388,504.77007486314324
http,onnx-fp32,1,1,0,2,1,2.0650000078603625,484.2614993673264
http,onnx-fp32,1,1,0,3,1,2.155299996957183,463.9725334810855
http,onnx-fp32,1,1,0,4,1,1.9105999963358045,523.3957929016144
http,onnx-fp32,1,1,0,5,1,2.134300011675805,468.53769129430975
http,onnx-fp32,1,1,0,6,1,1.7863999819383025,559.785048203464
http,onnx-fp32,1,1,0,7,1,1.872900000307709,533.9313363424126
http,onnx-fp32,1,1,0,8,1,1.7819000058807433,561.1987186148125
http,onnx-fp32,1,1,0,9,1,2.048900001682341,488.06676713304955
http,onnx-fp32,1,1,0,10,1,2.9008000274188817,344.7324843311572
http,onnx-fp32,1,1,0,11,1,2.8032000409439206,356.7351546068294
http,onnx-fp32,1,1,0,12,1,2.333700016606599,428.5040891648474
http,onnx-fp32,1,1,0,13,1,1.996500010136515,500.8765313913637
http,onnx-fp32,1,1,0,14,1,2.973099995870143,336.3492655440699
http,onnx-fp32,1,1,0,15,1,2.176299982238561,459.49547771966223
http,onnx-fp32,1,1,0,16,1,1.5631999704055488,639.7134205040734
http,onnx-fp32,1,1,0,17,1,1.7229000222869217,580.4167317106609
http,onnx-fp32,1,1,0,18,1,1.6756000113673508,596.8011418094725
http,onnx-fp32,1,1,0,19,1,1.456499972846359,686.5774244030737
http,onnx-fp32,1,1,0,20,1,1.4516999945044518,688.8475606431047
http,onnx-fp32,1,1,0,21,1,1.4114000368863344,708.5163482113002
http,onnx-fp32,1,1,0,22,1,1.3933999580331147,717.6690326670978
http,onnx-fp32,1,1,0,23,1,1.4676999999210238,681.3381481595759
http,onnx-fp32,1,1,0,24,1,1.3781000161543489,725.6367377387787
http,onnx-fp32,1,1,0,25,1,1.3698000111617148,730.0335755961261
http,onnx-fp32,1,1,0,26,1,1.421299995854497,703.581230504959
http,onnx-fp32,1,1,0,27,1,1.364799973089248,732.7081035446411
http,onnx-fp32,1,1,0,28,1,1.6658000531606376,600.3121431666609
http,onnx-fp32,1,1,0,29,1,1.7095999792218208,584.9321549800101
http,onnx-fp32,1,1,0,30,1,1.5063000028021634,663.8783762462353
http,onnx-fp32,1,1,0,31,1,1.4851000159978867,673.3553223538737
http,onnx-fp32,1,1,0,32,1,1.3838000013493001,722.6477807666796
http,onnx-fp32,1,1,0,33,1,1.3788000214844942,725.2683379880887
http,onnx-fp32,1,1,0,34,1,1.4112000353634357,708.6167622880362
http,onnx-fp32,1,1,0,35,1,3.194799995981157,313.00863943218127
http,onnx-fp32,1,1,0,36,1,1.421299995854497,703.581230504959
http,onnx-fp32,1,1,0,37,1,1.5128999948501587,660.9822218282461
http,onnx-fp32,1,1,0,38,1,1.5599000034853816,641.0667336147432
http,onnx-fp32,1,1,0,39,1,1.6605000128038228,602.2282398609915
http,onnx-fp32,1,1,0,40,1,1.4100999687798321,709.169578143673
http,onnx-fp32,1,1,0,41,1,1.375799998641014,726.8498335425052
http,onnx-fp32,1,1,0,42,1,1.3319000136107206,750.807109978958
http,onnx-fp32,1,1,0,43,1,1.3649999746121466,732.6007462264911
http,onnx-fp32,1,1,0,44,1,1.3781000161543489,725.6367377387787
http,onnx-fp32,1,1,0,45,1,1.3075000024400651,764.8183542132263
http,onnx-fp32,1,1,0,46,1,1.3333000242710114,750.0187368156354
http,onnx-fp32,1,1,0,47,1,1.3971999869681895,715.7171552584385
http,onnx-fp32,1,1,0,48,1,1.4713999698869884,679.6248609933066
http,onnx-fp32,1,1,0,49,1,1.8221000209450722,548.8172924125911
http,onnx-fp32,1,1,0,50,1,1.9818000146187842,504.5917815236056
http,onnx-fp32,1,1,0,51,1,1.8534999690018594,539.5198363766451
http,onnx-fp32,1,1,0,52,1,1.6829000087454915,594.2123684136436
http,onnx-fp32,1,1,0,53,1,1.6643000417388976,600.8531964916481
http,onnx-fp32,1,1,0,54,1,1.6390999662689865,610.0909160996797
http,onnx-fp32,1,1,0,55,1,1.6466999659314752,607.2751689372498
http,onnx-fp32,1,1,0,56,1,1.624499971512705,615.5740335709689
http,onnx-fp32,1,1,0,57,1,1.6143000102601945,619.4635406332054
http,onnx-fp32,1,1,0,58,1,2.048299997113645,488.209735590073
http,onnx-fp32,1,1,0,59,1,2.2687000455334783,440.7810551988828
http,onnx-fp32,1,1,0,60,1,1.7879000515677035,559.3153818207899
http,onnx-fp32,1,1,0,61,1,2.2948999539949,435.74884310718073
http,onnx-fp32,1,1,0,62,1,1.8209000118076801,549.1789738675767
http,onnx-fp32,1,1,0,63,1,1.7971000052057207,556.4520600429948
http,onnx-fp32,1,1,0,64,1,1.6458999598398805,607.5703410900404
http,onnx-fp32,1,1,0,65,1,2.47859995579347,403.453569690665
http,onnx-fp32,1,1,0,66,1,2.828500000759959,353.544281326258
http,onnx-fp32,1,1,0,67,1,2.1099000005051494,473.956111550586
http,onnx-fp32,1,1,0,68,1,2.5958999758586287,385.22285500204475
http,onnx-fp32,1,1,0,69,1,2.0893000182695687,478.6292017688465
http,onnx-fp32,1,1,1,0,1,1.5774000203236938,633.9546006819455
http,onnx-fp32,1,1,1,1,1,1.651099999435246,605.6568350445443
http,onnx-fp32,1,1,1,2,1,1.4799999771639705,675.6756861011824
http,onnx-fp32,1,1,1,3,1,2.0933999912813306,477.69179524450027
http,onnx-fp32,1,1,1,4,1,1.844200014602393,542.240533609148
http,onnx-fp32,1,1,1,5,1,1.659100002143532,602.7364225833375
http,onnx-fp32,1,1,1,6,1,1.4811999863013625,675.1282806159448
http,onnx-fp32,1,1,1,7,1,2.265599963720888,441.384187858857
http,onnx-fp32,1,1,1,8,1,1.6374000115320086,610.7243147411274
http,onnx-fp32,1,1,1,9,1,1.5382000128738582,650.1105133471391
http,onnx-fp32,1,1,1,10,1,1.4801000361330807,675.6300085044297
http,onnx-fp32,1,1,1,11,1,1.4522999990731478,688.5629695229609
http,onnx-fp32,1,1,1,12,1,2.0579000120051205,485.93225820803957
http,onnx-fp32,1,1,1,13,1,1.6890999977476895,592.0312600399255
http,onnx-fp32,1,1,1,14,1,1.7090000328607857,585.1374960631492
http,onnx-fp32,1,1,1,15,1,1.5106999780982733,661.9448034008964
http,onnx-fp32,1,1,1,16,1,1.4605000033043325,684.6970200188521
http,onnx-fp32,1,1,1,17,1,1.6824000049382448,594.3889663960781
http,onnx-fp32,1,1,1,18,1,1.685699971858412,593.2253762201484
http,onnx-fp32,1,1,1,19,1,1.4899999951012433,671.1409418038633
http,onnx-fp32,1,1,1,20,1,1.4319999609142542,698.3240414067849
http,onnx-fp32,1,1,1,21,1,1.3967999839223921,715.922115915174
http,onnx-fp32,1,1,1,22,1,1.4717000303789973,679.486294324854
http,onnx-fp32,1,1,1,23,1,1.4566999743692577,686.4831589174662
http,onnx-fp32,1,1,1,24,1,1.4800999779254198,675.6300350748256
http,onnx-fp32,1,1,1,25,1,2.3154999944381416,431.87216687627375
http,onnx-fp32,1,1,1,26,1,3.490299975965172,286.5083250397325
http,onnx-fp32,1,1,1,27,1,1.7596000107005239,568.3109763121021
http,onnx-fp32,1,1,1,28,1,2.1041000145487487,475.2625792906821
http,onnx-fp32,1,1,1,29,1,1.804900006391108,554.0473136788873
http,onnx-fp32,1,1,1,30,1,1.775899960193783,563.0947814711825
http,onnx-fp32,1,1,1,31,1,1.6155000193975866,619.0033970862445
http,onnx-fp32,1,1,1,32,1,2.292799996212125,436.14794210226535
http,onnx-fp32,1,1,1,33,1,2.597099984996021,385.0448599504082
http,onnx-fp32,1,1,1,34,1,3.109999990556389,321.5434093365051
http,onnx-fp32,1,1,1,35,1,2.6778000174090266,373.4408818801844
http,onnx-fp32,1,1,1,36,1,1.9628999871201813,509.4503064657535
http,onnx-fp32,1,1,1,37,1,1.6618000227026641,601.7571226011013
http,onnx-fp32,1,1,1,38,1,1.5746999997645617,635.0415953194342
http,onnx-fp32,1,1,1,39,1,1.5578999882563949,641.8897281841579
http,onnx-fp32,1,1,1,40,1,2.009499992709607,497.6362297227986
http,onnx-fp32,1,1,1,41,1,2.151200023945421,464.8568189237671
http,onnx-fp32,1,1,1,42,1,1.6422999906353652,608.9021528966366
http,onnx-fp32,1,1,1,43,1,1.7100999830290675,584.76113088354
http,onnx-fp32,1,1,1,44,1,2.132800000254065,468.86721674834837
http,onnx-fp32,1,1,1,45,1,2.4405000149272382,409.7520974732771
http,onnx-fp32,1,1,1,46,1,1.6586999990977347,602.8817752118885
http,onnx-fp32,1,1,1,47,1,1.501200022175908,666.1337498187312
http,onnx-fp32,1,1,1,48,1,1.7596000107005239,568.3109763121021
http,onnx-fp32,1,1,1,49,1,1.670599973294884,598.5873434606395
http,onnx-fp32,1,1,1,50,1,1.4835000038146973,674.0815621358834
http,onnx-fp32,1,1,1,51,1,1.4217999996617436,703.333802389863
http,onnx-fp32,1,1,1,52,1,1.3638000236824155,733.2453311592458
http,onnx-fp32,1,1,1,53,1,1.630100014153868,613.4592916490878
http,onnx-fp32,1,1,1,54,1,1.471900031901896,679.3939658441772
http,onnx-fp32,1,1,1,55,1,1.3640999677591026,733.0841020711747
http,onnx-fp32,1,1,1,56,1,1.346500008367002,742.6661669410403
http,onnx-fp32,1,1,1,57,1,1.3349999790079892,749.0636821905265
http,onnx-fp32,1,1,1,58,1,1.641899987589568,609.0504948892014
http,onnx-fp32,1,1,1,59,1,1.5434999950230122,647.8782009876786
http,onnx-fp32,1,1,1,60,1,1.6702000284567475,598.7306807340871
http,onnx-fp32,1,1,1,61,1,1.6574999899603426,603.3182540314381
http,onnx-fp32,1,1,1,62,1,1.6300000133924186,613.4969274747192
http,onnx-fp32,1,1,1,63,1,1.5842000138945878,631.2334245860824
http,onnx-fp32,1,1,1,64,1,1.4418999780900776,693.5293815071607
http,onnx-fp32,1,1,1,65,1,1.380499976221472,724.375238844315
http,onnx-fp32,1,1,1,66,1,1.449700037483126,689.7978713831961
http,onnx-fp32,1,1,1,67,1,1.580099982675165,632.8713441961849
http,onnx-fp32,1,1,1,68,1,1.5333000337705016,652.1880766811984
http,onnx-fp32,1,1,1,69,1,1.4195999829098582,704.4237898272065
http,onnx-fp32,1,1,2,0,1,1.4770000125281513,677.0480646701689
http,onnx-fp32,1,1,2,1,1,1.442899985704571,693.0487281914401
http,onnx-fp32,1,1,2,2,1,1.4913000050000846,670.5558885852369
http,onnx-fp32,1,1,2,3,1,1.5214000013656914,657.2893381769065
http,onnx-fp32,1,1,2,4,1,1.6201999969780445,617.2077532805669
http,onnx-fp32,1,1,2,5,1,1.4529000036418438,688.2786134581849
http,onnx-fp32,1,1,2,6,1,1.4925000141374767,670.0167440721299
http,onnx-fp32,1,1,2,7,1,1.455900026485324,686.8603487933794
http,onnx-fp32,1,1,2,8,1,1.4016999630257487,713.4194380952769
http,onnx-fp32,1,1,2,9,1,1.3531000004149973,739.0436772546736
http,onnx-fp32,1,1,2,10,1,1.3500999775715172,740.6858874249764
http,onnx-fp32,1,1,2,11,1,1.3664999860338867,731.7965680353851
http,onnx-fp32,1,1,2,12,1,1.4347999822348356,696.9612575840754
http,onnx-fp32,1,1,2,13,1,1.3568999711424112,736.9740004917774
http,onnx-fp32,1,1,2,14,1,1.342100033070892,745.1009428200932
http,onnx-fp32,1,1,2,15,1,1.7799999914132059,561.7977555191245
http,onnx-fp32,1,1,2,16,1,1.7601000145077705,568.1495322751076
http,onnx-fp32,1,1,2,17,1,2.9024999821558595,344.53057920683966
http,onnx-fp32,1,1,2,18,1,1.533400034531951,652.1455442025186
http,onnx-fp32,1,1,2,19,1,1.4306000084616244,699.0074053440948
http,onnx-fp32,1,1,2,20,1,1.6061000060290098,622.6262351324203
http,onnx-fp32,1,1,2,21,1,1.4621000154875219,683.9477391473528
http,onnx-fp32,1,1,2,22,1,1.3824999914504588,723.3273100789271
http,onnx-fp32,1,1,2,23,1,2.0520000252872705,487.3294286923825
http,onnx-fp32,1,1,2,24,1,1.9088000408373773,523.8893433600865
http,onnx-fp32,1,1,2,25,1,1.6317999688908458,612.8202102367437
http,onnx-fp32,1,1,2,26,1,1.490800001192838,670.780788301494
http,onnx-fp32,1,1,2,27,1,1.4613000093959272,684.3221744817346
http,onnx-fp32,1,1,2,28,1,1.4946000301279128,669.07532439593
http,onnx-fp32,1,1,2,29,1,1.5362999984063208,650.9145355967903
http,onnx-fp32,1,1,2,30,1,1.5221000066958368,656.9870544648328
http,onnx-fp32,1,1,2,31,1,1.4462999533861876,691.4195064853068
http,onnx-fp32,1,1,2,32,1,1.4361999928951263,696.281858339364
http,onnx-fp32,1,1,2,33,1,1.4910000027157366,670.6908103142725
http,onnx-fp32,1,1,2,34,1,1.7533000209368765,570.3530417262241
http,onnx-fp32,1,1,2,35,1,1.6932999715209007,590.5628162869527
http,onnx-fp32,1,1,2,36,1,1.5585000510327518,641.6425840585263
http,onnx-fp32,1,1,2,37,1,1.5347999869845808,651.5506961690159
http,onnx-fp32,1,1,2,38,1,2.739999967161566,364.9635080236606
http,onnx-fp32,1,1,2,39,1,2.0472999894991517,488.4482025736924
http,onnx-fp32,1,1,2,40,1,1.7162999720312655,582.6487305808703
http,onnx-fp32,1,1,2,41,1,1.6101000364869833,621.0794219853956
http,onnx-fp32,1,1,2,42,1,2.376299991738051,420.82228821142627
http,onnx-fp32,1,1,2,43,1,3.59879998723045,277.8704022308214
http,onnx-fp32,1,1,2,44,1,2.0420000073499978,489.7159629777614
http,onnx-fp32,1,1,2,45,1,1.608799968380481,621.5813150510332
http,onnx-fp32,1,1,2,46,1,1.452099997550249,688.6578070980236
http,onnx-fp32,1,1,2,47,1,2.0229999790899456,494.3153783174303
http,onnx-fp32,1,1,2,48,1,1.5719000366516411,636.1727696947795
http,onnx-fp32,1,1,2,49,1,1.686899980995804,592.8033738015007
http,onnx-fp32,1,1,2,50,1,1.4742999919690192,678.2880047801112
http,onnx-fp32,1,1,2,51,1,1.531599962618202,652.9120033997289
http,onnx-fp32,1,1,2,52,1,2.2696999949403107,440.5868626819547
http,onnx-fp32,1,1,2,53,1,1.733899989631027,576.734532545213
http,onnx-fp32,1,1,2,54,1,1.5850000199861825,630.9148185428526
http,onnx-fp32,1,1,2,55,1,1.444699999410659,692.1852290495833
http,onnx-fp32,1,1,2,56,1,1.3570000301115215,736.9196594032629
http,onnx-fp32,1,1,2,57,1,1.3376999995671213,747.5517682018384
http,onnx-fp32,1,1,2,58,1,1.680699991993606,594.9901854963562
http,onnx-fp32,1,1,2,59,1,1.700200024060905,588.1660897824912
http,onnx-fp32,1,1,2,60,1,1.573599991388619,635.4855144079868
http,onnx-fp32,1,1,2,61,1,1.4758000033907592,677.5985890380989
http,onnx-fp32,1,1,2,62,1,1.471900031901896,679.3939658441772
http,onnx-fp32,1,1,2,63,1,1.9764999742619693,505.94485859955694
http,onnx-fp32,1,1,2,64,1,1.486700028181076,672.6306457553942
http,onnx-fp32,1,1,2,65,1,1.5042999875731766,664.7610239053831
http,onnx-fp32,1,1,2,66,1,1.3957000337541103,716.4863336072517
http,onnx-fp32,1,1,2,67,1,1.5434999950230122,647.8782009876786
http,onnx-fp32,1,1,2,68,1,1.5662999940104783,638.4472986171193
http,onnx-fp32,1,1,2,69,1,1.401500019710511,713.5212172216427
http,onnx-fp32,1,4,0,0,1,4.72630001604557,211.5819978852477
http,onnx-fp32,1,4,0,1,1,7.034699956420809,142.15247362288224
http,onnx-fp32,1,4,0,2,1,6.629499956034124,150.84093923099087
http,onnx-fp32,1,4,0,3,1,4.9304000567644835,202.8232980056061
http,onnx-fp32,1,4,0,4,1,8.788200037088245,113.78894378595933
http,onnx-fp32,1,4,0,5,1,3.146700037177652,317.7932399609729
http,onnx-fp32,1,4,0,6,1,4.891199991106987,204.4488063906947
http,onnx-fp32,1,4,0,7,1,4.815599997527897,207.6584434989104
http,onnx-fp32,1,4,0,8,1,7.631500018760562,131.03583797964936
http,onnx-fp32,1,4,0,9,1,7.455600018147379,134.12736702155962
http,onnx-fp32,1,4,0,10,1,4.329100018367171,230.99489403277292
http,onnx-fp32,1,4,0,11,1,4.39750001532957,227.4019321237126
http,onnx-fp32,1,4,0,12,1,6.40060001751408,156.2353525081526
http,onnx-fp32,1,4,0,13,1,5.101100017782301,196.03614838251087
http,onnx-fp32,1,4,0,14,1,4.5332000008784235,220.59472333147102
http,onnx-fp32,1,4,0,15,1,6.850500009022653,145.97474617661783
http,onnx-fp32,1,4,0,16,1,6.546899967361242,152.74404756226247
http,onnx-fp32,1,4,0,17,1,8.159400022123009,122.55803089548834
http,onnx-fp32,1,4,0,18,1,5.939299997407943,168.3700100073114
http,onnx-fp32,1,4,0,19,1,6.659300008323044,150.16593316867574
http,onnx-fp32,1,4,0,20,1,7.171300007030368,139.44473094413178
http,onnx-fp32,1,4,0,21,1,3.0521999578922987,327.63253187728617
http,onnx-fp32,1,4,0,22,1,7.903799996711314,126.52142012906315
http,onnx-fp32,1,4,0,23,1,5.007100000511855,199.71640268773825
http,onnx-fp32,1,4,0,24,1,4.45659999968484,224.38630347590484
http,onnx-fp32,1,4,0,25,1,5.90119999833405,169.45705962894107
http,onnx-fp32,1,4,0,26,1,6.67470000917092,149.81946733576305
http,onnx-fp32,1,4,0,27,1,6.183899997267872,161.71024764983474
http,onnx-fp32,1,4,0,28,1,6.41979998908937,155.76809272867192
http,onnx-fp32,1,4,0,29,1,5.063400021754205,197.49575299277893
http,onnx-fp32,1,4,0,30,1,6.953399977646768,143.81453723570047
http,onnx-fp32,1,4,0,31,1,5.108800018206239,195.74068204594002
http,onnx-fp32,1,4,0,32,1,6.437900010496378,155.33015398959225
http,onnx-fp32,1,4,0,33,1,8.10129998717457,123.43697944566085
http,onnx-fp32,1,4,0,34,1,6.443899997975677,155.18552434304468
http,onnx-fp32,1,4,0,35,1,4.124000028241426,242.48302452762698
http,onnx-fp32,1,4,0,36,1,4.582300025504082,218.23101814246516
http,onnx-fp32,1,4,0,37,1,4.16190002579242,240.2748729673297
http,onnx-fp32,1,4,0,38,1,5.218699981924146,191.61860299761815
http,onnx-fp32,1,4,0,39,1,4.948000016156584,202.1018586771876
http,onnx-fp32,1,4,0,40,1,4.255299980286509,235.00105859344612
http,onnx-fp32,1,4,0,41,1,3.557700023520738,281.0804714812322
http,onnx-fp32,1,4,0,42,1,5.098399997223169,196.13996558619323
http,onnx-fp32,1,4,0,43,1,4.777599999215454,209.31011389907349
http,onnx-fp32,1,4,0,44,1,5.852300033438951,170.87298913011747
http,onnx-fp32,1,4,0,45,1,6.844699964858592,146.09844187971788
http,onnx-fp32,1,4,0,46,1,5.505400011315942,181.63984414294586
http,onnx-fp32,1,4,0,47,1,3.830700006801635,261.0488939944242
http,onnx-fp32,1,4,0,48,1,3.805799991823733,262.7568453803064
http,onnx-fp32,1,4,0,49,1,6.558399996720254,152.47621378691193
http,onnx-fp32,1,4,0,50,1,2.6018000207841396,384.349293570463
http,onnx-fp32,1,4,0,51,1,6.431299960240722,155.48955983738165
http,onnx-fp32,1,4,0,52,1,3.5866000107489526,278.8155905322658
http,onnx-fp32,1,4,0,53,1,3.6422000266611576,274.5593302619105
http,onnx-fp32,1,4,0,54,1,4.301999986637384,232.45002396702475
http,onnx-fp32,1,4,0,55,1,5.184400011785328,192.88635092330279
http,onnx-fp32,1,4,0,56,1,3.706799994688481,269.7744689308601
http,onnx-fp32,1,4,0,57,1,3.229099966119975,309.68381607633563
http,onnx-fp32,1,4,0,58,1,4.253200022503734,235.11708706597096
http,onnx-fp32,1,4,0,59,1,3.397500026039779,294.33406691261393
http,onnx-fp32,1,4,0,60,1,6.137399992439896,162.93544517740557
http,onnx-fp32,1,4,0,61,1,6.232400017324835,160.45183191390132
http,onnx-fp32,1,4,0,62,1,3.5937000066041946,278.26474056328726
http,onnx-fp32,1,4,0,63,1,5.314200010616332,188.17507771673456
http,onnx-fp32,1,4,0,64,1,3.9245999651029706,254.8030395178793
http,onnx-fp32,1,4,0,65,1,5.322499957401305,187.88163607393375
http,onnx-fp32,1,4,0,66,1,4.732599947601557,211.3003446460316
http,onnx-fp32,1,4,0,67,1,3.3320999937132,300.11104165143246
http,onnx-fp32,1,4,0,68,1,4.911100026220083,203.62036909471544
http,onnx-fp32,1,4,0,69,1,4.106099950149655,243.54010183399285
http,onnx-fp32,1,4,1,0,1,3.0394999776035547,329.00148293089774
http,onnx-fp32,1,4,1,1,1,6.764600053429604,147.8283996247505
http,onnx-fp32,1,4,1,2,1,4.950699978508055,201.9916384230903
http,onnx-fp32,1,4,1,3,1,5.506300018168986,181.61015504064937
http,onnx-fp32,1,4,1,4,1,7.6271999860182405,131.10971284785302
http,onnx-fp32,1,4,1,5,1,3.8432999863289297,260.19306417847105
http,onnx-fp32,1,4,1,6,1,5.646799982059747,177.09145058742394
http,onnx-fp32,1,4,1,7,1,5.220600054599345,191.54886211193303
http,onnx-fp32,1,4,1,8,1,8.386400004383177,119.24067531686386
http,onnx-fp32,1,4,1,9,1,7.120099966414273,140.44746628797773
http,onnx-fp32,1,4,1,10,1,5.310900043696165,188.29200168942396
http,onnx-fp32,1,4,1,11,1,3.6997999995946884,270.28488029340764
http,onnx-fp32,1,4,1,12,1,5.546700034756213,180.28737695096066
http,onnx-fp32,1,4,1,13,1,2.2197000216692686,450.5113259619539
http,onnx-fp32,1,4,1,14,1,6.4295000047422945,155.53308955010752
http,onnx-fp32,1,4,1,15,1,5.157900042831898,193.8773515763906
http,onnx-fp32,1,4,1,16,1,4.010600037872791,249.33924863033627
http,onnx-fp32,1,4,1,17,1,5.289799999445677,189.04306402979148
http,onnx-fp32,1,4,1,18,1,7.145800045691431,139.94234285955864
http,onnx-fp32,1,4,1,19,1,1.989700016565621,502.5883257145863
http,onnx-fp32,1,4,1,20,1,3.9618000155314803,252.41051948096597
http,onnx-fp32,1,4,1,21,1,3.3030000049620867,302.75507069261374
http,onnx-fp32,1,4,1,22,1,5.7345000095665455,174.3831194230981
http,onnx-fp32,1,4,1,23,1,3.4539999905973673,289.5193985877952
http,onnx-fp32,1,4,1,24,1,3.716200008057058,269.092082727493
http,onnx-fp32,1,4,1,25,1,3.358999965712428,297.70765412553516
http,onnx-fp32,1,4,1,26,1,4.093000025022775,244.31956850389602
http,onnx-fp32,1,4,1,27,1,5.158799991477281,193.84352982322903
http,onnx-fp32,1,4,1,28,1,4.183399956673384,239.04001777424943
http,onnx-fp32,1,4,1,29,1,4.061099956743419,246.2387064222611
http,onnx-fp32,1,4,1,30,1,4.580200009513646,218.33107679203425
http,onnx-fp32,1,4,1,31,1,4.242599999997765,235.70452081283338
http,onnx-fp32,1,4,1,32,1,5.7981000281870365,172.47029115375273
http,onnx-fp32,1,4,1,33,1,2.65510001918301,376.6336457289869
http,onnx-fp32,1,4,1,34,1,6.427299987990409,155.5863273642942
http,onnx-fp32,1,4,1,35,1,7.038199983071536,142.08178261561568
http,onnx-fp32,1,4,1,36,1,6.575200008228421,152.08662835329224
http,onnx-fp32,1,4,1,37,1,7.623799960128963,131.16818453131137
http,onnx-fp32,1,4,1,38,1,4.557300009764731,219.42816971832949
http,onnx-fp32,1,4,1,39,1,5.2424000459723175,190.75232550562214
http,onnx-fp32,1,4,1,40,1,7.218900020234287,138.52525969289508
http,onnx-fp32,1,4,1,41,1,5.684200034011155,175.92625066263415
http,onnx-fp32,1,4,1,42,1,4.600600048433989,217.36295037000505
http,onnx-fp32,1,4,1,43,1,4.130799963604659,242.0838599812929
http,onnx-fp32,1,4,1,44,1,6.283800001256168,159.1393742321675
http,onnx-fp32,1,4,1,45,1,6.332499964628369,157.91551608144167
http,onnx-fp32,1,4,1,46,1,4.3110999977216125,231.95936084259083
http,onnx-fp32,1,4,1,47,1,3.784200001973659,264.2566459168246
http,onnx-fp32,1,4,1,48,1,4.930499999318272,202.81918672310465
http,onnx-fp32,1,4,1,49,1,5.548199987970293,180.23863634479977
http,onnx-fp32,1,4,1,50,1,5.190199997741729,192.67080275039552
http,onnx-fp32,1,4,1,51,1,5.0617000088095665,197.5620835410166
http,onnx-fp32,1,4,1,52,1,3.540000005159527,282.4858752944934
http,onnx-fp32,1,4,1,53,1,5.146700015757233,194.29925912495023
http,onnx-fp32,1,4,1,54,1,4.449000000022352,224.76961114744347
http,onnx-fp32,1,4,1,55,1,6.03899999987334,165.59032952822878
http,onnx-fp32,1,4,1,56,1,4.641200008336455,215.4615181857741
http,onnx-fp32,1,4,1,57,1,5.765100009739399,173.45752863100864
http,onnx-fp32,1,4,1,58,1,5.992300051730126,166.88082895836885
http,onnx-fp32,1,4,1,59,1,5.320199998095632,187.96285860643405
http,onnx-fp32,1,4,1,60,1,6.368500005919486,157.02284667826103
http,onnx-fp32,1,4,1,61,1,6.659200007561594,150.16818820045788
http,onnx-fp32,1,4,1,62,1,6.282399990595877,159.1748378799344
http,onnx-fp32,1,4,1,63,1,7.526300032623112,132.8674110340342
http,onnx-fp32,1,4,1,64,1,7.94419995509088,125.87799975492436
http,onnx-fp32,1,4,1,65,1,5.377299967221916,185.96693621253044
http,onnx-fp32,1,4,1,66,1,5.488900002092123,182.18586595107303
http,onnx-fp32,1,4,1,67,1,4.892500001005828,204.39448130698298
http,onnx-fp32,1,4,1,68,1,7.780499989166856,128.5264444948712
http,onnx-fp32,1,4,1,69,1,2.455199952237308,407.29880231903195
http,onnx-fp32,1,4,2,0,1,3.458400024101138,289.15105049477523
http,onnx-fp32,1,4,2,1,1,6.376100005581975,156.83568311735186
http,onnx-fp32,1,4,2,2,1,4.80779999634251,207.9953410625943
http,onnx-fp32,1,4,2,3,1,6.785299978218973,147.37741930497276
http,onnx-fp32,1,4,2,4,1,8.715499949175864,114.73811093241527
http,onnx-fp32,1,4,2,5,1,6.258599983993918,159.78014293251752
http,onnx-fp32,1,4,2,6,1,7.42139999056235,134.7454659864285
http,onnx-fp32,1,4,2,7,1,6.646099966019392,150.4641827707775
http,onnx-fp32,1,4,2,8,1,6.754699978046119,148.04506539893165
http,onnx-fp32,1,4,2,9,1,4.539799992926419,220.2740212251919
http,onnx-fp32,1,4,2,10,1,6.325200025457889,158.09776702320315
http,onnx-fp32,1,4,2,11,1,5.281599995214492,189.336564848923
http,onnx-fp32,1,4,2,12,1,6.730399967636913,148.57957993707564
http,onnx-fp32,1,4,2,13,1,4.008700023405254,249.45742863306947
http,onnx-fp32,1,4,2,14,1,4.137900017667562,241.66847814841037
http,onnx-fp32,1,4,2,15,1,4.72790002822876,211.51039447309034
http,onnx-fp32,1,4,2,16,1,5.187999980989844,192.75250648886956
http,onnx-fp32,1,4,2,17,1,5.538599973078817,180.55104265710605
http,onnx-fp32,1,4,2,18,1,5.1176000270061195,195.40409463867704
http,onnx-fp32,1,4,2,19,1,6.636900012381375,150.67275356483663
http,onnx-fp32,1,4,2,20,1,8.095800003502518,123.52083791192545
http,onnx-fp32,1,4,2,21,1,4.32040001032874,231.46004944202141
http,onnx-fp32,1,4,2,22,1,3.935400047339499,254.10377292545985
http,onnx-fp32,1,4,2,23,1,7.878999982494861,126.91966013729487
http,onnx-fp32,1,4,2,24,1,5.0752999959513545,197.03268788006926
http,onnx-fp32,1,4,2,25,1,3.012599947396666,331.93919453664887
http,onnx-fp32,1,4,2,26,1,3.5668000346049666,280.3633481826948
http,onnx-fp32,1,4,2,27,1,4.6322999987751245,215.87548307847518
http,onnx-fp32,1,4,2,28,1,5.558900011237711,179.8917048298097
http,onnx-fp32,1,4,2,29,1,3.7713999627158046,265.1535265116498
http,onnx-fp32,1,4,2,30,1,4.031800024677068,248.02817448271043
http,onnx-fp32,1,4,2,31,1,5.170300020836294,193.41237374427072
http,onnx-fp32,1,4,2,32,1,6.2553000170737505,159.864434522807
http,onnx-fp32,1,4,2,33,1,4.668099980335683,214.2199190703902
http,onnx-fp32,1,4,2,34,1,3.9354999898932874,254.0973199258261
http,onnx-fp32,1,4,2,35,1,3.3164999913424253,301.5226903695025
http,onnx-fp32,1,4,2,36,1,4.492800042498857,222.5783454729066
http,onnx-fp32,1,4,2,37,1,4.55740001052618,219.42335491515124
http,onnx-fp32,1,4,2,38,1,3.2375999726355076,308.87077108107604
http,onnx-fp32,1,4,2,39,1,4.8774000024423,205.02726852406238
http,onnx-fp32,1,4,2,40,1,3.9437999948859215,253.5625542108471
http,onnx-fp32,1,4,2,41,1,4.893199948128313,204.36524372614446
http,onnx-fp32,1,4,2,42,1,2.886400034185499,346.45232405638666
http,onnx-fp32,1,4,2,43,1,3.5948000149801373,278.179591585855
http,onnx-fp32,1,4,2,44,1,4.060500010382384,246.27508864501354
http,onnx-fp32,1,4,2,45,1,5.150799988768995,194.14459932057915
http,onnx-fp32,1,4,2,46,1,5.015400005504489,199.3858912354912
http,onnx-fp32,1,4,2,47,1,4.313099954742938,231.85180276203457
http,onnx-fp32,1,4,2,48,1,3.7780999555252492,264.6833095396427
http,onnx-fp32,1,4,2,49,1,3.254299983382225,307.2857465834144
http,onnx-fp32,1,4,2,50,1,3.3078999840654433,302.30660080931153
http,onnx-fp32,1,4,2,51,1,5.437999963760376,183.89113767270058
http,onnx-fp32,1,4,2,52,1,6.509000028017908,153.6334299731929
http,onnx-fp32,1,4,2,53,1,3.6164000048302114,276.51808391338324
http,onnx-fp32,1,4,2,54,1,4.822799994144589,207.34842855065736
http,onnx-fp32,1,4,2,55,1,4.214900021906942,237.25355163882895
http,onnx-fp32,1,4,2,56,1,4.400099976919591,227.26756329297703
http,onnx-fp32,1,4,2,57,1,4.812900035176426,207.77493666837464
http,onnx-fp32,1,4,2,58,1,5.66109997453168,176.64411589599703
http,onnx-fp32,1,4,2,59,1,5.008400010410696,199.66456311823194
http,onnx-fp32,1,4,2,60,1,4.88490000134334,204.71248126369048
http,onnx-fp32,1,4,2,61,1,4.280699999071658,233.60665316814234
http,onnx-fp32,1,4,2,62,1,3.574000031221658,279.79854260330876
http,onnx-fp32,1,4,2,63,1,4.577899992000312,218.4407701669888
http,onnx-fp32,1,4,2,64,1,5.427399999462068,184.25028560620447
http,onnx-fp32,1,4,2,65,1,5.073499982245266,197.10259258884477
http,onnx-fp32,1,4,2,66,1,4.467400023713708,223.84384534445817
http,onnx-fp32,1,4,2,67,1,5.478599981870502,182.52838376759536
http,onnx-fp32,1,4,2,68,1,5.0944999675266445,196.29011804381173
http,onnx-fp32,1,4,2,69,1,2.620000042952597,381.67938305567907
http,onnx-fp32,8,1,0,0,8,4.782699979841709,1672.6953465027452
http,onnx-fp32,8,1,0,1,8,4.024499969091266,1987.824589748078
http,onnx-fp32,8,1,0,2,8,4.67610004125163,1710.8273838082125
http,onnx-fp32,8,1,0,3,8,5.923999997321516,1350.438893250697
http,onnx-fp32,8,1,0,4,8,4.245200019795448,1884.4812877357604
http,onnx-fp32,8,1,0,5,8,4.119699995499104,1941.8889746195694
http,onnx-fp32,8,1,0,6,8,3.0778999789617956,2599.1747797790604
http,onnx-fp32,8,1,0,7,8,2.9584000003524125,2704.164412874195
http,onnx-fp32,8,1,0,8,8,3.9686999516561627,2015.7734516214941
http,onnx-fp32,8,1,0,9,8,4.605199967045337,1737.1666935741646
http,onnx-fp32,8,1,0,10,8,4.319300001952797,1852.1519682316864
http,onnx-fp32,8,1,0,11,8,3.9276999887079,2036.815444916853
http,onnx-fp32,8,1,0,12,8,3.2535999780520797,2458.8148678282128
http,onnx-fp32,8,1,0,13,8,4.785099998116493,1671.8563881943853
http,onnx-fp32,8,1,0,14,8,5.059900053311139,1581.0588975497437
http,onnx-fp32,8,1,0,15,8,6.9293000269681215,1154.517767864694
http,onnx-fp32,8,1,0,16,8,5.568399967160076,1436.6784080131474
http,onnx-fp32,8,1,0,17,8,6.617399980314076,1208.934026022151
http,onnx-fp32,8,1,0,18,8,3.7604999961331487,2127.376680820702
http,onnx-fp32,8,1,0,19,8,3.247199987526983,2463.661009709684
http,onnx-fp32,8,1,0,20,8,3.4820999717339873,2297.464192567747
http,onnx-fp32,8,1,0,21,8,3.0562999891117215,2617.544098583434
http,onnx-fp32,8,1,0,22,8,3.5398000036366284,2260.01468777365
http,onnx-fp32,8,1,0,23,8,6.4356999937444925,1243.0660235523733
http,onnx-fp32,8,1,0,24,8,3.902899974491447,2049.757885748125
http,onnx-fp32,8,1,0,25,8,3.612399974372238,2214.5941913285055
http,onnx-fp32,8,1,0,26,8,2.778199966996908,2879.562340736614
http,onnx-fp32,8,1,0,27,8,2.859200001694262,2797.9854488176693
http,onnx-fp32,8,1,0,28,8,2.9051000019535422,2753.7778371210557
http,onnx-fp32,8,1,0,29,8,2.5775000103749335,3103.782722715213
http,onnx-fp32,8,1,0,30,8,2.570200012996793,3112.5982256424427
http,onnx-fp32,8,1,0,31,8,2.6079000090248883,3067.6022747479706
http,onnx-fp32,8,1,0,32,8,2.631099952850491,3040.5534352022355
http,onnx-fp32,8,1,0,33,8,3.113300015684217,2569.620646804841
http,onnx-fp32,8,1,0,34,8,2.702799974940717,2959.893471278973
http,onnx-fp32,8,1,0,35,8,2.6228000060655177,3050.1753780307713
http,onnx-fp32,8,1,0,36,8,2.642099978402257,3027.894502628851
http,onnx-fp32,8,1,0,37,8,2.6040999800898135,3072.078668701532
http,onnx-fp32,8,1,0,38,8,2.4119000299833715,3316.8870602216275
http,onnx-fp32,8,1,0,39,8,3.330899984575808,2401.753291015973
http,onnx-fp32,8,1,0,40,8,3.8878999766893685,2057.6661045720043
http,onnx-fp32,8,1,0,41,8,3.650899976491928,2191.2405301464955
http,onnx-fp32,8,1,0,42,8,3.5116999642923474,2278.0989496100365
http,onnx-fp32,8,1,0,43,8,3.597699978854507,2223.6428960224657
http,onnx-fp32,8,1,0,44,8,3.4388999920338392,2326.3252838209546
http,onnx-fp32,8,1,0,45,8,3.1565999961458147,2534.372429122455
http,onnx-fp32,8,1,0,46,8,2.9314999701455235,2728.9783665264267
http,onnx-fp32,8,1,0,47,8,3.0488999909721315,2623.89715100141
http,onnx-fp32,8,1,0,48,8,3.159399959258735,2532.126385757432
http,onnx-fp32,8,1,0,49,8,4.974200041033328,1608.2988086538837
http,onnx-fp32,8,1,0,50,8,3.415699990000576,2342.1260717919936
http,onnx-fp32,8,1,0,51,8,2.53800000064075,3152.088257675453
http,onnx-fp32,8,1,0,52,8,3.320800024084747,2409.058040827044
http,onnx-fp32,8,1,0,53,8,3.9299000054597855,2035.6752051924095
http,onnx-fp32,8,1,0,54,8,3.0650999979116023,2610.0290383513684
http,onnx-fp32,8,1,0,55,8,3.0644999933429062,2610.540061144921
http,onnx-fp32,8,1,0,56,8,2.9905999545007944,2675.048525952178
http,onnx-fp32,8,1,0,57,8,3.117599990218878,2566.076477129557
http,onnx-fp32,8,1,0,58,8,2.7908000047318637,2866.561554549169
http,onnx-fp32,8,1,0,59,8,3.572199959307909,2239.5162899979287
http,onnx-fp32,8,1,0,60,8,3.588699968531728,2229.219514071861
http,onnx-fp32,8,1,0,61,8,3.176199970766902,2518.733100444044
http,onnx-fp32,8,1,0,62,8,3.30700003542006,2419.1109508058494
http,onnx-fp32,8,1,0,63,8,3.8548000156879425,2075.3346392659205
http,onnx-fp32,8,1,0,64,8,2.6194999809376895,3054.017964579744
http,onnx-fp32,8,1,0,65,8,2.3999999975785613,3333.3333366964425
http,onnx-fp32,8,1,0,66,8,2.4449999909847975,3271.9836521462557
http,onnx-fp32,8,1,0,67,8,2.317999955266714,3451.251145118984
http,onnx-fp32,8,1,0,68,8,2.547800017055124,3139.963869396156
http,onnx-fp32,8,1,0,69,8,2.663100021891296,3004.0178492126306
http,onnx-fp32,8,1,1,0,8,3.982399997767061,2008.8388922472918
http,onnx-fp32,8,1,1,1,8,3.632800013292581,2202.1581068948567
http,onnx-fp32,8,1,1,2,8,3.207199973985553,2494.3876480700037
http,onnx-fp32,8,1,1,3,8,3.0263999942690134,2643.4047102660975
http,onnx-fp32,8,1,1,4,8,3.061199968215078,2613.354267302124
http,onnx-fp32,8,1,1,5,8,2.9563000425696373,2706.08527037274
http,onnx-fp32,8,1,1,6,8,3.1413999968208373,2546.635260742398
http,onnx-fp32,8,1,1,7,8,3.1982000218704343,2501.407024355307
http,onnx-fp32,8,1,1,8,8,2.8824000037275255,2775.4648867799
http,onnx-fp32,8,1,1,9,8,3.14099999377504,2546.9595720645407
http,onnx-fp32,8,1,1,10,8,2.9561000410467386,2706.2683565902744
http,onnx-fp32,8,1,1,11,8,2.396599971689284,3338.0622942931377
http,onnx-fp32,8,1,1,12,8,2.5461000041104853,3142.060401038689
http,onnx-fp32,8,1,1,13,8,2.482099982444197,3223.0772557849036
http,onnx-fp32,8,1,1,14,8,3.3564000041224062,2383.5061346008283
http,onnx-fp32,8,1,1,15,8,2.594500023405999,3083.4457228093556
http,onnx-fp32,8,1,1,16,8,2.2361999726854265,3577.4975841685987
http,onnx-fp32,8,1,1,17,8,2.132299996446818,3751.81729275003
http,onnx-fp32,8,1,1,18,8,2.1844999864697456,3662.16527788969
http,onnx-fp32,8,1,1,19,8,2.24609998986125,3561.7292356135
http,onnx-fp32,8,1,1,20,8,2.19140003900975,3650.6342327232232
http,onnx-fp32,8,1,1,21,8,2.2370999795384705,3576.0583224583715
http,onnx-fp32,8,1,1,22,8,2.6095000212080777,3065.7213776516355
http,onnx-fp32,8,1,1,23,8,2.376299991738051,3366.57830569141
http,onnx-fp32,8,1,1,24,8,2.2576000192202628,3543.5860789738413
http,onnx-fp32,8,1,1,25,8,2.396599971689284,3338.0622942931377
http,onnx-fp32,8,1,1,26,8,2.4328000145033,3288.391956719609
http,onnx-fp32,8,1,1,27,8,2.2072999854572117,3624.337449693278
http,onnx-fp32,8,1,1,28,8,2.185799996368587,3659.9871961254116
http,onnx-fp32,8,1,1,29,8,2.452000044286251,3262.642681692409
http,onnx-fp32,8,1,1,30,8,3.046999976504594,2625.533331699367
http,onnx-fp32,8,1,1,31,8,2.88609997369349,2771.9067506043425
http,onnx-fp32,8,1,1,32,8,3.166700014844537,2526.289185113338
http,onnx-fp32,8,1,1,33,8,3.35129996528849,2387.133375961867
http,onnx-fp32,8,1,1,34,8,3.2482999959029257,2462.8267124620215
http,onnx-fp32,8,1,1,35,8,3.195500001311302,2503.52057478239
http,onnx-fp32,8,1,1,36,8,2.994599984958768,2671.475335664957
http,onnx-fp32,8,1,1,37,8,2.9427999979816377,2718.49939020216
http,onnx-fp32,8,1,1,38,8,2.84319999627769,2813.73101099943
http,onnx-fp32,8,1,1,39,8,2.9684000182896852,2695.0545582496634
http,onnx-fp32,8,1,1,40,8,2.847099967766553,2809.87674847108
http,onnx-fp32,8,1,1,41,8,3.028600011020899,2641.484504684827
http,onnx-fp32,8,1,1,42,8,2.8685000143013895,2788.914052680723
http,onnx-fp32,8,1,1,43,8,2.910699986387044,2748.4797599941367
http,onnx-fp32,8,1,1,44,8,2.9393999720923603,2721.643898739422
http,onnx-fp32,8,1,1,45,8,2.4080000002868474,3322.2591358168684
http,onnx-fp32,8,1,1,46,8,2.114000031724572,3784.2951182331394
http,onnx-fp32,8,1,1,47,8,2.0129999611526728,3974.167985288527
http,onnx-fp32,8,1,1,48,8,1.9928000401705503,4014.45194637558
http,onnx-fp32,8,1,1,49,8,2.0755999721586704,3854.307239983156
http,onnx-fp32,8,1,1,50,8,2.3434999748133123,3413.6974977511127
http,onnx-fp32,8,1,1,51,8,2.084100036881864,3838.5873319062157
http,onnx-fp32,8,1,1,52,8,2.1172999986447394,3778.3970174848687
http,onnx-fp32,8,1,1,53,8,2.365899970754981,3381.377107607438
http,onnx-fp32,8,1,1,54,8,2.186700003221631,3658.480810451239
http,onnx-fp32,8,1,1,55,8,2.054799988400191,3893.3229731174824
http,onnx-fp32,8,1,1,56,8,1.9955000025220215,4009.020290598429
http,onnx-fp32,8,1,1,57,8,2.0401999936439097,3921.184209843839
http,onnx-fp32,8,1,1,58,8,2.1839000401087105,3663.1713233549713
http,onnx-fp32,8,1,1,59,8,2.056199999060482,3890.6721153853505
http,onnx-fp32,8,1,1,60,8,2.176899986807257,3674.9506401225044
http,onnx-fp32,8,1,1,61,8,1.9596000202000141,4082.465767265837
http,onnx-fp32,8,1,1,62,8,1.9423000048846006,4118.8281830207325
http,onnx-fp32,8,1,1,63,8,1.8526000203564763,4318.255377359137
http,onnx-fp32,8,1,1,64,8,1.9305999740026891,4143.78955129358
http,onnx-fp32,8,1,1,65,8,1.904499949887395,4200.577689945861
http,onnx-fp32,8,1,1,66,8,2.1238999906927347,3766.6556970936786
http,onnx-fp32,8,1,1,67,8,1.962199981790036,4077.056403140888
http,onnx-fp32,8,1,1,68,8,3.0663000070489943,2609.007592736888
http,onnx-fp32,8,1,1,69,8,3.0175999854691327,2651.113480422514
http,onnx-fp32,8,1,2,0,8,3.647400008048862,2193.343198537611
http,onnx-fp32,8,1,2,1,8,4.4309000368230045,1805.5022531575937
http,onnx-fp32,8,1,2,2,8,4.100299964193255,1951.0767675198665
http,onnx-fp32,8,1,2,3,8,4.2286000098101795,1891.8791045358573
http,onnx-fp32,8,1,2,4,8,3.893999964930117,2054.4427509114194
http,onnx-fp32,8,1,2,5,8,3.993700025603175,2003.1549562342873
http,onnx-fp32,8,1,2,6,8,5.9070999850519,1354.30245302166
http,onnx-fp32,8,1,2,7,8,3.405099967494607,2349.417073321995
http,onnx-fp32,8,1,2,8,8,4.31439996464178,1854.2555316065213
http,onnx-fp32,8,1,2,9,8,4.0828000055626035,1959.4395976046867
http,onnx-fp32,8,1,2,10,8,3.1852999818511307,2511.537389125534
http,onnx-fp32,8,1,2,11,8,3.4713000059127808,2304.612101049559
http,onnx-fp32,8,1,2,12,8,4.0210000006482005,1989.554836784474
http,onnx-fp32,8,1,2,13,8,3.8021000218577683,2104.1003534912447
http,onnx-fp32,8,1,2,14,8,2.9623000300489366,2700.6042328088697
http,onnx-fp32,8,1,2,15,8,2.689999993890524,2973.977701921727
http,onnx-fp32,8,1,2,16,8,2.628199988976121,3043.9083911253624
http,onnx-fp32,8,1,2,17,8,2.4582999758422375,3254.281445965162
http,onnx-fp32,8,1,2,18,8,2.6903999969363213,2973.535537135726
http,onnx-fp32,8,1,2,19,8,2.52169999293983,3172.463029860066
http,onnx-fp32,8,1,2,20,8,2.7836000081151724,2873.976137619338
http,onnx-fp32,8,1,2,21,8,3.245099971536547,2465.2553296261067
http,onnx-fp32,8,1,2,22,8,2.956199983600527,2706.1768636695333
http,onnx-fp32,8,1,2,23,8,3.9191999821923673,2041.2329139491544
http,onnx-fp32,8,1,2,24,8,2.417599956970662,3309.066902046227
http,onnx-fp32,8,1,2,25,8,2.1365000284276903,3744.44179431508
http,onnx-fp32,8,1,2,26,8,2.2849999950267375,3501.09409952379
http,onnx-fp32,8,1,2,27,8,2.237799984868616,3574.9396970657726
http,onnx-fp32,8,1,2,28,8,2.3925999994389713,3343.6428997224275
http,onnx-fp32,8,1,2,29,8,3.028300008736551,2641.746186613034
http,onnx-fp32,8,1,2,30,8,3.9878999814391136,2006.0683661161029
http,onnx-fp32,8,1,2,31,8,3.9209999958984554,2040.2958450314625
http,onnx-fp32,8,1,2,32,8,4.148900043219328,1928.2219182587057
http,onnx-fp32,8,1,2,33,8,4.106500011403114,1948.1310064008867
http,onnx-fp32,8,1,2,34,8,4.024900030344725,1987.6270068041456
http,onnx-fp32,8,1,2,35,8,3.112299949862063,2570.4463351466366
http,onnx-fp32,8,1,2,36,8,3.519600024446845,2272.9855507536863
http,onnx-fp32,8,1,2,37,8,3.5280000302009284,2267.5736767338917
http,onnx-fp32,8,1,2,38,8,4.77219995809719,1676.3756905085395
http,onnx-fp32,8,1,2,39,8,4.160100012086332,1923.030690790513
http,onnx-fp32,8,1,2,40,8,4.808900004718453,1663.5821065421337
http,onnx-fp32,8,1,2,41,8,5.391400016378611,1483.8446369582457
http,onnx-fp32,8,1,2,42,8,3.860800003167242,2072.109405676836
http,onnx-fp32,8,1,2,43,8,3.792800009250641,2109.259644718413
http,onnx-fp32,8,1,2,44,8,3.5379999899305403,2261.164506152828
http,onnx-fp32,8,1,2,45,8,2.987199986819178,2678.0932094601867
http,onnx-fp32,8,1,2,46,8,2.8532000142149627,2803.8693257195787
http,onnx-fp32,8,1,2,47,8,2.7802999829873443,2877.3873499090028
http,onnx-fp32,8,1,2,48,8,3.2594999647699296,2454.3641928109905
http,onnx-fp32,8,1,2,49,8,3.5693999961949885,2241.2730454776906
http,onnx-fp32,8,1,2,50,8,3.4582000225782394,2313.3421860415265
http,onnx-fp32,8,1,2,51,8,4.0003000176511705,1999.8500024248947
http,onnx-fp32,8,1,2,52,8,4.377000033855438,1827.7358780263196
http,onnx-fp32,8,1,2,53,8,4.708799999207258,1698.9466533611167
http,onnx-fp32,8,1,2,54,8,4.146599967498332,1929.2914828305577
http,onnx-fp32,8,1,2,55,8,3.3470000489614904,2390.2001443000413
http,onnx-fp32,8,1,2,56,8,3.9237000164575875,2038.8918537209163
http,onnx-fp32,8,1,2,57,8,4.104199993889779,1949.2227503314123
http,onnx-fp32,8,1,2,58,8,3.427299961913377,2334.1989580432864
http,onnx-fp32,8,1,2,59,8,2.8128999983891845,2844.0399603900687
http,onnx-fp32,8,1,2,60,8,2.8022999758832157,2854.7978691962116
http,onnx-fp32,8,1,2,61,8,3.560999990440905,2246.5599610994327
http,onnx-fp32,8,1,2,62,8,4.691299982368946,1705.2842559772257
http,onnx-fp32,8,1,2,63,8,3.302800003439188,2422.1872325510603
http,onnx-fp32,8,1,2,64,8,3.008300031069666,2659.309216958465
http,onnx-fp32,8,1,2,65,8,2.865099988412112,2792.223668408075
http,onnx-fp32,8,1,2,66,8,3.04459995822981,2627.603005240582
http,onnx-fp32,8,1,2,67,8,3.566899977158755,2242.8439404607216
http,onnx-fp32,8,1,2,68,8,2.5618000072427094,3122.804269413083
http,onnx-fp32,8,1,2,69,8,3.153999976348132,2536.461655038699
http,onnx-fp32,8,4,0,0,8,4.568199976347387,1751.2368200650862
http,onnx-fp32,8,4,0,1,8,8.265300013590604,967.901949940792
http,onnx-fp32,8,4,0,2,8,7.917300041299313,1010.4454748802364
http,onnx-fp32,8,4,0,3,8,6.781800009775907,1179.6278257200254
http,onnx-fp32,8,4,0,4,8,10.470200038980693,764.0732717823819
http,onnx-fp32,8,4,0,5,8,10.374400008004159,771.1289321626081
http,onnx-fp32,8,4,0,6,8,8.633899968117476,926.5801120631132
http,onnx-fp32,8,4,0,7,8,10.8895999728702,734.6459025061339
http,onnx-fp32,8,4,0,8,8,10.797399969305843,740.9191122623861
http,onnx-fp32,8,4,0,9,8,8.050400007050484,993.7394406481237
http,onnx-fp32,8,4,0,10,8,8.777399954851717,911.4316359228899
http,onnx-fp32,8,4,0,11,8,9.088999999221414,880.1848388915502
http,onnx-fp32,8,4,0,12,8,9.276999975554645,862.3477439991805
http,onnx-fp32,8,4,0,13,8,8.498400042299181,941.3536618871212
http,onnx-fp32,8,4,0,14,8,10.095799982082099,792.408725826413
http,onnx-fp32,8,4,0,15,8,10.093100019730628,792.6206997217006
http,onnx-fp32,8,4,0,16,8,9.97710000956431,801.8362041405809
http,onnx-fp32,8,4,0,17,8,6.805999961216003,1175.4334477796074
http,onnx-fp32,8,4,0,18,8,7.35920004080981,1087.0746760023765
http,onnx-fp32,8,4,0,19,8,8.631399949081242,926.8484889118769
http,onnx-fp32,8,4,0,20,8,8.906400005798787,898.2304853578722
http,onnx-fp32,8,4,0,21,8,7.932799984700978,1008.4711596698041
http,onnx-fp32,8,4,0,22,8,5.600999982561916,1428.3163765233173
http,onnx-fp32,8,4,0,23,8,8.613400044851005,928.7853760818077
http,onnx-fp32,8,4,0,24,8,8.389599970541894,953.5615557464142
http,onnx-fp32,8,4,0,25,8,7.010700006503612,1141.1128692682107
http,onnx-fp32,8,4,0,26,8,9.834399970714003,813.4710835255137
http,onnx-fp32,8,4,0,27,8,8.404699969105422,951.8483740534407
http,onnx-fp32,8,4,0,28,8,8.011199999600649,998.6019573096156
http,onnx-fp32,8,4,0,29,8,10.802200005855411,740.5898794378498
http,onnx-fp32,8,4,0,30,8,11.968999984674156,668.3933503420246
http,onnx-fp32,8,4,0,31,8,6.770999985747039,1181.509380717768
http,onnx-fp32,8,4,0,32,8,8.177400042768568,978.3060579351935
http,onnx-fp32,8,4,0,33,8,7.195200014393777,1111.8523437842236
http,onnx-fp32,8,4,0,34,8,8.671299961861223,922.5836996974173
http,onnx-fp32,8,4,0,35,8,6.56800001161173,1218.0267944361453
http,onnx-fp32,8,4,0,36,8,9.027799998875707,886.1516649677988
http,onnx-fp32,8,4,0,37,8,7.228400034364313,1106.7456092589573
http,onnx-fp32,8,4,0,38,8,8.636599988676608,926.2904395814036
http,onnx-fp32,8,4,0,39,8,7.17840000288561,1114.4544740867211
http,onnx-fp32,8,4,0,40,8,10.225199977867305,782.3807864214094
http,onnx-fp32,8,4,0,41,8,8.791500004008412,909.9698568335854
http,onnx-fp32,8,4,0,42,8,10.561500035692006,757.4681601064661
http,onnx-fp32,8,4,0,43,8,6.602699984796345,1211.6255499146012
http,onnx-fp32,8,4,0,44,8,8.47770000109449,943.6521696883804
http,onnx-fp32,8,4,0,45,8,7.373999978881329,1084.8928699364653
http,onnx-fp32,8,4,0,46,8,11.048499960452318,724.0801944730681
http,onnx-fp32,8,4,0,47,8,25.844499992672354,309.5436167179952
http,onnx-fp32,8,4,0,48,8,27.592699974775314,289.9317575776723
http,onnx-fp32,8,4,0,49,8,29.000499984249473,275.85731295477314
http,onnx-fp32,8,4,0,50,8,27.57089998340234,290.16100326126434
http,onnx-fp32,8,4,0,51,8,8.270999998785555,967.2349173225309
http,onnx-fp32,8,4,0,52,8,9.826399968005717,814.133357694335
http,onnx-fp32,8,4,0,53,8,8.679999969899654,921.6589893712274
http,onnx-fp32,8,4,0,54,8,8.538199996110052,936.9656372121464
http,onnx-fp32,8,4,0,55,8,8.54010001057759,936.7571796690164
http,onnx-fp32,8,4,0,56,8,8.034099999349564,995.7555918706109
http,onnx-fp32,8,4,0,57,8,9.592899994459003,833.9501094164345
http,onnx-fp32,8,4,0,58,8,11.448599980212748,698.7753973260351
http,onnx-fp32,8,4,0,59,8,7.431500009261072,1076.4986866757006
http,onnx-fp32,8,4,0,60,8,7.901099976152182,1012.5172474903909
http,onnx-fp32,8,4,0,61,8,9.725100011564791,822.6136482387477
http,onnx-fp32,8,4,0,62,8,9.241199993994087,865.688439293517
http,onnx-fp32,8,4,0,63,8,6.105899985413998,1310.2081624511864
http,onnx-fp32,8,4,0,64,8,7.839799975045025,1020.4341979980242
http,onnx-fp32,8,4,0,65,8,7.583500002510846,1054.9218694997369
http,onnx-fp32,8,4,0,66,8,6.189500039909035,1292.5115030967143
http,onnx-fp32,8,4,0,67,8,7.107999990694225,1125.4924043997719
http,onnx-fp32,8,4,0,68,8,5.141599976923317,1555.935902424506
http,onnx-fp32,8,4,0,69,8,4.492200037930161,1780.8645947312052
http,onnx-fp32,8,4,1,0,8,7.743199996184558,1033.16458362718
http,onnx-fp32,8,4,1,1,8,8.121199964080006,985.0761014854859
http,onnx-fp32,8,4,1,2,8,11.62449998082593,688.2016442165793
http,onnx-fp32,8,4,1,3,8,8.110800001304597,986.339201892936
http,onnx-fp32,8,4,1,4,8,7.421699992846698,1077.9201541036
http,onnx-fp32,8,4,1,5,8,12.694899982307106,630.17432285009
http,onnx-fp32,8,4,1,6,8,9.341199998743832,856.4210166869148
http,onnx-fp32,8,4,1,7,8,8.799400005955249,909.1528961731218
http,onnx-fp32,8,4,1,8,8,10.605200019199401,754.3469227847651
http,onnx-fp32,8,4,1,9,8,11.867999972309917,674.0815654419763
http,onnx-fp32,8,4,1,10,8,8.78289999673143,910.8608777257184
http,onnx-fp32,8,4,1,11,8,11.84390002163127,675.4531856389441
http,onnx-fp32,8,4,1,12,8,10.542500007431954,758.8332932758251
http,onnx-fp32,8,4,1,13,8,10.505499958526343,761.505880879771
http,onnx-fp32,8,4,1,14,8,10.791400040034205,741.3310571678745
http,onnx-fp32,8,4,1,15,8,8.347999944817275,958.3133748062223
http,onnx-fp32,8,4,1,16,8,10.839099995791912,738.0686591235303
http,onnx-fp32,8,4,1,17,8,10.01999998698011,798.4031946502117
http,onnx-fp32,8,4,1,18,8,10.651399963535368,751.0749786307596
http,onnx-fp32,8,4,1,19,8,11.887900007423013,672.9531704510182
http,onnx-fp32,8,4,1,20,8,12.003200012259185,666.4889356029549
http,onnx-fp32,8,4,1,21,8,12.189899978693575,656.2810206796612
http,onnx-fp32,8,4,1,22,8,8.07780004106462,990.3686597007709
http,onnx-fp32,8,4,1,23,8,7.9067000187933445,1011.8001164815779
http,onnx-fp32,8,4,1,24,8,12.057200015988201,663.5039635563618
http,onnx-fp32,8,4,1,25,8,11.328100052196532,706.208451826729
http,onnx-fp32,8,4,1,26,8,8.072399999946356,991.0311679368172
http,onnx-fp32,8,4,1,27,8,7.770400028675795,1029.5480246160935
http,onnx-fp32,8,4,1,28,8,11.536800011526793,693.4331870195322
http,onnx-fp32,8,4,1,29,8,12.73600000422448,628.1407033092362
http,onnx-fp32,8,4,1,30,8,12.45450001442805,642.3381099789084
http,onnx-fp32,8,4,1,31,8,11.427299992647022,700.0778841150278
http,onnx-fp32,8,4,1,32,8,14.55680001527071,549.5713337826759
http,onnx-fp32,8,4,1,33,8,12.765199993737042,626.7038514026431
http,onnx-fp32,8,4,1,34,8,10.779300006106496,742.1632198257756
http,onnx-fp32,8,4,1,35,8,9.400899987667799,850.9823538697875
http,onnx-fp32,8,4,1,36,8,14.153700030874461,565.2232266155872
http,onnx-fp32,8,4,1,37,8,13.477600004989654,593.5774913217675
http,onnx-fp32,8,4,1,38,8,11.588000052142888,690.3693444944898
http,onnx-fp32,8,4,1,39,8,8.604899980127811,929.7028458756325
http,onnx-fp32,8,4,1,40,8,10.832600004505366,738.5115297041094
http,onnx-fp32,8,4,1,41,8,8.85410001501441,903.5362133287332
http,onnx-fp32,8,4,1,42,8,8.13249999191612,983.7073480420746
http,onnx-fp32,8,4,1,43,8,10.804599965922534,740.4253767128649
http,onnx-fp32,8,4,1,44,8,13.610700028948486,587.7728539299864
http,onnx-fp32,8,4,1,45,8,12.343000038526952,648.1406444972143
http,onnx-fp32,8,4,1,46,8,9.85269999364391,811.9601738773018
http,onnx-fp32,8,4,1,47,8,14.89589997800067,537.0605342285442
http,onnx-fp32,8,4,1,48,8,13.379900017753243,597.9117922693837
http,onnx-fp32,8,4,1,49,8,15.99099999293685,500.28140851313634
http,onnx-fp32,8,4,1,50,8,12.034900020807981,664.7333992113138
http,onnx-fp32,8,4,1,51,8,10.583800030872226,755.8721798091937
http,onnx-fp32,8,4,1,52,8,13.92580004176125,574.4732780888191
http,onnx-fp32,8,4,1,53,8,13.58329999493435,588.9585007312993
http,onnx-fp32,8,4,1,54,8,5.9016000013798475,1355.5645923358966
http,onnx-fp32,8,4,1,55,8,10.838599991984665,738.1027075375177
http,onnx-fp32,8,4,1,56,8,11.362199962604791,704.0889991664956
http,onnx-fp32,8,4,1,57,8,11.628800013568252,687.9471648549944
http,onnx-fp32,8,4,1,58,8,11.471199977677315,697.3987041955342
http,onnx-fp32,8,4,1,59,8,11.40690001193434,701.3298960830805
http,onnx-fp32,8,4,1,60,8,10.031700017862022,797.4720122965736
http,onnx-fp32,8,4,1,61,8,13.480200024787337,593.4630039086685
http,onnx-fp32,8,4,1,62,8,13.721399998757988,583.030886113963
http,onnx-fp32,8,4,1,63,8,10.03950001904741,796.8524313782584
http,onnx-fp32,8,4,1,64,8,7.947399979457259,1006.6185193495613
http,onnx-fp32,8,4,1,65,8,9.90589999128133,807.5995121131036
http,onnx-fp32,8,4,1,66,8,9.334900008980185,856.9990029142241
http,onnx-fp32,8,4,1,67,8,7.227399968542159,1106.8987512550357
http,onnx-fp32,8,4,1,68,8,9.923000005073845,806.2077996482341
http,onnx-fp32,8,4,1,69,8,7.5329000246711075,1062.0079881319396
http,onnx-fp32,8,4,2,0,8,9.683999989647418,826.1049162073853
http,onnx-fp32,8,4,2,1,8,9.590999979991466,834.1153181826113
http,onnx-fp32,8,4,2,2,8,15.997400041669607,500.08126190267234
http,onnx-fp32,8,4,2,3,8,18.77040002727881,426.2029572291315
http,onnx-fp32,8,4,2,4,8,10.820900031831115,739.3100367314121
http,onnx-fp32,8,4,2,5,8,13.23520002188161,604.4487417472867
http,onnx-fp32,8,4,2,6,8,12.078300002031028,662.3448663019431
http,onnx-fp32,8,4,2,7,8,11.431500024627894,699.8206694453826
http,onnx-fp32,8,4,2,8,8,11.172299971804023,716.056677693037
http,onnx-fp32,8,4,2,9,8,14.060000015888363,568.9900420312716
http,onnx-fp32,8,4,2,10,8,9.860699996352196,811.3014292047693
http,onnx-fp32,8,4,2,11,8,10.383799963165075,770.4308661933746
http,onnx-fp32,8,4,2,12,8,10.267200006637722,779.1803018182189
http,onnx-fp32,8,4,2,13,8,10.94459998421371,730.9540788643764
http,onnx-fp32,8,4,2,14,8,11.679699993692338,684.9491000899361
http,onnx-fp32,8,4,2,15,8,10.657500009983778,750.6450849172626
http,onnx-fp32,8,4,2,16,8,10.040599969215691,796.7651360006239
http,onnx-fp32,8,4,2,17,8,13.125800003763288,609.4866596859869
http,onnx-fp32,8,4,2,18,8,9.643200028222054,829.6001303080907
http,onnx-fp32,8,4,2,19,8,8.837300003506243,905.2538667721997
http,onnx-fp32,8,4,2,20,8,10.83639997523278,738.2525578867949
http,onnx-fp32,8,4,2,21,8,12.486700026784092,640.6816839389048
http,onnx-fp32,8,4,2,22,8,5.806699977256358,1377.718847423553
http,onnx-fp32,8,4,2,23,8,8.691499999258667,920.4395099444689
http,onnx-fp32,8,4,2,24,8,10.701099992729723,747.5866972026391
http,onnx-fp32,8,4,2,25,8,8.7311000097543,916.2648453301964
http,onnx-fp32,8,4,2,26,8,10.481499950401485,763.2495385065156
http,onnx-fp32,8,4,2,27,8,9.210099990013987,868.611633823082
http,onnx-fp32,8,4,2,28,8,8.062199980486184,992.2849866492106
http,onnx-fp32,8,4,2,29,8,11.243699991609901,711.5095569936618
http,onnx-fp32,8,4,2,30,8,10.897999978624284,734.0796490816184
http,onnx-fp32,8,4,2,31,8,8.119900012388825,985.2338067949248
http,onnx-fp32,8,4,2,32,8,7.495700032450259,1067.2785684281034
http,onnx-fp32,8,4,2,33,8,10.278699977789074,778.3085426451743
http,onnx-fp32,8,4,2,34,8,11.741900001652539,681.3207401590962
http,onnx-fp32,8,4,2,35,8,7.121599977836013,1123.3430724693553
http,onnx-fp32,8,4,2,36,8,7.811899995431304,1024.0786498391817
http,onnx-fp32,8,4,2,37,8,10.893499944359064,734.3828926297105
http,onnx-fp32,8,4,2,38,8,10.659700026735663,750.4901620059802
http,onnx-fp32,8,4,2,39,8,3.947800025343895,2026.445095658845
http,onnx-fp32,8,4,2,40,8,8.030899974983186,996.1523646067761
http,onnx-fp32,8,4,2,41,8,8.715100004337728,917.9470110518749
http,onnx-fp32,8,4,2,42,8,8.882599999196827,900.6372009010163
http,onnx-fp32,8,4,2,43,8,8.212400018237531,974.1366692116984
http,onnx-fp32,8,4,2,44,8,8.222599979490042,972.9282732900443
http,onnx-fp32,8,4,2,45,8,8.302500005811453,963.5651905330064
http,onnx-fp32,8,4,2,46,8,8.732000016607344,916.1704059533719
http,onnx-fp32,8,4,2,47,8,12.09719997132197,661.3100567871135
http,onnx-fp32,8,4,2,48,8,8.209099993109703,974.5282682285256
http,onnx-fp32,8,4,2,49,8,9.91930003510788,806.5085209324443
http,onnx-fp32,8,4,2,50,8,12.519299983978271,639.0133641847466
http,onnx-fp32,8,4,2,51,8,12.440399965271354,643.0661411476171
http,onnx-fp32,8,4,2,52,8,9.536000026855618,838.9261721340309
http,onnx-fp32,8,4,2,53,8,11.035399977117777,724.9397408873474
http,onnx-fp32,8,4,2,54,8,12.86019996041432,622.0743086907851
http,onnx-fp32,8,4,2,55,8,11.392099957447499,702.2410292994366
http,onnx-fp32,8,4,2,56,8,7.055499998386949,1133.8671960639197
http,onnx-fp32,8,4,2,57,8,10.857799963559955,736.797512097196
http,onnx-fp32,8,4,2,58,8,12.253399996552616,652.8800171585624
http,onnx-fp32,8,4,2,59,8,11.439099966082722,699.355720617902
http,onnx-fp32,8,4,2,60,8,9.306300024036318,859.6327196992999
http,onnx-fp32,8,4,2,61,8,7.787899987306446,1027.2345578447666
http,onnx-fp32,8,4,2,62,8,8.353599987458438,957.6709457013371
http,onnx-fp32,8,4,2,63,8,10.825400007888675,739.0027152964553
http,onnx-fp32,8,4,2,64,8,4.990899993572384,1602.9173115676404
http,onnx-fp32,8,4,2,65,8,7.797199999913573,1026.0093366963365
http,onnx-fp32,8,4,2,66,8,9.8425000323914,812.8016229283432
http,onnx-fp32,8,4,2,67,8,11.46459998562932,697.8001857917296
http,onnx-fp32,8,4,2,68,8,8.11319996137172,986.0474335760632
http,onnx-fp32,8,4,2,69,8,4.992900008801371,1602.275228003321
http,onnx-fp32,32,1,0,0,32,7.962399977259338,4018.88878873106
http,onnx-fp32,32,1,0,1,32,7.9972000094130635,4001.400485461732
http,onnx-fp32,32,1,0,2,32,7.2472000028938055,4415.498397618722
http,onnx-fp32,32,1,0,3,32,6.881500012241304,4650.14894181154
http,onnx-fp32,32,1,0,4,32,7.900999975390732,4050.120250559485
http,onnx-fp32,32,1,0,5,32,7.895999995525926,4052.6849060450877
http,onnx-fp32,32,1,0,6,32,7.140900008380413,4481.227851173586
http,onnx-fp32,32,1,0,7,32,6.4412999781779945,4967.941270925193
http,onnx-fp32,32,1,0,8,32,7.046299986541271,4541.390525683173
http,onnx-fp32,32,1,0,9,32,7.083900040015578,4517.285650452181
http,onnx-fp32,32,1,0,10,32,7.339800009503961,4359.791814295309
http,onnx-fp32,32,1,0,11,32,7.733799982815981,4137.681356008947
http,onnx-fp32,32,1,0,12,32,6.569699966348708,4870.846486736119
http,onnx-fp32,32,1,0,13,32,8.20209999801591,3901.4398760976833
http,onnx-fp32,32,1,0,14,32,8.263199997600168,3872.591733141346
http,onnx-fp32,32,1,0,15,32,7.4894999852404,4272.648382810946
http,onnx-fp32,32,1,0,16,32,8.300599991343915,3855.1430057309644
http,onnx-fp32,32,1,0,17,32,9.114200016483665,3511.0047993379317
http,onnx-fp32,32,1,0,18,32,6.8289999617263675,4685.898400841464
http,onnx-fp32,32,1,0,19,32,6.196999980602413,5163.788946290954
http,onnx-fp32,32,1,0,20,32,6.091699993703514,5253.049236350403
http,onnx-fp32,32,1,0,21,32,7.346200000029057,4355.993574892247
http,onnx-fp32,32,1,0,22,32,6.953100033570081,4602.263716256293
http,onnx-fp32,32,1,0,23,32,5.3177999798208475,6017.526067439275
http,onnx-fp32,32,1,0,24,32,4.822499991860241,6635.562478799768
http,onnx-fp32,32,1,0,25,32,5.165099981240928,6195.427022946402
http,onnx-fp32,32,1,0,26,32,6.84350001392886,4675.969888926583
http,onnx-fp32,32,1,0,27,32,7.960000017192215,4020.100493829845
http,onnx-fp32,32,1,0,28,32,7.350899977609515,4353.208463925566
http,onnx-fp32,32,1,0,29,32,5.841900012455881,5477.6699244716265
http,onnx-fp32,32,1,0,30,32,8.226900012232363,3889.6789741482253
http,onnx-fp32,32,1,0,31,32,7.597299991175532,4212.022697164632
http,onnx-fp32,32,1,0,32,32,6.8533000303432345,4669.28339023811
http,onnx-fp32,32,1,0,33,32,6.112800037954003,5234.9168631910015
http,onnx-fp32,32,1,0,34,32,6.091799994464964,5252.963004214738
http,onnx-fp32,32,1,0,35,32,5.510499991942197,5807.09555336039
http,onnx-fp32,32,1,0,36,32,4.631299991160631,6909.5070630440005
http,onnx-fp32,32,1,0,37,32,4.763700009789318,6717.4675009426655
http,onnx-fp32,32,1,0,38,32,4.918400023598224,6506.180840611924
http,onnx-fp32,32,1,0,39,32,6.674400006886572,4794.4384464495315
http,onnx-fp32,32,1,0,40,32,4.766799975186586,6713.09896924035
http,onnx-fp32,32,1,0,41,32,4.5695999870076776,7002.801140358598
http,onnx-fp32,32,1,0,42,32,4.408799984958023,7258.210875788841
http,onnx-fp32,32,1,0,43,32,4.297300009056926,7446.536181452837
http,onnx-fp32,32,1,0,44,32,6.754000030923635,4737.933055002352
http,onnx-fp32,32,1,0,45,32,4.503900010604411,7104.953468029075
http,onnx-fp32,32,1,0,46,32,4.456299997400492,7180.845099896026
http,onnx-fp32,32,1,0,47,32,5.18549996195361,6171.053945576381
http,onnx-fp32,32,1,0,48,32,5.442499998025596,5879.650897861057
http,onnx-fp32,32,1,0,49,32,4.391400027088821,7286.969941841913
http,onnx-fp32,32,1,0,50,32,4.574999969918281,6994.535565116427
http,onnx-fp32,32,1,0,51,32,4.50410001212731,7104.637977362814
http,onnx-fp32,32,1,0,52,32,4.181399999652058,7652.93920760099
http,onnx-fp32,32,1,0,53,32,4.057799989823252,7886.046646028466
http,onnx-fp32,32,1,0,54,32,4.147199972067028,7716.049434686582
http,onnx-fp32,32,1,0,55,32,4.321600019466132,7404.664905558084
http,onnx-fp32,32,1,0,56,32,4.024800029583275,7950.705566684578
http,onnx-fp32,32,1,0,57,32,3.8917000056244433,8222.627631562633
http,onnx-fp32,32,1,0,58,32,6.078799953684211,5264.196921072487
http,onnx-fp32,32,1,0,59,32,6.073800032027066,5268.530381518066
http,onnx-fp32,32,1,0,60,32,6.058200029656291,5282.096966648938
http,onnx-fp32,32,1,0,61,32,5.212099989876151,6139.559882227121
http,onnx-fp32,32,1,0,62,32,5.912900029215962,5411.895997207166
http,onnx-fp32,32,1,0,63,32,6.3785999664105475,5016.774867292309
http,onnx-fp32,32,1,0,64,32,6.131700007244945,5218.781082275751
http,onnx-fp32,32,1,0,65,32,5.940700008068234,5386.570598841869
http,onnx-fp32,32,1,0,66,32,5.965099961031228,5364.537092261558
http,onnx-fp32,32,1,0,67,32,3.9935000240802765,8013.021111066542
http,onnx-fp32,32,1,0,68,32,3.771200019400567,8485.36270560542
http,onnx-fp32,32,1,0,69,32,3.8354999851435423,8343.110448168183
http,onnx-fp32,32,1,1,0,32,5.2912000101059675,6047.7774302391435
http,onnx-fp32,32,1,1,1,32,4.764000012073666,6717.044483396442
http,onnx-fp32,32,1,1,2,32,5.805300024803728,5512.204341425384
http,onnx-fp32,32,1,1,3,32,4.279100045096129,7478.207955589205
http,onnx-fp32,32,1,1,4,32,3.6103000165894628,8863.529305863449
http,onnx-fp32,32,1,1,5,32,3.8345999782904983,8345.06863327786
http,onnx-fp32,32,1,1,6,32,3.8151000044308603,8387.722461491225
http,onnx-fp32,32,1,1,7,32,4.291200020816177,7457.121514907541
http,onnx-fp32,32,1,1,8,32,3.6068999907001853,8871.884466579855
http,onnx-fp32,32,1,1,9,32,3.8342999760061502,8345.721565930155
http,onnx-fp32,32,1,1,10,32,3.785700013395399,8452.862056362243
http,onnx-fp32,32,1,1,11,32,4.252199956681579,7525.516280041738
http,onnx-fp32,32,1,1,12,32,3.870900021865964,8266.81128916743
http,onnx-fp32,32,1,1,13,32,4.045400011818856,7910.21899107882
http,onnx-fp32,32,1,1,14,32,4.551800026092678,7030.185820238943
http,onnx-fp32,32,1,1,15,32,3.7957000313326716,8430.592442987332
http,onnx-fp32,32,1,1,16,32,3.7887999787926674,8445.945993221068
http,onnx-fp32,32,1,1,17,32,4.012899997178465,7974.282943133325
http,onnx-fp32,32,1,1,18,32,5.54409995675087,5771.901706251642
http,onnx-fp32,32,1,1,19,32,4.316499980632216,7413.413678577875
http,onnx-fp32,32,1,1,20,32,4.349399998318404,7357.336646979369
http,onnx-fp32,32,1,1,21,32,6.401500024367124,4998.82838056595
http,onnx-fp32,32,1,1,22,32,5.408799974247813,5916.284601456379
http,onnx-fp32,32,1,1,23,32,4.340799991041422,7371.913026640679
http,onnx-fp32,32,1,1,24,32,5.765899957623333,5549.870832859576
http,onnx-fp32,32,1,1,25,32,4.095399985089898,7813.644605289407
http,onnx-fp32,32,1,1,26,32,4.1176999802701175,7771.328691582049
http,onnx-fp32,32,1,1,27,32,4.242099996190518,7543.433683490859
http,onnx-fp32,32,1,1,28,32,4.444299964234233,7200.234065549556
http,onnx-fp32,32,1,1,29,32,4.108899971470237,7787.972504122517
http,onnx-fp32,32,1,1,30,32,4.2563999886624515,7518.090425062662
http,onnx-fp32,32,1,1,31,32,4.364599997643381,7331.714250395925
http,onnx-fp32,32,1,1,32,32,4.1195000521838665,7767.932903177382
http,onnx-fp32,32,1,1,33,32,3.6684999940916896,8722.911285685612
http,onnx-fp32,32,1,1,34,32,4.155900038313121,7699.896461655222
http,onnx-fp32,32,1,1,35,32,3.941000031773001,8119.76649124858
http,onnx-fp32,32,1,1,36,32,3.921499999705702,8160.14280311144
http,onnx-fp32,32,1,1,37,32,3.8604000001214445,8289.296445703376
http,onnx-fp32,32,1,1,38,32,4.580099950544536,6986.74708969953
http,onnx-fp32,32,1,1,39,32,4.602500004693866,6952.743067325314
http,onnx-fp32,32,1,1,40,32,5.670000042300671,5643.738934967558
http,onnx-fp32,32,1,1,41,32,4.092400020454079,7819.372456275521
http,onnx-fp32,32,1,1,42,32,4.998799995519221,6401.5363744666465
http,onnx-fp32,32,1,1,43,32,4.6107000089250505,6940.377803382736
http,onnx-fp32,32,1,1,44,32,6.090699986089021,5253.911713446247
http,onnx-fp32,32,1,1,45,32,7.297700038179755,4384.943178341661
http,onnx-fp32,32,1,1,46,32,5.3878999897278845,5939.234221312292
http,onnx-fp32,32,1,1,47,32,5.245200009085238,6100.815973570624
http,onnx-fp32,32,1,1,48,32,5.619999952614307,5693.950225945156
http,onnx-fp32,32,1,1,49,32,5.110599973704666,6261.495747005855
http,onnx-fp32,32,1,1,50,32,4.882699984591454,6553.751019104957
http,onnx-fp32,32,1,1,51,32,5.768400034867227,5547.465468167128
http,onnx-fp32,32,1,1,52,32,5.024400015827268,6368.919651938022
http,onnx-fp32,32,1,1,53,32,5.214500008150935,6136.734097225022
http,onnx-fp32,32,1,1,54,32,6.2695000087842345,5104.075277959105
http,onnx-fp32,32,1,1,55,32,5.417100037448108,5907.21968927762
http,onnx-fp32,32,1,1,56,32,5.9714000090025365,5358.877307123374
http,onnx-fp32,32,1,1,57,32,7.015100040007383,4561.588547205711
http,onnx-fp32,32,1,1,58,32,6.593399972189218,4853.338207142769
http,onnx-fp32,32,1,1,59,32,6.180499971378595,5177.574653861251
http,onnx-fp32,32,1,1,60,32,5.35739999031648,5973.046637891536
http,onnx-fp32,32,1,1,61,32,6.069600000046194,5272.176090641304
http,onnx-fp32,32,1,1,62,32,4.784999997355044,6687.565311951581
http,onnx-fp32,32,1,1,63,32,5.02420001430437,6369.173183570119
http,onnx-fp32,32,1,1,64,32,5.10849995771423,6264.069739626311
http,onnx-fp32,32,1,1,65,32,4.808300000149757,6655.158787721928
http,onnx-fp32,32,1,1,66,32,4.822799994144589,6635.1497136210355
http,onnx-fp32,32,1,1,67,32,5.541599995922297,5774.505562210682
http,onnx-fp32,32,1,1,68,32,4.972699971403927,6435.135878701634
http,onnx-fp32,32,1,1,69,32,4.868299991358072,6573.13642478988
http,onnx-fp32,32,1,2,0,32,3.534600022248924,9053.358173081118
http,onnx-fp32,32,1,2,1,32,3.95900005241856,8082.849097324752
http,onnx-fp32,32,1,2,2,32,3.6483000149019063,8771.208472245231
http,onnx-fp32,32,1,2,3,32,3.7859000149182975,8452.415508572427
http,onnx-fp32,32,1,2,4,32,3.5168000031262636,9099.181065614639
http,onnx-fp32,32,1,2,5,32,3.7616000045090914,8507.018279891821
http,onnx-fp32,32,1,2,6,32,5.274399998597801,6067.040802462308
http,onnx-fp32,32,1,2,7,32,6.010000011883676,5324.459224080841
http,onnx-fp32,32,1,2,8,32,5.142999987583607,6222.049402538481
http,onnx-fp32,32,1,2,9,32,5.777399986982346,5538.823704798438
http,onnx-fp32,32,1,2,10,32,5.495099991094321,5823.369920813281
http,onnx-fp32,32,1,2,11,32,5.869499989785254,5451.912438144629
http,onnx-fp32,32,1,2,12,32,5.0765000050887465,6303.555593011485
http,onnx-fp32,32,1,2,13,32,5.34269999479875,5989.480979870251
http,onnx-fp32,32,1,2,14,32,3.559500037226826,8990.026595120058
http,onnx-fp32,32,1,2,15,32,3.4133000299334526,9375.091471412165
http,onnx-fp32,32,1,2,16,32,3.2128000166267157,9960.159311004501
http,onnx-fp32,32,1,2,17,32,3.5137999802827835,9106.949792123542
http,onnx-fp32,32,1,2,18,32,3.267900028731674,9792.221218107376
http,onnx-fp32,32,1,2,19,32,3.386199998203665,9450.1210846895
http,onnx-fp32,32,1,2,20,32,3.2223000307567418,9930.79467913016
http,onnx-fp32,32,1,2,21,32,3.1359000131487846,10204.406985498406
http,onnx-fp32,32,1,2,22,32,3.76480002887547,8499.78744012023
http,onnx-fp32,32,1,2,23,32,3.297199960798025,9705.20453125779
http,onnx-fp32,32,1,2,24,32,3.7199000362306833,8602.381700672016
http,onnx-fp32,32,1,2,25,32,3.3004999859258533,9695.5007230589
http,onnx-fp32,32,1,2,26,32,3.3251999993808568,9623.481296150101
http,onnx-fp32,32,1,2,27,32,3.3207000233232975,9636.52235228853
http,onnx-fp32,32,1,2,28,32,3.630499995779246,8814.212928578054
http,onnx-fp32,32,1,2,29,32,4.890299984253943,6543.56585547622
http,onnx-fp32,32,1,2,30,32,3.819699981249869,8377.621320282089
http,onnx-fp32,32,1,2,31,32,4.022700013592839,7954.856164235693
http,onnx-fp32,32,1,2,32,32,4.729700041934848,6765.756753341442
http,onnx-fp32,32,1,2,33,32,4.641700012143701,6894.0258776484925
http,onnx-fp32,32,1,2,34,32,5.174200050532818,6184.530881581351
http,onnx-fp32,32,1,2,35,32,6.257200031541288,5114.108521174716
http,onnx-fp32,32,1,2,36,32,4.451100016012788,7189.234096039253
http,onnx-fp32,32,1,2,37,32,3.411599958781153,9379.763274306199
http,onnx-fp32,32,1,2,38,32,3.5171000054106116,9098.404921887937
http,onnx-fp32,32,1,2,39,32,3.379400004632771,9469.136520131284
http,onnx-fp32,32,1,2,40,32,3.5040999646298587,9132.159562514133
http,onnx-fp32,32,1,2,41,32,3.322300035506487,9631.881424918198
http,onnx-fp32,32,1,2,42,32,3.31729999743402,9646.3991875177
http,onnx-fp32,32,1,2,43,32,3.3631999976933002,9514.74786570756
http,onnx-fp32,32,1,2,44,32,3.5476000048220158,9020.182646438307
http,onnx-fp32,32,1,2,45,32,3.9231000118888915,8156.814739115626
http,onnx-fp32,32,1,2,46,32,3.424900001846254,9343.338486598097
http,onnx-fp32,32,1,2,47,32,5.382400006055832,5945.30320377457
http,onnx-fp32,32,1,2,48,32,4.4525000266730785,7186.9735672771
http,onnx-fp32,32,1,2,49,32,4.894000012427568,6538.618700192249
http,onnx-fp32,32,1,2,50,32,4.011699988041073,7976.668269160803
http,onnx-fp32,32,1,2,51,32,3.9293000008910894,8143.944212135245
http,onnx-fp32,32,1,2,52,32,3.9670999976806343,8066.34569804361
http,onnx-fp32,32,1,2,53,32,4.583499976433814,6981.564342648379
http,onnx-fp32,32,1,2,54,32,6.135800038464367,5215.293816518958
http,onnx-fp32,32,1,2,55,32,5.92939998023212,5396.83612282592
http,onnx-fp32,32,1,2,56,32,4.850999976042658,6596.578057727577
http,onnx-fp32,32,1,2,57,32,6.205399986356497,5156.798928410224
http,onnx-fp32,32,1,2,58,32,7.569899957161397,4227.268547945188
http,onnx-fp32,32,1,2,59,32,5.4762999643571675,5843.361431673567
http,onnx-fp32,32,1,2,60,32,5.328200000803918,6005.7805628865
http,onnx-fp32,32,1,2,61,32,3.692600002977997,8665.980602879472
http,onnx-fp32,32,1,2,62,32,3.763800021260977,8502.045756745365
http,onnx-fp32,32,1,2,63,32,3.5046999691985548,9130.596136969087
http,onnx-fp32,32,1,2,64,32,3.9600000018253922,8080.80807708317
http,onnx-fp32,32,1,2,65,32,3.643799980636686,8782.040773382023
http,onnx-fp32,32,1,2,66,32,3.5561000113375485,8998.622057303699
http,onnx-fp32,32,1,2,67,32,3.54260002495721,9032.913615582815
http,onnx-fp32,32,1,2,68,32,3.692900005262345,8665.276599528914
http,onnx-fp32,32,1,2,69,32,4.324100038502365,7400.38382902054
http,onnx-fp32,32,4,0,0,32,11.86910003889352,2696.0763575283804
http,onnx-fp32,32,4,0,1,32,12.245199992321432,2613.268874339836
http,onnx-fp32,32,4,0,2,32,15.72000002488494,2035.6234064467963
http,onnx-fp32,32,4,0,3,32,16.08149998355657,1989.8641316245496
http,onnx-fp32,32,4,0,4,32,12.835400004405528,2493.105005610776
http,onnx-fp32,32,4,0,5,32,11.55500003369525,2769.3639036508516
http,onnx-fp32,32,4,0,6,32,10.715799988247454,2986.2446140368406
http,onnx-fp32,32,4,0,7,32,12.643800000660121,2530.884702251642
http,onnx-fp32,32,4,0,8,32,15.252900018822402,2097.9616964978018
http,onnx-fp32,32,4,0,9,32,13.376899994909763,2392.183541192412
http,onnx-fp32,32,4,0,10,32,13.49579996895045,2371.1080538850483
http,onnx-fp32,32,4,0,11,32,19.04620003188029,1680.125166512854
http,onnx-fp32,32,4,0,12,32,13.470299949403852,2375.5966919961725
http,onnx-fp32,32,4,0,13,32,14.299700036644936,2237.809179073381
http,onnx-fp32,32,4,0,14,32,18.263300007674843,1752.1477491226965
http,onnx-fp32,32,4,0,15,32,13.018700003158301,2458.0027185692034
http,onnx-fp32,32,4,0,16,32,7.214099983684719,4435.7577622115905
http,onnx-fp32,32,4,0,17,32,13.01589998183772,2458.5314918409435
http,onnx-fp32,32,4,0,18,32,11.937900038901716,2680.5384444267797
http,onnx-fp32,32,4,0,19,32,14.241900003980845,2246.8912147294586
http,onnx-fp32,32,4,0,20,32,11.660800024401397,2744.237096343028
http,onnx-fp32,32,4,0,21,32,12.597799999639392,2540.126053828128
http,onnx-fp32,32,4,0,22,32,14.737000048626214,2171.4052992069473
http,onnx-fp32,32,4,0,23,32,13.285499997437,2408.6410000506826
http,onnx-fp32,32,4,0,24,32,12.468500004615635,2566.4674971451354
http,onnx-fp32,32,4,0,25,32,11.24550000531599,2845.5826761702824
http,onnx-fp32,32,4,0,26,32,14.149599999655038,2261.548029681415
http,onnx-fp32,32,4,0,27,32,12.135499971918762,2636.891769935082
http,onnx-fp32,32,4,0,28,32,14.140099985525012,2263.0674487986557
http,onnx-fp32,32,4,0,29,32,13.12260003760457,2438.5411357733765
http,onnx-fp32,32,4,0,30,32,11.071000015363097,2890.434464420014
http,onnx-fp32,32,4,0,31,32,13.22480000089854,2419.6963279464194
http,onnx-fp32,32,4,0,32,32,12.100099993404001,2644.606244365238
http,onnx-fp32,32,4,0,33,32,14.140099985525012,2263.0674487986557
http,onnx-fp32,32,4,0,34,32,16.03699999395758,1995.385671388474
http,onnx-fp32,32,4,0,35,32,16.387499985285103,1952.7078583514199
http,onnx-fp32,32,4,0,36,32,22.993599995970726,1391.6916013850596
http,onnx-fp32,32,4,0,37,32,16.53339999029413,1935.4760677649776
http,onnx-fp32,32,4,0,38,32,14.635200030170381,2186.509233494054
http,onnx-fp32,32,4,0,39,32,17.249699973035604,1855.1047293588747
http,onnx-fp32,32,4,0,40,32,10.245899960864335,3123.200511641586
http,onnx-fp32,32,4,0,41,32,15.123100019991398,2115.968284128177
http,onnx-fp32,32,4,0,42,32,14.391299977432936,2223.5656299416555
http,onnx-fp32,32,4,0,43,32,16.348900040611625,1957.3182244989036
http,onnx-fp32,32,4,0,44,32,19.29949998157099,1658.074044952287
http,onnx-fp32,32,4,0,45,32,14.02479998068884,2281.6724690592196
http,onnx-fp32,32,4,0,46,32,12.64979998813942,2529.684266154684
http,onnx-fp32,32,4,0,47,32,12.932900048326701,2474.309697007228
http,onnx-fp32,32,4,0,48,32,7.949799997732043,4025.2584982174535
http,onnx-fp32,32,4,0,49,32,8.514100045431405,3758.471221767112
http,onnx-fp32,32,4,0,50,32,11.098299990408123,2883.3244756094623
http,onnx-fp32,32,4,0,51,32,15.381700010038912,2080.3942333497016
http,onnx-fp32,32,4,0,52,32,17.22939999308437,1857.290446146954
http,onnx-fp32,32,4,0,53,32,12.785000028088689,2502.93311925662
http,onnx-fp32,32,4,0,54,32,13.353299989830703,2396.4113757924874
http,onnx-fp32,32,4,0,55,32,8.989199995994568,3559.8273499598013
http,onnx-fp32,32,4,0,56,32,12.908900040201843,2478.9098916517482
http,onnx-fp32,32,4,0,57,32,10.584699979517609,3023.2316515274892
http,onnx-fp32,32,4,0,58,32,10.880299960263073,2941.095384949872
http,onnx-fp32,32,4,0,59,32,11.122800002340227,2876.9734233526833
http,onnx-fp32,32,4,0,60,32,11.239999963436276,2846.9750982291825
http,onnx-fp32,32,4,0,61,32,11.9581000180915,2676.0103989418853
http,onnx-fp32,32,4,0,62,32,11.09729998279363,2883.5842997500313
http,onnx-fp32,32,4,0,63,32,16.31859998451546,1960.9525345534819
http,onnx-fp32,32,4,0,64,32,14.029700017999858,2280.875568183537
http,onnx-fp32,32,4,0,65,32,14.603500021621585,2191.2555176924425
http,onnx-fp32,32,4,0,66,32,15.882600040640682,2014.7834685830926
http,onnx-fp32,32,4,0,67,32,14.996199985034764,2133.8739168545317
http,onnx-fp32,32,4,0,68,32,18.595200031995773,1720.8742011346637
http,onnx-fp32,32,4,0,69,32,9.515799989458174,3362.8281421898687
http,onnx-fp32,32,4,1,0,32,5.107200006023049,6265.664153011748
http,onnx-fp32,32,4,1,1,32,13.850500050466508,2310.3858982277097
http,onnx-fp32,32,4,1,2,32,11.350099986884743,2819.358423007428
http,onnx-fp32,32,4,1,3,32,14.598599984310567,2191.991015192628
http,onnx-fp32,32,4,1,4,32,17.150100029539317,1865.878329857157
http,onnx-fp32,32,4,1,5,32,11.838500038720667,2703.045140460049
http,onnx-fp32,32,4,1,6,32,11.930799984838814,2682.133640716828
http,onnx-fp32,32,4,1,7,32,12.6705999718979,2525.531551068832
http,onnx-fp32,32,4,1,8,32,16.101699962746352,1987.3677980608693
http,onnx-fp32,32,4,1,9,32,12.123599997721612,2639.4800229316174
http,onnx-fp32,32,4,1,10,32,15.671400004066527,2041.9362655344391
http,onnx-fp32,32,4,1,11,32,12.850099999923259,2490.252994154995
http,onnx-fp32,32,4,1,12,32,14.711300027556717,2175.1986527403196
http,onnx-fp32,32,4,1,13,32,15.876499994192272,2015.5575858473726
http,onnx-fp32,32,4,1,14,32,13.770999968983233,2323.7237725709388
http,onnx-fp32,32,4,1,15,32,15.7982999808155,2025.5343954006992
http,onnx-fp32,32,4,1,16,32,18.49650003714487,1730.0570343436466
http,onnx-fp32,32,4,1,17,32,13.58040003105998,2356.337068629217
http,onnx-fp32,32,4,1,18,32,10.62020001700148,3013.12592500823
http,onnx-fp32,32,4,1,19,32,13.639000011608005,2346.213063477172
http,onnx-fp32,32,4,1,20,32,20.70260001346469,1545.699572961253
http,onnx-fp32,32,4,1,21,32,10.391399962827563,3079.4695723840277
http,onnx-fp32,32,4,1,22,32,12.824999983422458,2495.126708878212
http,onnx-fp32,32,4,1,23,32,14.625199954025447,2188.004273486347
http,onnx-fp32,32,4,1,24,32,8.760899945627898,3652.592792817992
http,onnx-fp32,32,4,1,25,32,9.331699984613806,3429.171539243857
http,onnx-fp32,32,4,1,26,32,11.9134999695234,2686.028461985228
http,onnx-fp32,32,4,1,27,32,12.003800016827881,2665.8224858078156
http,onnx-fp32,32,4,1,28,32,14.562900003511459,2197.364535379907
http,onnx-fp32,32,4,1,29,32,12.083799985703081,2648.1735909118593
http,onnx-fp32,32,4,1,30,32,12.567800004035234,2546.189467506288
http,onnx-fp32,32,4,1,31,32,12.882800016086549,2483.9320613563905
http,onnx-fp32,32,4,1,32,32,15.009400027338415,2131.997277820204
http,onnx-fp32,32,4,1,33,32,13.984399964101613,2288.2640715472235
http,onnx-fp32,32,4,1,34,32,12.27080001262948,2607.816928567382
http,onnx-fp32,32,4,1,35,32,11.067699990235269,2891.2962971740044
http,onnx-fp32,32,4,1,36,32,10.022300004493445,3192.879876440834
http,onnx-fp32,32,4,1,37,32,12.566399993374944,2546.4731360509395
http,onnx-fp32,32,4,1,38,32,10.97280002431944,2916.3021224370414
http,onnx-fp32,32,4,1,39,32,12.155900010839105,2632.4665365350506
http,onnx-fp32,32,4,1,40,32,15.76590002514422,2029.6970010570187
http,onnx-fp32,32,4,1,41,32,12.826600053813308,2494.8154511519597
http,onnx-fp32,32,4,1,42,32,9.016299969516695,3549.12770295899
http,onnx-fp32,32,4,1,43,32,15.692899993155152,2039.1387196730748
http,onnx-fp32,32,4,1,44,32,14.426799956709146,2218.0941092981943
http,onnx-fp32,32,4,1,45,32,14.065099996514618,2275.1349089540577
http,onnx-fp32,32,4,1,46,32,11.535499943420291,2774.045351909729
http,onnx-fp32,32,4,1,47,32,12.158500030636787,2631.9035998985837
http,onnx-fp32,32,4,1,48,32,15.262700035236776,2096.6146177361843
http,onnx-fp32,32,4,1,49,32,17.885399982333183,1789.1688210277052
http,onnx-fp32,32,4,1,50,32,11.073800036683679,2889.7036151993934
http,onnx-fp32,32,4,1,51,32,11.347400024533272,2820.0292517065986
http,onnx-fp32,32,4,1,52,32,11.858600017149001,2698.4635584068983
http,onnx-fp32,32,4,1,53,32,19.60739999776706,1632.0368842194396
http,onnx-fp32,32,4,1,54,32,11.47199998376891,2789.400282886594
http,onnx-fp32,32,4,1,55,32,11.674500012304634,2741.0167430102183
http,onnx-fp32,32,4,1,56,32,11.475700011942536,2788.5009164319586
http,onnx-fp32,32,4,1,57,32,11.668000021018088,2742.5437043501006
http,onnx-fp32,32,4,1,58,32,10.191300010774285,3139.9330768566783
http,onnx-fp32,32,4,1,59,32,13.856099976692349,2309.45215853147
http,onnx-fp32,32,4,1,60,32,14.791299996431917,2163.4339109962825
http,onnx-fp32,32,4,1,61,32,14.906900003552437,2146.6569167549346
http,onnx-fp32,32,4,1,62,32,12.362100009340793,2588.556958431078
http,onnx-fp32,32,4,1,63,32,14.372400008141994,2226.4896594773268
http,onnx-fp32,32,4,1,64,32,9.551599971018732,3350.2240563982728
http,onnx-fp32,32,4,1,65,32,11.991800041869283,2668.4901256085186
http,onnx-fp32,32,4,1,66,32,11.622199963312596,2753.3513535314582
http,onnx-fp32,32,4,1,67,32,11.354700021911412,2818.2162398168953
http,onnx-fp32,32,4,1,68,32,13.483599992468953,2373.2534351266045
http,onnx-fp32,32,4,1,69,32,5.890499975066632,5432.476043705954
http,onnx-fp32,32,4,2,0,32,11.667999962810427,2742.543718031713
http,onnx-fp32,32,4,2,1,32,9.886199957691133,3236.835198250777
http,onnx-fp32,32,4,2,2,32,18.21360003668815,1756.9288847642163
http,onnx-fp32,32,4,2,3,32,20.78710001660511,1539.416271362423
http,onnx-fp32,32,4,2,4,32,10.393800039310008,3078.758478994591
http,onnx-fp32,32,4,2,5,32,13.751899998169392,2326.9511852369296
http,onnx-fp32,32,4,2,6,32,14.219999953638762,2250.3516247770103
http,onnx-fp32,32,4,2,7,32,12.030899990350008,2659.817638386756
http,onnx-fp32,32,4,2,8,32,18.346400000154972,1744.2113984067553
http,onnx-fp32,32,4,2,9,32,16.21640002122149,1973.3109665599889
http,onnx-fp32,32,4,2,10,32,6.144899991340935,5207.570512960779
http,onnx-fp32,32,4,2,11,32,16.064500028733164,1991.969867892832
http,onnx-fp32,32,4,2,12,32,13.754800020251423,2326.460577608243
http,onnx-fp32,32,4,2,13,32,18.302700016647577,1748.3759210878054
http,onnx-fp32,32,4,2,14,32,17.76000001700595,1801.8018000765005
http,onnx-fp32,32,4,2,15,32,15.61449997825548,2049.377184319877
http,onnx-fp32,32,4,2,16,32,12.570900027640164,2545.5615691509965
http,onnx-fp32,32,4,2,17,32,14.433500007726252,2217.0644668909413
http,onnx-fp32,32,4,2,18,32,16.31809998070821,1961.0126202089361
http,onnx-fp32,32,4,2,19,32,10.339299973566085,3094.9870960135236
http,onnx-fp32,32,4,2,20,32,9.864300023764372,3244.021362175509
http,onnx-fp32,32,4,2,21,32,12.16240000212565,2631.059658817938
http,onnx-fp32,32,4,2,22,32,14.589999977033585,2193.2830740487902
http,onnx-fp32,32,4,2,23,32,12.76839995989576,2506.187157397069
http,onnx-fp32,32,4,2,24,32,9.039999975357205,3539.8230184990193
http,onnx-fp32,32,4,2,25,32,12.52250000834465,2555.400277794057
http,onnx-fp32,32,4,2,26,32,15.059700002893806,2124.8763251493074
http,onnx-fp32,32,4,2,27,32,8.890199998859316,3599.46907877279
http,onnx-fp32,32,4,2,28,32,14.439599995967,2216.1278711971
http,onnx-fp32,32,4,2,29,32,14.469099987763911,2211.609569846186
http,onnx-fp32,32,4,2,30,32,12.305599986575544,2600.442077989657
http,onnx-fp32,32,4,2,31,32,10.422699968330562,3070.221736904276
http,onnx-fp32,32,4,2,32,32,13.675200054422021,2340.0023306900334
http,onnx-fp32,32,4,2,33,32,17.387399973813444,1840.413175529066
http,onnx-fp32,32,4,2,34,32,13.869100017473102,2307.2874202136068
http,onnx-fp32,32,4,2,35,32,14.091799966990948,2270.824172565446
http,onnx-fp32,32,4,2,36,32,12.532000022474676,2553.46312979666
http,onnx-fp32,32,4,2,37,32,14.372599951457232,2226.4586858382245
http,onnx-fp32,32,4,2,38,32,17.28149998234585,1851.6911166675366
http,onnx-fp32,32,4,2,39,32,15.34639997407794,2085.179589613991
http,onnx-fp32,32,4,2,40,32,13.50489998003468,2369.510329384744
http,onnx-fp32,32,4,2,41,32,15.408499981276691,2076.775808085415
http,onnx-fp32,32,4,2,42,32,18.387400021310896,1740.3221751260198
http,onnx-fp32,32,4,2,43,32,13.016899989452213,2458.3426181295144
http,onnx-fp32,32,4,2,44,32,11.36229996336624,2816.331209629459
http,onnx-fp32,32,4,2,45,32,13.909699977375567,2300.5528553490517
http,onnx-fp32,32,4,2,46,32,8.665099972859025,3692.9752801734485
http,onnx-fp32,32,4,2,47,32,12.112699972931296,2641.85524874814
http,onnx-fp32,32,4,2,48,32,13.236400031019002,2417.575770225228
http,onnx-fp32,32,4,2,49,32,14.030000020284206,2280.826796417337
http,onnx-fp32,32,4,2,50,32,17.574199999216944,1820.8510203267192
http,onnx-fp32,32,4,2,51,32,13.412600033916533,2385.816315932883
http,onnx-fp32,32,4,2,52,32,16.85170002747327,1898.9182069364222
http,onnx-fp32,32,4,2,53,32,12.874900014139712,2485.4561949884164
http,onnx-fp32,32,4,2,54,32,10.827799967955798,2955.3556673287294
http,onnx-fp32,32,4,2,55,32,10.027899988926947,3191.0968433405983
http,onnx-fp32,32,4,2,56,32,11.495499988086522,2783.697971655302
http,onnx-fp32,32,4,2,57,32,14.087799994740635,2271.468931412036
http,onnx-fp32,32,4,2,58,32,15.91700001154095,2010.4290995035333
http,onnx-fp32,32,4,2,59,32,15.573199954815209,2054.812119079332
http,onnx-fp32,32,4,2,60,32,10.928999981842935,2927.989756900329
http,onnx-fp32,32,4,2,61,32,11.336600000504404,2822.715805318721
http,onnx-fp32,32,4,2,62,32,17.880300001706928,1789.679143915099
http,onnx-fp32,32,4,2,63,32,6.391500006429851,5006.649451272469
http,onnx-fp32,32,4,2,64,32,13.499299995601177,2370.49328560943
http,onnx-fp32,32,4,2,65,32,20.451499964110553,1564.6774102709046
http,onnx-fp32,32,4,2,66,32,23.117900011129677,1384.20877262183
http,onnx-fp32,32,4,2,67,32,20.91999998083338,1529.636712682503
http,onnx-fp32,32,4,2,68,32,10.191400011535734,3139.9022669877468
http,onnx-fp32,32,4,2,69,32,7.2256000130437315,4428.697954804204
http,onnx-fp32,64,1,0,0,64,8.509100007358938,7521.359479222336
http,onnx-fp32,64,1,0,1,64,8.555500011425465,7480.568045646781
http,onnx-fp32,64,1,0,2,64,10.318599990569055,6202.39180300568
http,onnx-fp32,64,1,0,3,64,9.078199975192547,7049.855717530894
http,onnx-fp32,64,1,0,4,64,6.918200000654906,9250.961231814848
http,onnx-fp32,64,1,0,5,64,7.248999958392233,8828.804023637305
http,onnx-fp32,64,1,0,6,64,11.111099971458316,5760.005774801799
http,onnx-fp32,64,1,0,7,64,7.715399959124625,8295.098159403951
http,onnx-fp32,64,1,0,8,64,8.425200008787215,7596.258834597404
http,onnx-fp32,64,1,0,9,64,8.105399960186332,7895.970626294514
http,onnx-fp32,64,1,0,10,64,7.50579999294132,8526.739329610105
http,onnx-fp32,64,1,0,11,64,8.927600050810724,7168.779922459463
http,onnx-fp32,64,1,0,12,64,7.224400003906339,8858.867167570215
http,onnx-fp32,64,1,0,13,64,9.999900008551776,6400.06399516676
http,onnx-fp32,64,1,0,14,64,7.422599999699742,8622.315630990342
http,onnx-fp32,64,1,0,15,64,7.990499958395958,8009.51133636544
http,onnx-fp32,64,1,0,16,64,6.273899984080344,10200.991434736969
http,onnx-fp32,64,1,0,17,64,6.155100010801107,10397.881413411866
http,onnx-fp32,64,1,0,18,64,6.041900021955371,10592.69431262243
http,onnx-fp32,64,1,0,19,64,6.0520999832078815,10574.84181979379
http,onnx-fp32,64,1,0,20,64,5.950799968559295,10754.85654670637
http,onnx-fp32,64,1,0,21,64,5.897800030652434,10851.503894227508
http,onnx-fp32,64,1,0,22,64,5.884199985302985,10876.584779554287
http,onnx-fp32,64,1,0,23,64,5.989599972963333,10685.187706840501
http,onnx-fp32,64,1,0,24,64,9.449500008486211,6772.845117998223
http,onnx-fp32,64,1,0,25,64,9.140400041360408,7001.8817240382605
http,onnx-fp32,64,1,0,26,64,8.635200036223978,7411.52489016179
http,onnx-fp32,64,1,0,27,64,8.416399999987334,7604.201321241423
http,onnx-fp32,64,1,0,28,64,8.869600016623735,7215.657964287996
http,onnx-fp32,64,1,0,29,64,5.9359000297263265,10781.852740021754
http,onnx-fp32,64,1,0,30,64,5.679599998984486,11268.399185055852
http,onnx-fp32,64,1,0,31,64,5.875200033187866,10893.246125829997
http,onnx-fp32,64,1,0,32,64,5.5448999628424644,11542.137897685692
http,onnx-fp32,64,1,0,33,64,6.270600017160177,10206.359810043226
http,onnx-fp32,64,1,0,34,64,6.290599994827062,10173.910287195022
http,onnx-fp32,64,1,0,35,64,8.988199988380075,7120.446817242502
http,onnx-fp32,64,1,0,36,64,8.84659995790571,7234.417776832645
http,onnx-fp32,64,1,0,37,64,8.182700024917722,7821.3792275299165
http,onnx-fp32,64,1,0,38,64,8.647500013466924,7400.982931521425
http,onnx-fp32,64,1,0,39,64,7.467000046744943,8571.045881792816
http,onnx-fp32,64,1,0,40,64,5.829900037497282,10977.889773128007
http,onnx-fp32,64,1,0,41,64,5.508799978997558,11617.775240343024
http,onnx-fp32,64,1,0,42,64,5.449499993119389,11744.19673012336
http,onnx-fp32,64,1,0,43,64,5.543800012674183,11544.427983275697
http,onnx-fp32,64,1,0,44,64,5.423200025688857,11801.150556284469
http,onnx-fp32,64,1,0,45,64,5.369599966797978,11918.951205999196
http,onnx-fp32,64,1,0,46,64,5.675700027495623,11276.142095240315
http,onnx-fp32,64,1,0,47,64,5.424799979664385,11797.670004408064
http,onnx-fp32,64,1,0,48,64,5.163800029549748,12393.973359495181
http,onnx-fp32,64,1,0,49,64,5.680700007360429,11266.217176945765
http,onnx-fp32,64,1,0,50,64,5.670299986377358,11286.880791802398
http,onnx-fp32,64,1,0,51,64,5.667899968102574,11291.66011400605
http,onnx-fp32,64,1,0,52,64,5.760699976235628,11109.761012379831
http,onnx-fp32,64,1,0,53,64,10.463400045409799,6116.558644632558
http,onnx-fp32,64,1,0,54,64,8.109799993690103,7891.686607536034
http,onnx-fp32,64,1,0,55,64,5.587899999227375,11453.318779657675
http,onnx-fp32,64,1,0,56,64,5.713299964554608,11201.932402824443
http,onnx-fp32,64,1,0,57,64,5.323599965777248,12021.940117857066
http,onnx-fp32,64,1,0,58,64,5.266799998935312,12151.591101415974
http,onnx-fp32,64,1,0,59,64,5.791699979454279,11050.29615260395
http,onnx-fp32,64,1,0,60,64,5.329399951733649,12008.856640451775
http,onnx-fp32,64,1,0,61,64,5.251199996564537,12187.690440636494
http,onnx-fp32,64,1,0,62,64,5.419499997515231,11809.207496880366
http,onnx-fp32,64,1,0,63,64,5.237799952737987,12218.870628410481
http,onnx-fp32,64,1,0,64,64,5.267500004265457,12149.976259738925
http,onnx-fp32,64,1,0,65,64,8.27040005242452,7738.440655145575
http,onnx-fp32,64,1,0,66,64,9.859599987976253,6491.135550939975
http,onnx-fp32,64,1,0,67,64,6.9290000246837735,9236.542036658579
http,onnx-fp32,64,1,0,68,64,7.416300009936094,8629.64010547781
http,onnx-fp32,64,1,0,69,64,8.670499955769628,7381.350594138733
http,onnx-fp32,64,1,1,0,64,8.39779997477308,7621.043629552438
http,onnx-fp32,64,1,1,1,64,7.43030000012368,8613.380347891027
http,onnx-fp32,64,1,1,2,64,7.773499994073063,8233.099639647142
http,onnx-fp32,64,1,1,3,64,7.620300049893558,8398.619421933912
http,onnx-fp32,64,1,1,4,64,8.508099999744445,7522.24350935254
http,onnx-fp32,64,1,1,5,64,8.084199973382056,7916.677000906171
http,onnx-fp32,64,1,1,6,64,11.109900020528585,5760.627897797682
http,onnx-fp32,64,1,1,7,64,7.945700024720281,8054.671054895889
http,onnx-fp32,64,1,1,8,64,9.509299998171628,6730.2535425641645
http,onnx-fp32,64,1,1,9,64,8.506999991368502,7523.216182548093
http,onnx-fp32,64,1,1,10,64,8.746100007556379,7317.547243309114
http,onnx-fp32,64,1,1,11,64,7.001399993896484,9141.02894503848
http,onnx-fp32,64,1,1,12,64,7.744600006844848,8263.822527107324
http,onnx-fp32,64,1,1,13,64,6.42130000051111,9966.829145952666
http,onnx-fp32,64,1,1,14,64,8.859399997163564,7223.965507877544
http,onnx-fp32,64,1,1,15,64,10.223500023130327,6260.087040172361
http,onnx-fp32,64,1,1,16,64,8.289200020954013,7720.889813035803
http,onnx-fp32,64,1,1,17,64,6.67749997228384,9584.425348654955
http,onnx-fp32,64,1,1,18,64,7.542999985162169,8484.687806694203
http,onnx-fp32,64,1,1,19,64,6.663300038781017,9604.850393575876
http,onnx-fp32,64,1,1,20,64,8.630199998151511,7415.818870212516
http,onnx-fp32,64,1,1,21,64,8.591999998316169,7448.789573154389
http,onnx-fp32,64,1,1,22,64,8.174200018402189,7829.512350556609
http,onnx-fp32,64,1,1,23,64,8.215099980589002,7790.532087402709
http,onnx-fp32,64,1,1,24,64,9.669999999459833,6618.407446078081
http,onnx-fp32,64,1,1,25,64,7.034600013867021,9097.887566292242
http,onnx-fp32,64,1,1,26,64,10.270599974319339,6231.378902890379
http,onnx-fp32,64,1,1,27,64,7.2663999744690955,8807.66269746609
http,onnx-fp32,64,1,1,28,64,9.052800014615059,7069.6359023370505
http,onnx-fp32,64,1,1,29,64,7.610299973748624,8409.655364540822
http,onnx-fp32,64,1,1,30,64,8.894900034647435,7195.134262409589
http,onnx-fp32,64,1,1,31,64,8.090799965430051,7910.219047987327
http,onnx-fp32,64,1,1,32,64,8.360899984836578,7654.678337986475
http,onnx-fp32,64,1,1,33,64,7.189899974036962,8901.375572832272
http,onnx-fp32,64,1,1,34,64,9.99930000398308,6400.448028812667
http,onnx-fp32,64,1,1,35,64,7.227399968542159,8855.190010040285
http,onnx-fp32,64,1,1,36,64,8.727899985387921,7332.806300157832
http,onnx-fp32,64,1,1,37,64,6.963199994061142,9191.176478427316
http,onnx-fp32,64,1,1,38,64,6.618699990212917,9669.572588973198
http,onnx-fp32,64,1,1,39,64,6.211599975358695,10303.303537556643
http,onnx-fp32,64,1,1,40,64,6.193400011397898,10333.580889692075
http,onnx-fp32,64,1,1,41,64,6.221899995580316,10286.246973667523
http,onnx-fp32,64,1,1,42,64,7.218300015665591,8866.353554313804
http,onnx-fp32,64,1,1,43,64,9.305200015660375,6877.874725131099
http,onnx-fp32,64,1,1,44,64,10.339199972804636,6190.034061468995
http,onnx-fp32,64,1,1,45,64,8.847600023727864,7233.600052936629
http,onnx-fp32,64,1,1,46,64,9.997099987231195,6401.856546572912
http,onnx-fp32,64,1,1,47,64,6.4897999982349575,9861.62902052547
http,onnx-fp32,64,1,1,48,64,9.194499987643212,6960.683026375734
http,onnx-fp32,64,1,1,49,64,7.816499972250313,8187.807871452582
http,onnx-fp32,64,1,1,50,64,8.959500002674758,7143.255759907754
http,onnx-fp32,64,1,1,51,64,8.463900012429804,7561.525999363381
http,onnx-fp32,64,1,1,52,64,8.20059998659417,7804.307014684683
http,onnx-fp32,64,1,1,53,64,10.319099994376302,6202.091271029323
http,onnx-fp32,64,1,1,54,64,10.198400006629527,6275.49419108845
http,onnx-fp32,64,1,1,55,64,8.680299972184002,7373.017085249107
http,onnx-fp32,64,1,1,56,64,8.172300003934652,7831.33266879415
http,onnx-fp32,64,1,1,57,64,7.315700000617653,8748.308431810568
http,onnx-fp32,64,1,1,58,64,8.146599982865155,7856.038118308496
http,onnx-fp32,64,1,1,59,64,8.020700013730675,7979.353409358047
http,onnx-fp32,64,1,1,60,64,6.925499998033047,9241.210023561769
http,onnx-fp32,64,1,1,61,64,8.224000048357993,7782.101121555594
http,onnx-fp32,64,1,1,62,64,7.572299975436181,8451.857455147036
http,onnx-fp32,64,1,1,63,64,8.4258999559097,7595.627806512481
http,onnx-fp32,64,1,1,64,64,9.736900043208152,6572.933861495514
http,onnx-fp32,64,1,1,65,64,8.44820000929758,7575.578221344837
http,onnx-fp32,64,1,1,66,64,8.111600007396191,7889.935393959827
http,onnx-fp32,64,1,1,67,64,7.988500001374632,8011.516553669288
http,onnx-fp32,64,1,1,68,64,8.601300010923296,7440.735693293182
http,onnx-fp32,64,1,1,69,64,8.167499967385083,7835.935139953274
http,onnx-fp32,64,1,2,0,64,6.776399968657643,9444.542868781984
http,onnx-fp32,64,1,2,1,64,5.896200018469244,10854.4485939294
http,onnx-fp32,64,1,2,2,64,6.738099968060851,9498.226548042516
http,onnx-fp32,64,1,2,3,64,6.057599966879934,10565.240416983865
http,onnx-fp32,64,1,2,4,64,6.010000011883676,10648.918448161681
http,onnx-fp32,64,1,2,5,64,6.337399943731725,10098.77876861818
http,onnx-fp32,64,1,2,6,64,8.450799970887601,7573.247529284257
http,onnx-fp32,64,1,2,7,64,6.982000020798296,9166.427930299902
http,onnx-fp32,64,1,2,8,64,6.29089999711141,10173.425110776972
http,onnx-fp32,64,1,2,9,64,7.950400002300739,8049.90943618928
http,onnx-fp32,64,1,2,10,64,6.746300030499697,9486.68154553742
http,onnx-fp32,64,1,2,11,64,6.979700003284961,9169.448539318126
http,onnx-fp32,64,1,2,12,64,6.1989999958314,10324.245853046887
http,onnx-fp32,64,1,2,13,64,5.66870003240183,11290.066441014904
http,onnx-fp32,64,1,2,14,64,6.383100000675768,10026.476162558072
http,onnx-fp32,64,1,2,15,64,5.778999999165535,11074.58037882702
http,onnx-fp32,64,1,2,16,64,5.597800016403198,11433.062955529173
http,onnx-fp32,64,1,2,17,64,6.646999972872436,9628.403830479185
http,onnx-fp32,64,1,2,18,64,5.618600000161678,11390.737905912216
http,onnx-fp32,64,1,2,19,64,5.600000033155084,11428.571360907992
http,onnx-fp32,64,1,2,20,64,6.460900011006743,9905.740669406749
http,onnx-fp32,64,1,2,21,64,5.877300049178302,10889.353863930728
http,onnx-fp32,64,1,2,22,64,8.798299997579306,7274.132504871219
http,onnx-fp32,64,1,2,23,64,8.009099983610213,7990.910355841395
http,onnx-fp32,64,1,2,24,64,9.373100008815527,6828.050478476399
http,onnx-fp32,64,1,2,25,64,8.552700048312545,7483.017016670338
http,onnx-fp32,64,1,2,26,64,7.505399989895523,8527.193765310687
http,onnx-fp32,64,1,2,27,64,8.322599984239787,7689.904611683192
http,onnx-fp32,64,1,2,28,64,7.852300012018532,8150.478191363451
http,onnx-fp32,64,1,2,29,64,6.093500007409602,10502.994981894968
http,onnx-fp32,64,1,2,30,64,5.996399966534227,10673.070568538216
http,onnx-fp32,64,1,2,31,64,6.933199998456985,9230.946751030331
http,onnx-fp32,64,1,2,32,64,9.764000016730279,6554.690689301331
http,onnx-fp32,64,1,2,33,64,9.643700032029301,6636.456939498214
http,onnx-fp32,64,1,2,34,64,8.2212999695912,7784.656956530242
http,onnx-fp32,64,1,2,35,64,11.233799974434078,5697.092715345781
http,onnx-fp32,64,1,2,36,64,9.103599993977696,7030.185865189366
http,onnx-fp32,64,1,2,37,64,7.346400001551956,8711.74997093539
http,onnx-fp32,64,1,2,38,64,7.116000051610172,8993.816685754296
http,onnx-fp32,64,1,2,39,64,7.047499995678663,9081.234485880535
http,onnx-fp32,64,1,2,40,64,7.581099984236062,8442.046686243408
http,onnx-fp32,64,1,2,41,64,7.1520000346936285,8948.54581788905
http,onnx-fp32,64,1,2,42,64,6.372000032570213,10043.942195992884
http,onnx-fp32,64,1,2,43,64,6.978599994909018,9170.893882252723
http,onnx-fp32,64,1,2,44,64,6.379099970217794,10032.763289303792
http,onnx-fp32,64,1,2,45,64,6.4715000335127115,9889.515517047905
http,onnx-fp32,64,1,2,46,64,8.800300012808293,7272.479336710334
http,onnx-fp32,64,1,2,47,64,6.3816000474616885,10028.832819984747
http,onnx-fp32,64,1,2,48,64,6.561000016517937,9754.610553097691
http,onnx-fp32,64,1,2,49,64,6.909999996423721,9261.939223317406
http,onnx-fp32,64,1,2,50,64,9.448400000110269,6773.633631011926
http,onnx-fp32,64,1,2,51,64,7.000199984759092,9142.595945736044
http,onnx-fp32,64,1,2,52,64,8.284599985927343,7725.17684724836
http,onnx-fp32,64,1,2,53,64,8.730600005947053,7330.538560511865
http,onnx-fp32,64,1,2,54,64,8.442699967417866,7580.5133721427155
http,onnx-fp32,64,1,2,55,64,6.705200008582324,9544.830865310978
http,onnx-fp32,64,1,2,56,64,6.263500021304935,10217.929238015116
http,onnx-fp32,64,1,2,57,64,7.473699981346726,8563.362211452793
http,onnx-fp32,64,1,2,58,64,8.129699970595539,7872.369242589859
http,onnx-fp32,64,1,2,59,64,7.794099976308644,8211.339371388327
http,onnx-fp32,64,1,2,60,64,7.520000042859465,8510.638249366835
http,onnx-fp32,64,1,2,61,64,8.801400021184236,7271.570414474668
http,onnx-fp32,64,1,2,62,64,9.089099999982864,7041.401238859806
http,onnx-fp32,64,1,2,63,64,10.295299987774342,6216.428863267698
http,onnx-fp32,64,1,2,64,64,10.82309999037534,5913.278086399764
http,onnx-fp32,64,1,2,65,64,9.491499979048967,6742.875219013876
http,onnx-fp32,64,1,2,66,64,10.66450000507757,6001.218994751595
http,onnx-fp32,64,1,2,67,64,8.234000008087605,7772.649980220776
http,onnx-fp32,64,1,2,68,64,8.313500031363219,7698.321977332753
http,onnx-fp32,64,1,2,69,64,7.742999994661659,8265.530161968774
http,onnx-fp32,64,4,0,0,64,8.548400015570223,7486.78113839188
http,onnx-fp32,64,4,0,1,64,23.857299995142967,2682.6170611523335
http,onnx-fp32,64,4,0,2,64,20.804299972951412,3076.287117721299
http,onnx-fp32,64,4,0,3,64,35.193299991078675,1818.5279589076238
http,onnx-fp32,64,4,0,4,64,40.721099998336285,1571.6667772386995
http,onnx-fp32,64,4,0,5,64,23.46120000584051,2727.9082052097774
http,onnx-fp32,64,4,0,6,64,26.387999998405576,2425.3448538679336
http,onnx-fp32,64,4,0,7,64,15.330299967899919,4174.738924483504
http,onnx-fp32,64,4,0,8,64,19.387500011362135,3301.096065118891
http,onnx-fp32,64,4,0,9,64,10.532600048463792,6076.372377714521
http,onnx-fp32,64,4,0,10,64,17.02959998510778,3758.162261941994
http,onnx-fp32,64,4,0,11,64,17.821599962189794,3591.1478282411254
http,onnx-fp32,64,4,0,12,64,22.089599980972707,2897.2910353798893
http,onnx-fp32,64,4,0,13,64,25.360199972055852,2523.6394062555087
http,onnx-fp32,64,4,0,14,64,15.6736999633722,4083.2732634643585
http,onnx-fp32,64,4,0,15,64,19.858600047882646,3222.785082819762
http,onnx-fp32,64,4,0,16,64,23.220599978230894,2756.1734003427746
http,onnx-fp32,64,4,0,17,64,30.661400000099093,2087.314995394638
http,onnx-fp32,64,4,0,18,64,25.557300017680973,2504.17688706255
http,onnx-fp32,64,4,0,19,64,31.44730004714802,2035.1508684067207
http,onnx-fp32,64,4,0,20,64,34.3523999908939,1863.04304843228
http,onnx-fp32,64,4,0,21,64,31.14909998839721,2054.634003031853
http,onnx-fp32,64,4,0,22,64,26.570400048512965,2408.6953859613345
http,onnx-fp32,64,4,0,23,64,22.538699966389686,2839.560404789918
http,onnx-fp32,64,4,0,24,64,29.021200025454164,2205.2844108398804
http,onnx-fp32,64,4,0,25,64,24.711200036108494,2589.9187375150514
http,onnx-fp32,64,4,0,26,64,16.13640005234629,3966.188232343321
http,onnx-fp32,64,4,0,27,64,21.41190000111237,2988.9921023671477
http,onnx-fp32,64,4,0,28,64,17.37930002855137,3682.5418684790748
http,onnx-fp32,64,4,0,29,64,21.139100019354373,3027.5650307441365
http,onnx-fp32,64,4,0,30,64,33.01720001036301,1938.3836297418468
http,onnx-fp32,64,4,0,31,64,16.191300004720688,3952.7400506037407
http,onnx-fp32,64,4,0,32,64,26.84080001199618,2384.4296731616028
http,onnx-fp32,64,4,0,33,64,29.59970000665635,2162.1840757037317
http,onnx-fp32,64,4,0,34,64,33.84610003558919,1890.9120971900447
http,onnx-fp32,64,4,0,35,64,21.65369997965172,2955.6149785090624
http,onnx-fp32,64,4,0,36,64,27.72239997284487,2308.60243206542
http,onnx-fp32,64,4,0,37,64,28.4082000143826,2252.8706488829935
http,onnx-fp32,64,4,0,38,64,38.40339998714626,1666.5191108448994
http,onnx-fp32,64,4,0,39,64,24.765999987721443,2584.1880009581723
http,onnx-fp32,64,4,0,40,64,25.142200000118464,2545.521076107041
http,onnx-fp32,64,4,0,41,64,24.932000029366463,2566.9821885374945
http,onnx-fp32,64,4,0,42,64,14.833299966994673,4314.6164469406895
http,onnx-fp32,64,4,0,43,64,26.323000027332455,2431.333812010245
http,onnx-fp32,64,4,0,44,64,25.240199989639223,2535.6375950377246
http,onnx-fp32,64,4,0,45,64,25.95500001916662,2465.8062012228406
http,onnx-fp32,64,4,0,46,64,31.33600001456216,2042.3793710192285
http,onnx-fp32,64,4,0,47,64,21.694499999284744,2950.0564660218047
http,onnx-fp32,64,4,0,48,64,25.387000001501292,2520.975302171004
http,onnx-fp32,64,4,0,49,64,39.73959997529164,1610.484253484998
http,onnx-fp32,64,4,0,50,64,34.67819996876642,1845.539850904684
http,onnx-fp32,64,4,0,51,64,17.009499948471785,3762.6032625227217
http,onnx-fp32,64,4,0,52,64,29.059600026812404,2202.3702990044308
http,onnx-fp32,64,4,0,53,64,27.867899974808097,2296.549078253275
http,onnx-fp32,64,4,0,54,64,27.984199987258762,2287.0048108982664
http,onnx-fp32,64,4,0,55,64,27.691499970387667,2311.1785229561197
http,onnx-fp32,64,4,0,56,64,15.408099978230894,4153.659444735006
http,onnx-fp32,64,4,0,57,64,30.372000008355826,2107.2040031078814
http,onnx-fp32,64,4,0,58,64,27.209100022446364,2352.1542405740247
http,onnx-fp32,64,4,0,59,64,34.43709999555722,1858.46078816906
http,onnx-fp32,64,4,0,60,64,35.258600022643805,1815.1599881702016
http,onnx-fp32,64,4,0,61,64,23.986600048374385,2668.1563819353128
http,onnx-fp32,64,4,0,62,64,21.65940002305433,2954.8371576257055
http,onnx-fp32,64,4,0,63,64,29.939899977762252,2137.6156916868713
http,onnx-fp32,64,4,0,64,64,39.452900004107505,1622.1874689398462
http,onnx-fp32,64,4,0,65,64,30.275999975856394,2113.8855876283797
http,onnx-fp32,64,4,0,66,64,34.64110003551468,1847.5163875969886
http,onnx-fp32,64,4,0,67,64,36.73980000894517,1741.9800865660047
http,onnx-fp32,64,4,0,68,64,15.021100000012666,4260.673319526934
http,onnx-fp32,64,4,0,69,64,9.561499988194555,6693.510440727906
http,onnx-fp32,64,4,1,0,64,17.743400007020682,3606.974986455616
http,onnx-fp32,64,4,1,1,64,17.602200037799776,3635.9091399122526
http,onnx-fp32,64,4,1,2,64,26.245600020047277,2438.503975947002
http,onnx-fp32,64,4,1,3,64,25.135800009593368,2546.1692078857113
http,onnx-fp32,64,4,1,4,64,15.403099998366088,4155.007758619298
http,onnx-fp32,64,4,1,5,64,20.709500007797033,3090.3691530893693
http,onnx-fp32,64,4,1,6,64,18.495399970561266,3460.3198688250827
http,onnx-fp32,64,4,1,7,64,18.570800020825118,3446.2704852904026
http,onnx-fp32,64,4,1,8,64,26.7015999997966,2396.8601132698986
http,onnx-fp32,64,4,1,9,64,19.26979998825118,3321.259174408706
http,onnx-fp32,64,4,1,10,64,12.908299977425486,4958.050255411292
http,onnx-fp32,64,4,1,11,64,12.52849999582395,5108.35295696474
http,onnx-fp32,64,4,1,12,64,23.546199954580516,2718.0606689594465
http,onnx-fp32,64,4,1,13,64,22.773200005758554,2810.3209028075375
http,onnx-fp32,64,4,1,14,64,28.86040002340451,2217.5714802323887
http,onnx-fp32,64,4,1,15,64,26.225199981126934,2440.40083759353
http,onnx-fp32,64,4,1,16,64,22.0850000041537,2897.894497983383
http,onnx-fp32,64,4,1,17,64,26.399900030810386,2424.251604184405
http,onnx-fp32,64,4,1,18,64,27.872600010596216,2296.161821131483
http,onnx-fp32,64,4,1,19,64,19.05339997028932,3358.9805546410403
http,onnx-fp32,64,4,1,20,64,23.373299976810813,2738.1670565772
http,onnx-fp32,64,4,1,21,64,24.22410005237907,2641.9970137843984
http,onnx-fp32,64,4,1,22,64,24.155499995686114,2649.5001143188774
http,onnx-fp32,64,4,1,23,64,21.984499995596707,2911.141941495991
http,onnx-fp32,64,4,1,24,64,14.578400005120784,4390.056520435676
http,onnx-fp32,64,4,1,25,64,18.22809997247532,3511.0625954784578
http,onnx-fp32,64,4,1,26,64,20.13790002092719,3178.087086215125
http,onnx-fp32,64,4,1,27,64,15.862800006289035,4034.5966648149306
http,onnx-fp32,64,4,1,28,64,32.08269999595359,1994.8445738068167
http,onnx-fp32,64,4,1,29,64,35.15399998286739,1820.560961233173
http,onnx-fp32,64,4,1,30,64,14.617599954362959,4378.283726453858
http,onnx-fp32,64,4,1,31,64,28.665499994531274,2232.649003583044
http,onnx-fp32,64,4,1,32,64,22.390600002836436,2858.3423397270503
http,onnx-fp32,64,4,1,33,64,33.36850000778213,1917.9765343085262
http,onnx-fp32,64,4,1,34,64,31.68249997543171,2020.0426118402586
http,onnx-fp32,64,4,1,35,64,23.94849999109283,2672.4011952232304
http,onnx-fp32,64,4,1,36,64,23.58580002328381,2713.4971015110555
http,onnx-fp32,64,4,1,37,64,22.989199962466955,2783.91593028417
http,onnx-fp32,64,4,1,38,64,23.86880002450198,2681.3245715872704
http,onnx-fp32,64,4,1,39,64,23.333400022238493,2742.849303530697
http,onnx-fp32,64,4,1,40,64,23.10400002170354,2770.0830998909014
http,onnx-fp32,64,4,1,41,64,25.967299996409565,2464.6382184073477
http,onnx-fp32,64,4,1,42,64,23.854800034314394,2682.8981969221277
http,onnx-fp32,64,4,1,43,64,15.203299990389496,4209.612389445482
http,onnx-fp32,64,4,1,44,64,20.180800056550652,3171.33115737033
http,onnx-fp32,64,4,1,45,64,22.329900006297976,2866.112252269347
http,onnx-fp32,64,4,1,46,64,22.22550002625212,2879.575259247488
http,onnx-fp32,64,4,1,47,64,19.98849998926744,3201.841060327886
http,onnx-fp32,64,4,1,48,64,23.638700018636882,2707.424687040406
http,onnx-fp32,64,4,1,49,64,26.063900033477694,2455.503586101673
http,onnx-fp32,64,4,1,50,64,27.437000011559576,2332.616538726389
http,onnx-fp32,64,4,1,51,64,27.42900000885129,2333.296874816702
http,onnx-fp32,64,4,1,52,64,40.61039997031912,1575.9509890760892
http,onnx-fp32,64,4,1,53,64,22.041399963200092,2903.6268162119104
http,onnx-fp32,64,4,1,54,64,18.896699999459088,3386.834738437504
http,onnx-fp32,64,4,1,55,64,25.81850002752617,2478.8426876761605
http,onnx-fp32,64,4,1,56,64,30.515700054820627,2097.281067942919
http,onnx-fp32,64,4,1,57,64,24.137699976563454,2651.453952205095
http,onnx-fp32,64,4,1,58,64,24.631300009787083,2598.320022677245
http,onnx-fp32,64,4,1,59,64,29.22490000491962,2189.9133954000345
http,onnx-fp32,64,4,1,60,64,25.68959997734055,2491.2805203837756
http,onnx-fp32,64,4,1,61,64,15.489400015212595,4131.857911677904
http,onnx-fp32,64,4,1,62,64,30.030099966097623,2131.1950367215754
http,onnx-fp32,64,4,1,63,64,28.968000027816743,2209.3344358790223
http,onnx-fp32,64,4,1,64,64,22.58679998340085,2833.5133815783515
http,onnx-fp32,64,4,1,65,64,20.295900001656264,3153.3462420871815
http,onnx-fp32,64,4,1,66,64,25.455900002270937,2514.151925262533
http,onnx-fp32,64,4,1,67,64,27.798899973277003,2302.249371792517
http,onnx-fp32,64,4,1,68,64,13.977900031022727,4578.656297294843
http,onnx-fp32,64,4,1,69,64,13.170899997930974,4859.197170280983
http,onnx-fp32,64,4,2,0,64,15.174800006207079,4217.518515817113
http,onnx-fp32,64,4,2,1,64,20.968600001651794,3052.1827873562574
http,onnx-fp32,64,4,2,2,64,11.851100018247962,5400.342575917404
http,onnx-fp32,64,4,2,3,64,26.701900002080947,2396.8331839686434
http,onnx-fp32,64,4,2,4,64,26.53229999123141,2412.15424298501
http,onnx-fp32,64,4,2,5,64,25.210599997080863,2538.614709979555
http,onnx-fp32,64,4,2,6,64,20.185599976684898,3170.5770486843257
http,onnx-fp32,64,4,2,7,64,20.05769999232143,3190.794558922545
http,onnx-fp32,64,4,2,8,64,25.930600007995963,2468.1264598684547
http,onnx-fp32,64,4,2,9,64,22.62239996343851,2829.0543931428338
http,onnx-fp32,64,4,2,10,64,20.380400004796684,3140.2720253251705
http,onnx-fp32,64,4,2,11,64,28.053799993358552,2281.330871937183
http,onnx-fp32,64,4,2,12,64,26.164099981542677,2446.099810241837
http,onnx-fp32,64,4,2,13,64,20.339099981356412,3146.6485763217065
http,onnx-fp32,64,4,2,14,64,20.17190004698932,3172.730374972886
http,onnx-fp32,64,4,2,15,64,24.913500004913658,2568.8883531971564
http,onnx-fp32,64,4,2,16,64,21.060200000647455,3038.9075126557414
http,onnx-fp32,64,4,2,17,64,15.257999999448657,4194.520907216714
http,onnx-fp32,64,4,2,18,64,22.97520003048703,2785.612308710042
http,onnx-fp32,64,4,2,19,64,23.192099994048476,2759.560368247101
http,onnx-fp32,64,4,2,20,64,22.33220002381131,2865.8170682584405
http,onnx-fp32,64,4,2,21,64,28.050600027199835,2281.591122398134
http,onnx-fp32,64,4,2,22,64,22.103000024799258,2895.534539573492
http,onnx-fp32,64,4,2,23,64,28.081300028134137,2279.096763179752
http,onnx-fp32,64,4,2,24,64,27.325899980496615,2342.100353352639
http,onnx-fp32,64,4,2,25,64,20.56029997766018,3112.795050147093
http,onnx-fp32,64,4,2,26,64,29.274099972099066,2186.23288370942
http,onnx-fp32,64,4,2,27,64,27.799100033007562,2302.232803364458
http,onnx-fp32,64,4,2,28,64,33.750400005374104,1896.273821637943
http,onnx-fp32,64,4,2,29,64,12.530100008007139,5107.700653554395
http,onnx-fp32,64,4,2,30,64,24.385299999266863,2624.531992713813
http,onnx-fp32,64,4,2,31,64,26.75170003203675,2392.3713230694198
http,onnx-fp32,64,4,2,32,64,25.77549999114126,2482.978022618225
http,onnx-fp32,64,4,2,33,64,25.75010003056377,2485.42723810921
http,onnx-fp32,64,4,2,34,64,21.479799994267523,2979.5435719643647
http,onnx-fp32,64,4,2,35,64,28.47789996303618,2247.3567251472505
http,onnx-fp32,64,4,2,36,64,22.4002999602817,2857.1045974151834
http,onnx-fp32,64,4,2,37,64,18.600800016429275,3440.712224392047
http,onnx-fp32,64,4,2,38,64,19.991000008303672,3201.440646961947
http,onnx-fp32,64,4,2,39,64,20.961600006558,3053.2020446901524
http,onnx-fp32,64,4,2,40,64,29.083099972922355,2200.590723120534
http,onnx-fp32,64,4,2,41,64,21.90719998907298,2921.4139658159124
http,onnx-fp32,64,4,2,42,64,28.606400010176003,2237.2615910157733
http,onnx-fp32,64,4,2,43,64,27.332100027706474,2341.569068425894
http,onnx-fp32,64,4,2,44,64,24.19739996548742,2644.9122670734355
http,onnx-fp32,64,4,2,45,64,19.720599986612797,3245.3373651636357
http,onnx-fp32,64,4,2,46,64,24.016500043217093,2664.8345880887555
http,onnx-fp32,64,4,2,47,64,22.14989997446537,2889.4035672296422
http,onnx-fp32,64,4,2,48,64,29.91069998824969,2139.7025153253576
http,onnx-fp32,64,4,2,49,64,17.328399990219623,3693.3588811501604
http,onnx-fp32,64,4,2,50,64,25.20199998980388,2539.480994599351
http,onnx-fp32,64,4,2,51,64,24.079599999822676,2657.8514593461396
http,onnx-fp32,64,4,2,52,64,15.645399980712682,4090.6592403452673
http,onnx-fp32,64,4,2,53,64,19.990300002973527,3201.5527526090204
http,onnx-fp32,64,4,2,54,64,20.32740000868216,3148.4597131293017
http,onnx-fp32,64,4,2,55,64,28.542499989271164,2242.2702995202576
http,onnx-fp32,64,4,2,56,64,28.05279998574406,2281.4121953075514
http,onnx-fp32,64,4,2,57,64,20.922399999108166,3058.9224946816835
http,onnx-fp32,64,4,2,58,64,24.660499999299645,2595.2434055196604
http,onnx-fp32,64,4,2,59,64,20.360499969683588,3143.3412782247406
http,onnx-fp32,64,4,2,60,64,23.60200003022328,2711.634603764321
http,onnx-fp32,64,4,2,61,64,15.313199954107404,4179.400790938768
http,onnx-fp32,64,4,2,62,64,20.700699998997152,3091.6828901003582
http,onnx-fp32,64,4,2,63,64,19.769799953792244,3237.2608802105515
http,onnx-fp32,64,4,2,64,64,18.569700012449175,3446.474631097661
http,onnx-fp32,64,4,2,65,64,19.631600007414818,3260.0501220393307
http,onnx-fp32,64,4,2,66,64,18.959000008180737,3375.7054682411645
http,onnx-fp32,64,4,2,67,64,22.690400015562773,2820.576100734408
http,onnx-fp32,64,4,2,68,64,19.499000045470893,3282.219593351174
http,onnx-fp32,64,4,2,69,64,11.914399976376444,5371.651121911091
http,onnx-int8,1,1,0,0,1,2.667599997948855,374.86879620966795
http,onnx-int8,1,1,0,1,1,3.0014999792911112,333.16675225704256
http,onnx-int8,1,1,0,2,1,2.5898999883793294,386.1152957592643
http,onnx-int8,1,1,0,3,1,2.0367999677546322,490.9662292966352
http,onnx-int8,1,1,0,4,1,2.000100037548691,499.97499186370356
http,onnx-int8,1,1,0,5,1,3.692900005262345,270.78989373527855
http,onnx-int8,1,1,0,6,1,2.1835999796167016,457.95933748613385
http,onnx-int8,1,1,0,7,1,1.7779000336304307,562.4613201440933
http,onnx-int8,1,1,0,8,1,1.7922999686561525,557.9423185226017
http,onnx-int8,1,1,0,9,1,1.963699993211776,509.2427577821734
http,onnx-int8,1,1,0,10,1,2.5451999972574413,392.8964329237551
http,onnx-int8,1,1,0,11,1,3.8148000021465123,262.13694019013315
http,onnx-int8,1,1,0,12,1,2.324500004760921,430.20004213889075
http,onnx-int8,1,1,0,13,1,3.143399953842163,318.12687366674567
http,onnx-int8,1,1,0,14,1,2.9394999728538096,340.19391367068164
http,onnx-int8,1,1,0,15,1,4.127499996684492,242.2774078263532
http,onnx-int8,1,1,0,16,1,2.5671000475995243,389.54461511349837
http,onnx-int8,1,1,0,17,1,2.031800046097487,492.17441545033773
http,onnx-int8,1,1,0,18,1,2.660800004377961,375.82681838343535
http,onnx-int8,1,1,0,19,1,1.9360000151209533,516.5289215855322
http,onnx-int8,1,1,0,20,1,1.9510999554768205,512.5314042435178
http,onnx-int8,1,1,0,21,1,1.9808000070042908,504.8465248707129
http,onnx-int8,1,1,0,22,1,2.390799985732883,418.2700376307125
http,onnx-int8,1,1,0,23,1,3.3612000406719744,297.51278945006766
http,onnx-int8,1,1,0,24,1,1.971399993635714,507.25372995247426
http,onnx-int8,1,1,0,25,1,2.392499998677522,417.9728319969738
http,onnx-int8,1,1,0,26,1,2.0809000125154853,480.5612927029373
http,onnx-int8,1,1,0,27,1,2.938099962193519,340.35601676854543
http,onnx-int8,1,1,0,28,1,2.822799957357347,354.25818871564013
http,onnx-int8,1,1,0,29,1,1.756999990902841,569.151966521153
http,onnx-int8,1,1,0,30,1,1.5069000073708594,663.6140388271247
http,onnx-int8,1,1,0,31,1,2.087300003040582,479.0878160989289
http,onnx-int8,1,1,0,32,1,1.6966999974101782,589.3793844087862
http,onnx-int8,1,1,0,33,1,1.8887000042013824,529.4647099992144
http,onnx-int8,1,1,0,34,1,1.9455000292509794,514.0066743586746
http,onnx-int8,1,1,0,35,1,2.436599985230714,410.40794798548484
http,onnx-int8,1,1,0,36,1,2.1634000004269183,462.23537015931555
http,onnx-int8,1,1,0,37,1,3.618000017013401,276.3957974841259
http,onnx-int8,1,1,0,38,1,1.8932000384666026,528.2062009727985
http,onnx-int8,1,1,0,39,1,1.9925000378862023,501.882048173448
http,onnx-int8,1,1,0,40,1,1.8554999842308462,538.9382961458372
http,onnx-int8,1,1,0,41,1,2.344599983189255,426.51198804486233
http,onnx-int8,1,1,0,42,1,1.7278000013902783,578.7706905864959
http,onnx-int8,1,1,0,43,1,1.9598999642767012,510.2301230813323
http,onnx-int8,1,1,0,44,1,1.9600000232458115,510.2040755815777
http,onnx-int8,1,1,0,45,1,5.036999995354563,198.5308717336237
http,onnx-int8,1,1,0,46,1,2.307099988684058,433.44458623589514
http,onnx-int8,1,1,0,47,1,1.9601000240072608,510.1780458915477
http,onnx-int8,1,1,0,48,1,1.8770000315271318,532.765041664063
http,onnx-int8,1,1,0,49,1,1.821399957407266,549.0282328893234
http,onnx-int8,1,1,0,50,1,2.5050000404007733,399.20159036804273
http,onnx-int8,1,1,0,51,1,1.7319000326097012,577.4005318847169
http,onnx-int8,1,1,0,52,1,1.6824000049382448,594.3889663960781
http,onnx-int8,1,1,0,53,1,1.7120999982580543,584.0780334194453
http,onnx-int8,1,1,0,54,1,1.4764999505132437,677.277367772611
http,onnx-int8,1,1,0,55,1,2.0989999757148325,476.41734710332304
http,onnx-int8,1,1,0,56,1,1.6432999982498586,608.5316138654027
http,onnx-int8,1,1,0,57,1,1.514200004749,660.4147383857419
http,onnx-int8,1,1,0,58,1,1.4332000282593071,697.7393108305683
http,onnx-int8,1,1,0,59,1,2.141500008292496,466.9624077178221
http,onnx-int8,1,1,0,60,1,2.6866000262089074,372.2176692639699
http,onnx-int8,1,1,0,61,1,2.3043000255711377,433.97126628601353
http,onnx-int8,1,1,0,62,1,2.2583999671041965,442.79136316240596
http,onnx-int8,1,1,0,63,1,1.6134000034071505,619.8090974886682
http,onnx-int8,1,1,0,64,1,1.5381000121124089,650.1527807847888
http,onnx-int8,1,1,0,65,1,1.4403000241145492,694.2997870285868
http,onnx-int8,1,1,0,66,1,1.4059999957680702,711.2375554835756
http,onnx-int8,1,1,0,67,1,2.097100019454956,476.8489775036594
http,onnx-int8,1,1,0,68,1,1.7470000311732292,572.4098352353388
http,onnx-int8,1,1,0,69,1,1.498500001616776,667.3339999473276
http,onnx-int8,1,1,1,0,1,1.81200000224635,551.876379006784
http,onnx-int8,1,1,1,1,1,1.5147000085562468,660.1967348987878
http,onnx-int8,1,1,1,2,1,2.1627999958582222,462.3636036226222
http,onnx-int8,1,1,1,3,1,2.941099985036999,340.00884195965887
http,onnx-int8,1,1,1,4,1,1.7957999953068793,556.8548850726067
http,onnx-int8,1,1,1,5,1,1.575700007379055,634.6385703604539
http,onnx-int8,1,1,1,6,1,1.4227000065147877,702.8888700504873
http,onnx-int8,1,1,1,7,1,1.6189999878406525,617.665230086724
http,onnx-int8,1,1,1,8,1,1.4646999770775437,682.7336762817866
http,onnx-int8,1,1,1,9,1,1.3958000345155597,716.4350016276293
http,onnx-int8,1,1,1,10,1,2.730300009716302,366.26011663235033
http,onnx-int8,1,1,1,11,1,2.5657000369392335,389.75717566460173
http,onnx-int8,1,1,1,12,1,1.5815000515431166,632.3110764519232
http,onnx-int8,1,1,1,13,1,1.389099983498454,719.8905851841535
http,onnx-int8,1,1,1,14,1,1.996200007852167,500.95180646550585
http,onnx-int8,1,1,1,15,1,1.5263999812304974,655.1362763997524
http,onnx-int8,1,1,1,16,1,1.3155000051483512,760.1672338170978
http,onnx-int8,1,1,1,17,1,1.2939000152982771,772.8572441275336
http,onnx-int8,1,1,1,18,1,1.953599974513054,511.8755185535134
http,onnx-int8,1,1,1,19,1,1.5993999550119042,625.2344805102592
http,onnx-int8,1,1,1,20,1,1.639600028283894,609.9048443214906
http,onnx-int8,1,1,1,21,1,1.428699993994087,699.9370086118574
http,onnx-int8,1,1,1,22,1,1.3208999880589545,757.0595874328737
http,onnx-int8,1,1,1,23,1,1.9806000054813921,504.89750440899667
http,onnx-int8,1,1,1,24,1,1.5018999692983925,665.8233041093587
http,onnx-int8,1,1,1,25,1,1.3631999609060585,733.5680961546861
http,onnx-int8,1,1,1,26,1,1.32310000481084,755.8007681686671
http,onnx-int8,1,1,1,27,1,1.3116999762132764,762.3694580576897
http,onnx-int8,1,1,1,28,1,1.9317999831400812,517.6519353595453
http,onnx-int8,1,1,1,29,1,1.7627000343054533,567.3114997096056
http,onnx-int8,1,1,1,30,1,1.5366999432444572,650.7451271773234
http,onnx-int8,1,1,1,31,1,1.7372999573126435,575.6058392742138
http,onnx-int8,1,1,1,32,1,2.1966000203974545,455.2490169871979
http,onnx-int8,1,1,1,33,1,1.6003000200726092,624.8828266306137
http,onnx-int8,1,1,1,34,1,1.4099000254645944,709.270148194002
http,onnx-int8,1,1,1,35,1,1.3343000318855047,749.4566260235308
http,onnx-int8,1,1,1,36,1,3.3927999902516603,294.74180702465316
http,onnx-int8,1,1,1,37,1,1.5536000137217343,643.6663176929594
http,onnx-int8,1,1,1,38,1,1.4273000415414572,700.6235345723236
http,onnx-int8,1,1,1,39,1,1.698400010354817,588.7894453033402
http,onnx-int8,1,1,1,40,1,2.701499965041876,370.1647280918988
http,onnx-int8,1,1,1,41,1,1.922300027217716,520.2101575410018
http,onnx-int8,1,1,1,42,1,1.7445000121369958,573.2301479178608
http,onnx-int8,1,1,1,43,1,1.6391000244766474,610.090894434153
http,onnx-int8,1,1,1,44,1,2.390799985732883,418.2700376307125
http,onnx-int8,1,1,1,45,1,2.4427000316791236,409.38305441974194
http,onnx-int8,1,1,1,46,1,1.6266999882645905,614.7415056336407
http,onnx-int8,1,1,1,47,1,2.470599953085184,404.7599850195257
http,onnx-int8,1,1,1,48,1,1.8076000269502401,553.2197306321063
http,onnx-int8,1,1,1,49,1,1.5427999896928668,648.1721588545481
http,onnx-int8,1,1,1,50,1,1.4709000242874026,679.8558593297076
http,onnx-int8,1,1,1,51,1,2.035900019109249,491.1832558641666
http,onnx-int8,1,1,1,52,1,1.5574999852105975,642.0545807355401
http,onnx-int8,1,1,1,53,1,1.7080000252462924,585.4800850227158
http,onnx-int8,1,1,1,54,1,1.5140000032261014,660.5019800985162
http,onnx-int8,1,1,1,55,1,2.168699982576072,461.1057352488924
http,onnx-int8,1,1,1,56,1,2.176899986807257,459.36883001531305
http,onnx-int8,1,1,1,57,1,1.8152999691665173,550.873143274025
http,onnx-int8,1,1,1,58,1,3.2183000002987683,310.7230525144225
http,onnx-int8,1,1,1,59,1,1.864899997599423,536.2217820190046
http,onnx-int8,1,1,1,60,1,2.802099974360317,356.87520400776816
http,onnx-int8,1,1,1,61,1,1.6657999949529767,600.3121641432282
http,onnx-int8,1,1,1,62,1,2.09950003772974,476.3038733170653
http,onnx-int8,1,1,1,63,1,1.9447000231593847,514.2181252074997
http,onnx-int8,1,1,1,64,1,1.7316999728791416,577.4672377787188
http,onnx-int8,1,1,1,65,1,2.589999989140779,386.1003877192083
http,onnx-int8,1,1,1,66,1,1.5572000411339104,642.1782517240542
http,onnx-int8,1,1,1,67,1,1.54669996118173,646.537806360302
http,onnx-int8,1,1,1,68,1,1.402399968355894,713.0633361125583
http,onnx-int8,1,1,1,69,1,1.353300001937896,738.9344554555693
http,onnx-int8,1,1,2,0,1,1.4245000202208757,702.0006920357538
http,onnx-int8,1,1,2,1,1,1.3487000251188874,741.454720379241
http,onnx-int8,1,1,2,2,1,1.278800016734749,781.9830989315835
http,onnx-int8,1,1,2,3,1,1.2607999960891902,793.1472105820494
http,onnx-int8,1,1,2,4,1,1.269300002604723,787.8358133994375
http,onnx-int8,1,1,2,5,1,1.2864999589510262,777.3027842265694
http,onnx-int8,1,1,2,6,1,1.3833999983035028,722.8567306826112
http,onnx-int8,1,1,2,7,1,1.3752999948337674,727.1140869311718
http,onnx-int8,1,1,2,8,1,1.7096000374294817,584.9321350645141
http,onnx-int8,1,1,2,9,1,1.7757999594323337,563.1264910714763
http,onnx-int8,1,1,2,10,1,1.6202999977394938,617.1696608005406
http,onnx-int8,1,1,2,11,1,1.497599994763732,667.735045069738
http,onnx-int8,1,1,2,12,1,1.4807999832555652,675.3106505319389
http,onnx-int8,1,1,2,13,1,1.4099000254645944,709.270148194002
http,onnx-int8,1,1,2,14,1,1.5919000143185258,628.1801564202439
http,onnx-int8,1,1,2,15,1,1.7463999683968723,572.6065151718717
http,onnx-int8,1,1,2,16,1,1.8010000349022448,555.2470741924657
http,onnx-int8,1,1,2,17,1,1.7416999908164144,574.1516939041002
http,onnx-int8,1,1,2,18,1,1.7056000069715083,586.3039375660045
http,onnx-int8,1,1,2,19,1,1.8333999905735254,545.4347142694046
http,onnx-int8,1,1,2,20,1,1.8611999694257975,537.2877801564289
http,onnx-int8,1,1,2,21,1,1.6669000033289194,599.9160105602783
http,onnx-int8,1,1,2,22,1,1.64760003099218,606.943421455147
http,onnx-int8,1,1,2,23,1,2.4301999947056174,411.48876725313926
http,onnx-int8,1,1,2,24,1,2.4511999799869955,407.96344980604374
http,onnx-int8,1,1,2,25,1,2.0736000151373446,482.2530828992906
http,onnx-int8,1,1,2,26,1,1.8116000574082136,551.9982161132526
http,onnx-int8,1,1,2,27,1,4.508399986661971,221.8081809419049
http,onnx-int8,1,1,2,28,1,1.9388000364415348,515.7829488364338
http,onnx-int8,1,1,2,29,1,1.636000000871718,611.2469434395874
http,onnx-int8,1,1,2,30,1,1.4134999946691096,707.4637451513348
http,onnx-int8,1,1,2,31,1,1.3167000142857432,759.474435444933
http,onnx-int8,1,1,2,32,1,1.3096000184305012,763.59192572283
http,onnx-int8,1,1,2,33,1,1.3883000356145203,720.3053910153923
http,onnx-int8,1,1,2,34,1,1.3669999898411334,731.5289008277283
http,onnx-int8,1,1,2,35,1,1.4346000389195979,697.0583945843912
http,onnx-int8,1,1,2,36,1,1.40299997292459,712.7583886658771
http,onnx-int8,1,1,2,37,1,2.3870999575592577,418.9183602610725
http,onnx-int8,1,1,2,38,1,1.8866999889723957,530.02597437055
http,onnx-int8,1,1,2,39,1,1.5798000385984778,632.9915024480894
http,onnx-int8,1,1,2,40,1,1.371599966660142,729.0755499469782
http,onnx-int8,1,1,2,41,1,1.3344999752007425,749.3443376419507
http,onnx-int8,1,1,2,42,1,1.3707000180147588,729.554232769575
http,onnx-int8,1,1,2,43,1,1.354500011075288,738.2798020105859
http,onnx-int8,1,1,2,44,1,1.4414000324904919,693.769930247727
http,onnx-int8,1,1,2,45,1,1.2975999852642417,770.6535229316924
http,onnx-int8,1,1,2,46,1,1.3098000199534,763.4753281157974
http,onnx-int8,1,1,2,47,1,1.3750999933108687,727.2198420947342
http,onnx-int8,1,1,2,48,1,1.3233000063337386,755.6865376057425
http,onnx-int8,1,1,2,49,1,1.4412999735213816,693.8180936455592
http,onnx-int8,1,1,2,50,1,1.3351000379770994,749.0075436707857
http,onnx-int8,1,1,2,51,1,1.276399998459965,783.4534638095784
http,onnx-int8,1,1,2,52,1,1.2667000410147011,789.452883572137
http,onnx-int8,1,1,2,53,1,1.2610999983735383,792.9585292916634
http,onnx-int8,1,1,2,54,1,1.2874000240117311,776.7593454626872
http,onnx-int8,1,1,2,55,1,1.485800021328032,673.0380842949402
http,onnx-int8,1,1,2,56,1,1.435799989849329,696.4758372124927
http,onnx-int8,1,1,2,57,1,1.3613999471999705,734.5380041013871
http,onnx-int8,1,1,2,58,1,1.4242999604903162,702.099296313783
http,onnx-int8,1,1,2,59,1,1.7753999563865364,563.2533651940014
http,onnx-int8,1,1,2,60,1,1.9283000146970153,518.591501518567
http,onnx-int8,1,1,2,61,1,1.8137000151909888,551.3590955639357
http,onnx-int8,1,1,2,62,1,1.8549999804235995,539.0835636406015
http,onnx-int8,1,1,2,63,1,1.748099981341511,572.0496600157784
http,onnx-int8,1,1,2,64,1,1.7104000435210764,584.6585445246906
http,onnx-int8,1,1,2,65,1,1.9980999641120434,500.47546066815556
http,onnx-int8,1,1,2,66,1,2.5468000094406307,392.6495980419115
http,onnx-int8,1,1,2,67,1,1.9463999778963625,513.7690152877949
http,onnx-int8,1,1,2,68,1,2.1985999774187803,454.8348996046242
http,onnx-int8,1,1,2,69,1,3.055599983781576,327.26796874845223
http,onnx-int8,1,4,0,0,1,4.200300027150661,238.07823096826863
http,onnx-int8,1,4,0,1,1,6.501800031401217,153.80356134768542
http,onnx-int8,1,4,0,2,1,6.722900026943535,148.74533251904313
http,onnx-int8,1,4,0,3,1,4.286699986550957,233.27967973905066
http,onnx-int8,1,4,0,4,1,3.7339000264182687,267.81649024471784
http,onnx-int8,1,4,0,5,1,11.663999990560114,85.7338820995643
http,onnx-int8,1,4,0,6,1,7.3028000188060105,136.9337784719316
http,onnx-int8,1,4,0,7,1,6.9973000208847225,142.91226573325667
http,onnx-int8,1,4,0,8,1,3.4011999960057437,294.01387780029603
http,onnx-int8,1,4,0,9,1,4.769399994984269,209.66997967284107
http,onnx-int8,1,4,0,10,1,6.181500037200749,161.7730314619303
http,onnx-int8,1,4,0,11,1,5.490500014275312,182.13277431927835
http,onnx-int8,1,4,0,12,1,8.420300029683858,118.76061381123318
http,onnx-int8,1,4,0,13,1,5.086599965579808,196.5949763627643
http,onnx-int8,1,4,0,14,1,4.822400049306452,207.36562495345402
http,onnx-int8,1,4,0,15,1,4.443999961949885,225.02250417689743
http,onnx-int8,1,4,0,16,1,5.719700013287365,174.83434405246993
http,onnx-int8,1,4,0,17,1,3.8588999886997044,259.14120680203484
http,onnx-int8,1,4,0,18,1,3.903399978298694,256.1869153967287
http,onnx-int8,1,4,0,19,1,3.978900029323995,251.32574144364654
http,onnx-int8,1,4,0,20,1,5.117999971844256,195.38882483417697
http,onnx-int8,1,4,0,21,1,3.5165000008419156,284.3736669303516
http,onnx-int8,1,4,0,22,1,3.3706999965943396,296.6742816063049
http,onnx-int8,1,4,0,23,1,3.577299998141825,279.54043566920166
http,onnx-int8,1,4,0,24,1,4.461900040041655,224.1197675935977
http,onnx-int8,1,4,0,25,1,3.771499963477254,265.14649600527065
http,onnx-int8,1,4,0,26,1,4.976100055500865,200.9605893865705
http,onnx-int8,1,4,0,27,1,4.087000037543476,244.67824585611163
http,onnx-int8,1,4,0,28,1,4.915199999231845,203.45052086512888
http,onnx-int8,1,4,0,29,1,4.683000035583973,213.5383285076784
http,onnx-int8,1,4,0,30,1,4.791599989403039,208.69855626754537
http,onnx-int8,1,4,0,31,1,6.512399995699525,153.5532216479872
http,onnx-int8,1,4,0,32,1,5.703800008632243,175.32171508232764
http,onnx-int8,1,4,0,33,1,5.548699991777539,180.2223947017989
http,onnx-int8,1,4,0,34,1,7.610799977555871,131.39223247871237
http,onnx-int8,1,4,0,35,1,5.399900022894144,185.18861381882354
http,onnx-int8,1,4,0,36,1,3.931000013835728,254.38819549233122
http,onnx-int8,1,4,0,37,1,4.776100046001375,209.3758485727734
http,onnx-int8,1,4,0,38,1,5.89240004774183,169.71013371422978
http,onnx-int8,1,4,0,39,1,5.875800037756562,170.1895901110021
http,onnx-int8,1,4,0,40,1,5.488599999807775,182.19582407809324
http,onnx-int8,1,4,0,41,1,6.464499980211258,154.69100519160654
http,onnx-int8,1,4,0,42,1,5.915299989283085,169.05313370610588
http,onnx-int8,1,4,0,43,1,4.239399975631386,235.88243754968346
http,onnx-int8,1,4,0,44,1,4.117899981793016,242.84222647986218
http,onnx-int8,1,4,0,45,1,3.8914000033400953,256.97692325170186
http,onnx-int8,1,4,0,46,1,3.8956000353209674,256.6998641886006
http,onnx-int8,1,4,0,47,1,4.217799985781312,237.0904270878455
http,onnx-int8,1,4,0,48,1,4.374299955088645,228.60800819950515
http,onnx-int8,1,4,0,49,1,6.009800010360777,166.3948880621684
http,onnx-int8,1,4,0,50,1,7.324399950448424,136.52995559571767
http,onnx-int8,1,4,0,51,1,2.7176999719813466,367.9582037420221
http,onnx-int8,1,4,0,52,1,4.583799978718162,218.15960658031273
http,onnx-int8,1,4,0,53,1,3.5363000351935625,282.7814354121296
http,onnx-int8,1,4,0,54,1,4.788100020959973,208.8511091294013
http,onnx-int8,1,4,0,55,1,6.454100017435849,154.94027010713884
http,onnx-int8,1,4,0,56,1,4.174900008365512,239.52669477023082
http,onnx-int8,1,4,0,57,1,4.224300035275519,236.72560936708598
http,onnx-int8,1,4,0,58,1,5.333199980668724,187.5046882968396
http,onnx-int8,1,4,0,59,1,4.676700045820326,213.825986315655
http,onnx-int8,1,4,0,60,1,3.3528999774716794,298.2492787494573
http,onnx-int8,1,4,0,61,1,4.980299971066415,200.7911181675013
http,onnx-int8,1,4,0,62,1,5.1515999948605895,194.1144500733042
http,onnx-int8,1,4,0,63,1,5.93369995476678,168.52891241941882
http,onnx-int8,1,4,0,64,1,3.9813999901525676,251.16793149981393
http,onnx-int8,1,4,0,65,1,4.0472999680787325,247.07830106170843
http,onnx-int8,1,4,0,66,1,4.134799994062632,241.8496665947447
http,onnx-int8,1,4,0,67,1,3.765599976759404,265.56193068085236
http,onnx-int8,1,4,0,68,1,2.980199991725385,335.5479507336857
http,onnx-int8,1,4,0,69,1,2.675600000657141,373.74794429451146
http,onnx-int8,1,4,1,0,1,4.581500019412488,218.26912490731274
http,onnx-int8,1,4,1,1,1,6.681200000457466,149.6737112990974
http,onnx-int8,1,4,1,2,1,6.514200009405613,153.51079158701558
http,onnx-int8,1,4,1,3,1,4.0148000116460025,249.07840916091268
http,onnx-int8,1,4,1,4,1,8.072199998423457,123.88196528769174
http,onnx-int8,1,4,1,5,1,2.6035000337287784,384.09832419621
http,onnx-int8,1,4,1,6,1,4.768299986608326,209.71834884727883
http,onnx-int8,1,4,1,7,1,4.484800039790571,222.97538153935122
http,onnx-int8,1,4,1,8,1,4.362199979368597,229.24212661720844
http,onnx-int8,1,4,1,9,1,6.344399997033179,157.6193178972997
http,onnx-int8,1,4,1,10,1,2.756199974101037,362.8183765316812
http,onnx-int8,1,4,1,11,1,4.711899964604527,212.22861425580598
http,onnx-int8,1,4,1,12,1,5.90270000975579,169.4139967044289
http,onnx-int8,1,4,1,13,1,4.463299992494285,224.04947049977628
http,onnx-int8,1,4,1,14,1,5.981600028462708,167.1793492111848
http,onnx-int8,1,4,1,15,1,3.9119000430218875,255.6302535858033
http,onnx-int8,1,4,1,16,1,3.8284999900497496,261.1989036434621
http,onnx-int8,1,4,1,17,1,4.158299998380244,240.48288973607572
http,onnx-int8,1,4,1,18,1,4.2888999450951815,233.16002070498465
http,onnx-int8,1,4,1,19,1,4.673600022215396,213.96781822291598
http,onnx-int8,1,4,1,20,1,4.684299987275153,213.47906895725902
http,onnx-int8,1,4,1,21,1,4.662000050302595,214.50021218577493
http,onnx-int8,1,4,1,22,1,4.559100023470819,219.34153557760843
http,onnx-int8,1,4,1,23,1,5.051299987826496,197.96884018173031
http,onnx-int8,1,4,1,24,1,4.220600007101893,236.93313706992515
http,onnx-int8,1,4,1,25,1,5.368299956899136,186.2787117018001
http,onnx-int8,1,4,1,26,1,7.022200035862625,142.4055132142298
http,onnx-int8,1,4,1,27,1,2.990200009662658,334.42578983631796
http,onnx-int8,1,4,1,28,1,3.6985999904572964,270.372574103738
http,onnx-int8,1,4,1,29,1,3.9050999912433326,256.0753891686172
http,onnx-int8,1,4,1,30,1,5.5198000045493245,181.16598412547867
http,onnx-int8,1,4,1,31,1,6.69680000282824,149.32505070745324
http,onnx-int8,1,4,1,32,1,2.7055999962612987,369.6037852534884
http,onnx-int8,1,4,1,33,1,4.415999981574714,226.44927630715412
http,onnx-int8,1,4,1,34,1,5.273599992506206,189.62378667722268
http,onnx-int8,1,4,1,35,1,4.678099998272955,213.76199747101953
http,onnx-int8,1,4,1,36,1,4.3759000254794955,228.52441650341945
http,onnx-int8,1,4,1,37,1,4.4436000171117485,225.04275725743202
http,onnx-int8,1,4,1,38,1,4.391900030896068,227.6918857362909
http,onnx-int8,1,4,1,39,1,6.373700045514852,156.89473819899888
http,onnx-int8,1,4,1,40,1,6.231400009710342,160.47758103182397
http,onnx-int8,1,4,1,41,1,4.988000029698014,200.4811535778083
http,onnx-int8,1,4,1,42,1,5.453799967654049,183.35839340109678
http,onnx-int8,1,4,1,43,1,5.547000037040561,180.2776263426024
http,onnx-int8,1,4,1,44,1,5.975999985821545,167.33601110652043
http,onnx-int8,1,4,1,45,1,6.0939000104554,164.09852447271604
http,onnx-int8,1,4,1,46,1,5.994899955112487,166.808455101439
http,onnx-int8,1,4,1,47,1,7.76799995219335,128.7332654678561
http,onnx-int8,1,4,1,48,1,5.8759999810718,170.18379905059103
http,onnx-int8,1,4,1,49,1,4.786200006492436,208.9340183534974
http,onnx-int8,1,4,1,50,1,5.68350002868101,175.94791852795566
http,onnx-int8,1,4,1,51,1,6.172199966385961,162.01678582126934
http,onnx-int8,1,4,1,52,1,6.848699995316565,146.0131120773056
http,onnx-int8,1,4,1,53,1,3.431999997701496,291.3752915704334
http,onnx-int8,1,4,1,54,1,6.181299977470189,161.77826729730538
http,onnx-int8,1,4,1,55,1,5.4163000313565135,184.62788143395184
http,onnx-int8,1,4,1,56,1,4.294199985451996,232.8722470746184
http,onnx-int8,1,4,1,57,1,4.28469997132197,233.38857019000733
http,onnx-int8,1,4,1,58,1,3.617800015490502,276.4110773725064
http,onnx-int8,1,4,1,59,1,4.636700032278895,215.67062631578287
http,onnx-int8,1,4,1,60,1,4.046299960464239,247.13936430092747
http,onnx-int8,1,4,1,61,1,3.3638000022619963,297.2828346892049
http,onnx-int8,1,4,1,62,1,5.351700005121529,186.85651270493656
http,onnx-int8,1,4,1,63,1,5.560699966736138,179.83347527864404
http,onnx-int8,1,4,1,64,1,5.400799971539527,185.15775538247615
http,onnx-int8,1,4,1,65,1,4.467699967790395,223.82881733541595
http,onnx-int8,1,4,1,66,1,4.476499976590276,223.3888093889133
http,onnx-int8,1,4,1,67,1,4.480599949602038,223.18439745749205
http,onnx-int8,1,4,1,68,1,3.3285999670624733,300.42660875302215
http,onnx-int8,1,4,1,69,1,4.37959999544546,228.33135469904656
http,onnx-int8,1,4,2,0,1,3.2593999640084803,306.80493681118486
http,onnx-int8,1,4,2,1,1,7.614100002683699,131.33528580495863
http,onnx-int8,1,4,2,2,1,7.174699974711984,139.37865046965163
http,onnx-int8,1,4,2,3,1,9.799599996767938,102.04498146146942
http,onnx-int8,1,4,2,4,1,3.786300017964095,264.110079828725
http,onnx-int8,1,4,2,5,1,4.746400052681565,210.68599125668553
http,onnx-int8,1,4,2,6,1,5.895800015423447,169.61226591539642
http,onnx-int8,1,4,2,7,1,3.1968000112101436,312.8128117158795
http,onnx-int8,1,4,2,8,1,3.243700019083917,308.2899140230665
http,onnx-int8,1,4,2,9,1,4.674800031352788,213.912893234627
http,onnx-int8,1,4,2,10,1,5.492100026458502,182.07971362182838
http,onnx-int8,1,4,2,11,1,5.3678000112995505,186.29606130909093
http,onnx-int8,1,4,2,12,1,5.371000035665929,186.18506672119466
http,onnx-int8,1,4,2,13,1,3.7267000298015773,268.33391257767624
http,onnx-int8,1,4,2,14,1,23.343300039414316,42.83884447835294
http,onnx-int8,1,4,2,15,1,5.63149998197332,177.5725833616344
http,onnx-int8,1,4,2,16,1,5.549900000914931,180.1834266987053
http,onnx-int8,1,4,2,17,1,3.3585999626666307,297.7431105567062
http,onnx-int8,1,4,2,18,1,4.060200008098036,246.29328555379246
http,onnx-int8,1,4,2,19,1,5.539700039662421,180.51518906083913
http,onnx-int8,1,4,2,20,1,5.8108000084757805,172.09334317845642
http,onnx-int8,1,4,2,21,1,3.9556000265292823,252.80614655001375
http,onnx-int8,1,4,2,22,1,5.097199988085777,196.1861418695373
http,onnx-int8,1,4,2,23,1,4.414800030644983,226.51082564523412
http,onnx-int8,1,4,2,24,1,6.086100009270012,164.30883463578564
http,onnx-int8,1,4,2,25,1,3.1013000407256186,322.4454218773452
http,onnx-int8,1,4,2,26,1,4.309300042223185,232.0562481613826
http,onnx-int8,1,4,2,27,1,4.204899945762008,237.81778708144287
http,onnx-int8,1,4,2,28,1,3.790499991737306,263.8174389077543
http,onnx-int8,1,4,2,29,1,4.029400006402284,248.17590668861553
http,onnx-int8,1,4,2,30,1,2.653100003954023,376.9175675661148
http,onnx-int8,1,4,2,31,1,3.7206000415608287,268.7738506771854
http,onnx-int8,1,4,2,32,1,3.3322999952360988,300.09302926795715
http,onnx-int8,1,4,2,33,1,4.606900038197637,217.06570398936447
http,onnx-int8,1,4,2,34,1,3.97380004869774,251.6482932571586
http,onnx-int8,1,4,2,35,1,4.266100004315376,234.40613182730112
http,onnx-int8,1,4,2,36,1,3.6786000127904117,271.8425478505469
http,onnx-int8,1,4,2,37,1,4.855199949815869,205.96474096559595
http,onnx-int8,1,4,2,38,1,4.222900024615228,236.80409059438142
http,onnx-int8,1,4,2,39,1,2.5440999888814986,393.0663120043663
http,onnx-int8,1,4,2,40,1,4.696500021964312,212.92451726248473
http,onnx-int8,1,4,2,41,1,4.761099989991635,210.03549644034192
http,onnx-int8,1,4,2,42,1,3.959299996495247,252.56989894304425
http,onnx-int8,1,4,2,43,1,4.977899952791631,200.88792653198965
http,onnx-int8,1,4,2,44,1,3.653300052974373,273.7251212601164
http,onnx-int8,1,4,2,45,1,3.9317000191658735,254.34290386481575
http,onnx-int8,1,4,2,46,1,6.18419999955222,161.70240290941547
http,onnx-int8,1,4,2,47,1,5.918999959249049,168.94745850393133
http,onnx-int8,1,4,2,48,1,3.49649996496737,286.0002888658208
http,onnx-int8,1,4,2,49,1,4.1591000044718385,240.43663266687653
http,onnx-int8,1,4,2,50,1,4.255400039255619,234.99553291702424
http,onnx-int8,1,4,2,51,1,4.96629998087883,201.35714794720099
http,onnx-int8,1,4,2,52,1,3.655300009995699,273.5753555837888
http,onnx-int8,1,4,2,53,1,3.1996999750845134,312.52930205544885
http,onnx-int8,1,4,2,54,1,4.204199998639524,237.85738079149405
http,onnx-int8,1,4,2,55,1,4.015600017737597,249.02878662785827
http,onnx-int8,1,4,2,56,1,4.400200035888702,227.26239531017856
http,onnx-int8,1,4,2,57,1,4.243599949404597,235.64898009302362
http,onnx-int8,1,4,2,58,1,4.173099994659424,239.63001156928
http,onnx-int8,1,4,2,59,1,4.109800036530942,243.3208407005841
http,onnx-int8,1,4,2,60,1,3.8662999868392944,258.6452172371398
http,onnx-int8,1,4,2,61,1,4.976299998816103,200.95251496853226
http,onnx-int8,1,4,2,62,1,4.243900009896606,235.63231877943394
http,onnx-int8,1,4,2,63,1,3.897300048265606,256.587891005473
http,onnx-int8,1,4,2,64,1,5.211199983023107,191.8943819576624
http,onnx-int8,1,4,2,65,1,6.099399994127452,163.95055267121478
http,onnx-int8,1,4,2,66,1,4.4164000428281724,226.42876331457066
http,onnx-int8,1,4,2,67,1,4.537600034382194,220.38081638373237
http,onnx-int8,1,4,2,68,1,3.33510001655668,299.8410827368376
http,onnx-int8,1,4,2,69,1,3.806099994108081,262.73613450724366
http,onnx-int8,8,1,0,0,8,2.732299966737628,2927.9362066354734
http,onnx-int8,8,1,0,1,8,2.518500026781112,3176.49391103036
http,onnx-int8,8,1,0,2,8,2.5609000003896654,3123.9017528145278
http,onnx-int8,8,1,0,3,8,2.550999983213842,3136.0251088364616
http,onnx-int8,8,1,0,4,8,2.4762999964877963,3230.6263422633033
http,onnx-int8,8,1,0,5,8,2.7497000410221517,2909.40825568237
http,onnx-int8,8,1,0,6,8,2.7699999627657235,2888.086681420873
http,onnx-int8,8,1,0,7,8,2.6313000125810504,3040.32225962435
http,onnx-int8,8,1,0,8,8,2.6285999920219183,3043.4451891808776
http,onnx-int8,8,1,0,9,8,3.0482999864034355,2624.413619290427
http,onnx-int8,8,1,0,10,8,3.250400011893362,2461.235531235428
http,onnx-int8,8,1,0,11,8,4.409799992572516,1814.141233950407
http,onnx-int8,8,1,0,12,8,2.5674999924376607,3115.871479479368
http,onnx-int8,8,1,0,13,8,2.027300011832267,3946.1352307543402
http,onnx-int8,8,1,0,14,8,1.9643999985419214,4072.490330858283
http,onnx-int8,8,1,0,15,8,2.032899996265769,3935.26489974676
http,onnx-int8,8,1,0,16,8,2.069899986963719,3864.9210350182116
http,onnx-int8,8,1,0,17,8,2.0193999516777694,3961.572839176011
http,onnx-int8,8,1,0,18,8,1.999499974772334,4001.0003005430854
http,onnx-int8,8,1,0,19,8,1.944800023920834,4113.533474702205
http,onnx-int8,8,1,0,20,8,1.908700040075928,4191.334328091574
http,onnx-int8,8,1,0,21,8,1.889800012577325,4233.252167825702
http,onnx-int8,8,1,0,22,8,1.803999999538064,4434.589801578989
http,onnx-int8,8,1,0,23,8,1.8453000229783356,4335.3383733708015
http,onnx-int8,8,1,0,24,8,1.8755999626591802,4265.301855016991
http,onnx-int8,8,1,0,25,8,1.7908999579958618,4467.027856180499
http,onnx-int8,8,1,0,26,8,1.9628999871201813,4075.602451726028
http,onnx-int8,8,1,0,27,8,2.348100009839982,3407.0099086389355
http,onnx-int8,8,1,0,28,8,1.860199961811304,4300.612925618105
http,onnx-int8,8,1,0,29,8,2.3922999971546233,3344.0622035343044
http,onnx-int8,8,1,0,30,8,1.9150999723933637,4177.327614914085
http,onnx-int8,8,1,0,31,8,1.833599992096424,4363.001764007044
http,onnx-int8,8,1,0,32,8,1.7709999810904264,4517.221956758182
http,onnx-int8,8,1,0,33,8,2.4952999665401876,3206.0273743730513
http,onnx-int8,8,1,0,34,8,3.2809999538585544,2438.281046176718
http,onnx-int8,8,1,0,35,8,1.9993000314570963,4001.400427213305
http,onnx-int8,8,1,0,36,8,2.7808999875560403,2876.766527310715
http,onnx-int8,8,1,0,37,8,2.1823999704793096,3665.6891991448297
http,onnx-int8,8,1,0,38,8,2.0068000303581357,3986.446023011227
http,onnx-int8,8,1,0,39,8,2.6390000130049884,3031.4512923743882
http,onnx-int8,8,1,0,40,8,2.2030999534763396,3631.24695607957
http,onnx-int8,8,1,0,41,8,2.4571999674662948,3255.7382817520875
http,onnx-int8,8,1,0,42,8,2.604900044389069,3071.1351160025993
http,onnx-int8,8,1,0,43,8,2.8440000023692846,2812.9395194568724
http,onnx-int8,8,1,0,44,8,3.737199993338436,2140.640055191055
http,onnx-int8,8,1,0,45,8,2.762699965387583,2895.717993349911
http,onnx-int8,8,1,0,46,8,2.972499991301447,2691.337266075943
http,onnx-int8,8,1,0,47,8,2.55730003118515,3128.2993401022622
http,onnx-int8,8,1,0,48,8,2.1166999940760434,3779.468050450893
http,onnx-int8,8,1,0,49,8,1.9023999921046197,4205.214483390332
http,onnx-int8,8,1,0,50,8,1.8248999840579927,4383.80189045241
http,onnx-int8,8,1,0,51,8,1.8362000118941069,4356.823847173223
http,onnx-int8,8,1,0,52,8,1.919900008942932,4166.883672449525
http,onnx-int8,8,1,0,53,8,1.8217000178992748,4391.502399624138
http,onnx-int8,8,1,0,54,8,1.9154000328853726,4176.673208023674
http,onnx-int8,8,1,0,55,8,2.029700030107051,3941.4691241730243
http,onnx-int8,8,1,0,56,8,3.2961000106297433,2427.110820120881
http,onnx-int8,8,1,0,57,8,2.0320999901741743,3936.81415219844
http,onnx-int8,8,1,0,58,8,1.8739000079222023,4269.171229083068
http,onnx-int8,8,1,0,59,8,1.9527000258676708,4096.891429314775
http,onnx-int8,8,1,0,60,8,1.9129000138491392,4182.131811428237
http,onnx-int8,8,1,0,61,8,2.1738000214099884,3680.19133370464
http,onnx-int8,8,1,0,62,8,2.2640000097453594,3533.5688893834367
http,onnx-int8,8,1,0,63,8,2.044099965132773,3913.7029188689244
http,onnx-int8,8,1,0,64,8,1.8848000327125192,4244.482099507798
http,onnx-int8,8,1,0,65,8,1.8342999974265695,4361.3367558325235
http,onnx-int8,8,1,0,66,8,1.9680000259540975,4065.0405967965144
http,onnx-int8,8,1,0,67,8,1.805800013244152,4430.169421489734
http,onnx-int8,8,1,0,68,8,1.7878999933600426,4474.523200240866
http,onnx-int8,8,1,0,69,8,2.3099000100046396,3463.353376921251
http,onnx-int8,8,1,1,0,8,1.9628999871201813,4075.602451726028
http,onnx-int8,8,1,1,1,8,2.0620999857783318,3879.540301233468
http,onnx-int8,8,1,1,2,8,4.679400008171797,1709.6208885817252
http,onnx-int8,8,1,1,3,8,3.5955000203102827,2225.0034639993187
http,onnx-int8,8,1,1,4,8,3.4254000056535006,2335.4936611187845
http,onnx-int8,8,1,1,5,8,3.5137999802827835,2276.7374480308854
http,onnx-int8,8,1,1,6,8,3.0226000235415995,2646.727961917485
http,onnx-int8,8,1,1,7,8,2.626699977554381,3045.6466548754806
http,onnx-int8,8,1,1,8,8,3.4694999922066927,2305.8077584579532
http,onnx-int8,8,1,1,9,8,2.4288000422529876,3293.8075843325055
http,onnx-int8,8,1,1,10,8,2.9411999857984483,2719.9782533074635
http,onnx-int8,8,1,1,11,8,4.167600010987371,1919.570011255632
http,onnx-int8,8,1,1,12,8,5.02549996599555,1591.8814156066167
http,onnx-int8,8,1,1,13,8,3.857900039292872,2073.6669997977315
http,onnx-int8,8,1,1,14,8,5.265400046482682,1519.3527423132923
http,onnx-int8,8,1,1,15,8,2.5953000294975936,3082.4952448941576
http,onnx-int8,8,1,1,16,8,3.1748999608680606,2519.7644330855364
http,onnx-int8,8,1,1,17,8,3.684900002554059,2171.022278611382
http,onnx-int8,8,1,1,18,8,2.8068999527022243,2850.1193967737745
http,onnx-int8,8,1,1,19,8,2.4605999933555722,3251.2395438521608
http,onnx-int8,8,1,1,20,8,2.404000028036535,3327.7869828204593
http,onnx-int8,8,1,1,21,8,2.6742000482045114,2991.548820504768
http,onnx-int8,8,1,1,22,8,2.962100028526038,2700.7865780889433
http,onnx-int8,8,1,1,23,8,3.0269999988377094,2642.880741021406
http,onnx-int8,8,1,1,24,8,2.641600032802671,3028.4675577900416
http,onnx-int8,8,1,1,25,8,5.693599989172071,1405.086415486542
http,onnx-int8,8,1,1,26,8,3.646500001195818,2193.8845461062697
http,onnx-int8,8,1,1,27,8,3.5738000296987593,2238.5136083493544
http,onnx-int8,8,1,1,28,8,2.884400018956512,2773.540406123751
http,onnx-int8,8,1,1,29,8,3.5797999589703977,2234.7617441453112
http,onnx-int8,8,1,1,30,8,2.7946000336669385,2862.6636740939234
http,onnx-int8,8,1,1,31,8,2.5862999609671533,3093.222024025543
http,onnx-int8,8,1,1,32,8,3.143100009765476,2545.2578585295873
http,onnx-int8,8,1,1,33,8,2.3965000291354954,3338.2015033339644
http,onnx-int8,8,1,1,34,8,2.1158999879844487,3780.897039288039
http,onnx-int8,8,1,1,35,8,2.913900010753423,2745.4613989762493
http,onnx-int8,8,1,1,36,8,3.4238999942317605,2336.516841460787
http,onnx-int8,8,1,1,37,8,2.8167000273242593,2840.2030469675706
http,onnx-int8,8,1,1,38,8,2.9718000441789627,2691.971155889194
http,onnx-int8,8,1,1,39,8,4.005700000561774,1997.1540551908658
http,onnx-int8,8,1,1,40,8,2.7510999934747815,2907.9277448929024
http,onnx-int8,8,1,1,41,8,3.5031000152230263,2283.691577527134
http,onnx-int8,8,1,1,42,8,3.1750999623909593,2519.605711555527
http,onnx-int8,8,1,1,43,8,3.8526999996975064,2076.465855277628
http,onnx-int8,8,1,1,44,8,3.4630000009201467,2310.135719859756
http,onnx-int8,8,1,1,45,8,2.9910000157542527,2674.6907247951344
http,onnx-int8,8,1,1,46,8,2.8261999832466245,2830.65602130884
http,onnx-int8,8,1,1,47,8,2.743799996096641,2915.6644111746064
http,onnx-int8,8,1,1,48,8,3.2962000113911927,2427.037185957512
http,onnx-int8,8,1,1,49,8,3.3911000355146825,2359.1164861598677
http,onnx-int8,8,1,1,50,8,2.8713999781757593,2786.0973952791182
http,onnx-int8,8,1,1,51,8,2.2953000152483582,3485.3831511582925
http,onnx-int8,8,1,1,52,8,2.042899955995381,3916.001846552533
http,onnx-int8,8,1,1,53,8,1.9687000312842429,4063.595201337685
http,onnx-int8,8,1,1,54,8,1.96610001148656,4068.9690012011306
http,onnx-int8,8,1,1,55,8,2.3246000055223703,3441.4522846920013
http,onnx-int8,8,1,1,56,8,2.5889999815262854,3089.9961595533823
http,onnx-int8,8,1,1,57,8,2.000399981625378,3999.2001967025553
http,onnx-int8,8,1,1,58,8,2.3092999472282827,3464.2533160761254
http,onnx-int8,8,1,1,59,8,2.043799962848425,3914.2773977011307
http,onnx-int8,8,1,1,60,8,1.9638999947346747,4073.527176255637
http,onnx-int8,8,1,1,61,8,2.00159999076277,3996.802576398573
http,onnx-int8,8,1,1,62,8,2.0513999625109136,3899.7758341615645
http,onnx-int8,8,1,1,63,8,2.096799958962947,3815.337732053709
http,onnx-int8,8,1,1,64,8,2.1850999910384417,3661.1596873414014
http,onnx-int8,8,1,1,65,8,2.062499988824129,3878.787899805495
http,onnx-int8,8,1,1,66,8,1.965800009202212,4069.589969758251
http,onnx-int8,8,1,1,67,8,1.9882000051438808,4023.740055981471
http,onnx-int8,8,1,1,68,8,1.9774999818764627,4045.512047190386
http,onnx-int8,8,1,1,69,8,1.9943000515922904,4011.4324790859
http,onnx-int8,8,1,2,0,8,1.9250999903306365,4155.628299923266
http,onnx-int8,8,1,2,1,8,1.915799977723509,4175.80128041664
http,onnx-int8,8,1,2,2,8,2.4462000001221895,3270.3785461533785
http,onnx-int8,8,1,2,3,8,2.858599997125566,2798.572730722841
http,onnx-int8,8,1,2,4,8,2.1895000245422125,3653.8021969982233
http,onnx-int8,8,1,2,5,8,2.0909999730065465,3825.920661537452
http,onnx-int8,8,1,2,6,8,2.21950002014637,3604.415376158646
http,onnx-int8,8,1,2,7,8,2.2975000320002437,3482.045653350899
http,onnx-int8,8,1,2,8,8,2.093500050250441,3821.3517114761844
http,onnx-int8,8,1,2,9,8,2.5177999632433057,3177.377121610088
http,onnx-int8,8,1,2,10,8,2.817499975208193,2839.3966532009845
http,onnx-int8,8,1,2,11,8,3.1897000153549016,2508.0728474429534
http,onnx-int8,8,1,2,12,8,2.57349997991696,3108.6069797669625
http,onnx-int8,8,1,2,13,8,2.6522999978624284,3016.2500495597974
http,onnx-int8,8,1,2,14,8,3.1169000430963933,2566.652728475897
http,onnx-int8,8,1,2,15,8,3.5619999980553985,2245.929254454643
http,onnx-int8,8,1,2,16,8,4.640099999960512,1724.1007737048947
http,onnx-int8,8,1,2,17,8,3.1621999805793166,2529.884273332516
http,onnx-int8,8,1,2,18,8,2.097400021739304,3814.246170058617
http,onnx-int8,8,1,2,19,8,1.9865999929606915,4026.9807854360015
http,onnx-int8,8,1,2,20,8,2.1457000402733684,3728.3869365919277
http,onnx-int8,8,1,2,21,8,2.674899995326996,2990.7660151691134
http,onnx-int8,8,1,2,22,8,2.0079000387340784,3984.262087590657
http,onnx-int8,8,1,2,23,8,1.979099994059652,4042.2414350019303
http,onnx-int8,8,1,2,24,8,1.9258999964222312,4153.902079475415
http,onnx-int8,8,1,2,25,8,1.8865999882109463,4240.432550615227
http,onnx-int8,8,1,2,26,8,1.8620999762788415,4296.224747280719
http,onnx-int8,8,1,2,27,8,1.921400020364672,4163.630641828368
http,onnx-int8,8,1,2,28,8,2.0173999946564436,3965.5001592098115
http,onnx-int8,8,1,2,29,8,2.131099987309426,3753.929917713634
http,onnx-int8,8,1,2,30,8,2.00899998890236,3982.0806591297646
http,onnx-int8,8,1,2,31,8,1.887699996586889,4237.96154816159
http,onnx-int8,8,1,2,32,8,1.8356000073254108,4358.247966917653
http,onnx-int8,8,1,2,33,8,1.8473999807611108,4330.410351473576
http,onnx-int8,8,1,2,34,8,1.8791000475175679,4257.357137832337
http,onnx-int8,8,1,2,35,8,2.00159999076277,3996.802576398573
http,onnx-int8,8,1,2,36,8,1.9777999841608107,4044.8984043219293
http,onnx-int8,8,1,2,37,8,3.4112000139430165,2345.215750264018
http,onnx-int8,8,1,2,38,8,2.691499947104603,2972.320325923115
http,onnx-int8,8,1,2,39,8,2.1557000000029802,3711.0915247895996
http,onnx-int8,8,1,2,40,8,2.143500023521483,3732.2136282774904
http,onnx-int8,8,1,2,41,8,2.0852000452578068,3836.5623567838106
http,onnx-int8,8,1,2,42,8,2.0250999950803816,3950.422210969616
http,onnx-int8,8,1,2,43,8,2.384199993684888,3355.4232116390713
http,onnx-int8,8,1,2,44,8,2.6468999567441642,3022.403615828552
http,onnx-int8,8,1,2,45,8,2.508700010366738,3188.9026057087267
http,onnx-int8,8,1,2,46,8,2.4791000178083777,3226.977508988248
http,onnx-int8,8,1,2,47,8,3.110899997409433,2571.6030752071456
http,onnx-int8,8,1,2,48,8,2.24170001456514,3568.7201445425753
http,onnx-int8,8,1,2,49,8,2.375599986407906,3367.570317297665
http,onnx-int8,8,1,2,50,8,3.0388999730348587,2632.5315314707905
http,onnx-int8,8,1,2,51,8,3.2461999799124897,2464.419952407141
http,onnx-int8,8,1,2,52,8,2.2140999790281057,3613.206303137067
http,onnx-int8,8,1,2,53,8,1.9954000017605722,4009.2212052427967
http,onnx-int8,8,1,2,54,8,1.936200016643852,4131.804530126463
http,onnx-int8,8,1,2,55,8,1.9531000289134681,4096.052368833608
http,onnx-int8,8,1,2,56,8,1.980499946512282,4039.3841030332937
http,onnx-int8,8,1,2,57,8,1.989099953789264,4021.919554499956
http,onnx-int8,8,1,2,58,8,2.4742999812588096,3233.2377078748427
http,onnx-int8,8,1,2,59,8,2.36320000840351,3385.240340027124
http,onnx-int8,8,1,2,60,8,2.0195000106468797,3961.3765574764548
http,onnx-int8,8,1,2,61,8,1.8878999981097877,4237.5125843581745
http,onnx-int8,8,1,2,62,8,2.050700015388429,3901.1069098201065
http,onnx-int8,8,1,2,63,8,2.127500018104911,3760.2819891517884
http,onnx-int8,8,1,2,64,8,1.9803000031970441,4039.7919441926006
http,onnx-int8,8,1,2,65,8,2.092399983666837,3823.3607639302113
http,onnx-int8,8,1,2,66,8,2.4151999969035387,3312.3550887117335
http,onnx-int8,8,1,2,67,8,1.8857999821193516,4242.231453947316
http,onnx-int8,8,1,2,68,8,1.8437999533489347,4338.865496481559
http,onnx-int8,8,1,2,69,8,1.975799968931824,4048.992876705549
http,onnx-int8,8,4,0,0,8,7.971400045789778,1003.5878207147974
http,onnx-int8,8,4,0,1,8,9.690699982456863,825.5337606656333
http,onnx-int8,8,4,0,2,8,9.644100035075098,829.5227103518638
http,onnx-int8,8,4,0,3,8,6.2753999955020845,1274.819135948948
http,onnx-int8,8,4,0,4,8,14.539399999193847,550.2290328654256
http,onnx-int8,8,4,0,5,8,6.291500001680106,1271.5568620938807
http,onnx-int8,8,4,0,6,8,9.18739999178797,870.7577777337102
http,onnx-int8,8,4,0,7,8,8.221200027037412,973.0939490208312
http,onnx-int8,8,4,0,8,8,7.846000022254884,1019.6278329477824
http,onnx-int8,8,4,0,9,8,7.525699969846755,1063.0240418902727
http,onnx-int8,8,4,0,10,8,8.813899999950081,907.6572232547804
http,onnx-int8,8,4,0,11,8,4.714700044132769,1696.820566550281
http,onnx-int8,8,4,0,12,8,8.734300034120679,915.9291493019333
http,onnx-int8,8,4,0,13,8,8.488400024361908,942.4626522124088
http,onnx-int8,8,4,0,14,8,6.739000033121556,1187.1197448702696
http,onnx-int8,8,4,0,15,8,9.95639996835962,803.5032768292907
http,onnx-int8,8,4,0,16,8,7.26280000526458,1101.5035515505103
http,onnx-int8,8,4,0,17,8,8.322299981955439,961.2727271722654
http,onnx-int8,8,4,0,18,8,6.5882999915629625,1214.2737899374456
http,onnx-int8,8,4,0,19,8,7.5264000333845615,1062.925165353251
http,onnx-int8,8,4,0,20,8,6.019400025252253,1329.036110980969
http,onnx-int8,8,4,0,21,8,5.538200028240681,1444.5126501762268
http,onnx-int8,8,4,0,22,8,6.86429999768734,1165.4502283838542
http,onnx-int8,8,4,0,23,8,6.4202999928966165,1246.0476938540496
http,onnx-int8,8,4,0,24,8,7.505899993702769,1065.828216031624
http,onnx-int8,8,4,0,25,8,5.718500004149973,1398.9682598923353
http,onnx-int8,8,4,0,26,8,6.9762999773956835,1146.7396794749748
http,onnx-int8,8,4,0,27,8,8.041699999012053,994.8145293884158
http,onnx-int8,8,4,0,28,8,7.125200005248189,1122.7755002115678
http,onnx-int8,8,4,0,29,8,6.781799951568246,1179.627835844679
http,onnx-int8,8,4,0,30,8,6.640099978540093,1204.8011364068193
http,onnx-int8,8,4,0,31,8,8.36509995860979,956.3543818464465
http,onnx-int8,8,4,0,32,8,3.0979999573901296,2582.311204012894
http,onnx-int8,8,4,0,33,8,4.872700024861842,1641.8002255796214
http,onnx-int8,8,4,0,34,8,9.030799963511527,885.8572919701002
http,onnx-int8,8,4,0,35,8,8.39339999947697,953.1298401718632
http,onnx-int8,8,4,0,36,8,9.77850001072511,818.1213878637375
http,onnx-int8,8,4,0,37,8,5.279899982269853,1515.1802168344793
http,onnx-int8,8,4,0,38,8,8.739099954254925,915.4260784149666
http,onnx-int8,8,4,0,39,8,8.390799979679286,953.4251822679935
http,onnx-int8,8,4,0,40,8,7.9394999775104225,1007.6201300662449
http,onnx-int8,8,4,0,41,8,9.003999992273748,888.4940034278908
http,onnx-int8,8,4,0,42,8,7.2271000244654715,1106.9446905284383
http,onnx-int8,8,4,0,43,8,9.026699990499765,886.259652854274
http,onnx-int8,8,4,0,44,8,7.844599953386933,1019.8098115310486
http,onnx-int8,8,4,0,45,8,7.922299962956458,1009.8077625698163
http,onnx-int8,8,4,0,46,8,7.675599947106093,1042.2638041494351
http,onnx-int8,8,4,0,47,8,7.471799966879189,1070.6924751013414
http,onnx-int8,8,4,0,48,8,9.624099999200553,831.2465581887697
http,onnx-int8,8,4,0,49,8,8.205599966458976,974.9439447085671
http,onnx-int8,8,4,0,50,8,7.977799978107214,1002.7827248055488
http,onnx-int8,8,4,0,51,8,9.42439999198541,848.8604056282912
http,onnx-int8,8,4,0,52,8,8.751599991228431,914.118562093589
http,onnx-int8,8,4,0,53,8,5.563199985772371,1438.0212863926577
http,onnx-int8,8,4,0,54,8,6.892499979585409,1160.6819040543846
http,onnx-int8,8,4,0,55,8,8.416600001510233,950.50257806769
http,onnx-int8,8,4,0,56,8,10.406299959868193,768.7650779673786
http,onnx-int8,8,4,0,57,8,7.237500045448542,1105.3540517807628
http,onnx-int8,8,4,0,58,8,7.071200001519173,1131.3496999492709
http,onnx-int8,8,4,0,59,8,6.556399981491268,1220.1818105338323
http,onnx-int8,8,4,0,60,8,8.175799972377717,978.4975203684453
http,onnx-int8,8,4,0,61,8,6.40489999204874,1249.043702467091
http,onnx-int8,8,4,0,62,8,5.570999986957759,1436.0079014052703
http,onnx-int8,8,4,0,63,8,8.491699991282076,942.0964009813259
http,onnx-int8,8,4,0,64,8,8.408399997279048,951.4295231659762
http,onnx-int8,8,4,0,65,8,3.998100000899285,2000.9504510143756
http,onnx-int8,8,4,0,66,8,8.27470002695918,966.8024186902
http,onnx-int8,8,4,0,67,8,5.864000006113201,1364.256478796048
http,onnx-int8,8,4,0,68,8,6.904700014274567,1158.6310749867544
http,onnx-int8,8,4,0,69,8,7.447499956469983,1074.1859747243147
http,onnx-int8,8,4,1,0,8,4.209599981550127,1900.4181003094052
http,onnx-int8,8,4,1,1,8,8.116799988783896,985.6100940093023
http,onnx-int8,8,4,1,2,8,5.648199992720038,1416.3804416116986
http,onnx-int8,8,4,1,3,8,9.381700016092509,852.7239185091756
http,onnx-int8,8,4,1,4,8,9.445500036235899,846.9641595796403
http,onnx-int8,8,4,1,5,8,7.252000039443374,1103.1439542868561
http,onnx-int8,8,4,1,6,8,6.162200006656349,1298.2376409980977
http,onnx-int8,8,4,1,7,8,8.452400041278452,946.4767357118577
http,onnx-int8,8,4,1,8,8,7.459299988113344,1072.486696170992
http,onnx-int8,8,4,1,9,8,6.710100045893341,1192.2325964269478
http,onnx-int8,8,4,1,10,8,6.738600030075759,1187.1902122539332
http,onnx-int8,8,4,1,11,8,5.8317999937571585,1371.7891574751984
http,onnx-int8,8,4,1,12,8,7.687800040002912,1040.609791926504
http,onnx-int8,8,4,1,13,8,4.889899981208146,1636.025282877758
http,onnx-int8,8,4,1,14,8,6.1304999981075525,1304.9506569561293
http,onnx-int8,8,4,1,15,8,9.168500022497028,872.5527600338285
http,onnx-int8,8,4,1,16,8,8.824499964248389,906.566947975662
http,onnx-int8,8,4,1,17,8,4.784099990502,1672.2058518598296
http,onnx-int8,8,4,1,18,8,5.080100032500923,1574.7721400796152
http,onnx-int8,8,4,1,19,8,6.9614999811165035,1149.17762288307
http,onnx-int8,8,4,1,20,8,5.877899995539337,1361.0303009699207
http,onnx-int8,8,4,1,21,8,5.694499996025115,1404.8643437675255
http,onnx-int8,8,4,1,22,8,4.936000041197985,1620.7455294223155
http,onnx-int8,8,4,1,23,8,6.0823000385425985,1315.2919042640501
http,onnx-int8,8,4,1,24,8,5.477900034748018,1460.413652905953
http,onnx-int8,8,4,1,25,8,3.2523999689146876,2459.722074917362
http,onnx-int8,8,4,1,26,8,3.954900021199137,2022.8071397805847
http,onnx-int8,8,4,1,27,8,6.922899978235364,1155.585090807449
http,onnx-int8,8,4,1,28,8,6.323100009467453,1265.2021932314462
http,onnx-int8,8,4,1,29,8,7.5653999811038375,1057.4457424566667
http,onnx-int8,8,4,1,30,8,5.349799990653992,1495.3830075845567
http,onnx-int8,8,4,1,31,8,6.647099973633885,1203.5323722724906
http,onnx-int8,8,4,1,32,8,7.876299961935729,1015.7053487884011
http,onnx-int8,8,4,1,33,8,6.66130002355203,1200.9667740102975
http,onnx-int8,8,4,1,34,8,5.667300021741539,1411.6069326327338
http,onnx-int8,8,4,1,35,8,5.5318999802693725,1446.1577448134638
http,onnx-int8,8,4,1,36,8,7.343199977185577,1089.4432978612895
http,onnx-int8,8,4,1,37,8,6.14720000885427,1301.4055160848848
http,onnx-int8,8,4,1,38,8,5.79450000077486,1380.6195528397986
http,onnx-int8,8,4,1,39,8,7.4396999552845955,1075.3121830292914
http,onnx-int8,8,4,1,40,8,6.609299976844341,1210.4156307064245
http,onnx-int8,8,4,1,41,8,8.260699978563935,968.4409336690067
http,onnx-int8,8,4,1,42,8,3.5408000112511218,2259.3764049309425
http,onnx-int8,8,4,1,43,8,6.211399973835796,1287.9544118392475
http,onnx-int8,8,4,1,44,8,6.0252000112086535,1327.7567524924707
http,onnx-int8,8,4,1,45,8,5.9701999998651445,1339.988610127082
http,onnx-int8,8,4,1,46,8,5.403699993621558,1480.467089113584
http,onnx-int8,8,4,1,47,8,6.031299999449402,1326.4138744102136
http,onnx-int8,8,4,1,48,8,5.4778000339865685,1460.440313696127
http,onnx-int8,8,4,1,49,8,7.154099992476404,1118.2398915884858
http,onnx-int8,8,4,1,50,8,6.156200019177049,1299.5029360773476
http,onnx-int8,8,4,1,51,8,5.223899963311851,1531.4228940418216
http,onnx-int8,8,4,1,52,8,7.001299993135035,1142.6449384891687
http,onnx-int8,8,4,1,53,8,7.0050000213086605,1142.0413955267134
http,onnx-int8,8,4,1,54,8,6.094000011216849,1312.7666533106162
http,onnx-int8,8,4,1,55,8,7.618499977979809,1050.0754772098
http,onnx-int8,8,4,1,56,8,4.8673999845050275,1643.587957732537
http,onnx-int8,8,4,1,57,8,7.2765000513754785,1099.429663095757
http,onnx-int8,8,4,1,58,8,6.39019999653101,1251.9169985826559
http,onnx-int8,8,4,1,59,8,5.845199979376048,1368.644362592701
http,onnx-int8,8,4,1,60,8,5.947700003162026,1345.0577527022028
http,onnx-int8,8,4,1,61,8,8.762000012211502,913.0335527106242
http,onnx-int8,8,4,1,62,8,5.850600020494312,1367.381118513736
http,onnx-int8,8,4,1,63,8,6.177100003696978,1295.106116982406
http,onnx-int8,8,4,1,64,8,6.190399988554418,1292.323600218305
http,onnx-int8,8,4,1,65,8,9.505099966190755,841.6534311533458
http,onnx-int8,8,4,1,66,8,5.835700023453683,1370.8723834069597
http,onnx-int8,8,4,1,67,8,6.159599986858666,1298.7856382017949
http,onnx-int8,8,4,1,68,8,6.127699976786971,1305.546947517943
http,onnx-int8,8,4,1,69,8,5.987100012134761,1336.206173904805
http,onnx-int8,8,4,2,0,8,6.7566000507213175,1184.0274605488808
http,onnx-int8,8,4,2,1,8,9.020299999974668,886.8884626922016
http,onnx-int8,8,4,2,2,8,12.111800024285913,660.5128869333082
http,onnx-int8,8,4,2,3,8,6.845999974757433,1168.5655900522343
http,onnx-int8,8,4,2,4,8,8.390000031795353,953.5160869705148
http,onnx-int8,8,4,2,5,8,13.007899979129434,615.0108789916609
http,onnx-int8,8,4,2,6,8,5.461500026285648,1464.799040830689
http,onnx-int8,8,4,2,7,8,7.7420000452548265,1033.3247162538194
http,onnx-int8,8,4,2,8,8,7.765399990603328,1030.210936935709
http,onnx-int8,8,4,2,9,8,7.132700004149228,1121.5949073066647
http,onnx-int8,8,4,2,10,8,8.066600013989955,991.7437316992971
http,onnx-int8,8,4,2,11,8,8.176400035154074,978.4257088210398
http,onnx-int8,8,4,2,12,8,10.667299968190491,749.9554736302265
http,onnx-int8,8,4,2,13,8,8.955700031947345,893.2858371162376
http,onnx-int8,8,4,2,14,8,5.608300038147718,1426.457205496124
http,onnx-int8,8,4,2,15,8,5.808499990962446,1377.2919019449687
http,onnx-int8,8,4,2,16,8,8.609900018200278,929.1629383719876
http,onnx-int8,8,4,2,17,8,6.610100041143596,1210.2691260654417
http,onnx-int8,8,4,2,18,8,4.404200008139014,1816.4479327042152
http,onnx-int8,8,4,2,19,8,6.479500036220998,1234.6631615524761
http,onnx-int8,8,4,2,20,8,7.799600018188357,1025.693622922242
http,onnx-int8,8,4,2,21,8,6.223800010047853,1285.3883458794637
http,onnx-int8,8,4,2,22,8,4.938600002788007,1619.8922762490845
http,onnx-int8,8,4,2,23,8,5.0617000088095665,1580.4966683281327
http,onnx-int8,8,4,2,24,8,5.222400010097772,1531.862742136106
http,onnx-int8,8,4,2,25,8,6.69229996856302,1195.403678493176
http,onnx-int8,8,4,2,26,8,5.219099984969944,1532.8313354866818
http,onnx-int8,8,4,2,27,8,5.065799981821328,1579.217503396912
http,onnx-int8,8,4,2,28,8,5.063099961262196,1580.059659340728
http,onnx-int8,8,4,2,29,8,7.909499981906265,1011.441939225079
http,onnx-int8,8,4,2,30,8,5.1803000387735665,1544.3120939176326
http,onnx-int8,8,4,2,31,8,6.202700024005026,1289.7609055797082
http,onnx-int8,8,4,2,32,8,7.633500033989549,1048.0120474721352
http,onnx-int8,8,4,2,33,8,7.712599996011704,1037.2636989001005
http,onnx-int8,8,4,2,34,8,5.382400006055832,1486.3258009436424
http,onnx-int8,8,4,2,35,8,6.349700037389994,1259.902035197296
http,onnx-int8,8,4,2,36,8,5.794700002297759,1380.5719013629314
http,onnx-int8,8,4,2,37,8,6.759800016880035,1183.4669635230384
http,onnx-int8,8,4,2,38,8,8.848999976180494,904.0569580217189
http,onnx-int8,8,4,2,39,8,7.116799999494106,1124.1007195043667
http,onnx-int8,8,4,2,40,8,8.609900018200278,929.1629383719876
http,onnx-int8,8,4,2,41,8,9.010200039483607,887.8826180265912
http,onnx-int8,8,4,2,42,8,7.613199995830655,1050.8064945596036
http,onnx-int8,8,4,2,43,8,8.694800024386495,920.090166255949
http,onnx-int8,8,4,2,44,8,7.830500020645559,1021.6461246290205
http,onnx-int8,8,4,2,45,8,10.468199965544045,764.2192570195358
http,onnx-int8,8,4,2,46,8,6.675700016785413,1198.37619723546
http,onnx-int8,8,4,2,47,8,6.570099969394505,1217.6374845537202
http,onnx-int8,8,4,2,48,8,8.13259999267757,983.6952520968744
http,onnx-int8,8,4,2,49,8,7.019800017587841,1139.6336049397855
http,onnx-int8,8,4,2,50,8,8.031200035475194,996.1151465114331
http,onnx-int8,8,4,2,51,8,9.032500034663826,885.690558460955
http,onnx-int8,8,4,2,52,8,8.602500020060688,929.962218116166
http,onnx-int8,8,4,2,53,8,10.065199981909245,794.817789450667
http,onnx-int8,8,4,2,54,8,13.304299965966493,601.3093526502458
http,onnx-int8,8,4,2,55,8,11.343599995598197,705.2434855869691
http,onnx-int8,8,4,2,56,8,13.748800032772124,581.8689617225444
http,onnx-int8,8,4,2,57,8,13.723900017794222,582.9246780891226
http,onnx-int8,8,4,2,58,8,6.84799998998642,1168.2243007736722
http,onnx-int8,8,4,2,59,8,6.613899953663349,1209.57378491474
http,onnx-int8,8,4,2,60,8,5.913799977861345,1352.7681067923274
http,onnx-int8,8,4,2,61,8,7.272500020917505,1100.034372910282
http,onnx-int8,8,4,2,62,8,4.238599969539791,1887.415669676562
http,onnx-int8,8,4,2,63,8,8.485700003802776,942.76252948076
http,onnx-int8,8,4,2,64,8,9.272099996451288,862.8034644861294
http,onnx-int8,8,4,2,65,8,9.191600023768842,870.3598915654024
http,onnx-int8,8,4,2,66,8,7.93689995771274,1007.9502126300512
http,onnx-int8,8,4,2,67,8,6.793299980927259,1177.6309043411375
http,onnx-int8,8,4,2,68,8,6.358599988743663,1258.1385861922486
http,onnx-int8,8,4,2,69,8,8.635200036223978,926.4406112702237
http,onnx-int8,32,1,0,0,32,4.182699951343238,7650.560731644992
http,onnx-int8,32,1,0,1,32,5.135700048413128,6230.8934903407435
http,onnx-int8,32,1,0,2,32,4.957099969033152,6455.3872626945185
http,onnx-int8,32,1,0,3,32,3.686700016260147,8679.849149337992
http,onnx-int8,32,1,0,4,32,3.219099948182702,9940.666805970144
http,onnx-int8,32,1,0,5,32,3.1349999480880797,10207.336692147512
http,onnx-int8,32,1,0,6,32,3.189000010024756,10034.493540108702
http,onnx-int8,32,1,0,7,32,3.3093999954871833,9669.426495327356
http,onnx-int8,32,1,0,8,32,3.1236999784596264,10244.261683473196
http,onnx-int8,32,1,0,9,32,3.0667000100947917,10434.669154030127
http,onnx-int8,32,1,0,10,32,3.0766999698244035,10400.75415667727
http,onnx-int8,32,1,0,11,32,3.2245999900624156,9923.711498671997
http,onnx-int8,32,1,0,12,32,3.2896999618969858,9727.330872310735
http,onnx-int8,32,1,0,13,32,3.161500033456832,10121.777530082994
http,onnx-int8,32,1,0,14,32,3.088700002990663,10360.34576650879
http,onnx-int8,32,1,0,15,32,3.1577000045217574,10133.958246247807
http,onnx-int8,32,1,0,16,32,3.1994000310078263,10001.875254692626
http,onnx-int8,32,1,0,17,32,3.3924999879673123,9432.571883124301
http,onnx-int8,32,1,0,18,32,3.1229000305756927,10246.885807004504
http,onnx-int8,32,1,0,19,32,3.0811000033281744,10385.901127984782
http,onnx-int8,32,1,0,20,32,3.099900030065328,10322.913542255628
http,onnx-int8,32,1,0,21,32,3.396800020709634,9420.631124853444
http,onnx-int8,32,1,0,22,32,3.541499958373606,9035.719434173208
http,onnx-int8,32,1,0,23,32,3.453899989835918,9264.888993360864
http,onnx-int8,32,1,0,24,32,3.3295000321231782,9611.052617889305
http,onnx-int8,32,1,0,25,32,3.3286999678239226,9613.362666903085
http,onnx-int8,32,1,0,26,32,3.7649000296369195,8499.561674440005
http,onnx-int8,32,1,0,27,32,4.7203999711200595,6779.086559566905
http,onnx-int8,32,1,0,28,32,5.1645999774336815,6196.026824888959
http,onnx-int8,32,1,0,29,32,5.223400017712265,6126.277882507513
http,onnx-int8,32,1,0,30,32,3.7379999994300306,8560.727663156595
http,onnx-int8,32,1,0,31,32,3.1879000016488135,10037.956016013452
http,onnx-int8,32,1,0,32,32,3.0679000192321837,10430.587633037916
http,onnx-int8,32,1,0,33,32,4.272699996363372,7489.409513243663
http,onnx-int8,32,1,0,34,32,3.2956000068224967,9709.916231871019
http,onnx-int8,32,1,0,35,32,3.1774999806657434,10070.810446801459
http,onnx-int8,32,1,0,36,32,3.1021999893710017,10315.260173309549
http,onnx-int8,32,1,0,37,32,3.0654000001959503,10439.094407892757
http,onnx-int8,32,1,0,38,32,3.2159999827854335,9950.24880948048
http,onnx-int8,32,1,0,39,32,3.04759998107329,10500.065690619405
http,onnx-int8,32,1,0,40,32,3.0214000144042075,10591.11665037511
http,onnx-int8,32,1,0,41,32,3.2174999942071736,9945.609963516144
http,onnx-int8,32,1,0,42,32,3.0668999534100294,10433.98887675478
http,onnx-int8,32,1,0,43,32,3.0378999654203653,10533.592404044826
http,onnx-int8,32,1,0,44,32,3.0404000426642597,10524.93078245021
http,onnx-int8,32,1,0,45,32,2.9636999825015664,10797.314231850756
http,onnx-int8,32,1,0,46,32,3.1348999473266304,10207.662297895298
http,onnx-int8,32,1,0,47,32,3.052599960938096,10482.867198283677
http,onnx-int8,32,1,0,48,32,3.0346999992616475,10544.699643386728
http,onnx-int8,32,1,0,49,32,4.70109999878332,6806.917531701482
http,onnx-int8,32,1,0,50,32,3.473500022664666,9212.609699495977
http,onnx-int8,32,1,0,51,32,3.528699977323413,9068.49553819892
http,onnx-int8,32,1,0,52,32,3.330600040499121,9607.87834350849
http,onnx-int8,32,1,0,53,32,4.749500018078834,6737.551295545411
http,onnx-int8,32,1,0,54,32,4.00179997086525,7996.401677488422
http,onnx-int8,32,1,0,55,32,3.667999990284443,8724.100350261586
http,onnx-int8,32,1,0,56,32,3.429999982472509,9329.44611181393
http,onnx-int8,32,1,0,57,32,4.183300014119595,7649.463316518699
http,onnx-int8,32,1,0,58,32,3.3216000301763415,9633.911280492475
http,onnx-int8,32,1,0,59,32,3.141599998343736,10185.892544203758
http,onnx-int8,32,1,0,60,32,3.2780999899841845,9761.752264351884
http,onnx-int8,32,1,0,61,32,3.14250000519678,10182.975321266927
http,onnx-int8,32,1,0,62,32,3.5215000389143825,9087.036673685527
http,onnx-int8,32,1,0,63,32,3.1301999697461724,10222.989045199844
http,onnx-int8,32,1,0,64,32,3.085800039116293,10370.082181074868
http,onnx-int8,32,1,0,65,32,3.194499993696809,10017.217111642021
http,onnx-int8,32,1,0,66,32,3.1712999916635454,10090.499190905619
http,onnx-int8,32,1,0,67,32,3.084500029217452,10374.45281143943
http,onnx-int8,32,1,0,68,32,3.0451000202447176,10508.686015978004
http,onnx-int8,32,1,0,69,32,3.0938999843783677,10342.932920124598
http,onnx-int8,32,1,1,0,32,4.170000029262155,7673.860857421173
http,onnx-int8,32,1,1,1,32,4.387000051792711,7294.278464146238
http,onnx-int8,32,1,1,2,32,4.8896000371314585,6544.502568102314
http,onnx-int8,32,1,1,3,32,5.457299994304776,5863.705501510842
http,onnx-int8,32,1,1,4,32,6.2058999901637435,5156.383449736462
http,onnx-int8,32,1,1,5,32,4.43440000526607,7216.308849449398
http,onnx-int8,32,1,1,6,32,5.786099995020777,5530.495502590272
http,onnx-int8,32,1,1,7,32,3.9278999902307987,8146.84693591695
http,onnx-int8,32,1,1,8,32,3.8978999946266413,8209.548742685254
http,onnx-int8,32,1,1,9,32,3.61660000635311,8848.089350159573
http,onnx-int8,32,1,1,10,32,3.3801000099629164,9467.175499446561
http,onnx-int8,32,1,1,11,32,3.3725000103004277,9488.509978432703
http,onnx-int8,32,1,1,12,32,3.5857000038959086,8924.33833428106
http,onnx-int8,32,1,1,13,32,3.576399991288781,8947.545039129858
http,onnx-int8,32,1,1,14,32,3.3671000273898244,9503.727165719634
http,onnx-int8,32,1,1,15,32,3.3934999955818057,9429.792262166688
http,onnx-int8,32,1,1,16,32,3.453900048043579,9264.88883722215
http,onnx-int8,32,1,1,17,32,3.7124999798834324,8619.528666234433
http,onnx-int8,32,1,1,18,32,3.67429998004809,8709.141924656129
http,onnx-int8,32,1,1,19,32,3.6827000440098345,8689.276785398313
http,onnx-int8,32,1,1,20,32,3.6628000088967383,8736.485727387182
http,onnx-int8,32,1,1,21,32,3.8366999942809343,8340.500963770915
http,onnx-int8,32,1,1,22,32,5.334300047252327,5998.9126439340525
http,onnx-int8,32,1,1,23,32,3.8192999782040715,8378.498725582478
http,onnx-int8,32,1,1,24,32,4.838200053200126,6614.029938434289
http,onnx-int8,32,1,1,25,32,4.079899983480573,7843.329525127408
http,onnx-int8,32,1,1,26,32,4.0280999965034425,7944.192057738716
http,onnx-int8,32,1,1,27,32,3.53520002681762,9051.821610446847
http,onnx-int8,32,1,1,28,32,3.44469997799024,9289.633409139433
http,onnx-int8,32,1,1,29,32,3.5481000086292624,9018.911508179997
http,onnx-int8,32,1,1,30,32,3.567499981727451,8969.866899482084
http,onnx-int8,32,1,1,31,32,3.372600011061877,9488.228635190175
http,onnx-int8,32,1,1,32,32,3.3511000219732523,9549.103216906433
http,onnx-int8,32,1,1,33,32,3.414899983908981,9370.699039732963
http,onnx-int8,32,1,1,34,32,3.5536999930627644,9004.699345039739
http,onnx-int8,32,1,1,35,32,3.390599973499775,9437.8576800877
http,onnx-int8,32,1,1,36,32,3.293100045993924,9717.287526362337
http,onnx-int8,32,1,1,37,32,3.3207000233232975,9636.52235228853
http,onnx-int8,32,1,1,38,32,3.381699963938445,9462.696377928127
http,onnx-int8,32,1,1,39,32,3.6184999626129866,8843.443507152118
http,onnx-int8,32,1,1,40,32,3.375600033905357,9479.79608916463
http,onnx-int8,32,1,1,41,32,3.180900006555021,10060.045878228235
http,onnx-int8,32,1,1,42,32,3.173800010699779,10082.550851382864
http,onnx-int8,32,1,1,43,32,3.438000043388456,9307.736938962089
http,onnx-int8,32,1,1,44,32,3.860600001644343,8288.867011959348
http,onnx-int8,32,1,1,45,32,4.77970001520589,6694.980835240048
http,onnx-int8,32,1,1,46,32,4.091199953109026,7821.666104508589
http,onnx-int8,32,1,1,47,32,3.6840999964624643,8685.974873300656
http,onnx-int8,32,1,1,48,32,3.7265000282786787,8587.146050494259
http,onnx-int8,32,1,1,49,32,4.813499981537461,6647.969278640987
http,onnx-int8,32,1,1,50,32,4.955000011250377,6458.1230933085135
http,onnx-int8,32,1,1,51,32,5.048399965744466,6338.641988973451
http,onnx-int8,32,1,1,52,32,3.6900999839417636,8671.8517490731
http,onnx-int8,32,1,1,53,32,3.382400027476251,9460.737860706715
http,onnx-int8,32,1,1,54,32,3.3584999619051814,9528.063231493179
http,onnx-int8,32,1,1,55,32,3.4948999527841806,9156.199156575994
http,onnx-int8,32,1,1,56,32,3.615699999500066,8850.291784280931
http,onnx-int8,32,1,1,57,32,3.4278000239282846,9335.43374077224
http,onnx-int8,32,1,1,58,32,3.4342999570071697,9317.76501779026
http,onnx-int8,32,1,1,59,32,3.619900031480938,8840.023128182485
http,onnx-int8,32,1,1,60,32,3.571600012946874,8959.56990816485
http,onnx-int8,32,1,1,61,32,4.521800030488521,7076.827764217344
http,onnx-int8,32,1,1,62,32,3.9284999947994947,8145.60265810392
http,onnx-int8,32,1,1,63,32,3.9258000324480236,8151.2047825945065
http,onnx-int8,32,1,1,64,32,3.931900020688772,8138.558923579747
http,onnx-int8,32,1,1,65,32,3.541699959896505,9035.209182692906
http,onnx-int8,32,1,1,66,32,3.402800008188933,9404.020196012432
http,onnx-int8,32,1,1,67,32,3.3535000402480364,9542.269156386583
http,onnx-int8,32,1,1,68,32,4.100800026208162,7803.355392969273
http,onnx-int8,32,1,1,69,32,4.8723999643698335,6567.605334948869
http,onnx-int8,32,1,2,0,32,3.5780000034719706,8943.543870583644
http,onnx-int8,32,1,2,1,32,3.8633000222034752,8283.074008253818
http,onnx-int8,32,1,2,2,32,3.3877999521791935,9445.658082442584
http,onnx-int8,32,1,2,3,32,3.3012000494636595,9693.444662706517
http,onnx-int8,32,1,2,4,32,3.195099998265505,10015.335988661247
http,onnx-int8,32,1,2,5,32,3.2617999822832644,9810.534114234668
http,onnx-int8,32,1,2,6,32,3.6622000043280423,8737.917088684922
http,onnx-int8,32,1,2,7,32,3.328300022985786,9614.517855662876
http,onnx-int8,32,1,2,8,32,3.2359000178985298,9889.05708550957
http,onnx-int8,32,1,2,9,32,3.1449999660253525,10174.880873032747
http,onnx-int8,32,1,2,10,32,3.285999991931021,9738.283651423617
http,onnx-int8,32,1,2,11,32,3.253699978813529,9834.957189774113
http,onnx-int8,32,1,2,12,32,3.1999999773688614,10000.000070722308
http,onnx-int8,32,1,2,13,32,3.2110000029206276,9965.74275020049
http,onnx-int8,32,1,2,14,32,3.140399989206344,10189.78477581997
http,onnx-int8,32,1,2,15,32,3.573699970729649,8954.30513532072
http,onnx-int8,32,1,2,16,32,3.175900026690215,10075.88391670786
http,onnx-int8,32,1,2,17,32,3.3857999951578677,9451.237534929453
http,onnx-int8,32,1,2,18,32,3.295700007583946,9709.621605838745
http,onnx-int8,32,1,2,19,32,3.236800024751574,9886.307388562263
http,onnx-int8,32,1,2,20,32,5.207700014580041,6144.747184056173
http,onnx-int8,32,1,2,21,32,4.204299999400973,7611.255144627963
http,onnx-int8,32,1,2,22,32,5.233699979726225,6114.221320281703
http,onnx-int8,32,1,2,23,32,3.654200001619756,8757.046682123508
http,onnx-int8,32,1,2,24,32,3.5429999697953463,9031.893952245337
http,onnx-int8,32,1,2,25,32,3.40480002341792,9398.49617595946
http,onnx-int8,32,1,2,26,32,4.076899960637093,7849.101108431269
http,onnx-int8,32,1,2,27,32,5.100100010167807,6274.386764220945
http,onnx-int8,32,1,2,28,32,4.11000003805384,7785.888005770575
http,onnx-int8,32,1,2,29,32,3.3966999617405236,9420.908634980726
http,onnx-int8,32,1,2,30,32,3.477899997960776,9200.954604434517
http,onnx-int8,32,1,2,31,32,3.509500005748123,9118.107977657215
http,onnx-int8,32,1,2,32,32,3.4533999860286713,9266.230419141006
http,onnx-int8,32,1,2,33,32,3.17510002059862,10078.422661458977
http,onnx-int8,32,1,2,34,32,3.0885000014677644,10361.01666983729
http,onnx-int8,32,1,2,35,32,3.3368999720551074,9589.739059601496
http,onnx-int8,32,1,2,36,32,3.3672000281512737,9503.444919359088
http,onnx-int8,32,1,2,37,32,3.2068999717012048,9978.483982156935
http,onnx-int8,32,1,2,38,32,3.110799996647984,10286.74297109468
http,onnx-int8,32,1,2,39,32,3.17360000917688,10083.186257709796
http,onnx-int8,32,1,2,40,32,3.3149999799206853,9653.09206450301
http,onnx-int8,32,1,2,41,32,3.61359998350963,8855.435063656576
http,onnx-int8,32,1,2,42,32,4.747499944642186,6740.389757374037
http,onnx-int8,32,1,2,43,32,5.483800021465868,5835.369611353209
http,onnx-int8,32,1,2,44,32,4.8531999927945435,6593.58774571619
http,onnx-int8,32,1,2,45,32,5.680200003553182,5633.604447023481
http,onnx-int8,32,1,2,46,32,5.21229999139905,6139.324300750921
http,onnx-int8,32,1,2,47,32,5.822999984957278,5495.449095426157
http,onnx-int8,32,1,2,48,32,4.348699992988259,7358.52094915631
http,onnx-int8,32,1,2,49,32,5.222200008574873,6127.685639664484
http,onnx-int8,32,1,2,50,32,6.937099969945848,4612.878600371359
http,onnx-int8,32,1,2,51,32,5.563400045502931,5751.878300728454
http,onnx-int8,32,1,2,52,32,4.829500045161694,6625.944652813151
http,onnx-int8,32,1,2,53,32,8.146299980580807,3928.1637155864346
http,onnx-int8,32,1,2,54,32,7.187899958807975,4451.926179187782
http,onnx-int8,32,1,2,55,32,4.734800022561103,6758.469174520884
http,onnx-int8,32,1,2,56,32,5.550800007767975,5764.9347761076115
http,onnx-int8,32,1,2,57,32,5.759400024544448,5556.134295868971
http,onnx-int8,32,1,2,58,32,5.616200040094554,5697.802744123987
http,onnx-int8,32,1,2,59,32,6.259899993892759,5111.902751037496
http,onnx-int8,32,1,2,60,32,6.641399988438934,4818.26121837327
http,onnx-int8,32,1,2,61,32,7.4841000023297966,4275.731215515348
http,onnx-int8,32,1,2,62,32,6.1981999897398055,5162.789205409832
http,onnx-int8,32,1,2,63,32,8.01679998403415,3991.617610983131
http,onnx-int8,32,1,2,64,32,5.726600007619709,5587.957943181187
http,onnx-int8,32,1,2,65,32,4.627200018148869,6915.629295143747
http,onnx-int8,32,1,2,66,32,4.519000009167939,7081.212643301587
http,onnx-int8,32,1,2,67,32,4.636199970263988,6902.204435797428
http,onnx-int8,32,1,2,68,32,4.241699993144721,7544.14504838089
http,onnx-int8,32,1,2,69,32,4.458900017198175,7176.657892434138
http,onnx-int8,32,4,0,0,32,12.716199969872832,2516.4750535391286
http,onnx-int8,32,4,0,1,32,16.293899971060455,1963.9251533908457
http,onnx-int8,32,4,0,2,32,13.78350000595674,2321.6164244328897
http,onnx-int8,32,4,0,3,32,7.238999998662621,4420.500069886985
http,onnx-int8,32,4,0,4,32,17.969399981666356,1780.805148343776
http,onnx-int8,32,4,0,5,32,14.35799995670095,2228.722670044684
http,onnx-int8,32,4,0,6,32,14.70629998948425,2175.938204910931
http,onnx-int8,32,4,0,7,32,13.330299989320338,2400.5461261664796
http,onnx-int8,32,4,0,8,32,14.9925000150688,2134.4005314548704
http,onnx-int8,32,4,0,9,32,16.480599995702505,1941.6768812024045
http,onnx-int8,32,4,0,10,32,18.275999987963587,1750.9301828121536
http,onnx-int8,32,4,0,11,32,20.96599998185411,1526.280646174555
http,onnx-int8,32,4,0,12,32,23.178600007668138,1380.5838139237699
http,onnx-int8,32,4,0,13,32,10.828099970240146,2955.2737865321265
http,onnx-int8,32,4,0,14,32,8.957099984399974,3572.584883023793
http,onnx-int8,32,4,0,15,32,10.855000000447035,2947.9502532180713
http,onnx-int8,32,4,0,16,32,14.169499976560473,2258.3718587766093
http,onnx-int8,32,4,0,17,32,13.201699999626726,2423.930251475552
http,onnx-int8,32,4,0,18,32,11.197099986020476,2857.882848233189
http,onnx-int8,32,4,0,19,32,14.832200016826391,2157.468208606788
http,onnx-int8,32,4,0,20,32,15.16429998446256,2110.2193990350634
http,onnx-int8,32,4,0,21,32,9.085500030778348,3522.0956349783405
http,onnx-int8,32,4,0,22,32,12.46030000038445,2568.156464853388
http,onnx-int8,32,4,0,23,32,15.511300007347018,2063.012125665999
http,onnx-int8,32,4,0,24,32,13.01460003014654,2458.7770600614986
http,onnx-int8,32,4,0,25,32,10.77729999087751,2969.2037919596314
http,onnx-int8,32,4,0,26,32,10.869799996726215,2943.936411860183
http,onnx-int8,32,4,0,27,32,11.984000040683895,2670.226960227367
http,onnx-int8,32,4,0,28,32,12.684599962085485,2522.7441224515255
http,onnx-int8,32,4,0,29,32,13.716200017370284,2333.0076813895244
http,onnx-int8,32,4,0,30,32,13.871100032702088,2306.9547422019714
http,onnx-int8,32,4,0,31,32,11.736100015696138,2726.629796712915
http,onnx-int8,32,4,0,32,32,13.901500031352043,2301.90986065032
http,onnx-int8,32,4,0,33,32,14.473200018983334,2210.9830554423465
http,onnx-int8,32,4,0,34,32,18.28459999524057,1750.106647579357
http,onnx-int8,32,4,0,35,32,15.653699985705316,2044.2451324109852
http,onnx-int8,32,4,0,36,32,19.354799995198846,1653.3366404167402
http,onnx-int8,32,4,0,37,32,16.953299986198545,1887.538120958797
http,onnx-int8,32,4,0,38,32,17.689700005576015,1808.9622769132998
http,onnx-int8,32,4,0,39,32,20.664899959228933,1548.5194732679468
http,onnx-int8,32,4,0,40,32,17.678200034424663,1810.1390377802363
http,onnx-int8,32,4,0,41,32,9.158700006082654,3493.945644987557
http,onnx-int8,32,4,0,42,32,15.078800031915307,2122.1847847487743
http,onnx-int8,32,4,0,43,32,15.176400018390268,2108.5369363764426
http,onnx-int8,32,4,0,44,32,14.156399993225932,2260.46170038375
http,onnx-int8,32,4,0,45,32,6.998000026214868,4572.7350500323455
http,onnx-int8,32,4,0,46,32,9.659699979238212,3312.7322865904994
http,onnx-int8,32,4,0,47,32,11.233299970626831,2848.6731489121235
http,onnx-int8,32,4,0,48,32,14.67069995123893,2181.218354022544
http,onnx-int8,32,4,0,49,32,12.237300048582256,2614.955903096234
http,onnx-int8,32,4,0,50,32,11.16100000217557,2867.1266010001223
http,onnx-int8,32,4,0,51,32,9.575400035828352,3341.8969317485785
http,onnx-int8,32,4,0,52,32,9.79489996097982,3267.006312211373
http,onnx-int8,32,4,0,53,32,12.888700002804399,2482.795005938322
http,onnx-int8,32,4,0,54,32,24.950499995611608,1282.5394282931518
http,onnx-int8,32,4,0,55,32,24.53860000241548,1304.067876604617
http,onnx-int8,32,4,0,56,32,24.544899992179126,1303.7331588312168
http,onnx-int8,32,4,0,57,32,29.43930000765249,1086.9823668253619
http,onnx-int8,32,4,0,58,32,12.303000024985522,2600.9916227759786
http,onnx-int8,32,4,0,59,32,16.74499997170642,1911.0182176213525
http,onnx-int8,32,4,0,60,32,16.198800003621727,1975.4549715315604
http,onnx-int8,32,4,0,61,32,18.639600020833313,1716.775036172122
http,onnx-int8,32,4,0,62,32,12.990099960006773,2463.414453970323
http,onnx-int8,32,4,0,63,32,10.209500032942742,3134.3356576469355
http,onnx-int8,32,4,0,64,32,17.287000024225563,1851.101981555852
http,onnx-int8,32,4,0,65,32,19.640900020021945,1629.253240298519
http,onnx-int8,32,4,0,66,32,7.959400012623519,4020.4035416298166
http,onnx-int8,32,4,0,67,32,10.207000013906509,3135.1033561674985
http,onnx-int8,32,4,0,68,32,6.403899984434247,4996.954992704659
http,onnx-int8,32,4,0,69,32,7.561800011899322,4231.796655511186
http,onnx-int8,32,4,1,0,32,8.970400027465075,3567.287958399198
http,onnx-int8,32,4,1,1,32,9.531100047752261,3357.4298705999445
http,onnx-int8,32,4,1,2,32,9.94900002842769,3216.403649468798
http,onnx-int8,32,4,1,3,32,13.158400019165128,2431.9066112439355
http,onnx-int8,32,4,1,4,32,13.744199997745454,2328.254827872787
http,onnx-int8,32,4,1,5,32,13.60260002547875,2352.4914310544646
http,onnx-int8,32,4,1,6,32,25.371499999891967,1261.257710428483
http,onnx-int8,32,4,1,7,32,11.976099980529398,2671.988381194648
http,onnx-int8,32,4,1,8,32,11.691599967889488,2737.007773776619
http,onnx-int8,32,4,1,9,32,12.059699976816773,2653.465680034818
http,onnx-int8,32,4,1,10,32,15.99829999031499,2000.2125237914076
http,onnx-int8,32,4,1,11,32,12.100899999495596,2644.4314060387132
http,onnx-int8,32,4,1,12,32,11.844200023915619,2701.7443082171962
http,onnx-int8,32,4,1,13,32,12.121899984776974,2639.8501918170014
http,onnx-int8,32,4,1,14,32,12.262200005352497,2609.645902532325
http,onnx-int8,32,4,1,15,32,8.853699953760952,3614.3081612345313
http,onnx-int8,32,4,1,16,32,8.161699981428683,3920.751813079815
http,onnx-int8,32,4,1,17,32,7.352799992077053,4352.083564693903
http,onnx-int8,32,4,1,18,32,12.577000015880913,2544.3269427998544
http,onnx-int8,32,4,1,19,32,13.17739998921752,2428.40014162006
http,onnx-int8,32,4,1,20,32,12.501000019256026,2559.795212439686
http,onnx-int8,32,4,1,21,32,12.027000018861145,2660.680132187289
http,onnx-int8,32,4,1,22,32,10.22170000942424,3130.5947122784396
http,onnx-int8,32,4,1,23,32,11.837600031867623,2703.2506516400135
http,onnx-int8,32,4,1,24,32,17.47560000512749,1831.1245388204657
http,onnx-int8,32,4,1,25,32,13.566599984187633,2358.733952301768
http,onnx-int8,32,4,1,26,32,14.787700027227402,2163.960584883449
http,onnx-int8,32,4,1,27,32,10.660700034350157,3001.679054554753
http,onnx-int8,32,4,1,28,32,14.99369996599853,2134.2297146512833
http,onnx-int8,32,4,1,29,32,15.04580001346767,2126.83938184453
http,onnx-int8,32,4,1,30,32,12.887599994428456,2483.0069224552426
http,onnx-int8,32,4,1,31,32,12.71510001970455,2516.6927472382995
http,onnx-int8,32,4,1,32,32,16.44109998596832,1946.34179144403
http,onnx-int8,32,4,1,33,32,11.428099998738617,2800.115505073636
http,onnx-int8,32,4,1,34,32,14.398599974811077,2222.438296499717
http,onnx-int8,32,4,1,35,32,10.927899973466992,2928.2844899474003
http,onnx-int8,32,4,1,36,32,13.326199958100915,2401.284694857621
http,onnx-int8,32,4,1,37,32,12.11660000262782,2641.004901792575
http,onnx-int8,32,4,1,38,32,12.381999986246228,2584.396707764917
http,onnx-int8,32,4,1,39,32,11.167199991177768,2865.534782692207
http,onnx-int8,32,4,1,40,32,13.471500016748905,2375.385069236158
http,onnx-int8,32,4,1,41,32,13.034200004767627,2455.0797124714286
http,onnx-int8,32,4,1,42,32,13.001899991650134,2461.178752378538
http,onnx-int8,32,4,1,43,32,11.95499999448657,2676.704309055443
http,onnx-int8,32,4,1,44,32,13.744500000029802,2328.2040088712297
http,onnx-int8,32,4,1,45,32,12.345199997071177,2592.100574117212
http,onnx-int8,32,4,1,46,32,12.511100037954748,2557.7287291223033
http,onnx-int8,32,4,1,47,32,12.166800035629421,2630.1081554961675
http,onnx-int8,32,4,1,48,32,12.497799994889647,2560.450640359488
http,onnx-int8,32,4,1,49,32,12.098200037144125,2645.021565336413
http,onnx-int8,32,4,1,50,32,15.760699985548854,2030.3666733927507
http,onnx-int8,32,4,1,51,32,15.368400025181472,2082.19462973161
http,onnx-int8,32,4,1,52,32,16.070000012405217,1991.2881129618943
http,onnx-int8,32,4,1,53,32,11.541899992153049,2772.5071280946577
http,onnx-int8,32,4,1,54,32,13.760200003162026,2325.5475932505747
http,onnx-int8,32,4,1,55,32,14.188800007104874,2255.299953764686
http,onnx-int8,32,4,1,56,32,22.3202999914065,1433.6724870328921
http,onnx-int8,32,4,1,57,32,20.136900013312697,1589.1224557327341
http,onnx-int8,32,4,1,58,32,24.39740003319457,1311.6151703239484
http,onnx-int8,32,4,1,59,32,22.14259997708723,1445.1780745311316
http,onnx-int8,32,4,1,60,32,14.26189998164773,2243.7403179925345
http,onnx-int8,32,4,1,61,32,13.33899999735877,2398.9804337908586
http,onnx-int8,32,4,1,62,32,16.91710000159219,1891.5771613922157
http,onnx-int8,32,4,1,63,32,20.191899966448545,1584.7939051388003
http,onnx-int8,32,4,1,64,32,16.485600033774972,1941.0879758358694
http,onnx-int8,32,4,1,65,32,18.482399987988174,1731.376878587034
http,onnx-int8,32,4,1,66,32,17.438100010622293,1835.0623049820467
http,onnx-int8,32,4,1,67,32,18.709199968725443,1710.388474840808
http,onnx-int8,32,4,1,68,32,22.362299961969256,1430.9798211463592
http,onnx-int8,32,4,1,69,32,6.457699986640364,4955.3246614431355
http,onnx-int8,32,4,2,0,32,5.572099995333701,5742.897655605261
http,onnx-int8,32,4,2,1,32,15.388700005132705,2079.4479058872294
http,onnx-int8,32,4,2,2,32,12.317099957726896,2598.0141518560476
http,onnx-int8,32,4,2,3,32,15.606500033754855,2050.427701969571
http,onnx-int8,32,4,2,4,32,22.65080000506714,1412.7536331097083
http,onnx-int8,32,4,2,5,32,12.310500023886561,2599.4070052320462
http,onnx-int8,32,4,2,6,32,16.494199982844293,1940.075907487685
http,onnx-int8,32,4,2,7,32,9.302099992055446,3440.0834249610225
http,onnx-int8,32,4,2,8,32,16.082199988886714,1989.7775193762648
http,onnx-int8,32,4,2,9,32,12.059599976055324,2653.4876831351708
http,onnx-int8,32,4,2,10,32,12.745100015308708,2510.768841481304
http,onnx-int8,32,4,2,11,32,12.747000029776245,2510.3945967874697
http,onnx-int8,32,4,2,12,32,13.082000019494444,2446.1091539760328
http,onnx-int8,32,4,2,13,32,7.346400001551956,4355.874985467695
http,onnx-int8,32,4,2,14,32,8.255799999460578,3876.0628893736325
http,onnx-int8,32,4,2,15,32,12.658999999985099,2527.8458014090897
http,onnx-int8,32,4,2,16,32,12.514200003352016,2557.095139236114
http,onnx-int8,32,4,2,17,32,15.745199983939528,2032.3654213754508
http,onnx-int8,32,4,2,18,32,10.455999989062548,3060.4437675471936
http,onnx-int8,32,4,2,19,32,9.12980001885444,3505.005578864278
http,onnx-int8,32,4,2,20,32,9.875200048554689,3240.440684002492
http,onnx-int8,32,4,2,21,32,12.932399986311793,2474.4053720786683
http,onnx-int8,32,4,2,22,32,11.983000033069402,2670.449796519221
http,onnx-int8,32,4,2,23,32,11.469900025986135,2789.9109780818485
http,onnx-int8,32,4,2,24,32,10.996700031682849,2909.9638898764224
http,onnx-int8,32,4,2,25,32,10.739299992565066,2979.7100390299133
http,onnx-int8,32,4,2,26,32,10.356999991927296,3089.697791343267
http,onnx-int8,32,4,2,27,32,9.057000046595931,3533.178738585431
http,onnx-int8,32,4,2,28,32,11.471500038169324,2789.521849237313
http,onnx-int8,32,4,2,29,32,13.280200015287846,2409.6022622522532
http,onnx-int8,32,4,2,30,32,13.731800019741058,2330.357269549242
http,onnx-int8,32,4,2,31,32,11.92379998974502,2683.708216132556
http,onnx-int8,32,4,2,32,32,14.301399991381913,2237.5431789393583
http,onnx-int8,32,4,2,33,32,19.374099967535585,1651.6896296406615
http,onnx-int8,32,4,2,34,32,15.418800001498312,2075.388486580695
http,onnx-int8,32,4,2,35,32,14.679000014439225,2179.9850104586626
http,onnx-int8,32,4,2,36,32,8.101999992504716,3949.6420673418525
http,onnx-int8,32,4,2,37,32,17.378099961206317,1841.398085603985
http,onnx-int8,32,4,2,38,32,14.67689999844879,2180.296929418481
http,onnx-int8,32,4,2,39,32,14.169100031722337,2258.4356048272048
http,onnx-int8,32,4,2,40,32,16.000800009351224,1999.900003830964
http,onnx-int8,32,4,2,41,32,15.194500039797276,2106.0252009731107
http,onnx-int8,32,4,2,42,32,5.568200023844838,5746.919985446935
http,onnx-int8,32,4,2,43,32,10.896199964918196,2936.8036657759926
http,onnx-int8,32,4,2,44,32,13.406599988229573,2386.88407411981
http,onnx-int8,32,4,2,45,32,11.445100011769682,2795.956345256265
http,onnx-int8,32,4,2,46,32,16.012499982025474,1998.4387219935043
http,onnx-int8,32,4,2,47,32,9.311600006185472,3436.5737337023893
http,onnx-int8,32,4,2,48,32,7.865199993830174,4068.5551575423738
http,onnx-int8,32,4,2,49,32,9.60540003143251,3331.4593765261075
http,onnx-int8,32,4,2,50,32,12.351899989880621,2590.6945511391946
http,onnx-int8,32,4,2,51,32,10.91050001559779,2932.9544891849496
http,onnx-int8,32,4,2,52,32,9.904299979098141,3230.9199102947437
http,onnx-int8,32,4,2,53,32,12.000199989415705,2666.6222253149376
http,onnx-int8,32,4,2,54,32,13.023900042753667,2457.0213142724783
http,onnx-int8,32,4,2,55,32,10.451400012243539,3061.7907612867984
http,onnx-int8,32,4,2,56,32,10.409500042442232,3074.114978579922
http,onnx-int8,32,4,2,57,32,10.564299998804927,3029.069602682616
http,onnx-int8,32,4,2,58,32,12.838900031056255,2492.4253575146313
http,onnx-int8,32,4,2,59,32,9.785200003534555,3270.2448584026015
http,onnx-int8,32,4,2,60,32,12.49739999184385,2560.5325924499566
http,onnx-int8,32,4,2,61,32,11.191099998541176,2859.415071277299
http,onnx-int8,32,4,2,62,32,12.395500030834228,2581.5820193133727
http,onnx-int8,32,4,2,63,32,16.523600032087415,1936.6239764856775
http,onnx-int8,32,4,2,64,32,15.344600018579513,2085.424185788736
http,onnx-int8,32,4,2,65,32,13.544299989007413,2362.61748676353
http,onnx-int8,32,4,2,66,32,15.208799974061549,2104.0450301519954
http,onnx-int8,32,4,2,67,32,12.58330000564456,2543.0530930396308
http,onnx-int8,32,4,2,68,32,13.497799984179437,2370.7567186879864
http,onnx-int8,32,4,2,69,32,15.362399979494512,2083.00786613505
http,onnx-int8,64,1,0,0,64,6.607000017538667,9686.695902846719
http,onnx-int8,64,1,0,1,64,5.351100000552833,11960.157723344364
http,onnx-int8,64,1,0,2,64,5.533199990168214,11566.543792691351
http,onnx-int8,64,1,0,3,64,5.095299973618239,12560.595123225447
http,onnx-int8,64,1,0,4,64,5.273500049952418,12136.152345457447
http,onnx-int8,64,1,0,5,64,5.1870999741368,12338.300846158345
http,onnx-int8,64,1,0,6,64,5.046200007200241,12682.810809853097
http,onnx-int8,64,1,0,7,64,5.181999993510544,12350.443859542196
http,onnx-int8,64,1,0,8,64,5.471800046507269,11696.333830921352
http,onnx-int8,64,1,0,9,64,5.095299973618239,12560.595123225447
http,onnx-int8,64,1,0,10,64,5.1377000054344535,12456.935969850976
http,onnx-int8,64,1,0,11,64,6.3794999732635915,10032.13422183921
http,onnx-int8,64,1,0,12,64,5.937599984463304,10778.765859516709
http,onnx-int8,64,1,0,13,64,5.425999988801777,11795.060842625086
http,onnx-int8,64,1,0,14,64,5.3462000214494765,11971.119625757688
http,onnx-int8,64,1,0,15,64,6.201699958182871,10319.751105590783
http,onnx-int8,64,1,0,16,64,7.266200031153858,8807.90505705868
http,onnx-int8,64,1,0,17,64,5.355599976610392,11950.108350046372
http,onnx-int8,64,1,0,18,64,5.175400001462549,12366.193913883726
http,onnx-int8,64,1,0,19,64,5.421100009698421,11805.722064802925
http,onnx-int8,64,1,0,20,64,5.084100004751235,12588.265364605375
http,onnx-int8,64,1,0,21,64,5.085300013888627,12585.294835153783
http,onnx-int8,64,1,0,22,64,6.166699982713908,10378.322308430868
http,onnx-int8,64,1,0,23,64,5.373199994210154,11910.96554547805
http,onnx-int8,64,1,0,24,64,5.1506999880075455,12425.49559264026
http,onnx-int8,64,1,0,25,64,7.075499976053834,9045.29718275743
http,onnx-int8,64,1,0,26,64,5.642900010570884,11341.685991264838
http,onnx-int8,64,1,0,27,64,5.781599960755557,11069.600185834423
http,onnx-int8,64,1,0,28,64,5.1930000190623105,12324.28264299455
http,onnx-int8,64,1,0,29,64,8.44820000929758,7575.578221344837
http,onnx-int8,64,1,0,30,64,6.371100025717169,10045.361043094874
http,onnx-int8,64,1,0,31,64,5.298599950037897,12078.66240204495
http,onnx-int8,64,1,0,32,64,5.175099999178201,12366.91078629652
http,onnx-int8,64,1,0,33,64,5.866699968464673,10909.028984611417
http,onnx-int8,64,1,0,34,64,5.275100003927946,12132.471413308622
http,onnx-int8,64,1,0,35,64,5.187199974898249,12338.062983826918
http,onnx-int8,64,1,0,36,64,5.217299971263856,12266.8814046543
http,onnx-int8,64,1,0,37,64,5.081399984192103,12594.954185677123
http,onnx-int8,64,1,0,38,64,5.0289000500924885,12726.441043270079
http,onnx-int8,64,1,0,39,64,5.45970001257956,11722.25577459186
http,onnx-int8,64,1,0,40,64,5.138400010764599,12455.238958805143
http,onnx-int8,64,1,0,41,64,5.029199994169176,12725.682031774679
http,onnx-int8,64,1,0,42,64,5.552699964027852,11525.92439977169
http,onnx-int8,64,1,0,43,64,5.454499972984195,11733.4311700409
http,onnx-int8,64,1,0,44,64,5.4419999942183495,11760.382224916284
http,onnx-int8,64,1,0,45,64,7.27180001558736,8801.122124207726
http,onnx-int8,64,1,0,46,64,5.682999966666102,11261.657641280124
http,onnx-int8,64,1,0,47,64,6.3390000141225755,10096.229666732172
http,onnx-int8,64,1,0,48,64,5.489700008183718,11658.196241068294
http,onnx-int8,64,1,0,49,64,5.186600028537214,12339.490156916927
http,onnx-int8,64,1,0,50,64,7.74719996843487,8261.049186901215
http,onnx-int8,64,1,0,51,64,7.672799983993173,8341.153181826114
http,onnx-int8,64,1,0,52,64,6.104599975515157,10483.897430904004
http,onnx-int8,64,1,0,53,64,5.551200010813773,11529.038743934212
http,onnx-int8,64,1,0,54,64,6.239600013941526,10257.06773783589
http,onnx-int8,64,1,0,55,64,7.2456999914720654,8832.824996249603
http,onnx-int8,64,1,0,56,64,6.201000011060387,10320.915962884483
http,onnx-int8,64,1,0,57,64,7.181399967521429,8911.911366787277
http,onnx-int8,64,1,0,58,64,7.019100012257695,9117.978072435868
http,onnx-int8,64,1,0,59,64,7.416200009174645,8629.75646838341
http,onnx-int8,64,1,0,60,64,8.044499962124974,7955.746199431176
http,onnx-int8,64,1,0,61,64,6.480400043074042,9875.933518703108
http,onnx-int8,64,1,0,62,64,7.0124000194482505,9126.68983835803
http,onnx-int8,64,1,0,63,64,5.6801000027917325,11267.407258418762
http,onnx-int8,64,1,0,64,64,6.205799989402294,10312.933080230338
http,onnx-int8,64,1,0,65,64,5.715299979783595,11198.012392417468
http,onnx-int8,64,1,0,66,64,7.848299981560558,8154.6322325047295
http,onnx-int8,64,1,0,67,64,5.930299987085164,10792.034153310517
http,onnx-int8,64,1,0,68,64,7.8993000206537545,8101.983698892765
http,onnx-int8,64,1,0,69,64,7.9332999885082245,8067.260798495853
http,onnx-int8,64,1,1,0,64,9.372800006531179,6828.2690290418395
http,onnx-int8,64,1,1,1,64,8.631100005004555,7415.045586644923
http,onnx-int8,64,1,1,2,64,8.99479998042807,7115.222143822945
http,onnx-int8,64,1,1,3,64,5.9763999888673425,10708.78791901768
http,onnx-int8,64,1,1,4,64,5.493499978911132,11650.132018874689
http,onnx-int8,64,1,1,5,64,5.471399985253811,11697.189050789371
http,onnx-int8,64,1,1,6,64,5.602699995506555,11423.0638890765
http,onnx-int8,64,1,1,7,64,5.381499999202788,11892.595003155426
http,onnx-int8,64,1,1,8,64,5.223100015427917,12253.25952230624
http,onnx-int8,64,1,1,9,64,8.883900009095669,7204.043261909117
http,onnx-int8,64,1,1,10,64,5.571099987719208,11487.857001504188
http,onnx-int8,64,1,1,11,64,6.3396000186912715,10095.274120024369
http,onnx-int8,64,1,1,12,64,8.665299974381924,7385.780087153298
http,onnx-int8,64,1,1,13,64,8.669700007885695,7382.031666815178
http,onnx-int8,64,1,1,14,64,8.372800017241389,7643.7989523469205
http,onnx-int8,64,1,1,15,64,8.018199994694442,7981.841316298935
http,onnx-int8,64,1,1,16,64,7.781099993735552,8225.05816035335
http,onnx-int8,64,1,1,17,64,5.883499979972839,10877.878850659135
http,onnx-int8,64,1,1,18,64,5.773199955001473,11085.706453758827
http,onnx-int8,64,1,1,19,64,5.5562000488862395,11518.663733648149
http,onnx-int8,64,1,1,20,64,5.827000015415251,10983.353326014905
http,onnx-int8,64,1,1,21,64,5.626099999062717,11375.553227042199
http,onnx-int8,64,1,1,22,64,5.282500002067536,12115.475622328597
http,onnx-int8,64,1,1,23,64,6.579599983524531,9727.035102476968
http,onnx-int8,64,1,1,24,64,7.917199982330203,8083.6659605462455
http,onnx-int8,64,1,1,25,64,6.801199982874095,9410.104122971909
http,onnx-int8,64,1,1,26,64,7.060699979774654,9064.2571109561
http,onnx-int8,64,1,1,27,64,8.881399990059435,7206.071122979757
http,onnx-int8,64,1,1,28,64,9.357400005683303,6839.506696425184
http,onnx-int8,64,1,1,29,64,8.343400026205927,7670.733729532482
http,onnx-int8,64,1,1,30,64,7.664999982807785,8349.641245081386
http,onnx-int8,64,1,1,31,64,5.909100000280887,10830.752567558136
http,onnx-int8,64,1,1,32,64,5.871800007298589,10899.553785968295
http,onnx-int8,64,1,1,33,64,6.214299995917827,10298.826906013806
http,onnx-int8,64,1,1,34,64,6.11760001629591,10461.618907662874
http,onnx-int8,64,1,1,35,64,5.805999971926212,11023.079626155632
http,onnx-int8,64,1,1,36,64,5.928599974140525,10795.128745261338
http,onnx-int8,64,1,1,37,64,9.736499981954694,6573.20393556365
http,onnx-int8,64,1,1,38,64,9.640000003855675,6639.004146722215
http,onnx-int8,64,1,1,39,64,9.589900029823184,6673.687921768671
http,onnx-int8,64,1,1,40,64,9.490599972195923,6743.514655290202
http,onnx-int8,64,1,1,41,64,7.406999997328967,8640.475229253274
http,onnx-int8,64,1,1,42,64,5.7675999705679715,11096.46999212699
http,onnx-int8,64,1,1,43,64,6.158199976198375,10392.6472422724
http,onnx-int8,64,1,1,44,64,6.34269998408854,10090.34010130576
http,onnx-int8,64,1,1,45,64,6.148200016468763,10409.55073494154
http,onnx-int8,64,1,1,46,64,5.428500007838011,11789.628793882797
http,onnx-int8,64,1,1,47,64,5.581699952017516,11466.040910505602
http,onnx-int8,64,1,1,48,64,5.319699994288385,12030.753626842685
http,onnx-int8,64,1,1,49,64,5.372700048610568,11912.0738959829
http,onnx-int8,64,1,1,50,64,5.438200023490936,11768.599853544294
http,onnx-int8,64,1,1,51,64,5.405900010373443,11838.916716400538
http,onnx-int8,64,1,1,52,64,5.572599999140948,11484.764743542693
http,onnx-int8,64,1,1,53,64,5.538100027479231,11556.309868446126
http,onnx-int8,64,1,1,54,64,7.055499998386949,9070.937568511357
http,onnx-int8,64,1,1,55,64,9.595800016541034,6669.584598436626
http,onnx-int8,64,1,1,56,64,9.751500037964433,6563.09283195774
http,onnx-int8,64,1,1,57,64,10.388700000476092,6160.539817019167
http,onnx-int8,64,1,1,58,64,6.17379997856915,10366.387026168726
http,onnx-int8,64,1,1,59,64,6.19310000911355,10334.081462566377
http,onnx-int8,64,1,1,60,64,5.823400046210736,10990.143128093106
http,onnx-int8,64,1,1,61,64,7.467700052075088,8570.242451317523
http,onnx-int8,64,1,1,62,64,7.58139998652041,8441.712627455461
http,onnx-int8,64,1,1,63,64,6.41079997876659,9983.153461654769
http,onnx-int8,64,1,1,64,64,6.030899996403605,10612.014796823858
http,onnx-int8,64,1,1,65,64,6.48049998562783,9875.781211625092
http,onnx-int8,64,1,1,66,64,8.07029998395592,7930.312395726871
http,onnx-int8,64,1,1,67,64,8.386300003621727,7631.494219424634
http,onnx-int8,64,1,1,68,64,8.356399950571358,7658.800485683321
http,onnx-int8,64,1,1,69,64,7.1224000421352684,8985.735092298051
http,onnx-int8,64,1,2,0,64,6.552300008479506,9767.562522652488
http,onnx-int8,64,1,2,1,64,6.208100006915629,10309.11227729998
http,onnx-int8,64,1,2,2,64,6.190799991600215,10337.920799708649
http,onnx-int8,64,1,2,3,64,5.5071000242605805,11621.361463939102
http,onnx-int8,64,1,2,4,64,5.22120000096038,12257.71852988354
http,onnx-int8,64,1,2,5,64,5.4147999617271125,11819.457865916522
http,onnx-int8,64,1,2,6,64,5.55310002528131,11525.094039118785
http,onnx-int8,64,1,2,7,64,6.073199969250709,10538.101877764468
http,onnx-int8,64,1,2,8,64,5.7978000259026885,11038.669790967053
http,onnx-int8,64,1,2,9,64,5.752299970481545,11125.984445947164
http,onnx-int8,64,1,2,10,64,8.34439997561276,7669.814508777817
http,onnx-int8,64,1,2,11,64,6.982599967159331,9165.640349011222
http,onnx-int8,64,1,2,12,64,8.872099977452308,7213.624752048623
http,onnx-int8,64,1,2,13,64,9.763600013684481,6554.9592271599395
http,onnx-int8,64,1,2,14,64,8.011900004930794,7988.117670042341
http,onnx-int8,64,1,2,15,64,5.578099982813001,11473.44081267708
http,onnx-int8,64,1,2,16,64,5.255200027022511,12178.413698985516
http,onnx-int8,64,1,2,17,64,5.294299975503236,12088.472564102613
http,onnx-int8,64,1,2,18,64,5.340500036254525,11983.896557537593
http,onnx-int8,64,1,2,19,64,5.231799965258688,12232.883601243631
http,onnx-int8,64,1,2,20,64,5.389700003433973,11874.501356146593
http,onnx-int8,64,1,2,21,64,5.443300004117191,11757.573521869423
http,onnx-int8,64,1,2,22,64,5.243699997663498,12205.12234271932
http,onnx-int8,64,1,2,23,64,5.175500002223998,12365.954974881293
http,onnx-int8,64,1,2,24,64,7.962100033182651,8038.080372423756
http,onnx-int8,64,1,2,25,64,8.737399999517947,7324.833474893098
http,onnx-int8,64,1,2,26,64,8.23630002560094,7770.47943871258
http,onnx-int8,64,1,2,27,64,8.261999988462776,7746.308410720273
http,onnx-int8,64,1,2,28,64,8.1297000288032,7872.369186224655
http,onnx-int8,64,1,2,29,64,6.833999999798834,9364.940006128754
http,onnx-int8,64,1,2,30,64,5.576100025791675,11477.555944831443
http,onnx-int8,64,1,2,31,64,5.386899982113391,11880.67352512669
http,onnx-int8,64,1,2,32,64,5.018100026063621,12753.83106506227
http,onnx-int8,64,1,2,33,64,10.641600005328655,6014.133210039163
http,onnx-int8,64,1,2,34,64,5.960300040896982,10737.714470892386
http,onnx-int8,64,1,2,35,64,8.516600006259978,7514.735921959224
http,onnx-int8,64,1,2,36,64,8.332099998369813,7681.1368097504455
http,onnx-int8,64,1,2,37,64,8.72949999757111,7331.462285103077
http,onnx-int8,64,1,2,38,64,8.544900047127157,7489.847704130507
http,onnx-int8,64,1,2,39,64,8.786700025666505,7283.73562464315
http,onnx-int8,64,1,2,40,64,5.860699980985373,10920.197281492565
http,onnx-int8,64,1,2,41,64,5.4558999836444855,11730.420314129118
http,onnx-int8,64,1,2,42,64,5.225899978540838,12246.6943995874
http,onnx-int8,64,1,2,43,64,5.42580004548654,11795.495496233501
http,onnx-int8,64,1,2,44,64,5.786499998066574,11060.22639270442
http,onnx-int8,64,1,2,45,64,5.093999963719398,12563.80063914846
http,onnx-int8,64,1,2,46,64,5.669400037731975,11288.672447535204
http,onnx-int8,64,1,2,47,64,8.256200002506375,7751.750197496573
http,onnx-int8,64,1,2,48,64,8.831100014504045,7247.115296496191
http,onnx-int8,64,1,2,49,64,8.161799982190132,7841.40754976285
http,onnx-int8,64,1,2,50,64,8.336399972904474,7677.174824626589
http,onnx-int8,64,1,2,51,64,8.161500038113445,7841.695730089562
http,onnx-int8,64,1,2,52,64,5.634900007862598,11357.788054925248
http,onnx-int8,64,1,2,53,64,5.125400028191507,12486.830227490038
http,onnx-int8,64,1,2,54,64,5.24619995849207,12199.306260982796
http,onnx-int8,64,1,2,55,64,5.262300022877753,12161.982350257715
http,onnx-int8,64,1,2,56,64,5.053400003816932,12664.740561138944
http,onnx-int8,64,1,2,57,64,5.176300008315593,12364.04379521775
http,onnx-int8,64,1,2,58,64,5.1592999952845275,12404.78360601136
http,onnx-int8,64,1,2,59,64,7.655300025362521,8360.220995645333
http,onnx-int8,64,1,2,60,64,8.544200041797012,7490.461328962466
http,onnx-int8,64,1,2,61,64,8.302200003527105,7708.800073812996
http,onnx-int8,64,1,2,62,64,8.107699977699667,7893.730672821247
http,onnx-int8,64,1,2,63,64,5.670999991707504,11285.487584832457
http,onnx-int8,64,1,2,64,64,7.758899999316782,8248.591940305403
http,onnx-int8,64,1,2,65,64,5.557099997531623,11516.798335179825
http,onnx-int8,64,1,2,66,64,5.134099978022277,12465.670764879347
http,onnx-int8,64,1,2,67,64,5.6794999982230365,11268.597591341471
http,onnx-int8,64,1,2,68,64,5.325300036929548,12018.102183196612
http,onnx-int8,64,1,2,69,64,5.057300033513457,12654.973914121781
http,onnx-int8,64,4,0,0,64,15.35080000758171,4169.163820021798
http,onnx-int8,64,4,0,1,64,21.17530000396073,3022.3892926206067
http,onnx-int8,64,4,0,2,64,24.533200019504875,2608.7098278706994
http,onnx-int8,64,4,0,3,64,27.236699999775738,2349.7707137989173
http,onnx-int8,64,4,0,4,64,14.371199999004602,4453.3511470463745
http,onnx-int8,64,4,0,5,64,18.573699984699488,3445.7324094133896
http,onnx-int8,64,4,0,6,64,19.020600011572242,3364.7729283546278
http,onnx-int8,64,4,0,7,64,23.678099969401956,2702.919578965544
http,onnx-int8,64,4,0,8,64,20.013000001199543,3197.921350930093
http,onnx-int8,64,4,0,9,64,15.400099975522608,4155.81717662376
http,onnx-int8,64,4,0,10,64,17.7345999982208,3608.7647878396306
http,onnx-int8,64,4,0,11,64,22.50399999320507,2843.9388561733185
http,onnx-int8,64,4,0,12,64,22.459300002083182,2849.5990522440043
http,onnx-int8,64,4,0,13,64,18.436600046698004,3471.3558811220405
http,onnx-int8,64,4,0,14,64,21.34079998359084,2998.9503696773436
http,onnx-int8,64,4,0,15,64,20.790799986571074,3078.2846278805077
http,onnx-int8,64,4,0,16,64,19.81630001682788,3229.664465397253
http,onnx-int8,64,4,0,17,64,16.866200021468103,3794.5713864734053
http,onnx-int8,64,4,0,18,64,22.412699996493757,2855.5238775342623
http,onnx-int8,64,4,0,19,64,19.022899970877916,3364.366111264705
http,onnx-int8,64,4,0,20,64,20.0059000053443,3199.0562775432886
http,onnx-int8,64,4,0,21,64,23.511899984441698,2722.0258695532943
http,onnx-int8,64,4,0,22,64,23.323000001255423,2744.072374761181
http,onnx-int8,64,4,0,23,64,23.002900008577853,2782.2578881851505
http,onnx-int8,64,4,0,24,64,26.54290001373738,2411.190938702122
http,onnx-int8,64,4,0,25,64,24.352599983103573,2628.0561436727394
http,onnx-int8,64,4,0,26,64,26.334499998483807,2430.2720766934917
http,onnx-int8,64,4,0,27,64,20.790999988093972,3078.2550159516036
http,onnx-int8,64,4,0,28,64,30.505299975629896,2097.9960876021014
http,onnx-int8,64,4,0,29,64,17.539799970109016,3648.8443487991626
http,onnx-int8,64,4,0,30,64,16.819800017401576,3805.0392949848583
http,onnx-int8,64,4,0,31,64,21.89969999017194,2922.41446361008
http,onnx-int8,64,4,0,32,64,20.03860002150759,3193.835893291362
http,onnx-int8,64,4,0,33,64,16.437600017525256,3893.512430754198
http,onnx-int8,64,4,0,34,64,21.59119996940717,2964.170592217309
http,onnx-int8,64,4,0,35,64,20.384499977808446,3139.6404164769065
http,onnx-int8,64,4,0,36,64,24.964499985799193,2563.640370782742
http,onnx-int8,64,4,0,37,64,17.149200022686273,3731.9525059673865
http,onnx-int8,64,4,0,38,64,24.946899968199432,2565.4490169753653
http,onnx-int8,64,4,0,39,64,23.9160000346601,2676.03277752335
http,onnx-int8,64,4,0,40,64,24.87480000127107,2572.885007989197
http,onnx-int8,64,4,0,41,64,31.102799985092133,2057.692555997396
http,onnx-int8,64,4,0,42,64,24.075299967080355,2658.3261719484763
http,onnx-int8,64,4,0,43,64,17.616999975871295,3632.8546340271373
http,onnx-int8,64,4,0,44,64,23.561100009828806,2716.3417655925064
http,onnx-int8,64,4,0,45,64,18.88470002450049,3388.986847393295
http,onnx-int8,64,4,0,46,64,24.01839999947697,2664.6237884868965
http,onnx-int8,64,4,0,47,64,21.803999959956855,2935.2412455300077
http,onnx-int8,64,4,0,48,64,19.308999995701015,3314.516547426022
http,onnx-int8,64,4,0,49,64,19.522200047504157,3278.319033933994
http,onnx-int8,64,4,0,50,64,16.055800020694733,3986.0984764078253
http,onnx-int8,64,4,0,51,64,21.812399965710938,2934.1108773270207
http,onnx-int8,64,4,0,52,64,19.970199966337532,3204.775120323314
http,onnx-int8,64,4,0,53,64,21.559600019827485,2968.5151830804753
http,onnx-int8,64,4,0,54,64,19.27569997496903,3320.242589535472
http,onnx-int8,64,4,0,55,64,22.647100035101175,2825.9688834687518
http,onnx-int8,64,4,0,56,64,13.555000012274832,4721.504975436689
http,onnx-int8,64,4,0,57,64,19.11590003874153,3347.9982564406296
http,onnx-int8,64,4,0,58,64,24.998500011861324,2560.1536080018077
http,onnx-int8,64,4,0,59,64,22.756499995011836,2812.383275724678
http,onnx-int8,64,4,0,60,64,26.95339999627322,2374.4685274900057
http,onnx-int8,64,4,0,61,64,19.255599996540695,3323.7084282752926
http,onnx-int8,64,4,0,62,64,24.254699994344264,2638.663847209967
http,onnx-int8,64,4,0,63,64,19.28159996168688,3319.226626792897
http,onnx-int8,64,4,0,64,64,22.05939998384565,2901.2575159282633
http,onnx-int8,64,4,0,65,64,20.279099990148097,3155.9585993013593
http,onnx-int8,64,4,0,66,64,16.538500029128045,3869.758435606706
http,onnx-int8,64,4,0,67,64,20.353900035843253,3144.3605347032208
http,onnx-int8,64,4,0,68,64,23.969999980181456,2670.0041740890947
http,onnx-int8,64,4,0,69,64,9.30460001109168,6878.318242988189
http,onnx-int8,64,4,1,0,64,13.8248999719508,4629.328250464666
http,onnx-int8,64,4,1,1,64,12.460900004953146,5136.065611196648
http,onnx-int8,64,4,1,2,64,27.187099971342832,2354.057625398098
http,onnx-int8,64,4,1,3,64,21.793799998704344,2936.6150007710835
http,onnx-int8,64,4,1,4,64,36.38360003242269,1759.0342886071574
http,onnx-int8,64,4,1,5,64,24.565699975937605,2605.2585541095414
http,onnx-int8,64,4,1,6,64,26.178899977821857,2444.716930589875
http,onnx-int8,64,4,1,7,64,22.680099995341152,2821.8570470653394
http,onnx-int8,64,4,1,8,64,29.637500003445894,2159.4264021108006
http,onnx-int8,64,4,1,9,64,29.412500036414713,2175.9455986659946
http,onnx-int8,64,4,1,10,64,14.144499960821122,4524.7269381932
http,onnx-int8,64,4,1,11,64,19.539900007657707,3275.3494119682464
http,onnx-int8,64,4,1,12,64,19.00580001529306,3367.3931088668855
http,onnx-int8,64,4,1,13,64,16.51380001567304,3875.54650893546
http,onnx-int8,64,4,1,14,64,21.37800003401935,2993.731869125044
http,onnx-int8,64,4,1,15,64,27.996799966786057,2285.9755427736836
http,onnx-int8,64,4,1,16,64,20.384299976285547,3139.671221207281
http,onnx-int8,64,4,1,17,64,19.030699972063303,3362.987178293534
http,onnx-int8,64,4,1,18,64,20.591800042893738,3108.0332883324836
http,onnx-int8,64,4,1,19,64,24.21980001963675,2642.466079328093
http,onnx-int8,64,4,1,20,64,23.077399993781,2773.2760197096295
http,onnx-int8,64,4,1,21,64,27.04349998384714,2366.5575845665935
http,onnx-int8,64,4,1,22,64,14.468499983195215,4423.40256932884
http,onnx-int8,64,4,1,23,64,33.20599999278784,1927.3625252635202
http,onnx-int8,64,4,1,24,64,19.255499995779246,3323.725689492801
http,onnx-int8,64,4,1,25,64,20.703000016510487,3091.3394169424955
http,onnx-int8,64,4,1,26,64,19.83000000473112,3227.4331812773894
http,onnx-int8,64,4,1,27,64,27.165599982254207,2355.9207248066555
http,onnx-int8,64,4,1,28,64,16.015500004868954,3996.128749058289
http,onnx-int8,64,4,1,29,64,20.609600003808737,3105.3489630159024
http,onnx-int8,64,4,1,30,64,17.468500009272248,3663.737582850784
http,onnx-int8,64,4,1,31,64,18.529900000430644,3453.877246963697
http,onnx-int8,64,4,1,32,64,18.526800035033375,3454.4551611168026
http,onnx-int8,64,4,1,33,64,22.562500031199306,2836.5650930305214
http,onnx-int8,64,4,1,34,64,21.797799970954657,2936.0761216856445
http,onnx-int8,64,4,1,35,64,22.171900025568902,2886.5365587159617
http,onnx-int8,64,4,1,36,64,23.297099978663027,2747.1230349964285
http,onnx-int8,64,4,1,37,64,26.30119997775182,2433.3490507709757
http,onnx-int8,64,4,1,38,64,27.374600002076477,2337.9337047900367
http,onnx-int8,64,4,1,39,64,27.527300000656396,2324.9646713798265
http,onnx-int8,64,4,1,40,64,22.550399997271597,2838.0871296182527
http,onnx-int8,64,4,1,41,64,21.61639998666942,2960.7150145013993
http,onnx-int8,64,4,1,42,64,26.988600031472743,2371.371613398488
http,onnx-int8,64,4,1,43,64,16.395799990277737,3903.4386878316554
http,onnx-int8,64,4,1,44,64,27.05390000483021,2365.6478359339476
http,onnx-int8,64,4,1,45,64,18.140300002414733,3528.056316129319
http,onnx-int8,64,4,1,46,64,17.018700018525124,3760.569252077714
http,onnx-int8,64,4,1,47,64,21.10090001951903,3033.0459810149273
http,onnx-int8,64,4,1,48,64,22.148899966850877,2889.534021815328
http,onnx-int8,64,4,1,49,64,20.73500002734363,3086.5685997396677
http,onnx-int8,64,4,1,50,64,23.192699998617172,2759.488977299577
http,onnx-int8,64,4,1,51,64,14.051200007088482,4554.7711204533125
http,onnx-int8,64,4,1,52,64,21.058699989225715,3039.123974069833
http,onnx-int8,64,4,1,53,64,24.243999971076846,2639.828414302597
http,onnx-int8,64,4,1,54,64,30.40869999676943,2104.6608374182147
http,onnx-int8,64,4,1,55,64,31.737999990582466,2016.5101776731537
http,onnx-int8,64,4,1,56,64,18.245599989313632,3507.695007973677
http,onnx-int8,64,4,1,57,64,20.814399991650134,3074.7943743597757
http,onnx-int8,64,4,1,58,64,17.913099960424006,3572.8042684625934
http,onnx-int8,64,4,1,59,64,20.542899961583316,3115.4316148004687
http,onnx-int8,64,4,1,60,64,17.202099959831685,3720.4759970843825
http,onnx-int8,64,4,1,61,64,21.011499979067594,3045.9510298531322
http,onnx-int8,64,4,1,62,64,25.119999947492033,2547.7707059625104
http,onnx-int8,64,4,1,63,64,25.131400034297258,2546.6149881287192
http,onnx-int8,64,4,1,64,64,14.532300003338605,4403.982850980013
http,onnx-int8,64,4,1,65,64,20.905200042761862,3061.439252869485
http,onnx-int8,64,4,1,66,64,28.809000039473176,2221.527991680004
http,onnx-int8,64,4,1,67,64,31.729199981782585,2017.0694513806145
http,onnx-int8,64,4,1,68,64,34.55979999853298,1851.8625687277333
http,onnx-int8,64,4,1,69,64,13.517200015485287,4734.708366132164
http,onnx-int8,64,4,2,0,64,14.602500014007092,4382.811158268075
http,onnx-int8,64,4,2,1,64,15.526400005910546,4122.011540063161
http,onnx-int8,64,4,2,2,64,23.854200029745698,2682.9656798464553
http,onnx-int8,64,4,2,3,64,14.783099992200732,4329.267882498604
http,onnx-int8,64,4,2,4,64,21.897599974181503,2922.694727982043
http,onnx-int8,64,4,2,5,64,18.39869999093935,3478.5066353338843
http,onnx-int8,64,4,2,6,64,17.83250004518777,3588.9527457071763
http,onnx-int8,64,4,2,7,64,47.67800000263378,1342.3381852524137
http,onnx-int8,64,4,2,8,64,26.804799970705062,2387.6320685080855
http,onnx-int8,64,4,2,9,64,23.276899999473244,2749.507022045389
http,onnx-int8,64,4,2,10,64,17.997500021010637,3556.04944716128
http,onnx-int8,64,4,2,11,64,32.867199974134564,1947.230066764615
http,onnx-int8,64,4,2,12,64,17.942499951459467,3566.949988749709
http,onnx-int8,64,4,2,13,64,24.529999995138496,2609.050143199507
http,onnx-int8,64,4,2,14,64,11.505499947816133,5562.557063167679
http,onnx-int8,64,4,2,15,64,24.217099999077618,2642.760693990512
http,onnx-int8,64,4,2,16,64,16.075899999123067,3981.114587891886
http,onnx-int8,64,4,2,17,64,17.54639996215701,3647.4718539433297
http,onnx-int8,64,4,2,18,64,22.780800005421042,2809.3833396882555
http,onnx-int8,64,4,2,19,64,19.5720000192523,3269.9775156879937
http,onnx-int8,64,4,2,20,64,12.981200008653104,4930.206757259607
http,onnx-int8,64,4,2,21,64,17.3998000100255,3678.20319561858
http,onnx-int8,64,4,2,22,64,16.690700023900717,3834.4706877694402
http,onnx-int8,64,4,2,23,64,22.412899998016655,2855.498396265697
http,onnx-int8,64,4,2,24,64,15.67400002386421,4083.1950939490735
http,onnx-int8,64,4,2,25,64,19.03699996182695,3361.8742516327675
http,onnx-int8,64,4,2,26,64,22.114899998996407,2893.97645944157
http,onnx-int8,64,4,2,27,64,19.62229999480769,3261.5952267030475
http,onnx-int8,64,4,2,28,64,18.80309998523444,3403.694074395044
http,onnx-int8,64,4,2,29,64,19.64450004743412,3257.909330625057
http,onnx-int8,64,4,2,30,64,28.394400025717914,2253.9655686344036
http,onnx-int8,64,4,2,31,64,34.778500034008175,1840.2173738780443
http,onnx-int8,64,4,2,32,64,15.351099951658398,4169.082359019231
http,onnx-int8,64,4,2,33,64,24.766799993813038,2584.10452767365
http,onnx-int8,64,4,2,34,64,16.008400009013712,3997.9010996704274
http,onnx-int8,64,4,2,35,64,21.034599980339408,3042.6059948760344
http,onnx-int8,64,4,2,36,64,25.588400021661073,2501.1333239211035
http,onnx-int8,64,4,2,37,64,20.40480001596734,3136.516895530374
http,onnx-int8,64,4,2,38,64,15.535500016994774,4119.597047406803
http,onnx-int8,64,4,2,39,64,21.018399973399937,3044.95109432668
http,onnx-int8,64,4,2,40,64,11.044499988202006,5794.739469271249
http,onnx-int8,64,4,2,41,64,15.950600034557283,4012.388240025
http,onnx-int8,64,4,2,42,64,16.95249998010695,3775.2543916886198
http,onnx-int8,64,4,2,43,64,19.694100017659366,3249.704223224838
http,onnx-int8,64,4,2,44,64,23.05199997499585,2776.331774658156
http,onnx-int8,64,4,2,45,64,12.646300019696355,5060.76875452277
http,onnx-int8,64,4,2,46,64,23.106500040739775,2769.7833893995044
http,onnx-int8,64,4,2,47,64,22.511000046506524,2843.0545008120216
http,onnx-int8,64,4,2,48,64,25.946400011889637,2466.623499625102
http,onnx-int8,64,4,2,49,64,22.556699987035245,2837.29446402997
http,onnx-int8,64,4,2,50,64,12.217000010423362,5238.601943635603
http,onnx-int8,64,4,2,51,64,29.032699996605515,2204.4108886697704
http,onnx-int8,64,4,2,52,64,36.406599974725395,1757.9230151794127
http,onnx-int8,64,4,2,53,64,38.72650000266731,1652.61513422571
http,onnx-int8,64,4,2,54,64,40.050200012046844,1597.9945164006474
http,onnx-int8,64,4,2,55,64,29.21860001515597,2190.3855751748056
http,onnx-int8,64,4,2,56,64,43.58569998294115,1468.3715077433362
http,onnx-int8,64,4,2,57,64,60.48079999163747,1058.1870611640243
http,onnx-int8,64,4,2,58,64,57.6223999960348,1110.6791803951946
http,onnx-int8,64,4,2,59,64,34.230299992486835,1869.6885511972516
http,onnx-int8,64,4,2,60,64,65.28719997731969,980.2840376403514
http,onnx-int8,64,4,2,61,64,87.56730001186952,730.8664306347799
http,onnx-int8,64,4,2,62,64,65.95700001344085,970.3291536449195
http,onnx-int8,64,4,2,63,64,89.97530001215637,711.306325084252
http,onnx-int8,64,4,2,64,64,53.51150000933558,1196.0045969340163
http,onnx-int8,64,4,2,65,64,75.94090001657605,842.7606202458801
http,onnx-int8,64,4,2,66,64,81.94750000257045,780.9878275480339
http,onnx-int8,64,4,2,67,64,58.133200043812394,1100.9199554087177
http,onnx-int8,64,4,2,68,64,39.95249996660277,1601.9022602715497
http,onnx-int8,64,4,2,69,64,14.640000008512288,4371.584696911736
