mode,runtime,batch_size,concurrency,repeat,call_index,n_samples,latency_ms,samples_per_second
inproc,torchscript,1,1,0,0,1,0.12129999231547117,8244.023605535343
inproc,torchscript,1,1,0,1,1,0.1249000197276473,8006.4038595075135
inproc,torchscript,1,1,0,2,1,0.12209999840706587,8190.008296856215
inproc,torchscript,1,1,0,3,1,0.11780002387240529,8488.962626044513
inproc,torchscript,1,1,0,4,1,0.11750002158805728,8510.636734228823
inproc,torchscript,1,1,0,5,1,0.12009998317807913,8326.395837351973
inproc,torchscript,1,1,0,6,1,0.11690001701936126,8554.318686150214
inproc,torchscript,1,1,0,7,1,0.13150001177564263,7604.562056664599
inproc,torchscript,1,1,0,8,1,0.11800002539530396,8474.574447335644
inproc,torchscript,1,1,0,9,1,0.11439999798312783,8741.258895367147
inproc,torchscript,1,1,0,10,1,0.1145999995060265,8726.003528014087
inproc,torchscript,1,1,0,11,1,0.11309998808428645,8841.73391118982
inproc,torchscript,1,1,0,12,1,0.11300004553049803,8849.553956419479
inproc,torchscript,1,1,0,13,1,0.11180003639310598,8944.5409166402
inproc,torchscript,1,1,0,14,1,0.11180003639310598,8944.5409166402
inproc,torchscript,1,1,0,15,1,0.11150003410875797,8968.607121900899
inproc,torchscript,1,1,0,16,1,0.11410005390644073,8764.237752420131
inproc,torchscript,1,1,0,17,1,0.1126999850384891,8873.115641128805
inproc,torchscript,1,1,0,18,1,0.1126999850384891,8873.115641128805
inproc,torchscript,1,1,0,19,1,0.11099997209385037,9009.011273935284
inproc,torchscript,1,1,0,20,1,0.11239998275414109,8896.798518086583
inproc,torchscript,1,1,0,21,1,0.1126999850384891,8873.115641128805
inproc,torchscript,1,1,0,22,1,0.11119997361674905,8992.807889024347
inproc,torchscript,1,1,0,23,1,0.11169997742399573,8952.553286596967
inproc,torchscript,1,1,0,24,1,0.125700025819242,7955.4478488175555
inproc,torchscript,1,1,0,25,1,0.11389999417588115,8779.631704421585
inproc,torchscript,1,1,0,26,1,0.11239998275414109,8896.798518086583
inproc,torchscript,1,1,0,27,1,0.11279998579993844,8865.249342970625
inproc,torchscript,1,1,0,28,1,0.11809996794909239,8467.402805994454
inproc,torchscript,1,1,0,29,1,0.11329998960718513,8826.12614058513
inproc,torchscript,1,1,0,30,1,0.11359999189153314,8802.817529730231
inproc,torchscript,1,1,0,31,1,0.11889997404068708,8410.430768116099
inproc,torchscript,1,1,0,32,1,0.1134999911300838,8810.573375762533
inproc,torchscript,1,1,0,33,1,0.11119997361674905,8992.807889024347
inproc,torchscript,1,1,0,34,1,0.11249998351559043,8888.890191360948
inproc,torchscript,1,1,0,35,1,0.11219998123124242,8912.6574623842
inproc,torchscript,1,1,0,36,1,0.11289998656138778,8857.39697990366
inproc,torchscript,1,1,0,37,1,0.11340004857629538,8818.338374230956
inproc,torchscript,1,1,0,38,1,0.11150003410875797,8968.607121900899
inproc,torchscript,1,1,0,39,1,0.11120003182440996,8992.803181738713
inproc,torchscript,1,1,0,40,1,0.11260004248470068,8880.99132054833
inproc,torchscript,1,1,0,41,1,0.12410001363605261,8058.016842227707
inproc,torchscript,1,1,0,42,1,0.11480000102892518,8710.801315655377
inproc,torchscript,1,1,0,43,1,0.11250004172325134,8888.885592238154
inproc,torchscript,1,1,0,44,1,0.11279998579993844,8865.249342970625
inproc,torchscript,1,1,0,45,1,0.11179997818544507,8944.545573535606
inproc,torchscript,1,1,0,46,1,0.11140003334730864,8976.657995086314
inproc,torchscript,1,1,0,47,1,0.11359999189153314,8802.817529730231
inproc,torchscript,1,1,0,48,1,0.1145999995060265,8726.003528014087
inproc,torchscript,1,1,0,49,1,0.1105000264942646,9049.771585818615
inproc,torchscript,1,1,0,50,1,0.11160003487020731,8960.570676908987
inproc,torchscript,1,1,0,51,1,0.11190003715455532,8936.547524276592
inproc,torchscript,1,1,0,52,1,0.11399999493733048,8771.930214117401
inproc,torchscript,1,1,0,53,1,0.1107999705709517,9025.273155281586
inproc,torchscript,1,1,0,54,1,0.11160003487020731,8960.570676908987
inproc,torchscript,1,1,0,55,1,0.11190003715455532,8936.547524276592
inproc,torchscript,1,1,0,56,1,0.11379999341443181,8787.34672996196
inproc,torchscript,1,1,0,57,1,0.11359999189153314,8802.817529730231
inproc,torchscript,1,1,0,58,1,0.12209999840706587,8190.008296856215
inproc,torchscript,1,1,0,59,1,0.16550003783777356,6042.29469107566
inproc,torchscript,1,1,0,60,1,0.17990003107115626,5558.642730886843
inproc,torchscript,1,1,0,61,1,0.18969998927786946,5271.481584193535
inproc,torchscript,1,1,0,62,1,0.1251999638043344,7987.222756412491
inproc,torchscript,1,1,0,63,1,0.11359999189153314,8802.817529730231
inproc,torchscript,1,1,0,64,1,0.11600001016631722,8620.6888996495
inproc,torchscript,1,1,0,65,1,0.11299998732283711,8849.558514931812
inproc,torchscript,1,1,0,66,1,0.1132000470533967,8833.918589524064
inproc,torchscript,1,1,0,67,1,0.11080002877861261,9025.26841394672
inproc,torchscript,1,1,0,68,1,0.11230004020035267,8904.716313688903
inproc,torchscript,1,1,0,69,1,0.11160003487020731,8960.570676908987
inproc,torchscript,1,1,0,70,1,0.11120003182440996,8992.803181738713
inproc,torchscript,1,1,0,71,1,0.11139997513964772,8976.662685484709
inproc,torchscript,1,1,0,72,1,0.11229998199269176,8904.720929207966
inproc,torchscript,1,1,0,73,1,0.1132000470533967,8833.918589524064
inproc,torchscript,1,1,0,74,1,0.12710003647953272,7867.81835551269
inproc,torchscript,1,1,1,0,1,0.15489995712414384,6455.779708180001
inproc,torchscript,1,1,1,1,1,0.11809996794909239,8467.402805994454
inproc,torchscript,1,1,1,2,1,0.11869997251778841,8424.601782027707
inproc,torchscript,1,1,1,3,1,0.15360000543296337,6510.416436387669
inproc,torchscript,1,1,1,4,1,0.12020004214718938,8319.464636921368
inproc,torchscript,1,1,1,5,1,0.11230004020035267,8904.716313688903
inproc,torchscript,1,1,1,6,1,0.17250003293156624,5797.100342564673
inproc,torchscript,1,1,1,7,1,0.18889998318627477,5293.806717885715
inproc,torchscript,1,1,1,8,1,0.12669997522607446,7892.661369630664
inproc,torchscript,1,1,1,9,1,0.1142999972216785,8748.90659936374
inproc,torchscript,1,1,1,10,1,0.11549994815140963,8658.012544638492
inproc,torchscript,1,1,1,11,1,0.11219998123124242,8912.6574623842
inproc,torchscript,1,1,1,12,1,0.11289998656138778,8857.39697990366
inproc,torchscript,1,1,1,13,1,0.11149997590109706,8968.611803889735
inproc,torchscript,1,1,1,14,1,0.11289998656138778,8857.39697990366
inproc,torchscript,1,1,1,15,1,0.1115999766625464,8960.575350510855
inproc,torchscript,1,1,1,16,1,0.15480001457035542,6459.947712378978
inproc,torchscript,1,1,1,17,1,0.11870003072544932,8424.597650804144
inproc,torchscript,1,1,1,18,1,0.11360005009919405,8802.813019244388
inproc,torchscript,1,1,1,19,1,0.11180003639310598,8944.5409166402
inproc,torchscript,1,1,1,20,1,0.11329998960718513,8826.12614058513
inproc,torchscript,1,1,1,21,1,0.11189997894689441,8936.552172852336
inproc,torchscript,1,1,1,22,1,0.11169997742399573,8952.553286596967
inproc,torchscript,1,1,1,23,1,0.11150003410875797,8968.607121900899
inproc,torchscript,1,1,1,24,1,0.1311999512836337,7621.954049648669
inproc,torchscript,1,1,1,25,1,0.11219998123124242,8912.6574623842
inproc,torchscript,1,1,1,26,1,0.11169997742399573,8952.553286596967
inproc,torchscript,1,1,1,27,1,0.11120003182440996,8992.803181738713
inproc,torchscript,1,1,1,28,1,0.11339999036863446,8818.342900640951
inproc,torchscript,1,1,1,29,1,0.11189997894689441,8936.552172852336
inproc,torchscript,1,1,1,30,1,0.11080002877861261,9025.26841394672
inproc,torchscript,1,1,1,31,1,0.1113000325858593,8984.723335355522
inproc,torchscript,1,1,1,32,1,0.11180003639310598,8944.5409166402
inproc,torchscript,1,1,1,33,1,0.11170003563165665,8952.548621359547
inproc,torchscript,1,1,1,34,1,0.11090002954006195,9017.130149985724
inproc,torchscript,1,1,1,35,1,0.1154000055976212,8665.510844833212
inproc,torchscript,1,1,1,36,1,0.11229998199269176,8904.720929207966
inproc,torchscript,1,1,1,37,1,0.11030002497136593,9066.18108436151
inproc,torchscript,1,1,1,38,1,0.11070002801716328,9033.421381293208
inproc,torchscript,1,1,1,39,1,0.11009996524080634,9082.655001868885
inproc,torchscript,1,1,1,40,1,0.11139997513964772,8976.662685484709
inproc,torchscript,1,1,1,41,1,0.12240000069141388,8169.934594372498
inproc,torchscript,1,1,1,42,1,0.11319998884573579,8833.92313194269
inproc,torchscript,1,1,1,43,1,0.11070002801716328,9033.421381293208
inproc,torchscript,1,1,1,44,1,0.11179997818544507,8944.545573535606
inproc,torchscript,1,1,1,45,1,0.11119997361674905,8992.807889024347
inproc,torchscript,1,1,1,46,1,0.11019996600225568,9074.412962881777
inproc,torchscript,1,1,1,47,1,0.109999964479357,9090.91202650037
inproc,torchscript,1,1,1,48,1,0.11259998427703977,8880.995911505734
inproc,torchscript,1,1,1,49,1,0.11149997590109706,8968.611803889735
inproc,torchscript,1,1,1,50,1,0.11199997970834374,8928.573046210135
inproc,torchscript,1,1,1,51,1,0.11069996980950236,9033.426131198104
inproc,torchscript,1,1,1,52,1,0.11239998275414109,8896.798518086583
inproc,torchscript,1,1,1,53,1,0.11309998808428645,8841.73391118982
inproc,torchscript,1,1,1,54,1,0.11100003030151129,9009.006549671049
inproc,torchscript,1,1,1,55,1,0.10989996371790767,9099.184077683683
inproc,torchscript,1,1,1,56,1,0.11209998046979308,8920.60815540877
inproc,torchscript,1,1,1,57,1,0.11049996828660369,9049.77635293343
inproc,torchscript,1,1,1,58,1,0.12059998698532581,8291.874858342037
inproc,torchscript,1,1,1,59,1,0.11449999874457717,8733.62454990735
inproc,torchscript,1,1,1,60,1,0.11379999341443181,8787.34672996196
inproc,torchscript,1,1,1,61,1,0.11110003106296062,9000.897573406599
inproc,torchscript,1,1,1,62,1,0.11139997513964772,8976.662685484709
inproc,torchscript,1,1,1,63,1,0.12509996304288507,7993.607477383455
inproc,torchscript,1,1,1,64,1,0.22069999249652028,4531.037761660851
inproc,torchscript,1,1,1,65,1,0.18909998470917344,5288.207725336156
inproc,torchscript,1,1,1,66,1,0.19049999536946416,5249.343959618243
inproc,torchscript,1,1,1,67,1,0.18909998470917344,5288.207725336156
inproc,torchscript,1,1,1,68,1,0.17779995687305927,5624.298327102253
inproc,torchscript,1,1,1,69,1,0.1873999717645347,5336.180099623949
inproc,torchscript,1,1,1,70,1,0.18150004325434566,5509.64056024299
inproc,torchscript,1,1,1,71,1,0.22390001686289907,4466.279252727038
inproc,torchscript,1,1,1,72,1,0.1776000135578215,5630.630200793473
inproc,torchscript,1,1,1,73,1,0.17929996829479933,5577.24582725989
inproc,torchscript,1,1,1,74,1,0.179799972102046,5561.736124366287
inproc,torchscript,1,1,2,0,1,0.19789999350905418,5053.057265281056
inproc,torchscript,1,1,2,1,1,0.17950002802535892,5571.029770862903
inproc,torchscript,1,1,2,2,1,0.16759999562054873,5966.587268081015
inproc,torchscript,1,1,2,3,1,0.17859996296465397,5599.10530439419
inproc,torchscript,1,1,2,4,1,0.17690000822767615,5652.91098637467
inproc,torchscript,1,1,2,5,1,0.16820000018924475,5945.30320377457
inproc,torchscript,1,1,2,6,1,0.18459995044395328,5417.119547405359
inproc,torchscript,1,1,2,7,1,0.1786999637261033,5595.972036864642
inproc,torchscript,1,1,2,8,1,0.17820001812651753,5611.671707519273
inproc,torchscript,1,1,2,9,1,0.1753999968059361,5701.254379761521
inproc,torchscript,1,1,2,10,1,0.1792000257410109,5580.356341272246
inproc,torchscript,1,1,2,11,1,0.20950002362951636,4773.269151360184
inproc,torchscript,1,1,2,12,1,0.1781000173650682,5614.822585616074
inproc,torchscript,1,1,2,13,1,0.18289999570697546,5467.468690388066
inproc,torchscript,1,1,2,14,1,0.1802999759092927,5546.312443785855
inproc,torchscript,1,1,2,15,1,0.17529999604448676,5704.5066889004665
inproc,torchscript,1,1,2,16,1,0.1756999990902841,5691.51966521153
inproc,torchscript,1,1,2,17,1,0.18169998656958342,5503.577732060218
inproc,torchscript,1,1,2,18,1,0.18060003640130162,5537.097444310331
inproc,torchscript,1,1,2,19,1,0.17170002683997154,5824.110912527833
inproc,torchscript,1,1,2,20,1,0.18040003487840295,5543.236178829129
inproc,torchscript,1,1,2,21,1,0.18079997971653938,5530.974071832383
inproc,torchscript,1,1,2,22,1,0.193099956959486,5178.6650589974415
inproc,torchscript,1,1,2,23,1,0.17209997167810798,5810.5762031755485
inproc,torchscript,1,1,2,24,1,0.1810999820008874,5521.8117028587
inproc,torchscript,1,1,2,25,1,0.18429994815960526,5425.937500177655
inproc,torchscript,1,1,2,26,1,0.1802999759092927,5546.312443785855
inproc,torchscript,1,1,2,27,1,0.17859996296465397,5599.10530439419
inproc,torchscript,1,1,2,28,1,0.18959998851642013,5274.261922823882
inproc,torchscript,1,1,2,29,1,0.17100002150982618,5847.952480769349
inproc,torchscript,1,1,2,30,1,0.17570005729794502,5691.517779668339
inproc,torchscript,1,1,2,31,1,0.16769999638199806,5963.029347491066
inproc,torchscript,1,1,2,32,1,0.17790001584216952,5621.134968797228
inproc,torchscript,1,1,2,33,1,0.20789995323866606,4810.005891882115
inproc,torchscript,1,1,2,34,1,0.1802999759092927,5546.312443785855
inproc,torchscript,1,1,2,35,1,0.1715999678708613,5827.506918605933
inproc,torchscript,1,1,2,36,1,0.17529999604448676,5704.5066889004665
inproc,torchscript,1,1,2,37,1,0.1813999842852354,5512.679639638714
inproc,torchscript,1,1,2,38,1,0.17959997057914734,5567.929642612682
inproc,torchscript,1,1,2,39,1,0.17579999985173345,5688.282143591479
inproc,torchscript,1,1,2,40,1,0.18959998851642013,5274.261922823882
inproc,torchscript,1,1,2,41,1,0.18199998885393143,5494.505831000763
inproc,torchscript,1,1,2,42,1,0.1852000132203102,5399.5676491146905
inproc,torchscript,1,1,2,43,1,0.20270003005862236,4933.398380408688
inproc,torchscript,1,1,2,44,1,0.19130000146105886,5227.391491701377
inproc,torchscript,1,1,2,45,1,0.1846000086516142,5417.117839291367
inproc,torchscript,1,1,2,46,1,0.1810999820008874,5521.8117028587
inproc,torchscript,1,1,2,47,1,0.18159998580813408,5506.608359851583
inproc,torchscript,1,1,2,48,1,0.18379994435235858,5440.698056376576
inproc,torchscript,1,1,2,49,1,0.18590001855045557,5379.235611687621
inproc,torchscript,1,1,2,50,1,0.18199998885393143,5494.505831000763
inproc,torchscript,1,1,2,51,1,0.18319999799132347,5458.515343692095
inproc,torchscript,1,1,2,52,1,0.1841000048443675,5431.830383955554
inproc,torchscript,1,1,2,53,1,0.17959997057914734,5567.929642612682
inproc,torchscript,1,1,2,54,1,0.21709996508434415,4606.173011642339
inproc,torchscript,1,1,2,55,1,0.18619996262714267,5370.570358289795
inproc,torchscript,1,1,2,56,1,0.18609996186569333,5373.456232740612
inproc,torchscript,1,1,2,57,1,0.18450000789016485,5420.053968752741
inproc,torchscript,1,1,2,58,1,0.1881999778561294,5313.49690574595
inproc,torchscript,1,1,2,59,1,0.17640000442042947,5668.934098304289
inproc,torchscript,1,1,2,60,1,0.1745999907143414,5727.377165993523
inproc,torchscript,1,1,2,61,1,0.16090000281110406,6215.040289178838
inproc,torchscript,1,1,2,62,1,0.16200001118704677,6172.839079902225
inproc,torchscript,1,1,2,63,1,0.18430000636726618,5425.935786498223
inproc,torchscript,1,1,2,64,1,0.19239995162934065,5197.506504193433
inproc,torchscript,1,1,2,65,1,0.1824999926611781,5479.452275138216
inproc,torchscript,1,1,2,66,1,0.16230001347139478,6161.428940215394
inproc,torchscript,1,1,2,67,1,0.1218999968841672,8203.445656772477
inproc,torchscript,1,1,2,68,1,0.1221999991685152,8183.306111328106
inproc,torchscript,1,1,2,69,1,0.11769996490329504,8496.17925393285
inproc,torchscript,1,1,2,70,1,0.11819996871054173,8460.239126195424
inproc,torchscript,1,1,2,71,1,0.11169997742399573,8952.553286596967
inproc,torchscript,1,1,2,72,1,0.11389999417588115,8779.631704421585
inproc,torchscript,1,1,2,73,1,0.11329998960718513,8826.12614058513
inproc,torchscript,1,1,2,74,1,0.12740003876388073,7849.291175282677
inproc,torchscript,1,4,0,0,1,0.11259998427703977,8880.995911505734
inproc,torchscript,1,4,0,1,1,0.11470000026747584,8718.395794839056
inproc,torchscript,1,4,0,2,1,0.11550000635907054,8658.008181325673
inproc,torchscript,1,4,0,3,1,0.11179997818544507,8944.545573535606
inproc,torchscript,1,4,0,4,1,0.11189997894689441,8936.552172852336
inproc,torchscript,1,4,0,5,1,0.1107999705709517,9025.273155281586
inproc,torchscript,1,4,0,6,1,0.11090002954006195,9017.130149985724
inproc,torchscript,1,4,0,7,1,0.10980002116411924,9107.466368383386
inproc,torchscript,1,4,0,8,1,0.12799998512491584,7812.500907903192
inproc,torchscript,1,4,0,9,1,0.18800003454089165,5319.147958893014
inproc,torchscript,1,4,0,10,1,0.21999998716637492,4545.454810612104
inproc,torchscript,1,4,0,11,1,0.192799954675138,5186.723211034822
inproc,torchscript,1,4,0,12,1,0.18370000179857016,5443.658084971144
inproc,torchscript,1,4,0,13,1,0.18100003944709897,5524.860674366156
inproc,torchscript,1,4,0,14,1,0.17880002269521356,5592.840453407671
inproc,torchscript,1,4,0,15,1,0.17950002802535892,5571.029770862903
inproc,torchscript,1,4,0,16,1,0.18209998961538076,5491.4885064635755
inproc,torchscript,1,4,0,17,1,0.17449998995289207,5730.659355739559
inproc,torchscript,1,4,0,18,1,0.18280005315318704,5470.457927941611
inproc,torchscript,1,4,0,19,1,0.18259999342262745,5476.451456849187
inproc,torchscript,1,4,0,20,1,0.19559997599571943,5112.475065037249
inproc,torchscript,1,4,0,21,1,0.18200004706159234,5494.504073735655
inproc,torchscript,1,4,0,22,1,0.17850002041086555,5602.240255761498
inproc,torchscript,1,4,0,23,1,0.17980003030970693,5561.734323834608
inproc,torchscript,1,4,0,24,1,0.18400000408291817,5434.782488099065
inproc,torchscript,1,4,0,25,1,0.18339999951422215,5452.562718913491
inproc,torchscript,1,4,0,26,1,0.17989997286349535,5558.64452941736
inproc,torchscript,1,4,0,27,1,0.19970000721514225,5007.511085979445
inproc,torchscript,1,4,0,28,1,0.18889998318627477,5293.806717885715
inproc,torchscript,1,4,0,29,1,0.18610002007335424,5373.45455205128
inproc,torchscript,1,4,0,30,1,0.18350000027567148,5449.591272467047
inproc,torchscript,1,4,0,31,1,0.22119999630376697,4520.7957355782755
inproc,torchscript,1,4,0,32,1,0.19069999689236283,5243.838575227833
inproc,torchscript,1,4,0,33,1,0.1786999637261033,5595.972036864642
inproc,torchscript,1,4,0,34,1,0.18149998504668474,5509.642327203409
inproc,torchscript,1,4,0,35,1,0.1792000257410109,5580.356341272246
inproc,torchscript,1,4,0,36,1,0.1811000402085483,5521.809928084145
inproc,torchscript,1,4,0,37,1,0.17720001051202416,5643.340523008284
inproc,torchscript,1,4,0,38,1,0.1824000501073897,5482.4546342571775
inproc,torchscript,1,4,0,39,1,0.18019997514784336,5549.39033248789
inproc,torchscript,1,4,0,40,1,0.18089998047798872,5527.916572228025
inproc,torchscript,1,4,0,41,1,0.18669996643438935,5356.187358241561
inproc,torchscript,1,4,0,42,1,0.18309999722987413,5461.496532654466
inproc,torchscript,1,4,0,43,1,0.17070001922547817,5858.230154497504
inproc,torchscript,1,4,0,44,1,0.16729999333620071,5977.286550098253
inproc,torchscript,1,4,0,45,1,0.17969997134059668,5564.831160182196
inproc,torchscript,1,4,0,46,1,0.17720001051202416,5643.340523008284
inproc,torchscript,1,4,0,47,1,0.1729000359773636,5783.688790735255
inproc,torchscript,1,4,0,48,1,0.17319998005405068,5773.672720331313
inproc,torchscript,1,4,0,49,1,0.1775999553501606,5630.632046209553
inproc,torchscript,1,4,0,50,1,0.18239999189972878,5482.456383823375
inproc,torchscript,1,4,0,51,1,0.17960002878680825,5567.927838068646
inproc,torchscript,1,4,0,52,1,0.22579997312277555,4428.69848995183
inproc,torchscript,1,4,0,53,1,0.20000000949949026,4999.999762512754
inproc,torchscript,1,4,0,54,1,0.17129996558651328,5837.712789819332
inproc,torchscript,1,4,0,55,1,0.16289995983242989,6138.7369341813765
inproc,torchscript,1,4,0,56,1,0.17750001279637218,5633.802410747987
inproc,torchscript,1,4,0,57,1,0.1601999974809587,6242.197351587721
inproc,torchscript,1,4,0,58,1,0.18919998547062278,5285.412668043099
inproc,torchscript,1,4,0,59,1,0.18279999494552612,5470.459669859384
inproc,torchscript,1,4,0,60,1,0.17070001922547817,5858.230154497504
inproc,torchscript,1,4,0,61,1,0.16340002184733748,6119.950222125962
inproc,torchscript,1,4,0,62,1,0.15839998377487063,6313.131959794083
inproc,torchscript,1,4,0,63,1,0.15460001304745674,6468.304758118198
inproc,torchscript,1,4,0,64,1,0.17409998690709472,5743.825819663225
inproc,torchscript,1,4,0,65,1,0.15889998758211732,6293.266696973238
inproc,torchscript,1,4,0,66,1,0.17850002041086555,5602.240255761498
inproc,torchscript,1,4,0,67,1,0.15739997616037726,6353.241114732346
inproc,torchscript,1,4,0,68,1,0.16080000204965472,6218.905393366861
inproc,torchscript,1,4,0,69,1,0.15440001152455807,6476.683454398222
inproc,torchscript,1,4,0,70,1,0.15520001761615276,6443.29823771826
inproc,torchscript,1,4,0,71,1,0.15359994722530246,6510.418903550706
inproc,torchscript,1,4,0,72,1,0.16070000128820539,6222.775307926492
inproc,torchscript,1,4,0,73,1,0.15970005188137293,6261.738729695666
inproc,torchscript,1,4,0,74,1,0.15440001152455807,6476.683454398222
inproc,torchscript,1,4,1,0,1,0.15699997311457992,6369.427842323205
inproc,torchscript,1,4,1,1,1,0.1545000122860074,6472.491394685584
inproc,torchscript,1,4,1,2,1,0.15459995483979583,6468.307193467487
inproc,torchscript,1,4,1,3,1,0.1598999951966107,6253.908880800244
inproc,torchscript,1,4,1,4,1,0.15790003817528486,6333.120698108381
inproc,torchscript,1,4,1,5,1,0.152900000102818,6540.2223631625075
inproc,torchscript,1,4,1,6,1,0.16409996896982193,6093.846368635819
inproc,torchscript,1,4,1,7,1,0.16340002184733748,6119.950222125962
inproc,torchscript,1,4,1,8,1,0.1572000328451395,6361.321826090949
inproc,torchscript,1,4,1,9,1,0.15570002142339945,6422.6066949642345
inproc,torchscript,1,4,1,10,1,0.15380000695586205,6501.950291113984
inproc,torchscript,1,4,1,11,1,0.15300000086426735,6535.947675497999
inproc,torchscript,1,4,1,12,1,0.15660002827644348,6385.694887836906
inproc,torchscript,1,4,1,13,1,0.152299995534122,6565.988373755109
inproc,torchscript,1,4,1,14,1,0.15249999705702066,6557.377175726069
inproc,torchscript,1,4,1,15,1,0.15339994570240378,6518.907131427557
inproc,torchscript,1,4,1,16,1,0.16090000281110406,6215.040289178838
inproc,torchscript,1,4,1,17,1,0.15430001076310873,6480.880947800219
inproc,torchscript,1,4,1,18,1,0.15520001761615276,6443.29823771826
inproc,torchscript,1,4,1,19,1,0.19670004257932305,5083.88298694308
inproc,torchscript,1,4,1,20,1,0.1626000157557428,6150.060904681563
inproc,torchscript,1,4,1,21,1,0.15350000467151403,6514.657782193386
inproc,torchscript,1,4,1,22,1,0.15269999857991934,6548.788535034761
inproc,torchscript,1,4,1,23,1,0.15170004917308688,6591.955674707916
inproc,torchscript,1,4,1,24,1,0.1534000039100647,6518.904657826995
inproc,torchscript,1,4,1,25,1,0.1582999830134213,6317.120071422977
inproc,torchscript,1,4,1,26,1,0.15239999629557133,6561.679949522804
inproc,torchscript,1,4,1,27,1,0.15139998868107796,6605.020308862021
inproc,torchscript,1,4,1,28,1,0.15919998986646533,6281.4074350054025
inproc,torchscript,1,4,1,29,1,0.15499995788559318,6451.614656167254
inproc,torchscript,1,4,1,30,1,0.152900000102818,6540.2223631625075
inproc,torchscript,1,4,1,31,1,0.1963000395335257,5094.242478892685
inproc,torchscript,1,4,1,32,1,0.18500001169741154,5405.405063625689
inproc,torchscript,1,4,1,33,1,0.15900004655122757,6289.306334748865
inproc,torchscript,1,4,1,34,1,0.15330000314861536,6523.15707411016
inproc,torchscript,1,4,1,35,1,0.16249995678663254,6153.847790329144
inproc,torchscript,1,4,1,36,1,0.16980001237243414,5889.281078535087
inproc,torchscript,1,4,1,37,1,0.16569998115301132,6035.003703932688
inproc,torchscript,1,4,1,38,1,0.1680999994277954,5948.839996454215
inproc,torchscript,1,4,1,39,1,0.16280001727864146,6142.505490576474
inproc,torchscript,1,4,1,40,1,0.17010001465678215,5878.894261224736
inproc,torchscript,1,4,1,41,1,0.1669999910518527,5988.024272944451
inproc,torchscript,1,4,1,42,1,0.16580004012212157,6031.361628522168
inproc,torchscript,1,4,1,43,1,0.21389999892562628,4675.081837413675
inproc,torchscript,1,4,1,44,1,0.17630000365898013,5672.149627031862
inproc,torchscript,1,4,1,45,1,0.16759999562054873,5966.587268081015
inproc,torchscript,1,4,1,46,1,0.16540003707632422,6045.947858757418
inproc,torchscript,1,4,1,47,1,0.16759999562054873,5966.587268081015
inproc,torchscript,1,4,1,48,1,0.16859994502738118,5931.2000359050935
inproc,torchscript,1,4,1,49,1,0.1642999704927206,6086.428360279623
inproc,torchscript,1,4,1,50,1,0.17110002227127552,5844.534598683575
inproc,torchscript,1,4,1,51,1,0.16840000171214342,5938.2422199102
inproc,torchscript,1,4,1,52,1,0.17110002227127552,5844.534598683575
inproc,torchscript,1,4,1,53,1,0.1713000237941742,5837.710806167496
inproc,torchscript,1,4,1,54,1,0.1811000402085483,5521.809928084145
inproc,torchscript,1,4,1,55,1,0.16980001237243414,5889.281078535087
inproc,torchscript,1,4,1,56,1,0.16110000433400273,6207.324476085902
inproc,torchscript,1,4,1,57,1,0.15659997006878257,6385.697261377351
inproc,torchscript,1,4,1,58,1,0.1571999746374786,6361.324181547206
inproc,torchscript,1,4,1,59,1,0.15679997159168124,6377.552175864382
inproc,torchscript,1,4,1,60,1,0.15759997768327594,6345.178563474614
inproc,torchscript,1,4,1,61,1,0.1547999563626945,6459.950141439392
inproc,torchscript,1,4,1,62,1,0.15440001152455807,6476.683454398222
inproc,torchscript,1,4,1,63,1,0.15849998453631997,6309.148880521511
inproc,torchscript,1,4,1,64,1,0.15969999367371202,6261.741011982323
inproc,torchscript,1,4,1,65,1,0.15600002370774746,6410.255436072327
inproc,torchscript,1,4,1,66,1,0.16719999257475138,5980.861509625501
inproc,torchscript,1,4,1,67,1,0.1604999997653067,6230.529604126252
inproc,torchscript,1,4,1,68,1,0.15759997768327594,6345.178563474614
inproc,torchscript,1,4,1,69,1,0.15659997006878257,6385.697261377351
inproc,torchscript,1,4,1,70,1,0.15799998072907329,6329.114695999402
inproc,torchscript,1,4,1,71,1,0.21250004647299647,4705.881323781618
inproc,torchscript,1,4,1,72,1,0.26220001745969057,3813.882278454598
inproc,torchscript,1,4,1,73,1,0.2259000320918858,4426.736865593918
inproc,torchscript,1,4,1,74,1,0.21359999664127827,4681.648013690791
inproc,torchscript,1,4,2,0,1,0.16430002870038152,6086.4262040002795
inproc,torchscript,1,4,2,1,1,0.16280001727864146,6142.505490576474
inproc,torchscript,1,4,2,2,1,0.16170000890269876,6184.291558089766
inproc,torchscript,1,4,2,3,1,0.20370003767311573,4909.179258988324
inproc,torchscript,1,4,2,4,1,0.17610000213608146,5678.59164037516
inproc,torchscript,1,4,2,5,1,0.16840000171214342,5938.2422199102
inproc,torchscript,1,4,2,6,1,0.15410000924021006,6489.292277985569
inproc,torchscript,1,4,2,7,1,0.18540001474320889,5393.742828904654
inproc,torchscript,1,4,2,8,1,0.17450004816055298,5730.657444174032
inproc,torchscript,1,4,2,9,1,0.18470000941306353,5414.184889203756
inproc,torchscript,1,4,2,10,1,0.1727000344544649,5790.386800783562
inproc,torchscript,1,4,2,11,1,0.16600004164502025,6024.094874255705
inproc,torchscript,1,4,2,12,1,0.1640000264160335,6097.559993455188
inproc,torchscript,1,4,2,13,1,0.16009999671950936,6246.096317865462
inproc,torchscript,1,4,2,14,1,0.15879998682066798,6297.229741771294
inproc,torchscript,1,4,2,15,1,0.16759999562054873,5966.587268081015
inproc,torchscript,1,4,2,16,1,0.22149999858811498,4514.6727150076695
inproc,torchscript,1,4,2,17,1,0.20940002286806703,4775.5486666305305
inproc,torchscript,1,4,2,18,1,0.18740002997219563,5336.178442171909
inproc,torchscript,1,4,2,19,1,0.21490000654011965,4653.32698728099
inproc,torchscript,1,4,2,20,1,0.18560001626610756,5387.930562280937
inproc,torchscript,1,4,2,21,1,0.16620004316791892,6016.845609297813
inproc,torchscript,1,4,2,22,1,0.17319998005405068,5773.672720331313
inproc,torchscript,1,4,2,23,1,0.1650999765843153,6056.936049832252
inproc,torchscript,1,4,2,24,1,0.16609998419880867,6020.470169359428
inproc,torchscript,1,4,2,25,1,0.21860003471374512,4574.564689843218
inproc,torchscript,1,4,2,26,1,0.17010001465678215,5878.894261224736
inproc,torchscript,1,4,2,27,1,0.15590002294629812,6414.367240628717
inproc,torchscript,1,4,2,28,1,0.15740003436803818,6353.238765258244
inproc,torchscript,1,4,2,29,1,0.15269999857991934,6548.788535034761
inproc,torchscript,1,4,2,30,1,0.1531000016257167,6531.678572053175
inproc,torchscript,1,4,2,31,1,0.17559999832883477,5694.76087424195
inproc,torchscript,1,4,2,32,1,0.1781000173650682,5614.822585616074
inproc,torchscript,1,4,2,33,1,0.19859999883919954,5035.246756520225
inproc,torchscript,1,4,2,34,1,0.17369998386129737,5757.052924072338
inproc,torchscript,1,4,2,35,1,0.15849998453631997,6309.148880521511
inproc,torchscript,1,4,2,36,1,0.1762000028975308,5675.368805649513
inproc,torchscript,1,4,2,37,1,0.15259999781847,6553.080041256492
inproc,torchscript,1,4,2,38,1,0.14949997421354055,6688.964364446209
inproc,torchscript,1,4,2,39,1,0.16729999333620071,5977.286550098253
inproc,torchscript,1,4,2,40,1,0.1453000004403293,6882.31243612881
inproc,torchscript,1,4,2,41,1,0.13319996651262045,7507.509394946071
inproc,torchscript,1,4,2,42,1,0.11879997327923775,8417.510310793701
inproc,torchscript,1,4,2,43,1,0.11119997361674905,8992.807889024347
inproc,torchscript,1,4,2,44,1,0.11419999646022916,8756.567696989869
inproc,torchscript,1,4,2,45,1,0.11020002420991659,9074.408169776181
inproc,torchscript,1,4,2,46,1,0.11069996980950236,9033.426131198104
inproc,torchscript,1,4,2,47,1,0.11139997513964772,8976.662685484709
inproc,torchscript,1,4,2,48,1,0.11020002420991659,9074.408169776181
inproc,torchscript,1,4,2,49,1,0.11100003030151129,9009.006549671049
inproc,torchscript,1,4,2,50,1,0.11120003182440996,8992.803181738713
inproc,torchscript,1,4,2,51,1,0.11100003030151129,9009.006549671049
inproc,torchscript,1,4,2,52,1,0.1254999660886824,7968.129643105776
inproc,torchscript,1,4,2,53,1,0.13429997488856316,7446.017773493709
inproc,torchscript,1,4,2,54,1,0.11530000483617187,8673.026522599766
inproc,torchscript,1,4,2,55,1,0.11170003563165665,8952.548621359547
inproc,torchscript,1,4,2,56,1,0.11080002877861261,9025.26841394672
inproc,torchscript,1,4,2,57,1,0.109699962195009,9115.773424081424
inproc,torchscript,1,4,2,58,1,0.11099997209385037,9009.011273935284
inproc,torchscript,1,4,2,59,1,0.1097000204026699,9115.768587183067
inproc,torchscript,1,4,2,60,1,0.1113000325858593,8984.723335355522
inproc,torchscript,1,4,2,61,1,0.10900001507252455,9174.310657981445
inproc,torchscript,1,4,2,62,1,0.11229998199269176,8904.720929207966
inproc,torchscript,1,4,2,63,1,0.11149997590109706,8968.611803889735
inproc,torchscript,1,4,2,64,1,0.11209998046979308,8920.60815540877
inproc,torchscript,1,4,2,65,1,0.109999964479357,9090.91202650037
inproc,torchscript,1,4,2,66,1,0.10980002116411924,9107.466368383386
inproc,torchscript,1,4,2,67,1,0.10910001583397388,9165.901511158156
inproc,torchscript,1,4,2,68,1,0.10939995991066098,9140.771174108542
inproc,torchscript,1,4,2,69,1,0.12049998622387648,8298.756135474603
inproc,torchscript,1,4,2,70,1,0.11199997970834374,8928.573046210135
inproc,torchscript,1,4,2,71,1,0.11139997513964772,8976.662685484709
inproc,torchscript,1,4,2,72,1,0.11060002725571394,9041.589091908085
inproc,torchscript,1,4,2,73,1,0.10960001964122057,9124.0859561297
inproc,torchscript,1,4,2,74,1,0.10989996371790767,9099.184077683683
inproc,torchscript,8,1,0,0,8,0.30449999030679464,26272.578833055835
inproc,torchscript,8,1,0,1,8,0.304599991068244,26263.953495020436
inproc,torchscript,8,1,0,2,8,0.3152999561280012,25372.664488263577
inproc,torchscript,8,1,0,3,8,0.3006000188179314,26613.438121058374
inproc,torchscript,8,1,0,4,8,0.304899993352592,26238.111428059798
inproc,torchscript,8,1,0,5,8,0.3019000287167728,26498.83815514702
inproc,torchscript,8,1,0,6,8,0.29830000130459666,26818.638836783415
inproc,torchscript,8,1,0,7,8,0.29830000130459666,26818.638836783415
inproc,torchscript,8,1,0,8,8,0.30779995722696185,25990.90679567917
inproc,torchscript,8,1,0,9,8,0.30720001086592674,26041.665745550676
inproc,torchscript,8,1,0,10,8,0.31620002118870616,25300.44106235417
inproc,torchscript,8,1,0,11,8,0.5595000111497939,14298.480501474334
inproc,torchscript,8,1,0,12,8,0.4222000134177506,18948.365101268504
inproc,torchscript,8,1,0,13,8,0.3398999688215554,23536.336374893675
inproc,torchscript,8,1,0,14,8,0.3217000048607588,24867.888962148554
inproc,torchscript,8,1,0,15,8,0.30419998802244663,26298.48887242457
inproc,torchscript,8,1,0,16,8,0.3003000165335834,26640.025173309765
inproc,torchscript,8,1,0,17,8,0.3035999834537506,26350.462569174324
inproc,torchscript,8,1,0,18,8,0.298700004350394,26782.724752208218
inproc,torchscript,8,1,0,19,8,0.2982000005431473,26827.632412570903
inproc,torchscript,8,1,0,20,8,0.3092000260949135,25873.219032472793
inproc,torchscript,8,1,0,21,8,0.3027000348083675,26428.80436093976
inproc,torchscript,8,1,0,22,8,0.3005000180564821,26622.294573361116
inproc,torchscript,8,1,0,23,8,0.2997000119648874,26693.358961017573
inproc,torchscript,8,1,0,24,8,0.30020001577213407,26648.899332744793
inproc,torchscript,8,1,0,25,8,0.30590000096708536,26152.33728247289
inproc,torchscript,8,1,0,26,8,0.29990001348778605,26675.557319792562
inproc,torchscript,8,1,0,27,8,0.3111999831162393,25706.942268733488
inproc,torchscript,8,1,0,28,8,0.2992000081576407,26737.967185432055
inproc,torchscript,8,1,0,29,8,0.305499997921288,26186.57955624994
inproc,torchscript,8,1,0,30,8,0.2992000081576407,26737.967185432055
inproc,torchscript,8,1,0,31,8,0.30229997355490923,26463.780019308848
inproc,torchscript,8,1,0,32,8,0.3124999930150807,25600.000572204604
inproc,torchscript,8,1,0,33,8,0.3421999863348901,23378.142371317605
inproc,torchscript,8,1,0,34,8,0.33519999124109745,23866.34907232406
inproc,torchscript,8,1,0,35,8,0.32890000147745013,24323.50247510866
inproc,torchscript,8,1,0,36,8,0.33350003650411963,23988.0033713315
inproc,torchscript,8,1,0,37,8,0.3062000032514334,26126.7142882127
inproc,torchscript,8,1,0,38,8,0.30159996822476387,26525.201733569458
inproc,torchscript,8,1,0,39,8,0.30969997169449925,25831.45215102418
inproc,torchscript,8,1,0,40,8,0.3016999689862132,26516.409752649248
inproc,torchscript,8,1,0,41,8,0.29830000130459666,26818.638836783415
inproc,torchscript,8,1,0,42,8,0.29739999445155263,26899.798753369596
inproc,torchscript,8,1,0,43,8,0.2964999875985086,26981.45138148478
inproc,torchscript,8,1,0,44,8,0.29749999521300197,26890.756735213443
inproc,torchscript,8,1,0,45,8,0.3201999934390187,24984.385271461848
inproc,torchscript,8,1,0,46,8,0.3195999888703227,25031.289983073155
inproc,torchscript,8,1,0,47,8,0.3086999640800059,25915.13097140056
inproc,torchscript,8,1,0,48,8,0.3108999808318913,25731.748128751835
inproc,torchscript,8,1,0,49,8,0.34819997381418943,22975.3032786529
inproc,torchscript,8,1,0,50,8,0.36750000435858965,21768.70722481398
inproc,torchscript,8,1,0,51,8,0.4412999842315912,18128.258069009255
inproc,torchscript,8,1,0,52,8,0.40310004260390997,19846.18991435056
inproc,torchscript,8,1,0,53,8,0.4949999856762588,16161.616629282453
inproc,torchscript,8,1,0,54,8,0.6256999913603067,12785.680214902277
inproc,torchscript,8,1,0,55,8,0.45380002120509744,17628.910590959087
inproc,torchscript,8,1,0,56,8,0.4403999773785472,18165.30520192006
inproc,torchscript,8,1,0,57,8,0.36180001916363835,22111.662731509376
inproc,torchscript,8,1,0,58,8,0.31869998201727867,25101.97819705641
inproc,torchscript,8,1,0,59,8,0.32130000181496143,24898.848287611425
inproc,torchscript,8,1,0,60,8,0.3245000261813402,24653.310799825216
inproc,torchscript,8,1,0,61,8,0.3124999930150807,25600.000572204604
inproc,torchscript,8,1,0,62,8,0.32970000756904483,24264.482306160284
inproc,torchscript,8,1,0,63,8,0.4123999970033765,19398.642236009768
inproc,torchscript,8,1,0,64,8,0.6471999804489315,12360.939804804668
inproc,torchscript,8,1,0,65,8,0.6505000055767596,12298.232023698258
inproc,torchscript,8,1,0,66,8,0.3198000486008823,25015.63097003835
inproc,torchscript,8,1,0,67,8,0.3524000057950616,22701.475222598052
inproc,torchscript,8,1,0,68,8,0.3129999968223274,25559.105690793836
inproc,torchscript,8,1,0,69,8,0.3032999811694026,26376.52653045088
inproc,torchscript,8,1,0,70,8,0.30229997355490923,26463.780019308848
inproc,torchscript,8,1,0,71,8,0.30780001543462276,25990.90188057256
inproc,torchscript,8,1,0,72,8,0.29830000130459666,26818.638836783415
inproc,torchscript,8,1,0,73,8,0.31109998235479,25715.205572967545
inproc,torchscript,8,1,0,74,8,0.42640004539862275,18761.724081246637
inproc,torchscript,8,1,1,0,8,0.45870000030845404,17440.592968433353
inproc,torchscript,8,1,1,1,8,0.46120001934468746,17346.053045199533
inproc,torchscript,8,1,1,2,8,0.4759000148624182,16810.253730109223
inproc,torchscript,8,1,1,3,8,0.45330001739785075,17648.35581944968
inproc,torchscript,8,1,1,4,8,0.458399998024106,17452.007056028175
inproc,torchscript,8,1,1,5,8,0.5214999546296895,15340.365668259165
inproc,torchscript,8,1,1,6,8,0.548299984075129,14590.553040949617
inproc,torchscript,8,1,1,7,8,0.5127000040374696,15603.666738834932
inproc,torchscript,8,1,1,8,8,0.5161999724805355,15497.869869223323
inproc,torchscript,8,1,1,9,8,0.5242999759502709,15258.440524435173
inproc,torchscript,8,1,1,10,8,0.512800004798919,15600.623878966206
inproc,torchscript,8,1,1,11,8,0.5082000279799104,15741.83305695577
inproc,torchscript,8,1,1,12,8,0.5672000115737319,14104.372067630076
inproc,torchscript,8,1,1,13,8,1.0061000357382,7951.495592712316
inproc,torchscript,8,1,1,14,8,0.490599952172488,16306.564981456242
inproc,torchscript,8,1,1,15,8,0.43129996629431844,18548.575527921123
inproc,torchscript,8,1,1,16,8,0.46929996460676193,17046.66653172113
inproc,torchscript,8,1,1,17,8,0.4552999744191766,17570.833405395097
inproc,torchscript,8,1,1,18,8,0.45760005014017224,17482.51556692233
inproc,torchscript,8,1,1,19,8,0.4214000073261559,18984.337591167023
inproc,torchscript,8,1,1,20,8,0.40900002932175994,19559.90079821341
inproc,torchscript,8,1,1,21,8,0.48370001604780555,16539.176627212135
inproc,torchscript,8,1,1,22,8,0.4408999811857939,18144.704788791598
inproc,torchscript,8,1,1,23,8,0.4536999622359872,17632.79847010189
inproc,torchscript,8,1,1,24,8,0.4403999773785472,18165.30520192006
inproc,torchscript,8,1,1,25,8,0.4537000204436481,17632.796207893585
inproc,torchscript,8,1,1,26,8,0.43050001841038465,18583.042178580825
inproc,torchscript,8,1,1,27,8,0.43000001460313797,18604.650530962143
inproc,torchscript,8,1,1,28,8,0.42729999404400587,18722.20948165076
inproc,torchscript,8,1,1,29,8,0.42319996282458305,18903.593342979595
inproc,torchscript,8,1,1,30,8,0.4749000072479248,16845.651459052402
inproc,torchscript,8,1,1,31,8,0.4311000229790807,18557.178319585022
inproc,torchscript,8,1,1,32,8,0.44949998846277595,17797.553293291123
inproc,torchscript,8,1,1,33,8,0.4338000435382128,18441.67634182197
inproc,torchscript,8,1,1,34,8,0.4259999841451645,18779.343421932866
inproc,torchscript,8,1,1,35,8,0.4278999986127019,18695.957059913217
inproc,torchscript,8,1,1,36,8,0.4251999780535698,18814.676417956216
inproc,torchscript,8,1,1,37,8,0.4416999872773886,18111.841137491323
inproc,torchscript,8,1,1,38,8,0.4388000234030187,18231.53959281435
inproc,torchscript,8,1,1,39,8,0.4425000515766442,18079.093937945774
inproc,torchscript,8,1,1,40,8,0.44269999489188194,18070.928602458633
inproc,torchscript,8,1,1,41,8,0.514000013936311,15564.20191263121
inproc,torchscript,8,1,1,42,8,0.48320001224055886,16556.29097131984
inproc,torchscript,8,1,1,43,8,0.46939996536821127,17043.03491740687
inproc,torchscript,8,1,1,44,8,0.4732999950647354,16902.598950810898
inproc,torchscript,8,1,1,45,8,0.5438000080175698,14711.290698880472
inproc,torchscript,8,1,1,46,8,0.6388999754562974,12521.521845867128
inproc,torchscript,8,1,1,47,8,0.5791999865323305,13812.155017295474
inproc,torchscript,8,1,1,48,8,0.5076000234112144,15760.440565462859
inproc,torchscript,8,1,1,49,8,0.4972000024281442,16090.10450710158
inproc,torchscript,8,1,1,50,8,0.4331000382080674,18471.48301602478
inproc,torchscript,8,1,1,51,8,0.40740001713857055,19636.719841567727
inproc,torchscript,8,1,1,52,8,0.4466000245884061,17913.120375156566
inproc,torchscript,8,1,1,53,8,0.4268999909982085,18739.75209344423
inproc,torchscript,8,1,1,54,8,0.5112999933771789,15646.391753614811
inproc,torchscript,8,1,1,55,8,0.6108999950811267,13095.43307319492
inproc,torchscript,8,1,1,56,8,0.37700001848861575,21220.158110526925
inproc,torchscript,8,1,1,57,8,0.3296999493613839,24264.486589990964
inproc,torchscript,8,1,1,58,8,0.3111999831162393,25706.942268733488
inproc,torchscript,8,1,1,59,8,0.3013999667018652,26542.80319782959
inproc,torchscript,8,1,1,60,8,0.3007999621331692,26595.748028911872
inproc,torchscript,8,1,1,61,8,0.29779999749735,26863.6671162873
inproc,torchscript,8,1,1,62,8,0.30649994732812047,26101.14641042884
inproc,torchscript,8,1,1,63,8,0.30640000477433205,26109.66016757119
inproc,torchscript,8,1,1,64,8,0.32029999420046806,24976.58490431627
inproc,torchscript,8,1,1,65,8,0.30880002304911613,25906.73381759289
inproc,torchscript,8,1,1,66,8,0.30830001924186945,25948.749596813323
inproc,torchscript,8,1,1,67,8,0.30529999639838934,26203.734341223873
inproc,torchscript,8,1,1,68,8,0.3066000062972307,26092.62829644064
inproc,torchscript,8,1,1,69,8,0.30519999563694,26212.32016502597
inproc,torchscript,8,1,1,70,8,0.3163000219501555,25292.442127179773
inproc,torchscript,8,1,1,71,8,0.3081000177189708,25965.594092555653
inproc,torchscript,8,1,1,72,8,0.3070999518968165,26050.15061248836
inproc,torchscript,8,1,1,73,8,0.4694999661296606,17039.40485011805
inproc,torchscript,8,1,1,74,8,0.5300999619066715,15091.493255772892
inproc,torchscript,8,1,2,0,8,0.6068999646231532,13181.744053927401
inproc,torchscript,8,1,2,1,8,0.48370001604780555,16539.176627212135
inproc,torchscript,8,1,2,2,8,0.5893999477848411,13573.126414528255
inproc,torchscript,8,1,2,3,8,0.41310000233352184,19365.77089036444
inproc,torchscript,8,1,2,4,8,0.32789999386295676,24397.682676821085
inproc,torchscript,8,1,2,5,8,0.31699996907263994,25236.595522086045
inproc,torchscript,8,1,2,6,8,0.3129999968223274,25559.105690793836
inproc,torchscript,8,1,2,7,8,0.513100007083267,15591.502415827765
inproc,torchscript,8,1,2,8,8,0.36619999445974827,21845.986130617865
inproc,torchscript,8,1,2,9,8,0.37969998084008694,21069.26627254493
inproc,torchscript,8,1,2,10,8,0.35230000503361225,22707.91906243866
inproc,torchscript,8,1,2,11,8,0.332399969920516,24067.390866229536
inproc,torchscript,8,1,2,12,8,0.33189996611326933,24103.648137372198
inproc,torchscript,8,1,2,13,8,0.3079000161960721,25982.46047153685
inproc,torchscript,8,1,2,14,8,0.3034999826923013,26359.144831025165
inproc,torchscript,8,1,2,15,8,0.3040999872609973,26307.136912616534
inproc,torchscript,8,1,2,16,8,0.3034999826923013,26359.144831025165
inproc,torchscript,8,1,2,17,8,0.3035999834537506,26350.462569174324
inproc,torchscript,8,1,2,18,8,0.3195999888703227,25031.289983073155
inproc,torchscript,8,1,2,19,8,0.30750001315027475,26016.259050013156
inproc,torchscript,8,1,2,20,8,0.30429998878389597,26289.846516167116
inproc,torchscript,8,1,2,21,8,0.9490000084042549,8429.926163490782
inproc,torchscript,8,1,2,22,8,0.32079999800771475,24937.656015221084
inproc,torchscript,8,1,2,23,8,0.305499997921288,26186.57955624994
inproc,torchscript,8,1,2,24,8,0.305800000205636,26160.88945265003
inproc,torchscript,8,1,2,25,8,0.3032000386156142,26385.220913979185
inproc,torchscript,8,1,2,26,8,0.3465000190772116,23088.021816868462
inproc,torchscript,8,1,2,27,8,0.3324000281281769,24067.386651709658
inproc,torchscript,8,1,2,28,8,0.4545000265352428,17601.759148367542
inproc,torchscript,8,1,2,29,8,0.38979999953880906,20523.34532956691
inproc,torchscript,8,1,2,30,8,0.33139996230602264,24140.014815730752
inproc,torchscript,8,1,2,31,8,0.3068000078201294,26075.61863130798
inproc,torchscript,8,1,2,32,8,0.3035999834537506,26350.462569174324
inproc,torchscript,8,1,2,33,8,0.30319998040795326,26385.225979355477
inproc,torchscript,8,1,2,34,8,0.3180000348947942,25157.229943847917
inproc,torchscript,8,1,2,35,8,0.30390004394575953,26324.44502518022
inproc,torchscript,8,1,2,36,8,0.3027000348083675,26428.80436093976
inproc,torchscript,8,1,2,37,8,0.30610000248998404,26135.249705728995
inproc,torchscript,8,1,2,38,8,0.3063000040128827,26118.18444397907
inproc,torchscript,8,1,2,39,8,0.3026999766007066,26428.80944306398
inproc,torchscript,8,1,2,40,8,0.30499999411404133,26229.508702904277
inproc,torchscript,8,1,2,41,8,0.3228000132367015,24783.146443472393
inproc,torchscript,8,1,2,42,8,1.5943999751470983,5017.561543339792
inproc,torchscript,8,1,2,43,8,0.693499983754009,11535.688806645561
inproc,torchscript,8,1,2,44,8,0.5316000315360725,15048.908061355425
inproc,torchscript,8,1,2,45,8,0.6547999801114202,12217.471354594005
inproc,torchscript,8,1,2,46,8,0.5053000058978796,15832.178718827858
inproc,torchscript,8,1,2,47,8,0.361100013833493,22154.526982900876
inproc,torchscript,8,1,2,48,8,0.34740002593025565,23028.207837860344
inproc,torchscript,8,1,2,49,8,0.3284999984316528,24353.120359799537
inproc,torchscript,8,1,2,50,8,0.3532000118866563,22650.055862872512
inproc,torchscript,8,1,2,51,8,0.3242000238969922,24676.124029348724
inproc,torchscript,8,1,2,52,8,0.3190000425092876,25078.366564064272
inproc,torchscript,8,1,2,53,8,0.3168000257574022,25252.523199370593
inproc,torchscript,8,1,2,54,8,0.31400000443682075,25477.70664636937
inproc,torchscript,8,1,2,55,8,0.31209998996928334,25632.810820619874
inproc,torchscript,8,1,2,56,8,0.33220002660527825,24081.87645784159
inproc,torchscript,8,1,2,57,8,0.3188000409863889,25094.099659609383
inproc,torchscript,8,1,2,58,8,0.3168000257574022,25252.523199370593
inproc,torchscript,8,1,2,59,8,0.31640002271160483,25284.44824826044
inproc,torchscript,8,1,2,60,8,0.3141000051982701,25469.59524865382
inproc,torchscript,8,1,2,61,8,0.3152000135742128,25380.709566868172
inproc,torchscript,8,1,2,62,8,0.33060001442208886,24198.426046606623
inproc,torchscript,8,1,2,63,8,0.3184000379405916,25125.62514673027
inproc,torchscript,8,1,2,64,8,0.32869999995455146,24338.30240677256
inproc,torchscript,8,1,2,65,8,0.31999999191612005,25000.000631553135
inproc,torchscript,8,1,2,66,8,0.31480001052841544,25412.959759980313
inproc,torchscript,8,1,2,67,8,0.3402999718673527,23508.670765092986
inproc,torchscript,8,1,2,68,8,0.417000032030046,19184.650804591733
inproc,torchscript,8,1,2,69,8,0.3301000106148422,24235.079499389445
inproc,torchscript,8,1,2,70,8,0.31589996069669724,25324.472919706954
inproc,torchscript,8,1,2,71,8,0.31179998768493533,25657.47375232023
inproc,torchscript,8,1,2,72,8,0.311699986923486,25665.705279492955
inproc,torchscript,8,1,2,73,8,0.30940002761781216,25856.494136716876
inproc,torchscript,8,1,2,74,8,0.3256000345572829,24570.021962305895
inproc,torchscript,8,4,0,0,8,0.3136000013910234,25510.20396847803
inproc,torchscript,8,4,0,1,8,0.31130004208534956,25698.67946823672
inproc,torchscript,8,4,0,2,8,0.31049997778609395,25764.89717339454
inproc,torchscript,8,4,0,3,8,0.3645999822765589,21941.85515327805
inproc,torchscript,8,4,0,4,8,0.535300001502037,14944.890673551692
inproc,torchscript,8,4,0,5,8,0.4058999475091696,19709.290550768732
inproc,torchscript,8,4,0,6,8,0.35529996966943145,22516.185429014087
inproc,torchscript,8,4,0,7,8,0.3622999647632241,22081.150367288286
inproc,torchscript,8,4,0,8,8,0.3233999595977366,24737.170684717643
inproc,torchscript,8,4,0,9,8,0.3158000181429088,25332.487461668745
inproc,torchscript,8,4,0,10,8,0.33000000985339284,24242.423518575386
inproc,torchscript,8,4,0,11,8,0.31319999834522605,25542.784298427632
inproc,torchscript,8,4,0,12,8,0.3100000321865082,25806.44893348555
inproc,torchscript,8,4,0,13,8,0.3095000283792615,25848.139794665207
inproc,torchscript,8,4,0,14,8,0.3100000321865082,25806.44893348555
inproc,torchscript,8,4,0,15,8,0.30990003142505884,25814.77634323696
inproc,torchscript,8,4,0,16,8,0.32240001019090414,24813.8949972828
inproc,torchscript,8,4,0,17,8,0.31489995308220387,25404.894226553344
inproc,torchscript,8,4,0,18,8,0.3147000097669661,25421.03511825107
inproc,torchscript,8,4,0,19,8,0.3082000184804201,25957.169111942276
inproc,torchscript,8,4,0,20,8,0.30919996788725257,25873.223903170456
inproc,torchscript,8,4,0,21,8,0.30859996331855655,25923.52868085694
inproc,torchscript,8,4,0,22,8,0.30860002152621746,25923.523791200874
inproc,torchscript,8,4,0,23,8,0.31380000291392207,25493.944951283083
inproc,torchscript,8,4,0,24,8,0.4559000371955335,17547.70639899912
inproc,torchscript,8,4,0,25,8,0.45330001739785075,17648.35581944968
inproc,torchscript,8,4,0,26,8,0.31319999834522605,25542.784298427632
inproc,torchscript,8,4,0,27,8,0.31049997778609395,25764.89717339454
inproc,torchscript,8,4,0,28,8,0.3212000010535121,24906.600167374207
inproc,torchscript,8,4,0,29,8,0.30970002990216017,25831.44729604109
inproc,torchscript,8,4,0,30,8,0.30780001543462276,25990.90188057256
inproc,torchscript,8,4,0,31,8,0.311399984639138,25690.431581975514
inproc,torchscript,8,4,0,32,8,0.31079998007044196,25740.027390564253
inproc,torchscript,8,4,0,33,8,0.3111000405624509,25715.200761582873
inproc,torchscript,8,4,0,34,8,0.3206999972462654,24945.43208198659
inproc,torchscript,8,4,0,35,8,0.3149000112898648,25404.889530588225
inproc,torchscript,8,4,0,36,8,0.3141000051982701,25469.59524865382
inproc,torchscript,8,4,0,37,8,0.311699986923486,25665.705279492955
inproc,torchscript,8,4,0,38,8,0.31350000062957406,25518.341256568787
inproc,torchscript,8,4,0,39,8,0.3139000036753714,25485.82321226548
inproc,torchscript,8,4,0,40,8,0.3133999998681247,25526.483737607887
inproc,torchscript,8,4,0,41,8,0.32869999995455146,24338.30240677256
inproc,torchscript,8,4,0,42,8,0.3166000242345035,25268.475640022232
inproc,torchscript,8,4,0,43,8,0.31650002347305417,25276.459420803472
inproc,torchscript,8,4,0,44,8,0.31810003565624356,25149.321292894292
inproc,torchscript,8,4,0,45,8,0.3228000132367015,24783.146443472393
inproc,torchscript,8,4,0,46,8,0.375000003259629,21333.33314789666
inproc,torchscript,8,4,0,47,8,0.3377999528311193,23682.65576401529
inproc,torchscript,8,4,0,48,8,0.32140000257641077,24891.10123170597
inproc,torchscript,8,4,0,49,8,0.3177000326104462,25180.985769080322
inproc,torchscript,8,4,0,50,8,0.3177000326104462,25180.985769080322
inproc,torchscript,8,4,0,51,8,0.5014000344090164,15955.32399480055
inproc,torchscript,8,4,0,52,8,0.43670000741258264,18319.211962920373
inproc,torchscript,8,4,0,53,8,0.39300002390518785,20356.232858474377
inproc,torchscript,8,4,0,54,8,0.4930999712087214,16223.890624835845
inproc,torchscript,8,4,0,55,8,0.5183999892324209,15432.099085969034
inproc,torchscript,8,4,0,56,8,0.4863000358454883,16450.74935289915
inproc,torchscript,8,4,0,57,8,0.47149998135864735,16967.12686381802
inproc,torchscript,8,4,0,58,8,0.4661999992094934,17160.017189114344
inproc,torchscript,8,4,0,59,8,0.47799997264519334,16736.402631424808
inproc,torchscript,8,4,0,60,8,0.47209998592734337,16945.562885975614
inproc,torchscript,8,4,0,61,8,0.4754000110551715,16827.93397973139
inproc,torchscript,8,4,0,62,8,0.473200052510947,16906.168876249074
inproc,torchscript,8,4,0,63,8,0.5127000040374696,15603.666738834932
inproc,torchscript,8,4,0,64,8,0.4781000316143036,16732.899960261497
inproc,torchscript,8,4,0,65,8,0.4802999901585281,16656.25684764123
inproc,torchscript,8,4,0,66,8,0.4778000293299556,16743.406255581078
inproc,torchscript,8,4,0,67,8,0.49100001342594624,16293.278576878447
inproc,torchscript,8,4,0,68,8,0.4561000387184322,17540.01166603431
inproc,torchscript,8,4,0,69,8,0.4659999976865947,17167.38205947449
inproc,torchscript,8,4,0,70,8,0.48400001833215356,16528.924993779357
inproc,torchscript,8,4,0,71,8,0.5130000063218176,15594.54171815624
inproc,torchscript,8,4,0,72,8,0.5097999819554389,15692.428958734787
inproc,torchscript,8,4,0,73,8,0.5011000321246684,15964.876246524935
inproc,torchscript,8,4,0,74,8,0.5089999758638442,15717.093083202766
inproc,torchscript,8,4,1,0,8,0.48019998939707875,16659.725482386
inproc,torchscript,8,4,1,1,8,0.5220999591983855,15322.73630567397
inproc,torchscript,8,4,1,2,8,0.4925000248476863,16243.654002807678
inproc,torchscript,8,4,1,3,8,0.4684000159613788,17079.418717738958
inproc,torchscript,8,4,1,4,8,0.4681000136770308,17090.364807209044
inproc,torchscript,8,4,1,5,8,0.4696999676525593,17032.149352664343
inproc,torchscript,8,4,1,6,8,0.5164000322110951,15491.865803621296
inproc,torchscript,8,4,1,7,8,0.5021999822929502,15929.90896469871
inproc,torchscript,8,4,1,8,8,0.4828000091947615,16570.007969433987
inproc,torchscript,8,4,1,9,8,0.4751000087708235,16838.559992237344
inproc,torchscript,8,4,1,10,8,0.49160001799464226,16273.392406765917
inproc,torchscript,8,4,1,11,8,0.4686000174842775,17072.129111195383
inproc,torchscript,8,4,1,12,8,0.4803999909199774,16652.78965696858
inproc,torchscript,8,4,1,13,8,0.46439998550340533,17226.529392174878
inproc,torchscript,8,4,1,14,8,0.48019998939707875,16659.725482386
inproc,torchscript,8,4,1,15,8,0.47199998516589403,16949.153075054095
inproc,torchscript,8,4,1,16,8,0.4754000110551715,16827.93397973139
inproc,torchscript,8,4,1,17,8,0.4820000031031668,16597.510266587462
inproc,torchscript,8,4,1,18,8,0.4792999825440347,16691.008327472693
inproc,torchscript,8,4,1,19,8,0.45930000487715006,17417.809525475135
inproc,torchscript,8,4,1,20,8,0.44299999717622995,18058.690860030678
inproc,torchscript,8,4,1,21,8,0.4761999589391053,16799.665455290415
inproc,torchscript,8,4,1,22,8,0.464299984741956,17230.239635795293
inproc,torchscript,8,4,1,23,8,0.5029999883845448,15904.572931886389
inproc,torchscript,8,4,1,24,8,0.47660002019256353,16785.563703433567
inproc,torchscript,8,4,1,25,8,0.44620002154260874,17929.178874403216
inproc,torchscript,8,4,1,26,8,0.49320003017783165,16220.599169702939
inproc,torchscript,8,4,1,27,8,0.464899989310652,17208.00211646015
inproc,torchscript,8,4,1,28,8,0.44649996561929584,17917.134638306172
inproc,torchscript,8,4,1,29,8,0.44490001164376736,17981.56842127849
inproc,torchscript,8,4,1,30,8,0.44380000326782465,18026.137767223394
inproc,torchscript,8,4,1,31,8,0.44269999489188194,18070.928602458633
inproc,torchscript,8,4,1,32,8,0.4743000026792288,16866.961743220643
inproc,torchscript,8,4,1,33,8,0.45679998584091663,17513.135393979737
inproc,torchscript,8,4,1,34,8,0.4450000124052167,17977.527588730056
inproc,torchscript,8,4,1,35,8,0.4354999982751906,18369.690084234706
inproc,torchscript,8,4,1,36,8,0.4403999773785472,18165.30520192006
inproc,torchscript,8,4,1,37,8,0.4297999548725784,18613.31046991789
inproc,torchscript,8,4,1,38,8,0.430300016887486,18591.67949345404
inproc,torchscript,8,4,1,39,8,0.4256999818608165,18792.577732868256
inproc,torchscript,8,4,1,40,8,0.4241999704390764,18859.03007423467
inproc,torchscript,8,4,1,41,8,0.46390003990381956,17245.094442454974
inproc,torchscript,8,4,1,42,8,0.431500026024878,18539.975706835212
inproc,torchscript,8,4,1,43,8,0.46140002086758614,17338.53410963729
inproc,torchscript,8,4,1,44,8,0.44729997171089053,17885.089438750845
inproc,torchscript,8,4,1,45,8,0.4612999618984759,17342.29495072159
inproc,torchscript,8,4,1,46,8,0.4398999735713005,18185.952445171795
inproc,torchscript,8,4,1,47,8,0.44300005538389087,18058.688487222502
inproc,torchscript,8,4,1,48,8,0.43780001578852534,18273.18344333801
inproc,torchscript,8,4,1,49,8,0.4524000105448067,17683.465547151358
inproc,torchscript,8,4,1,50,8,0.4400999750941992,18177.68791804107
inproc,torchscript,8,4,1,51,8,0.5628999788314104,14212.1163632092
inproc,torchscript,8,4,1,52,8,0.5531000206246972,14463.930033783805
inproc,torchscript,8,4,1,53,8,0.4909000126644969,16296.59766472151
inproc,torchscript,8,4,1,54,8,0.44189998880028725,18103.64381705275
inproc,torchscript,8,4,1,55,8,0.4582999972626567,17455.815072621772
inproc,torchscript,8,4,1,56,8,0.4608000162988901,17361.110497033784
inproc,torchscript,8,4,1,57,8,0.4399000317789614,18185.950038802897
inproc,torchscript,8,4,1,58,8,0.4751000087708235,16838.559992237344
inproc,torchscript,8,4,1,59,8,0.43650000588968396,18327.605709177995
inproc,torchscript,8,4,1,60,8,0.4428999964147806,18062.76826543009
inproc,torchscript,8,4,1,61,8,0.43590000132098794,18352.83316301016
inproc,torchscript,8,4,1,62,8,0.46040001325309277,17376.194113187852
inproc,torchscript,8,4,1,63,8,0.43699995148926973,18306.63818779951
inproc,torchscript,8,4,1,64,8,0.44299999717622995,18058.690860030678
inproc,torchscript,8,4,1,65,8,0.4412999842315912,18128.258069009255
inproc,torchscript,8,4,1,66,8,0.44219999108463526,18091.361739690386
inproc,torchscript,8,4,1,67,8,0.4833000130020082,16552.865269562404
inproc,torchscript,8,4,1,68,8,0.4501999937929213,17769.88029830974
inproc,torchscript,8,4,1,69,8,0.44780003372579813,17865.11701090815
inproc,torchscript,8,4,1,70,8,0.44700002763420343,17897.090616170375
inproc,torchscript,8,4,1,71,8,0.4691999638453126,17050.29969404999
inproc,torchscript,8,4,1,72,8,0.332399969920516,24067.390866229536
inproc,torchscript,8,4,1,73,8,0.3161000204272568,25308.445058582387
inproc,torchscript,8,4,1,74,8,0.3102999762631953,25781.503744668127
inproc,torchscript,8,4,2,0,8,0.3157000173814595,25340.51175022148
inproc,torchscript,8,4,2,1,8,0.3298999508842826,24249.776268703117
inproc,torchscript,8,4,2,2,8,0.30700000934302807,26058.631128773544
inproc,torchscript,8,4,2,3,8,0.3040999872609973,26307.136912616534
inproc,torchscript,8,4,2,4,8,0.3032999811694026,26376.52653045088
inproc,torchscript,8,4,2,5,8,0.30419998802244663,26298.48887242457
inproc,torchscript,8,4,2,6,8,0.30019995756447315,26648.904499867764
inproc,torchscript,8,4,2,7,8,0.4507999983616173,17746.228990849853
inproc,torchscript,8,4,2,8,8,0.3926000208593905,20376.972936700877
inproc,torchscript,8,4,2,9,8,0.30590000096708536,26152.33728247289
inproc,torchscript,8,4,2,10,8,0.3002999583259225,26640.03033699197
inproc,torchscript,8,4,2,11,8,0.30230003176257014,26463.774923726407
inproc,torchscript,8,4,2,12,8,0.3152000135742128,25380.709566868172
inproc,torchscript,8,4,2,13,8,0.30280003556981683,26420.076156680087
inproc,torchscript,8,4,2,14,8,0.3000000142492354,26666.665400068025
inproc,torchscript,8,4,2,15,8,0.29930000891909003,26729.03361711107
inproc,torchscript,8,4,2,16,8,0.29910000739619136,26746.906727431495
inproc,torchscript,8,4,2,17,8,0.3005000180564821,26622.294573361116
inproc,torchscript,8,4,2,18,8,0.3003999590873718,26631.162082392915
inproc,torchscript,8,4,2,19,8,0.3155000158585608,25356.575587579093
inproc,torchscript,8,4,2,20,8,0.3019000287167728,26498.83815514702
inproc,torchscript,8,4,2,21,8,0.3038999857380986,26324.450067248144
inproc,torchscript,8,4,2,22,8,0.3037999849766493,26333.115192928326
inproc,torchscript,8,4,2,23,8,0.30429998878389597,26289.846516167116
inproc,torchscript,8,4,2,24,8,0.30229997355490923,26463.780019308848
inproc,torchscript,8,4,2,25,8,0.3242000238969922,24676.124029348724
inproc,torchscript,8,4,2,26,8,0.30559999868273735,26178.010584042262
inproc,torchscript,8,4,2,27,8,0.311999989207834,25641.026527955815
inproc,torchscript,8,4,2,28,8,0.305499997921288,26186.57955624994
inproc,torchscript,8,4,2,29,8,0.3087000222876668,25915.126084911903
inproc,torchscript,8,4,2,30,8,0.31589996069669724,25324.472919706954
inproc,torchscript,8,4,2,31,8,0.31259999377653,25591.811130101945
inproc,torchscript,8,4,2,32,8,0.31260005198419094,25591.806364781354
inproc,torchscript,8,4,2,33,8,0.31019997550174594,25789.8150606236
inproc,torchscript,8,4,2,34,8,0.31099998159334064,25723.474191264395
inproc,torchscript,8,4,2,35,8,0.31049997778609395,25764.89717339454
inproc,torchscript,8,4,2,36,8,0.30919996788725257,25873.223903170456
inproc,torchscript,8,4,2,37,8,0.30889996560290456,25898.351864124576
inproc,torchscript,8,4,2,38,8,0.3253000322729349,24592.68123677221
inproc,torchscript,8,4,2,39,8,0.3077000146731734,25999.34877642849
inproc,torchscript,8,4,2,40,8,0.30700000934302807,26058.631128773544
inproc,torchscript,8,4,2,41,8,0.3076000139117241,26007.801164455937
inproc,torchscript,8,4,2,42,8,0.30830001924186945,25948.749596813323
inproc,torchscript,8,4,2,43,8,0.3056999994441867,26169.44721800892
inproc,torchscript,8,4,2,44,8,0.3160000196658075,25316.454120669263
inproc,torchscript,8,4,2,45,8,0.3084000200033188,25940.335541852135
inproc,torchscript,8,4,2,46,8,0.3062000032514334,26126.7142882127
inproc,torchscript,8,4,2,47,8,0.4330999800004065,18471.485498550453
inproc,torchscript,8,4,2,48,8,0.3986999508924782,20065.214410215583
inproc,torchscript,8,4,2,49,8,0.3309999592602253,24169.1872647953
inproc,torchscript,8,4,2,50,8,0.34169998252764344,23412.351211790894
inproc,torchscript,8,4,2,51,8,0.30889996560290456,25898.351864124576
inproc,torchscript,8,4,2,52,8,0.29769999673590064,26872.690922791848
inproc,torchscript,8,4,2,53,8,0.2964000450447202,26990.54920451506
inproc,torchscript,8,4,2,54,8,0.2948000328615308,27137.039037433366
inproc,torchscript,8,4,2,55,8,0.2935000229626894,27257.2380718927
inproc,torchscript,8,4,2,56,8,0.305499997921288,26186.57955624994
inproc,torchscript,8,4,2,57,8,0.298099999781698,26836.632022336435
inproc,torchscript,8,4,2,58,8,0.29749999521300197,26890.756735213443
inproc,torchscript,8,4,2,59,8,0.2970999921672046,26926.961329227124
inproc,torchscript,8,4,2,60,8,0.2943000290542841,27183.143765590277
inproc,torchscript,8,4,2,61,8,0.2959999837912619,27027.028507006846
inproc,torchscript,8,4,2,62,8,0.2945999731309712,27155.46751405648
inproc,torchscript,8,4,2,63,8,0.30890002381056547,25898.34698396152
inproc,torchscript,8,4,2,64,8,0.2998000127263367,26684.4551714631
inproc,torchscript,8,4,2,65,8,0.29749999521300197,26890.756735213443
inproc,torchscript,8,4,2,66,8,0.29850000282749534,26800.669762885198
inproc,torchscript,8,4,2,67,8,0.2992000081576407,26737.967185432055
inproc,torchscript,8,4,2,68,8,0.298400002066046,26809.651288907597
inproc,torchscript,8,4,2,69,8,0.298400002066046,26809.651288907597
inproc,torchscript,8,4,2,70,8,0.3149999538436532,25396.829118174133
inproc,torchscript,8,4,2,71,8,0.30120002338662744,26560.42290451954
inproc,torchscript,8,4,2,72,8,0.2997000119648874,26693.358961017573
inproc,torchscript,8,4,2,73,8,0.30420004623010755,26298.483840296725
inproc,torchscript,8,4,2,74,8,0.3032999811694026,26376.52653045088
inproc,torchscript,32,1,0,0,32,0.6324999849312007,50592.88658082854
inproc,torchscript,32,1,0,1,32,0.6247000419534743,51224.58436201492
inproc,torchscript,32,1,0,2,32,0.6338999955914915,50481.14879720236
inproc,torchscript,32,1,0,3,32,0.6347000016830862,50417.51995453438
inproc,torchscript,32,1,0,4,32,0.8298999746330082,38558.86369215855
inproc,torchscript,32,1,0,5,32,0.9240999934263527,34628.287228259
inproc,torchscript,32,1,0,6,32,0.8708999957889318,36743.59875385211
inproc,torchscript,32,1,0,7,32,0.8659000159241259,36955.767884873196
inproc,torchscript,32,1,0,8,32,0.8273000130429864,38680.04290522994
inproc,torchscript,32,1,0,9,32,0.8442000253126025,37905.70841093091
inproc,torchscript,32,1,0,10,32,0.8652000105939806,36985.66760075654
inproc,torchscript,32,1,0,11,32,0.8139000274240971,39316.86806950533
inproc,torchscript,32,1,0,12,32,0.8520000264979899,37558.68427789949
inproc,torchscript,32,1,0,13,32,0.8030000026337802,39850.56026779873
inproc,torchscript,32,1,0,14,32,0.8414000039920211,38031.8514953364
inproc,torchscript,32,1,0,15,32,0.8393999887630343,38122.46894017259
inproc,torchscript,32,1,0,16,32,0.840199994854629,38086.17019277252
inproc,torchscript,32,1,0,17,32,0.8509000181220472,37607.238592642905
inproc,torchscript,32,1,0,18,32,0.8380000363104045,38186.1558632998
inproc,torchscript,32,1,0,19,32,0.8697999874129891,36790.067214390634
inproc,torchscript,32,1,0,20,32,0.8523000287823379,37545.46394386222
inproc,torchscript,32,1,0,21,32,0.8558999979868531,37387.545361919176
inproc,torchscript,32,1,0,22,32,0.9052000241354108,35351.30263674524
inproc,torchscript,32,1,0,23,32,0.8446000283583999,37887.75624622763
inproc,torchscript,32,1,0,24,32,0.8765999809838831,36504.677953658706
inproc,torchscript,32,1,0,25,32,0.8372999727725983,38218.08317279243
inproc,torchscript,32,1,0,26,32,0.8699999889358878,36781.60966316765
inproc,torchscript,32,1,0,27,32,0.8310999837704003,38503.18929718608
inproc,torchscript,32,1,0,28,32,0.8307999814860523,38517.092817890516
inproc,torchscript,32,1,0,29,32,0.8281000191345811,38642.67511241227
inproc,torchscript,32,1,0,30,32,0.8436000207439065,37932.668578862336
inproc,torchscript,32,1,0,31,32,0.8379999781027436,38186.158515718496
inproc,torchscript,32,1,0,32,32,0.8080999832600355,39599.06034263936
inproc,torchscript,32,1,0,33,32,0.8465999853797257,37798.252483605975
inproc,torchscript,32,1,0,34,32,0.8196999551728368,39038.674820047636
inproc,torchscript,32,1,0,35,32,0.8099999977275729,39506.17295033938
inproc,torchscript,32,1,0,36,32,0.8322999929077923,38447.67544476619
inproc,torchscript,32,1,0,37,32,0.8027000003494322,39865.45407508375
inproc,torchscript,32,1,0,38,32,0.8506999583914876,37616.082714410775
inproc,torchscript,32,1,0,39,32,0.8299999753944576,38554.21801041861
inproc,torchscript,32,1,0,40,32,0.8258000016212463,38750.30266066386
inproc,torchscript,32,1,0,41,32,0.811800011433661,39418.57544875754
inproc,torchscript,32,1,0,42,32,0.8184000034816563,39100.68409563154
inproc,torchscript,32,1,0,43,32,0.826900009997189,38698.75391597683
inproc,torchscript,32,1,0,44,32,0.8279000176116824,38652.01029021992
inproc,torchscript,32,1,0,45,32,0.8666000212542713,36925.91647261315
inproc,torchscript,32,1,0,46,32,0.8231999818235636,38872.692792234004
inproc,torchscript,32,1,0,47,32,0.9187000105157495,34831.82718375665
inproc,torchscript,32,1,0,48,32,0.8107000030577183,39472.061032818005
inproc,torchscript,32,1,0,49,32,0.8569000056013465,37343.91386488949
inproc,torchscript,32,1,0,50,32,0.889900024048984,35959.095555927954
inproc,torchscript,32,1,0,51,32,0.8335000020451844,38392.32144148845
inproc,torchscript,32,1,0,52,32,0.8185000042431056,39095.90694454726
inproc,torchscript,32,1,0,53,32,0.8119000121951103,39413.72030957671
inproc,torchscript,32,1,0,54,32,0.8033000049181283,39835.677585065394
inproc,torchscript,32,1,0,55,32,0.8582000155001879,37287.34493362753
inproc,torchscript,32,1,0,56,32,0.8144000312313437,39292.72933796079
inproc,torchscript,32,1,0,57,32,0.8284000214189291,38628.68079745899
inproc,torchscript,32,1,0,58,32,0.818600005004555,39091.13096062336
inproc,torchscript,32,1,0,59,32,0.9239999926649034,34632.03490695814
inproc,torchscript,32,1,0,60,32,1.2260000221431255,26101.141453539272
inproc,torchscript,32,1,0,61,32,0.935999967623502,34188.03537060775
inproc,torchscript,32,1,0,62,32,0.7376000285148621,43383.94626208345
inproc,torchscript,32,1,0,63,32,0.8340000058524311,38369.304287105864
inproc,torchscript,32,1,0,64,32,0.6569999968633056,48706.240719599075
inproc,torchscript,32,1,0,65,32,0.6534000276587903,48974.59235601778
inproc,torchscript,32,1,0,66,32,0.6325000431388617,50592.88192487062
inproc,torchscript,32,1,0,67,32,0.6117000011727214,52313.22533701351
inproc,torchscript,32,1,0,68,32,0.6283000111579895,50931.082972642864
inproc,torchscript,32,1,0,69,32,0.6164000369608402,51914.33822388455
inproc,torchscript,32,1,0,70,32,0.60889997985214,52553.78725381237
inproc,torchscript,32,1,0,71,32,0.6095999851822853,52493.439596182434
inproc,torchscript,32,1,0,72,32,0.6209000130183995,51538.088788946
inproc,torchscript,32,1,0,73,32,0.6133000133559108,52176.74760008481
inproc,torchscript,32,1,0,74,32,0.6150000263005495,52032.51810002631
inproc,torchscript,32,1,1,0,32,0.6282000103965402,50939.19049730764
inproc,torchscript,32,1,1,1,32,0.6444000173360109,49658.59580868721
inproc,torchscript,32,1,1,2,32,0.6299000233411789,50801.71267538996
inproc,torchscript,32,1,1,3,32,0.7095999899320304,45095.82927568128
inproc,torchscript,32,1,1,4,32,0.6844999734312296,46749.453969430986
inproc,torchscript,32,1,1,5,32,0.6345000001601875,50433.41212280725
inproc,torchscript,32,1,1,6,32,0.6160000339150429,51948.04908795404
inproc,torchscript,32,1,1,7,32,0.6256000488065183,51150.891150100855
inproc,torchscript,32,1,1,8,32,0.6117000011727214,52313.22533701351
inproc,torchscript,32,1,1,9,32,0.6105999927967787,52407.46868244775
inproc,torchscript,32,1,1,10,32,0.6280000088736415,50955.41329273874
inproc,torchscript,32,1,1,11,32,0.637599965557456,50188.20848276283
inproc,torchscript,32,1,1,12,32,0.6189999985508621,51696.28445058974
inproc,torchscript,32,1,1,13,32,0.6226000259630382,51397.36374167729
inproc,torchscript,32,1,1,14,32,0.6103000487200916,52433.225373502304
inproc,torchscript,32,1,1,15,32,0.6120000034570694,52287.58140398399
inproc,torchscript,32,1,1,16,32,0.61039999127388,52424.64033005194
inproc,torchscript,32,1,1,17,32,0.6269000004976988,51044.823695318315
inproc,torchscript,32,1,1,18,32,0.6138000171631575,52134.24422484809
inproc,torchscript,32,1,1,19,32,0.6128000095486641,52219.32033514238
inproc,torchscript,32,1,1,20,32,0.6280999514274299,50947.30532501442
inproc,torchscript,32,1,1,21,32,0.617499987129122,51821.86342832855
inproc,torchscript,32,1,1,22,32,0.6190999993123114,51687.93415529834
inproc,torchscript,32,1,1,23,32,0.6418999982997775,49852.00200149477
inproc,torchscript,32,1,1,24,32,0.6308999727480114,50721.19413893391
inproc,torchscript,32,1,1,25,32,0.6212000153027475,51513.19898858101
inproc,torchscript,32,1,1,26,32,0.6394999800249934,50039.09460442728
inproc,torchscript,32,1,1,27,32,0.6290000164881349,50874.4024819968
inproc,torchscript,32,1,1,28,32,0.6259999936446548,51118.21138158767
inproc,torchscript,32,1,1,29,32,0.8364999666810036,38254.633920628825
inproc,torchscript,32,1,1,30,32,0.6640999927185476,48185.51475810952
inproc,torchscript,32,1,1,31,32,0.6884000031277537,46484.60176439223
inproc,torchscript,32,1,1,32,32,0.8422999526374042,37991.216667888686
inproc,torchscript,32,1,1,33,32,0.824199989438057,38825.528282058985
inproc,torchscript,32,1,1,34,32,0.8646000060252845,37011.33446333123
inproc,torchscript,32,1,1,35,32,0.8493999484926462,37673.65427415851
inproc,torchscript,32,1,1,36,32,0.875400030054152,36554.71658827849
inproc,torchscript,32,1,1,37,32,0.8592999656684697,37239.61512683926
inproc,torchscript,32,1,1,38,32,0.8190999506041408,39067.27130968311
inproc,torchscript,32,1,1,39,32,0.8546999888494611,37440.03792848555
inproc,torchscript,32,1,1,40,32,0.8347000111825764,38337.12659792998
inproc,torchscript,32,1,1,41,32,0.8580000139772892,37296.03668846446
inproc,torchscript,32,1,1,42,32,0.8328999974764884,38419.978505166604
inproc,torchscript,32,1,1,43,32,0.8333000005222857,38401.536037373604
inproc,torchscript,32,1,1,44,32,0.8549999911338091,37426.90097290532
inproc,torchscript,32,1,1,45,32,0.8333000005222857,38401.536037373604
inproc,torchscript,32,1,1,46,32,0.8382000378333032,38177.044327888696
inproc,torchscript,32,1,1,47,32,0.8564000017940998,37365.716876415434
inproc,torchscript,32,1,1,48,32,0.9068000363186002,35288.92668543844
inproc,torchscript,32,1,1,49,32,0.8656000136397779,36968.57612726067
inproc,torchscript,32,1,1,50,32,0.8299999753944576,38554.21801041861
inproc,torchscript,32,1,1,51,32,0.8582999580539763,37283.00310366274
inproc,torchscript,32,1,1,52,32,0.853499979712069,37492.678102693455
inproc,torchscript,32,1,1,53,32,0.833400001283735,38396.928186595294
inproc,torchscript,32,1,1,54,32,0.8726000087335706,36672.014301767565
inproc,torchscript,32,1,1,55,32,0.8351000142283738,38318.76356698157
inproc,torchscript,32,1,1,56,32,0.8431000169366598,37955.16469833506
inproc,torchscript,32,1,1,57,32,0.8001999813131988,39990.00343324825
inproc,torchscript,32,1,1,58,32,0.8307000389322639,38521.72685718306
inproc,torchscript,32,1,1,59,32,0.789899961091578,40511.459141963474
inproc,torchscript,32,1,1,60,32,0.8111000061035156,39452.5949441505
inproc,torchscript,32,1,1,61,32,0.804100011009723,39796.044723114755
inproc,torchscript,32,1,1,62,32,0.7954000029712915,40231.32999806511
inproc,torchscript,32,1,1,63,32,0.8306000381708145,38526.364711554634
inproc,torchscript,32,1,1,64,32,0.7959000067785382,40206.0556947628
inproc,torchscript,32,1,1,65,32,0.7975000189617276,40125.39089548999
inproc,torchscript,32,1,1,66,32,0.7964000105857849,40180.813127391455
inproc,torchscript,32,1,1,67,32,0.8028000011108816,39860.48823582426
inproc,torchscript,32,1,1,68,32,0.8600000292062759,37209.301061924285
inproc,torchscript,32,1,1,69,32,0.8343000081367791,38355.50723709662
inproc,torchscript,32,1,1,70,32,0.8272000122815371,38684.718961426726
inproc,torchscript,32,1,1,71,32,0.805000017862767,39751.55191295315
inproc,torchscript,32,1,1,72,32,0.8353000157512724,38309.588646684104
inproc,torchscript,32,1,1,73,32,0.7115999469533563,44969.087107165746
inproc,torchscript,32,1,1,74,32,0.6396999815478921,50023.449934403776
inproc,torchscript,32,1,2,0,32,0.8147999760694802,39273.44248875049
inproc,torchscript,32,1,2,1,32,0.7973999599926174,40130.4258910375
inproc,torchscript,32,1,2,2,32,0.8384999819099903,38163.38782394282
inproc,torchscript,32,1,2,3,32,0.8145000319927931,39287.905148029684
inproc,torchscript,32,1,2,4,32,0.8376999758183956,38199.83397843294
inproc,torchscript,32,1,2,5,32,0.6835000240243971,46817.847659443214
inproc,torchscript,32,1,2,6,32,0.723700039088726,44217.21469062513
inproc,torchscript,32,1,2,7,32,0.8238999871537089,38839.66561347937
inproc,torchscript,32,1,2,8,32,0.7965000113472342,40175.76841696942
inproc,torchscript,32,1,2,9,32,0.6285000126808882,50914.87566325244
inproc,torchscript,32,1,2,10,32,0.6303000263869762,50769.472727823464
inproc,torchscript,32,1,2,11,32,0.7459999760612845,42895.44373573971
inproc,torchscript,32,1,2,12,32,0.6903000175952911,46356.65534454752
inproc,torchscript,32,1,2,13,32,0.6417999975383282,49859.7695898074
inproc,torchscript,32,1,2,14,32,0.6202000076882541,51596.258631594406
inproc,torchscript,32,1,2,15,32,0.6123000057414174,52261.96259993836
inproc,torchscript,32,1,2,16,32,0.631400034762919,50681.02350044296
inproc,torchscript,32,1,2,17,32,0.6219000206328928,51455.21617354886
inproc,torchscript,32,1,2,18,32,0.6190999993123114,51687.93415529834
inproc,torchscript,32,1,2,19,32,0.6517000147141516,49102.34659736171
inproc,torchscript,32,1,2,20,32,0.624600041192025,51232.78560617646
inproc,torchscript,32,1,2,21,32,0.6135000148788095,52159.73793630839
inproc,torchscript,32,1,2,22,32,0.6089000380598009,52553.782229945005
inproc,torchscript,32,1,2,23,32,0.624600041192025,51232.78560617646
inproc,torchscript,32,1,2,24,32,0.6139000179246068,52125.75185806547
inproc,torchscript,32,1,2,25,32,0.6124000065028667,52253.4285764254
inproc,torchscript,32,1,2,26,32,0.6264999974519014,51077.414413647704
inproc,torchscript,32,1,2,27,32,0.6145000224933028,52074.85570165094
inproc,torchscript,32,1,2,28,32,0.624599982984364,51232.790380657236
inproc,torchscript,32,1,2,29,32,0.6355000077746809,50354.051311586656
inproc,torchscript,32,1,2,30,32,0.6367999594658613,50251.25948004322
inproc,torchscript,32,1,2,31,32,0.6832000217400491,46838.406003704265
inproc,torchscript,32,1,2,32,32,0.6562999915331602,48758.19048122472
inproc,torchscript,32,1,2,33,32,0.6140999612398446,52108.780361088466
inproc,torchscript,32,1,2,34,32,0.6065000197850168,52761.74601171965
inproc,torchscript,32,1,2,35,32,0.6210000137798488,51529.78951679113
inproc,torchscript,32,1,2,36,32,0.6095999851822853,52493.439596182434
inproc,torchscript,32,1,2,37,32,0.6117000011727214,52313.22533701351
inproc,torchscript,32,1,2,38,32,0.6105999927967787,52407.46868244775
inproc,torchscript,32,1,2,39,32,0.6261999951675534,51101.88477634482
inproc,torchscript,32,1,2,40,32,0.6082000327296555,52614.26878979465
inproc,torchscript,32,1,2,41,32,0.6222000229172409,51430.40633454997
inproc,torchscript,32,1,2,42,32,0.6426000036299229,49797.69657522285
inproc,torchscript,32,1,2,43,32,0.6230000290088356,51364.363579421544
inproc,torchscript,32,1,2,44,32,0.6327999872155488,50568.90114806519
inproc,torchscript,32,1,2,45,32,0.6293000187724829,50850.14944448823
inproc,torchscript,32,1,2,46,32,0.6099999882280827,52459.017405808554
inproc,torchscript,32,1,2,47,32,0.6085999775677919,52579.69303233423
inproc,torchscript,32,1,2,48,32,0.62219996470958,51430.41114593509
inproc,torchscript,32,1,2,49,32,0.610099988989532,52450.418910840286
inproc,torchscript,32,1,2,50,32,0.6133999559096992,52168.24633210576
inproc,torchscript,32,1,2,51,32,0.6222000229172409,51430.40633454997
inproc,torchscript,32,1,2,52,32,0.6098999874666333,52467.61872043926
inproc,torchscript,32,1,2,53,32,0.6087999790906906,52562.419676484715
inproc,torchscript,32,1,2,54,32,0.6775999790988863,47225.50322766472
inproc,torchscript,32,1,2,55,32,0.6285000126808882,50914.87566325244
inproc,torchscript,32,1,2,56,32,0.6166999810375273,51889.088671875186
inproc,torchscript,32,1,2,57,32,0.6989999674260616,45779.687398032496
inproc,torchscript,32,1,2,58,32,0.6379999686032534,50156.74228018578
inproc,torchscript,32,1,2,59,32,0.6566999945789576,48728.49134179872
inproc,torchscript,32,1,2,60,32,0.8613999816589057,37148.82828111233
inproc,torchscript,32,1,2,61,32,0.8366999682039022,38245.489680957726
inproc,torchscript,32,1,2,62,32,0.8231000392697752,38877.41279709967
inproc,torchscript,32,1,2,63,32,0.839899992570281,38099.77411962212
inproc,torchscript,32,1,2,64,32,0.8415999473072588,38022.816068828906
inproc,torchscript,32,1,2,65,32,0.8653000113554299,36981.393250965426
inproc,torchscript,32,1,2,66,32,0.8103999425657094,39486.67604626015
inproc,torchscript,32,1,2,67,32,0.8203000179491937,39010.1173958306
inproc,torchscript,32,1,2,68,32,0.8631999953649938,37071.36257162418
inproc,torchscript,32,1,2,69,32,0.8419000077992678,38009.26440617124
inproc,torchscript,32,1,2,70,32,0.8684000349603593,36849.37668324798
inproc,torchscript,32,1,2,71,32,0.8274000138044357,38675.36797934296
inproc,torchscript,32,1,2,72,32,0.8382000378333032,38177.044327888696
inproc,torchscript,32,1,2,73,32,0.846099981572479,37820.58940661825
inproc,torchscript,32,1,2,74,32,0.826900009997189,38698.75391597683
inproc,torchscript,32,4,0,0,32,0.8277000160887837,38661.34997944412
inproc,torchscript,32,4,0,1,32,0.8979000267572701,35638.71148948142
inproc,torchscript,32,4,0,2,32,1.0543999960646033,30349.013770329482
inproc,torchscript,32,4,0,3,32,0.9305999847128987,34386.41793001145
inproc,torchscript,32,4,0,4,32,0.8526999736204743,37527.85386415736
inproc,torchscript,32,4,0,5,32,0.852299970574677,37545.466508022386
inproc,torchscript,32,4,0,6,32,0.7890000124461949,40557.66729431099
inproc,torchscript,32,4,0,7,32,0.7159999804571271,44692.73865003423
inproc,torchscript,32,4,0,8,32,0.7124999538064003,44912.283613557964
inproc,torchscript,32,4,0,9,32,0.8736999589018524,36625.84583410143
inproc,torchscript,32,4,0,10,32,0.8729000110179186,36659.41069548585
inproc,torchscript,32,4,0,11,32,0.8708999957889318,36743.59875385211
inproc,torchscript,32,4,0,12,32,0.8084000437520444,39584.36203377441
inproc,torchscript,32,4,0,13,32,0.7946999976411462,40266.7674531061
inproc,torchscript,32,4,0,14,32,0.8365999674424529,38250.06125427704
inproc,torchscript,32,4,0,15,32,0.8223000331781805,38915.23617762772
inproc,torchscript,32,4,0,16,32,0.7826000219210982,40889.34206958947
inproc,torchscript,32,4,0,17,32,1.0731000220403075,29820.146624503584
inproc,torchscript,32,4,0,18,32,1.6055000014603138,19931.48550040098
inproc,torchscript,32,4,0,19,32,0.944300030823797,33887.534634605014
inproc,torchscript,32,4,0,20,32,0.9044000180438161,35382.573376341614
inproc,torchscript,32,4,0,21,32,0.8496000082232058,37664.783062941075
inproc,torchscript,32,4,0,22,32,0.8768999832682312,36492.18908721505
inproc,torchscript,32,4,0,23,32,0.8226999780163169,38896.31804434706
inproc,torchscript,32,4,0,24,32,0.8940999978221953,35790.18015651943
inproc,torchscript,32,4,0,25,32,1.006399979814887,31796.50302247218
inproc,torchscript,32,4,0,26,32,0.9616999886929989,33274.41029035437
inproc,torchscript,32,4,0,27,32,0.8449000306427479,37874.30327781663
inproc,torchscript,32,4,0,28,32,0.8085999870672822,39574.57396958545
inproc,torchscript,32,4,0,29,32,0.7544999825768173,42412.19448503037
inproc,torchscript,32,4,0,30,32,0.6680000224150717,47904.19000931758
inproc,torchscript,32,4,0,31,32,0.6704000406898558,47732.69400024398
inproc,torchscript,32,4,0,32,32,1.103700022213161,28993.385300321886
inproc,torchscript,32,4,0,33,32,0.8419000077992678,38009.26440617124
inproc,torchscript,32,4,0,34,32,0.8028000011108816,39860.48823582426
inproc,torchscript,32,4,0,35,32,0.6407999899238348,49937.578812701766
inproc,torchscript,32,4,0,36,32,0.6158999749459326,51956.48855613146
inproc,torchscript,32,4,0,37,32,0.6249999860301614,51200.00114440921
inproc,torchscript,32,4,0,38,32,0.6120000034570694,52287.58140398399
inproc,torchscript,32,4,0,39,32,0.6111999973654747,52356.021168084524
inproc,torchscript,32,4,0,40,32,0.6253999890759587,51167.25385185992
inproc,torchscript,32,4,0,41,32,0.647700042463839,49405.58576817841
inproc,torchscript,32,4,0,42,32,0.60889997985214,52553.78725381237
inproc,torchscript,32,4,0,43,32,0.61629997799173,51922.76674140884
inproc,torchscript,32,4,0,44,32,0.6633999873884022,48236.359071958934
inproc,torchscript,32,4,0,45,32,0.6900999578647316,46370.09412232483
inproc,torchscript,32,4,0,46,32,0.9123999625444412,35072.3381342109
inproc,torchscript,32,4,0,47,32,0.8539999835193157,37470.72671843468
inproc,torchscript,32,4,0,48,32,0.6971000111661851,45904.460604536354
inproc,torchscript,32,4,0,49,32,0.7434000144712627,43045.4659363435
inproc,torchscript,32,4,0,50,32,0.7059000199660659,45332.19874613165
inproc,torchscript,32,4,0,51,32,0.6702999817207456,47739.81929382113
inproc,torchscript,32,4,0,52,32,0.8358999621123075,38282.092894389476
inproc,torchscript,32,4,0,53,32,0.8835000335238874,36219.579836761615
inproc,torchscript,32,4,0,54,32,0.699699972756207,45733.88773183446
inproc,torchscript,32,4,0,55,32,0.7257999968715012,44089.280983650126
inproc,torchscript,32,4,0,56,32,0.7606999715790153,42066.519252756545
inproc,torchscript,32,4,0,57,32,0.865299953147769,36981.395738658146
inproc,torchscript,32,4,0,58,32,0.7147000287659466,44774.029259875
inproc,torchscript,32,4,0,59,32,0.7548000430688262,42395.33409390928
inproc,torchscript,32,4,0,60,32,0.8051000186242163,39746.614407838104
inproc,torchscript,32,4,0,61,32,1.1433999752625823,27986.706919992004
inproc,torchscript,32,4,0,62,32,0.8944000001065433,35778.17530879704
inproc,torchscript,32,4,0,63,32,0.7834999705664814,40842.375497300345
inproc,torchscript,32,4,0,64,32,0.7349999505095184,43537.4178975344
inproc,torchscript,32,4,0,65,32,0.6894999532960355,46410.445493186075
inproc,torchscript,32,4,0,66,32,0.693199981469661,46162.72483469553
inproc,torchscript,32,4,0,67,32,0.7191000040620565,44500.069279986375
inproc,torchscript,32,4,0,68,32,0.7433000137098134,43051.25710988201
inproc,torchscript,32,4,0,69,32,0.8434000192210078,37941.6638258513
inproc,torchscript,32,4,0,70,32,0.8086999878287315,39569.680328444665
inproc,torchscript,32,4,0,71,32,0.8440000237897038,37914.69087443215
inproc,torchscript,32,4,0,72,32,0.9142000344581902,35003.280238296116
inproc,torchscript,32,4,0,73,32,0.8580000139772892,37296.03668846446
inproc,torchscript,32,4,0,74,32,0.8014999912120402,39925.14079957646
inproc,torchscript,32,4,1,0,32,0.9047000203281641,35370.84036805102
inproc,torchscript,32,4,1,1,32,0.8131000213325024,39355.55178999827
inproc,torchscript,32,4,1,2,32,1.04750000173226,30548.925963800782
inproc,torchscript,32,4,1,3,32,0.9679000359028578,33061.265433418834
inproc,torchscript,32,4,1,4,32,0.9666999685578048,33102.30789366838
inproc,torchscript,32,4,1,5,32,0.9134999709203839,35030.10511074111
inproc,torchscript,32,4,1,6,32,0.9179000044241548,34862.185255217664
inproc,torchscript,32,4,1,7,32,0.8701999904587865,36773.155999609895
inproc,torchscript,32,4,1,8,32,0.8932999917306006,35822.23250445354
inproc,torchscript,32,4,1,9,32,0.8719000034034252,36701.456445795775
inproc,torchscript,32,4,1,10,32,0.8348000119440258,38332.53419041115
inproc,torchscript,32,4,1,11,32,0.9382000425830483,34107.864578536726
inproc,torchscript,32,4,1,12,32,1.112300029490143,28769.216175125144
inproc,torchscript,32,4,1,13,32,1.1500000255182385,27826.08633906721
inproc,torchscript,32,4,1,14,32,1.1145000462420285,28712.42590603785
inproc,torchscript,32,4,1,15,32,1.0714999516494572,29864.67703590606
inproc,torchscript,32,4,1,16,32,1.0799000156112015,29632.372939534267
inproc,torchscript,32,4,1,17,32,1.0664000292308629,30007.50105293966
inproc,torchscript,32,4,1,18,32,0.9109000093303621,35130.0907588358
inproc,torchscript,32,4,1,19,32,1.6136000049300492,19831.432760430132
inproc,torchscript,32,4,1,20,32,1.1950000189244747,26778.242253753833
inproc,torchscript,32,4,1,21,32,1.181500032544136,27084.214234928182
inproc,torchscript,32,4,1,22,32,1.306000049225986,24502.296166807282
inproc,torchscript,32,4,1,23,32,1.1419999646022916,28021.01663036758
inproc,torchscript,32,4,1,24,32,1.0732000228017569,29817.36798370446
inproc,torchscript,32,4,1,25,32,1.0352999670431018,30908.916274183335
inproc,torchscript,32,4,1,26,32,1.029500039294362,31083.048837893566
inproc,torchscript,32,4,1,27,32,1.0128000285476446,31595.575728693457
inproc,torchscript,32,4,1,28,32,1.0529999854043126,30389.364143925603
inproc,torchscript,32,4,1,29,32,1.0285999742336571,31110.247716894137
inproc,torchscript,32,4,1,30,32,1.0408000089228153,30745.580059245643
inproc,torchscript,32,4,1,31,32,0.8093000506050885,39540.34103429821
inproc,torchscript,32,4,1,32,32,0.825399998575449,38769.08172428948
inproc,torchscript,32,4,1,33,32,0.8157999836839736,39225.301103212856
inproc,torchscript,32,4,1,34,32,0.7754999678581953,41263.70254840731
inproc,torchscript,32,4,1,35,32,0.7672999636270106,41704.68072060982
inproc,torchscript,32,4,1,36,32,0.8021999965421855,39890.30184235011
inproc,torchscript,32,4,1,37,32,0.8403999963775277,38077.106304061475
inproc,torchscript,32,4,1,38,32,0.8450000314041972,37869.82107778541
inproc,torchscript,32,4,1,39,32,0.8236999856308103,38849.09622220473
inproc,torchscript,32,4,1,40,32,0.8032000041566789,39840.637244018006
inproc,torchscript,32,4,1,41,32,0.7665999582968652,41742.76251083231
inproc,torchscript,32,4,1,42,32,0.7792999967932701,41062.492148949466
inproc,torchscript,32,4,1,43,32,0.770699989516288,41520.6960364487
inproc,torchscript,32,4,1,44,32,0.7835000287741423,40842.37246304501
inproc,torchscript,32,4,1,45,32,0.9613000438548625,33288.253968738376
inproc,torchscript,32,4,1,46,32,1.0177000076510012,31443.45068234855
inproc,torchscript,32,4,1,47,32,0.8747999672777951,36579.791034489506
inproc,torchscript,32,4,1,48,32,0.7727000047452748,41413.22609483999
inproc,torchscript,32,4,1,49,32,0.7789999945089221,41078.30580945337
inproc,torchscript,32,4,1,50,32,0.7557999924756587,42339.24360753496
inproc,torchscript,32,4,1,51,32,0.7793999975547194,41057.223634072914
inproc,torchscript,32,4,1,52,32,0.7534000324085355,42474.115507666735
inproc,torchscript,32,4,1,53,32,0.8372000302188098,38222.64553864924
inproc,torchscript,32,4,1,54,32,0.8969000191427767,35678.447226017895
inproc,torchscript,32,4,1,55,32,0.7816000143066049,40941.65738774806
inproc,torchscript,32,4,1,56,32,0.7800000021234155,41025.640913955795
inproc,torchscript,32,4,1,57,32,0.7755999686196446,41258.382277852885
inproc,torchscript,32,4,1,58,32,0.771900056861341,41456.14411549171
inproc,torchscript,32,4,1,59,32,0.8400999940931797,38090.70375549928
inproc,torchscript,32,4,1,60,32,0.9345000144094229,34242.910119400134
inproc,torchscript,32,4,1,61,32,0.7994999759830534,40025.01683712156
inproc,torchscript,32,4,1,62,32,0.853799981996417,37479.50418688846
inproc,torchscript,32,4,1,63,32,0.9716000058688223,32935.36414852635
inproc,torchscript,32,4,1,64,32,1.04599999031052,30592.734509013088
inproc,torchscript,32,4,1,65,32,0.8629000512883067,37084.248578064304
inproc,torchscript,32,4,1,66,32,0.7786999922245741,41094.13165471218
inproc,torchscript,32,4,1,67,32,0.7602999685332179,42088.650959350794
inproc,torchscript,32,4,1,68,32,0.7724000024609268,41429.31110570365
inproc,torchscript,32,4,1,69,32,0.7594000198878348,42138.5293151908
inproc,torchscript,32,4,1,70,32,0.7647000020369887,41846.4756306515
inproc,torchscript,32,4,1,71,32,0.9411000064574182,34002.76249115922
inproc,torchscript,32,4,1,72,32,0.8141999715007842,39302.38408264201
inproc,torchscript,32,4,1,73,32,0.7792999967932701,41062.492148949466
inproc,torchscript,32,4,1,74,32,0.7543000392615795,42423.43674186512
inproc,torchscript,32,4,2,0,32,1.1550000053830445,27705.62757650162
inproc,torchscript,32,4,2,1,32,1.1154000530950725,28689.258092829263
inproc,torchscript,32,4,2,2,32,1.0774999973364174,29698.37594348406
inproc,torchscript,32,4,2,3,32,1.0991999879479408,29112.081833024502
inproc,torchscript,32,4,2,4,32,1.0679999832063913,29962.547287621062
inproc,torchscript,32,4,2,5,32,1.021499978378415,31326.481328759837
inproc,torchscript,32,4,2,6,32,1.0810000239871442,29602.21950964597
inproc,torchscript,32,4,2,7,32,1.0807000217027962,29610.43708464025
inproc,torchscript,32,4,2,8,32,1.077100052498281,29709.403435435328
inproc,torchscript,32,4,2,9,32,1.0361000313423574,30885.048771344238
inproc,torchscript,32,4,2,10,32,1.0961000225506723,29194.415967198514
inproc,torchscript,32,4,2,11,32,1.0389999952167273,30798.845185100363
inproc,torchscript,32,4,2,12,32,1.0505999671295285,30458.78640890412
inproc,torchscript,32,4,2,13,32,1.0731000220403075,29820.146624503584
inproc,torchscript,32,4,2,14,32,1.1455999920144677,27932.961088564563
inproc,torchscript,32,4,2,15,32,1.3052000431343913,24517.31454371787
inproc,torchscript,32,4,2,16,32,1.121699984651059,28528.127340533607
inproc,torchscript,32,4,2,17,32,1.074400031939149,29784.06463954051
inproc,torchscript,32,4,2,18,32,1.0336999548599124,30956.758631508947
inproc,torchscript,32,4,2,19,32,1.1119999689981341,28776.979219550405
inproc,torchscript,32,4,2,20,32,1.0535999899730086,30372.057995957064
inproc,torchscript,32,4,2,21,32,0.7936999900266528,40317.500821595604
inproc,torchscript,32,4,2,22,32,0.7971999584697187,40140.49381215002
inproc,torchscript,32,4,2,23,32,1.1576000251807272,27643.399536903158
inproc,torchscript,32,4,2,24,32,1.388499978929758,23046.45335656777
inproc,torchscript,32,4,2,25,32,1.08299998100847,29547.553611406507
inproc,torchscript,32,4,2,26,32,1.0455999872647226,30604.438016216533
inproc,torchscript,32,4,2,27,32,1.054599997587502,30343.25817675237
inproc,torchscript,32,4,2,28,32,1.0745999752543867,29778.52292656599
inproc,torchscript,32,4,2,29,32,1.0097000049427152,31692.581799893625
inproc,torchscript,32,4,2,30,32,1.0532999876886606,30380.708605361448
inproc,torchscript,32,4,2,31,32,1.062600000295788,30114.81271512554
inproc,torchscript,32,4,2,32,32,1.0483000078238547,30525.61266924739
inproc,torchscript,32,4,2,33,32,1.0003999923355877,31987.20536301792
inproc,torchscript,32,4,2,34,32,1.0290999780409038,31095.13233196094
inproc,torchscript,32,4,2,35,32,1.0023000068031251,31926.568674847407
inproc,torchscript,32,4,2,36,32,1.0343000176362693,30938.7986603065
inproc,torchscript,32,4,2,37,32,0.9827999747358263,32560.03339703128
inproc,torchscript,32,4,2,38,32,1.0212999768555164,31332.616004285926
inproc,torchscript,32,4,2,39,32,0.9926999919116497,32235.318082734506
inproc,torchscript,32,4,2,40,32,1.0311999940313399,31031.80778240721
inproc,torchscript,32,4,2,41,32,1.0373999830335379,30846.347140305938
inproc,torchscript,32,4,2,42,32,1.0797999566420913,29635.118804331152
inproc,torchscript,32,4,2,43,32,0.9911000379361212,32287.356245729938
inproc,torchscript,32,4,2,44,32,1.0104000102728605,31670.625172854398
inproc,torchscript,32,4,2,45,32,0.970599998254329,32969.297401147276
inproc,torchscript,32,4,2,46,32,1.0018000029958785,31942.503398187404
inproc,torchscript,32,4,2,47,32,1.0185999562963843,31415.66991260393
inproc,torchscript,32,4,2,48,32,1.0451999842189252,30616.15048139663
inproc,torchscript,32,4,2,49,32,1.0825999779626727,29558.47095084953
inproc,torchscript,32,4,2,50,32,0.8268000092357397,38703.434497514696
inproc,torchscript,32,4,2,51,32,0.8243999909609556,38816.10911069933
inproc,torchscript,32,4,2,52,32,0.9277000208385289,34493.90889425211
inproc,torchscript,32,4,2,53,32,0.8985999738797545,35610.95140236678
inproc,torchscript,32,4,2,54,32,0.8786999969743192,36417.43497233132
inproc,torchscript,32,4,2,55,32,0.7017999887466431,45597.03692379557
inproc,torchscript,32,4,2,56,32,0.7016999879851937,45603.53505474938
inproc,torchscript,32,4,2,57,32,0.8074000361375511,39633.389358120345
inproc,torchscript,32,4,2,58,32,0.74230000609532,43109.254664199514
inproc,torchscript,32,4,2,59,32,0.7156000356189907,44717.71717048637
inproc,torchscript,32,4,2,60,32,0.6902000168338418,46363.37180458756
inproc,torchscript,32,4,2,61,32,0.6848000339232385,46728.96964778332
inproc,torchscript,32,4,2,62,32,0.6978000164963305,45858.411068364134
inproc,torchscript,32,4,2,63,32,0.691999972332269,46242.77641536517
inproc,torchscript,32,4,2,64,32,0.6846999749541283,46735.79840884886
inproc,torchscript,32,4,2,65,32,0.6948999944142997,46049.79170703747
inproc,torchscript,32,4,2,66,32,0.7651000050827861,41824.59781389951
inproc,torchscript,32,4,2,67,32,0.8329999982379377,38415.36622771941
inproc,torchscript,32,4,2,68,32,1.0402000043541193,30763.31461839344
inproc,torchscript,32,4,2,69,32,0.747899990528822,42786.469321083394
inproc,torchscript,32,4,2,70,32,0.721000018529594,44382.800523723614
inproc,torchscript,32,4,2,71,32,0.6916000274941325,46269.518114314254
inproc,torchscript,32,4,2,72,32,0.687599997036159,46538.6854827418
inproc,torchscript,32,4,2,73,32,0.7065999670885503,45287.293363247205
inproc,torchscript,32,4,2,74,32,0.6877999985590577,46525.15275812745
inproc,torchscript,64,1,0,0,64,1.021199976094067,62671.3684863078
inproc,torchscript,64,1,0,1,64,1.4603000017814338,43826.61091688406
inproc,torchscript,64,1,0,2,64,1.4235000126063824,44959.606205284166
inproc,torchscript,64,1,0,3,64,1.4426999841816723,44361.26755508495
inproc,torchscript,64,1,0,4,64,1.3998000067658722,45720.81703861894
inproc,torchscript,64,1,0,5,64,1.3676999951712787,46793.887713646734
inproc,torchscript,64,1,0,6,64,1.452099997550249,44074.09965427351
inproc,torchscript,64,1,0,7,64,1.393500017002225,45927.520071137405
inproc,torchscript,64,1,0,8,64,1.3432999840006232,47643.86269803626
inproc,torchscript,64,1,0,9,64,1.3708000187762082,46688.064723792806
inproc,torchscript,64,1,0,10,64,1.3611000031232834,47020.79189856788
inproc,torchscript,64,1,0,11,64,1.444099994841963,44318.260666571034
inproc,torchscript,64,1,0,12,64,1.4392000157386065,44469.14904121565
inproc,torchscript,64,1,0,13,64,1.3688000035472214,46756.2827543433
inproc,torchscript,64,1,0,14,64,1.4940000255592167,42838.018008764266
inproc,torchscript,64,1,0,15,64,1.4811999863013625,43208.20995942047
inproc,torchscript,64,1,0,16,64,1.9762999727390707,32383.74785346914
inproc,torchscript,64,1,0,17,64,1.603499986231327,39912.69133117854
inproc,torchscript,64,1,0,18,64,1.4743999927304685,43407.488005664745
inproc,torchscript,64,1,0,19,64,1.3681999989785254,46776.787054364344
inproc,torchscript,64,1,0,20,64,1.3707000180147588,46691.4708972528
inproc,torchscript,64,1,0,21,64,1.51709996862337,42185.74999910795
inproc,torchscript,64,1,0,22,64,1.2215999886393547,52390.308280278085
inproc,torchscript,64,1,0,23,64,1.2494000256992877,51224.58674849096
inproc,torchscript,64,1,0,24,64,1.352999999653548,47302.291216842554
inproc,torchscript,64,1,0,25,64,1.4548000181093812,43992.300799647135
inproc,torchscript,64,1,0,26,64,1.4469000161625445,44232.49656858823
inproc,torchscript,64,1,0,27,64,1.3920000055804849,45977.01130993246
inproc,torchscript,64,1,0,28,64,1.2817000388167799,49933.68031656029
inproc,torchscript,64,1,0,29,64,1.280499971471727,49980.47748993105
inproc,torchscript,64,1,0,30,64,1.3605999993160367,47038.07146271668
inproc,torchscript,64,1,0,31,64,1.3987999991513789,45753.503030331274
inproc,torchscript,64,1,0,32,64,1.4868999714963138,43042.57261878538
inproc,torchscript,64,1,0,33,64,1.3814999838359654,46326.45729194532
inproc,torchscript,64,1,0,34,64,1.3075000024400651,48948.37466964648
inproc,torchscript,64,1,0,35,64,1.3253000215627253,48290.95220607822
inproc,torchscript,64,1,0,36,64,1.33940001251176,47782.588772701
inproc,torchscript,64,1,0,37,64,1.463300024624914,43736.75864346756
inproc,torchscript,64,1,0,38,64,1.6297000111080706,39271.03121051397
inproc,torchscript,64,1,0,39,64,1.7117999959737062,37387.545361919176
inproc,torchscript,64,1,0,40,64,1.38669996522367,46152.73787050036
inproc,torchscript,64,1,0,41,64,1.199499994982034,53355.56504188113
inproc,torchscript,64,1,0,42,64,1.4516999945044518,44086.2438811587
inproc,torchscript,64,1,0,43,64,1.0937000042758882,58516.96054657403
inproc,torchscript,64,1,0,44,64,1.026200014166534,62366.00966331106
inproc,torchscript,64,1,0,45,64,1.0022000060416758,63859.508695052435
inproc,torchscript,64,1,0,46,64,0.9876999538391829,64797.006166936066
inproc,torchscript,64,1,0,47,64,0.9917999850586057,64529.13991142904
inproc,torchscript,64,1,0,48,64,1.0503999656066298,60929.17183507193
inproc,torchscript,64,1,0,49,64,1.2450999929569662,51401.49414667293
inproc,torchscript,64,1,0,50,64,1.0452000424265862,61232.297552738855
inproc,torchscript,64,1,0,51,64,1.143299974501133,55978.30965396963
inproc,torchscript,64,1,0,52,64,1.1065999860875309,57834.8100529776
inproc,torchscript,64,1,0,53,64,1.041900017298758,61426.23950225775
inproc,torchscript,64,1,0,54,64,0.9981000330299139,64121.829357841394
inproc,torchscript,64,1,0,55,64,1.4638000284321606,43721.819071522215
inproc,torchscript,64,1,0,56,64,1.0914000449702144,58640.27612510006
inproc,torchscript,64,1,0,57,64,1.0045000235550106,63713.28870008244
inproc,torchscript,64,1,0,58,64,1.0048000258393586,63694.26587796678
inproc,torchscript,64,1,0,59,64,0.991299981251359,64561.68789513155
inproc,torchscript,64,1,0,60,64,1.003999961540103,63745.022362178286
inproc,torchscript,64,1,0,61,64,1.0245000012218952,62469.497241257995
inproc,torchscript,64,1,0,62,64,1.2131999828852713,52753.050529883076
inproc,torchscript,64,1,0,63,64,1.33940001251176,47782.588772701
inproc,torchscript,64,1,0,64,64,1.269300002604723,50421.492057564
inproc,torchscript,64,1,0,65,64,1.3457000022754073,47558.89120293093
inproc,torchscript,64,1,0,66,64,1.5001000137999654,42663.8220193592
inproc,torchscript,64,1,0,67,64,1.4951000339351594,42806.50026577125
inproc,torchscript,64,1,0,68,64,1.4383000088855624,44496.97532129552
inproc,torchscript,64,1,0,69,64,1.332900021225214,48015.60430704368
inproc,torchscript,64,1,0,70,64,1.302699965890497,49128.733918597296
inproc,torchscript,64,1,0,71,64,1.3631000183522701,46951.80040960155
inproc,torchscript,64,1,0,72,64,1.3859999598935246,46176.04751223558
inproc,torchscript,64,1,0,73,64,1.4327999670058489,44667.78438984899
inproc,torchscript,64,1,0,74,64,1.8576000002212822,34453.057704767525
inproc,torchscript,64,1,1,0,64,1.3249999610707164,48301.88821159087
inproc,torchscript,64,1,1,1,64,1.3154000043869019,48654.40154064004
inproc,torchscript,64,1,1,2,64,1.4099000254645944,45393.28948441613
inproc,torchscript,64,1,1,3,64,1.5761000104248524,40606.560228845
inproc,torchscript,64,1,1,4,64,1.2898999848403037,49616.24990477346
inproc,torchscript,64,1,1,5,64,1.2264000251889229,52185.25659288128
inproc,torchscript,64,1,1,6,64,1.284400001168251,49828.713751002455
inproc,torchscript,64,1,1,7,64,1.285300008021295,49793.822143148725
inproc,torchscript,64,1,1,8,64,1.3455000007525086,47565.96058283627
inproc,torchscript,64,1,1,9,64,1.560300006531179,41017.75282452459
inproc,torchscript,64,1,1,10,64,1.3917000032961369,45986.922360006334
inproc,torchscript,64,1,1,11,64,1.3171000173315406,48591.60212423709
inproc,torchscript,64,1,1,12,64,1.5753000043332577,40627.18201228461
inproc,torchscript,64,1,1,13,64,1.371299964375794,46671.04328930129
inproc,torchscript,64,1,1,14,64,1.2783000129275024,50066.49405676702
inproc,torchscript,64,1,1,15,64,1.139800006058067,56150.20149134788
inproc,torchscript,64,1,1,16,64,1.9320999854244292,33124.5797230007
inproc,torchscript,64,1,1,17,64,1.7200999427586794,37207.14035799421
inproc,torchscript,64,1,1,18,64,1.2369999894872308,51738.07643000037
inproc,torchscript,64,1,1,19,64,1.2072999961674213,53010.850826777314
inproc,torchscript,64,1,1,20,64,2.3530999897047877,27198.164242918225
inproc,torchscript,64,1,1,21,64,2.068099973257631,30946.279593625466
inproc,torchscript,64,1,1,22,64,1.1744999792426825,54491.27384511935
inproc,torchscript,64,1,1,23,64,1.1633000103756785,55015.90254377433
inproc,torchscript,64,1,1,24,64,1.4864999684505165,43054.15496692657
inproc,torchscript,64,1,1,25,64,1.378999964799732,46410.443534198734
inproc,torchscript,64,1,1,26,64,1.172600022982806,54579.56570493641
inproc,torchscript,64,1,1,27,64,1.137999992351979,56239.016195182056
inproc,torchscript,64,1,1,28,64,0.9900999721139669,64639.93718063976
inproc,torchscript,64,1,1,29,64,1.3329999637790024,48012.00430535836
inproc,torchscript,64,1,1,30,64,1.2926000053994358,49512.61003609766
inproc,torchscript,64,1,1,31,64,2.1172999986447394,30227.17613987895
inproc,torchscript,64,1,1,32,64,1.2098999577574432,52896.93547772692
inproc,torchscript,64,1,1,33,64,1.2794999638572335,50019.54029530642
inproc,torchscript,64,1,1,34,64,1.265800034161657,50560.908731834075
inproc,torchscript,64,1,1,35,64,1.2260000221431255,52202.282907078545
inproc,torchscript,64,1,1,36,64,2.0164999878033996,31738.16037049227
inproc,torchscript,64,1,1,37,64,1.2722000246867537,50306.55459683578
inproc,torchscript,64,1,1,38,64,1.3739000423811376,46582.71928507996
inproc,torchscript,64,1,1,39,64,1.2282999814487994,52104.535509730274
inproc,torchscript,64,1,1,40,64,1.2123999767936766,52787.85980288036
inproc,torchscript,64,1,1,41,64,1.9761999719776213,32385.386553747376
inproc,torchscript,64,1,1,42,64,1.264000020455569,50632.91057300237
inproc,torchscript,64,1,1,43,64,1.360399997793138,47044.98684491458
inproc,torchscript,64,1,1,44,64,1.2413999647833407,51554.69777314663
inproc,torchscript,64,1,1,45,64,1.20900000911206,52936.31060185373
inproc,torchscript,64,1,1,46,64,1.8681000219658017,34259.40755177166
inproc,torchscript,64,1,1,47,64,1.2179999612271786,52545.15766611167
inproc,torchscript,64,1,1,48,64,1.2730000307783484,50274.93986851562
inproc,torchscript,64,1,1,49,64,1.2610999983735383,50749.345874666455
inproc,torchscript,64,1,1,50,64,1.2205999810248613,52433.230374346895
inproc,torchscript,64,1,1,51,64,2.208799996878952,28975.0090956322
inproc,torchscript,64,1,1,52,64,1.2670000432990491,50513.021162457946
inproc,torchscript,64,1,1,53,64,6.309400021564215,10143.59523588001
inproc,torchscript,64,1,1,54,64,1.9935000455006957,32104.33836931541
inproc,torchscript,64,1,1,55,64,1.4034000341780484,45603.53316328932
inproc,torchscript,64,1,1,56,64,1.200999948196113,53288.92819364997
inproc,torchscript,64,1,1,57,64,1.7330000409856439,36930.17800715111
inproc,torchscript,64,1,1,58,64,0.9867000044323504,64862.67326695642
inproc,torchscript,64,1,1,59,64,1.02680001873523,62329.566451345185
inproc,torchscript,64,1,1,60,64,0.9917999850586057,64529.13991142904
inproc,torchscript,64,1,1,61,64,0.9417000110261142,67962.19523270795
inproc,torchscript,64,1,1,62,64,0.9459999855607748,67653.27798822508
inproc,torchscript,64,1,1,63,64,0.9335000067949295,68559.18536062686
inproc,torchscript,64,1,1,64,64,1.80159998126328,35523.97905506375
inproc,torchscript,64,1,1,65,64,1.047199999447912,61115.35526522255
inproc,torchscript,64,1,1,66,64,1.113500038627535,57476.42369090923
inproc,torchscript,64,1,1,67,64,0.9898999705910683,64652.99717282107
inproc,torchscript,64,1,1,68,64,0.942799961194396,67882.90478811743
inproc,torchscript,64,1,1,69,64,0.9395999950356781,68114.09146247368
inproc,torchscript,64,1,1,70,64,0.9377000387758017,68252.10339497705
inproc,torchscript,64,1,1,71,64,0.9438000270165503,67810.97496077705
inproc,torchscript,64,1,1,72,64,0.9346000151708722,68478.4923615681
inproc,torchscript,64,1,1,73,64,0.9400999988429248,68077.86414080545
inproc,torchscript,64,1,1,74,64,0.9361999691464007,68361.46347916813
inproc,torchscript,64,1,2,0,64,1.192399999126792,53673.26404467287
inproc,torchscript,64,1,2,1,64,1.1146999895572662,57414.55153814019
inproc,torchscript,64,1,2,2,64,1.3107999693602324,48825.146090930066
inproc,torchscript,64,1,2,3,64,1.2442999868653715,51434.542052216995
inproc,torchscript,64,1,2,4,64,1.17790000513196,54333.98397245961
inproc,torchscript,64,1,2,5,64,1.1984000448137522,53404.53738880365
inproc,torchscript,64,1,2,6,64,1.1937999515794218,53610.322161034346
inproc,torchscript,64,1,2,7,64,1.2110000243410468,52848.88415656717
inproc,torchscript,64,1,2,8,64,1.2173000141046941,52575.37111512402
inproc,torchscript,64,1,2,9,64,1.4548000181093812,43992.300799647135
inproc,torchscript,64,1,2,10,64,1.4479999663308263,44198.89605534552
inproc,torchscript,64,1,2,11,64,1.3070999993942678,48963.354012438744
inproc,torchscript,64,1,2,12,64,1.263700018171221,50644.93082196706
inproc,torchscript,64,1,2,13,64,1.0263000149279833,62359.932835517844
inproc,torchscript,64,1,2,14,64,1.227599976118654,52134.24669683609
inproc,torchscript,64,1,2,15,64,1.4742999919690192,43410.43230592712
inproc,torchscript,64,1,2,16,64,1.2903999886475503,49597.02461488509
inproc,torchscript,64,1,2,17,64,1.0219999821856618,62622.31028921234
inproc,torchscript,64,1,2,18,64,1.1757999891415238,54431.026187309064
inproc,torchscript,64,1,2,19,64,0.9207000257447362,69512.32563313078
inproc,torchscript,64,1,2,20,64,0.9035000111907721,70835.63830359105
inproc,torchscript,64,1,2,21,64,0.8960000122897327,71428.57044884148
inproc,torchscript,64,1,2,22,64,0.8787999977357686,72826.5818899593
inproc,torchscript,64,1,2,23,64,0.8951000054366887,71500.39058348189
inproc,torchscript,64,1,2,24,64,0.8783999946899712,72859.74543133806
inproc,torchscript,64,1,2,25,64,0.8832999737933278,72455.56651060714
inproc,torchscript,64,1,2,26,64,0.8751999703235924,73126.14507554991
inproc,torchscript,64,1,2,27,64,0.8749000262469053,73151.21508744654
inproc,torchscript,64,1,2,28,64,0.9919000440277159,64522.63046599048
inproc,torchscript,64,1,2,29,64,0.8839999791234732,72398.19175500316
inproc,torchscript,64,1,2,30,64,0.8909999742172658,71829.40724125535
inproc,torchscript,64,1,2,31,64,0.9423999581485987,67911.71778671537
inproc,torchscript,64,1,2,32,64,1.1461999965831637,55836.677884125624
inproc,torchscript,64,1,2,33,64,0.9299999801442027,68817.2057703446
inproc,torchscript,64,1,2,34,64,0.9000000427477062,71111.10773351473
inproc,torchscript,64,1,2,35,64,0.8809000137262046,72652.96742280679
inproc,torchscript,64,1,2,36,64,0.8873000042513013,72128.9301176132
inproc,torchscript,64,1,2,37,64,0.8831999730318785,72463.77032859121
inproc,torchscript,64,1,2,38,64,0.8919999818317592,71748.88038514678
inproc,torchscript,64,1,2,39,64,0.8931999909691513,71652.4861700434
inproc,torchscript,64,1,2,40,64,0.8947000023908913,71532.35702355416
inproc,torchscript,64,1,2,41,64,0.9413000079803169,67991.07559482596
inproc,torchscript,64,1,2,42,64,0.9172999998554587,69769.97711772009
inproc,torchscript,64,1,2,43,64,0.901999999769032,70953.43682526382
inproc,torchscript,64,1,2,44,64,0.8771999855525792,72959.41752630576
inproc,torchscript,64,1,2,45,64,1.0731000220403075,59640.29324900717
inproc,torchscript,64,1,2,46,64,1.0110000148415565,63303.65881352638
inproc,torchscript,64,1,2,47,64,0.9055000264197588,70679.18070974389
inproc,torchscript,64,1,2,48,64,0.8849999867379665,72316.3852644772
inproc,torchscript,64,1,2,49,64,1.0428999667055905,61367.343027317525
inproc,torchscript,64,1,2,50,64,1.0873000137507915,58861.39905325961
inproc,torchscript,64,1,2,51,64,0.979500007815659,65339.45838624714
inproc,torchscript,64,1,2,52,64,0.8972000214271247,71333.03440875855
inproc,torchscript,64,1,2,53,64,0.8969000191427767,71356.89445203579
inproc,torchscript,64,1,2,54,64,0.8817999623715878,72578.81915516639
inproc,torchscript,64,1,2,55,64,0.8885000133886933,72031.51270184825
inproc,torchscript,64,1,2,56,64,0.8800000068731606,72727.27215924293
inproc,torchscript,64,1,2,57,64,0.8814000175334513,72611.75258323732
inproc,torchscript,64,1,2,58,64,0.9199000196531415,69572.77816357903
inproc,torchscript,64,1,2,59,64,0.895200006198138,71492.40343708693
inproc,torchscript,64,1,2,60,64,0.9037999552674592,70812.13008144114
inproc,torchscript,64,1,2,61,64,0.9413000079803169,67991.07559482596
inproc,torchscript,64,1,2,62,64,0.9959000162780285,64263.47921871398
inproc,torchscript,64,1,2,63,64,0.8838999783620238,72406.38258482586
inproc,torchscript,64,1,2,64,64,0.8894999627955258,71950.53701729275
inproc,torchscript,64,1,2,65,64,0.8782999939285219,72868.04103656691
inproc,torchscript,64,1,2,66,64,0.895500008482486,71468.45270102718
inproc,torchscript,64,1,2,67,64,1.1055999784730375,57887.12124288521
inproc,torchscript,64,1,2,68,64,1.0537000489421189,60738.34775300044
inproc,torchscript,64,1,2,69,64,0.9175000013783574,69754.7682875782
inproc,torchscript,64,1,2,70,64,0.9057000279426575,70663.57295514186
inproc,torchscript,64,1,2,71,64,0.8837000350467861,72422.76503543607
inproc,torchscript,64,1,2,72,64,0.8710999973118305,73470.32510331844
inproc,torchscript,64,1,2,73,64,0.8856999920681119,72259.23063469813
inproc,torchscript,64,1,2,74,64,0.8755000308156013,73101.08252124065
inproc,torchscript,64,4,0,0,64,0.8885000133886933,72031.51270184825
inproc,torchscript,64,4,0,1,64,0.9137999732047319,70037.20932005449
inproc,torchscript,64,4,0,2,64,0.9074999834410846,70523.4172647838
inproc,torchscript,64,4,0,3,64,1.046299992594868,61167.925502204496
inproc,torchscript,64,4,0,4,64,1.5540000167675316,41184.04073966879
inproc,torchscript,64,4,0,5,64,1.2810000334866345,49960.96668772472
inproc,torchscript,64,4,0,6,64,1.1998999980278313,53337.778235845566
inproc,torchscript,64,4,0,7,64,1.1481999536044896,55739.42047209446
inproc,torchscript,64,4,0,8,64,1.1922999983653426,53677.76573659713
inproc,torchscript,64,4,0,9,64,1.179699960630387,54251.08259374767
inproc,torchscript,64,4,0,10,64,1.1569999624043703,55315.47284323253
inproc,torchscript,64,4,0,11,64,1.2300999951548874,52028.29058782451
inproc,torchscript,64,4,0,12,64,1.0847999947145581,58997.050434942365
inproc,torchscript,64,4,0,13,64,0.9307999862357974,68758.05860163285
inproc,torchscript,64,4,0,14,64,0.8944000001065433,71556.35061759409
inproc,torchscript,64,4,0,15,64,0.8956000092439353,71460.47268805718
inproc,torchscript,64,4,0,16,64,0.9000999853014946,71103.211915466
inproc,torchscript,64,4,0,17,64,0.9258999489247799,69121.93922715008
inproc,torchscript,64,4,0,18,64,0.9308999869972467,68750.67235358043
inproc,torchscript,64,4,0,19,64,0.9764999849721789,65540.19558108176
inproc,torchscript,64,4,0,20,64,1.1153999948874116,57378.519179982744
inproc,torchscript,64,4,0,21,64,0.9268000139854848,69054.81121518665
inproc,torchscript,64,4,0,22,64,0.9257000056095421,69136.86897717816
inproc,torchscript,64,4,0,23,64,0.9395000524818897,68121.33733354283
inproc,torchscript,64,4,0,24,64,1.661999966017902,38507.822688674256
inproc,torchscript,64,4,0,25,64,1.136799983214587,56298.38225280753
inproc,torchscript,64,4,0,26,64,0.9362000273540616,68361.45922883617
inproc,torchscript,64,4,0,27,64,1.1707000085152686,54668.146864684415
inproc,torchscript,64,4,0,28,64,1.3480999623425305,47474.22430662351
inproc,torchscript,64,4,0,29,64,1.1529999901540577,55507.37254685376
inproc,torchscript,64,4,0,30,64,1.1423000250943005,56027.31208442072
inproc,torchscript,64,4,0,31,64,1.1589000350795686,55224.78044933862
inproc,torchscript,64,4,0,32,64,1.221099984832108,52411.760539657625
inproc,torchscript,64,4,0,33,64,1.3060999917797744,49000.84251037285
inproc,torchscript,64,4,0,34,64,1.3519999920390546,47337.278385243706
inproc,torchscript,64,4,0,35,64,1.1155999964103103,57368.23252593596
inproc,torchscript,64,4,0,36,64,0.90079999063164,71047.9581101275
inproc,torchscript,64,4,0,37,64,0.8850999874994159,72308.21478239173
inproc,torchscript,64,4,0,38,64,0.8776000468060374,72926.1583712574
inproc,torchscript,64,4,0,39,64,0.8863999973982573,72202.16627690823
inproc,torchscript,64,4,0,40,64,0.8813999593257904,72611.75737851809
inproc,torchscript,64,4,0,41,64,0.93629996990785,68354.16218831966
inproc,torchscript,64,4,0,42,64,0.8922999841161072,71724.75752467595
inproc,torchscript,64,4,0,43,64,0.8705000509507954,73520.96065944695
inproc,torchscript,64,4,0,44,64,0.8892000187188387,71974.80730174898
inproc,torchscript,64,4,0,45,64,0.8759000338613987,73067.69896771951
inproc,torchscript,64,4,0,46,64,0.8912000339478254,71813.2827222792
inproc,torchscript,64,4,0,47,64,0.8834000327624381,72447.35977637295
inproc,torchscript,64,4,0,48,64,0.8980000275187194,71269.48556654234
inproc,torchscript,64,4,0,49,64,0.8918999810703099,71756.92494487762
inproc,torchscript,64,4,0,50,64,0.9414000087417662,67983.85320342155
inproc,torchscript,64,4,0,51,64,1.152199984062463,55545.91293635223
inproc,torchscript,64,4,0,52,64,1.1047000298276544,57934.279235952155
inproc,torchscript,64,4,0,53,64,0.9988999809138477,64070.47874948335
inproc,torchscript,64,4,0,54,64,0.9197000181302428,69587.90772899243
inproc,torchscript,64,4,0,55,64,0.881900021340698,72570.58447816427
inproc,torchscript,64,4,0,56,64,0.8900000248104334,71910.11035492022
inproc,torchscript,64,4,0,57,64,0.9106000070460141,70283.32912890696
inproc,torchscript,64,4,0,58,64,1.033000007737428,61955.46904223042
inproc,torchscript,64,4,0,59,64,0.971800007391721,65857.17175674229
inproc,torchscript,64,4,0,60,64,0.889300019480288,71966.71381768546
inproc,torchscript,64,4,0,61,64,0.8684000349603593,73698.75336649596
inproc,torchscript,64,4,0,62,64,0.8715000003576279,73436.60352695012
inproc,torchscript,64,4,0,63,64,0.8871000027284026,72145.19197740826
inproc,torchscript,64,4,0,64,64,0.8848999859765172,72324.55759322205
inproc,torchscript,64,4,0,65,64,0.8988999761641026,71198.13293700233
inproc,torchscript,64,4,0,66,64,0.8888999582268298,71999.10339479221
inproc,torchscript,64,4,0,67,64,0.9250000002793968,69189.18916829056
inproc,torchscript,64,4,0,68,64,0.9750000317580998,65641.02350293931
inproc,torchscript,64,4,0,69,64,1.6915000160224736,37836.23966524969
inproc,torchscript,64,4,0,70,64,0.9318999946117401,68676.8970598229
inproc,torchscript,64,4,0,71,64,0.9423000155948102,67918.92066307686
inproc,torchscript,64,4,0,72,64,0.8848999859765172,72324.55759322205
inproc,torchscript,64,4,0,73,64,0.957300013396889,66854.69456215927
inproc,torchscript,64,4,0,74,64,0.8643000037409365,74048.3625164755
inproc,torchscript,64,4,1,0,64,0.8564000017940998,74731.43375283087
inproc,torchscript,64,4,1,1,64,0.8649000083096325,73996.99316118879
inproc,torchscript,64,4,1,2,64,0.8520000264979899,75117.36855579898
inproc,torchscript,64,4,1,3,64,0.8608999778516591,74340.80804567959
inproc,torchscript,64,4,1,4,64,1.6608000150881708,38535.6451219699
inproc,torchscript,64,4,1,5,64,0.9354000212624669,68419.92574858198
inproc,torchscript,64,4,1,6,64,0.9468999924138188,67588.9750900224
inproc,torchscript,64,4,1,7,64,0.8986000320874155,71221.89819126793
inproc,torchscript,64,4,1,8,64,1.0802000178955495,59248.2863726341
inproc,torchscript,64,4,1,9,64,1.1679999879561365,54794.52111296039
inproc,torchscript,64,4,1,10,64,1.7411000444553792,36758.37020612987
inproc,torchscript,64,4,1,11,64,1.124700007494539,56904.06292658512
inproc,torchscript,64,4,1,12,64,1.2265999685041606,52176.75007610512
inproc,torchscript,64,4,1,13,64,1.1446000426076353,55914.72795527316
inproc,torchscript,64,4,1,14,64,1.1046999716199934,57934.28228856279
inproc,torchscript,64,4,1,15,64,1.1221000459045172,57035.91246929327
inproc,torchscript,64,4,1,16,64,1.6434999997727573,38941.283850836095
inproc,torchscript,64,4,1,17,64,1.142999972216785,55993.00223592793
inproc,torchscript,64,4,1,18,64,1.2669000425375998,50517.00832830351
inproc,torchscript,64,4,1,19,64,1.2249000137671828,52249.16260974465
inproc,torchscript,64,4,1,20,64,1.1309999972581863,56587.091207030295
inproc,torchscript,64,4,1,21,64,1.1174000101163983,57275.818346675325
inproc,torchscript,64,4,1,22,64,1.6743000014685094,38224.929787891255
inproc,torchscript,64,4,1,23,64,1.1596999829635024,55186.687022667815
inproc,torchscript,64,4,1,24,64,1.1730000260286033,54560.95360601414
inproc,torchscript,64,4,1,25,64,1.1677999864332378,54803.90541489258
inproc,torchscript,64,4,1,26,64,1.0887000244110823,58785.70640670275
inproc,torchscript,64,4,1,27,64,1.1123999720439315,57533.26286264279
inproc,torchscript,64,4,1,28,64,1.6327999765053391,39196.47288149672
inproc,torchscript,64,4,1,29,64,1.0965000255964696,58367.53169721591
inproc,torchscript,64,4,1,30,64,1.1360999778844416,56333.07036866236
inproc,torchscript,64,4,1,31,64,1.18530000327155,53994.76910769714
inproc,torchscript,64,4,1,32,64,1.1753999860957265,54449.549733776956
inproc,torchscript,64,4,1,33,64,1.194800017401576,53565.449504416436
inproc,torchscript,64,4,1,34,64,1.6458999598398805,38884.50182976259
inproc,torchscript,64,4,1,35,64,1.114599988795817,57419.70271248956
inproc,torchscript,64,4,1,36,64,1.1487000156193972,55715.15550601798
inproc,torchscript,64,4,1,37,64,1.1174000101163983,57275.818346675325
inproc,torchscript,64,4,1,38,64,1.0995999909937382,58202.98337958467
inproc,torchscript,64,4,1,39,64,1.3254000223241746,48287.30867815428
inproc,torchscript,64,4,1,40,64,1.9033999997191131,33624.04119441239
inproc,torchscript,64,4,1,41,64,0.9825000306591392,65139.947076707685
inproc,torchscript,64,4,1,42,64,1.0348999639973044,61841.725989437466
inproc,torchscript,64,4,1,43,64,0.8829999715089798,72480.18353911028
inproc,torchscript,64,4,1,44,64,1.006099977530539,63611.968421952726
inproc,torchscript,64,4,1,45,64,0.9914000402204692,64555.17188174369
inproc,torchscript,64,4,1,46,64,1.7998999683186412,35557.531599817165
inproc,torchscript,64,4,1,47,64,1.6165999695658684,39589.26215814971
inproc,torchscript,64,4,1,48,64,1.1610999936237931,55120.144993073336
inproc,torchscript,64,4,1,49,64,1.139800006058067,56150.20149134788
inproc,torchscript,64,4,1,50,64,0.8850999874994159,72308.21478239173
inproc,torchscript,64,4,1,51,64,0.8808999555185437,72652.97222353276
inproc,torchscript,64,4,1,52,64,1.4334999723359942,44645.9722602626
inproc,torchscript,64,4,1,53,64,0.8868000004440546,72169.59852046995
inproc,torchscript,64,4,1,54,64,0.964700011536479,66341.86714486207
inproc,torchscript,64,4,1,55,64,0.902600004337728,70906.27043255915
inproc,torchscript,64,4,1,56,64,0.8592999656684697,74479.23025367851
inproc,torchscript,64,4,1,57,64,0.8678999729454517,73741.21672431767
inproc,torchscript,64,4,1,58,64,0.950199959333986,67354.24409495751
inproc,torchscript,64,4,1,59,64,1.4726999797858298,43457.59549022831
inproc,torchscript,64,4,1,60,64,0.902900006622076,70882.71074383575
inproc,torchscript,64,4,1,61,64,0.977699994109571,65459.75287469165
inproc,torchscript,64,4,1,62,64,0.8983000298030674,71245.68393260612
inproc,torchscript,64,4,1,63,64,0.8750000270083547,73142.85488517924
inproc,torchscript,64,4,1,64,64,0.8510000188834965,75205.6387542357
inproc,torchscript,64,4,1,65,64,0.8626999915577471,74185.69679644651
inproc,torchscript,64,4,1,66,64,0.8511000196449459,75196.80240014438
inproc,torchscript,64,4,1,67,64,1.4298000023700297,44761.505031412715
inproc,torchscript,64,4,1,68,64,0.8563000010326505,74740.16106833999
inproc,torchscript,64,4,1,69,64,0.9351000189781189,68441.87648497694
inproc,torchscript,64,4,1,70,64,0.889900024048984,71918.19111185591
inproc,torchscript,64,4,1,71,64,0.8651000098325312,73979.88587745979
inproc,torchscript,64,4,1,72,64,0.8709999965503812,73478.76033693882
inproc,torchscript,64,4,1,73,64,0.8569000056013465,74687.82772977898
inproc,torchscript,64,4,1,74,64,0.873600016348064,73260.07188912507
inproc,torchscript,64,4,2,0,64,0.8583000162616372,74566.00115045409
inproc,torchscript,64,4,2,1,64,0.8567000040784478,74705.26403095422
inproc,torchscript,64,4,2,2,64,1.5112999826669693,42347.648206188765
inproc,torchscript,64,4,2,3,64,0.9027000050991774,70898.41546302915
inproc,torchscript,64,4,2,4,64,0.979200005531311,65359.47675497999
inproc,torchscript,64,4,2,5,64,1.1400000075809658,56140.35050386134
inproc,torchscript,64,4,2,6,64,1.3334999675862491,47994.00191650965
inproc,torchscript,64,4,2,7,64,0.970299995969981,65958.98203217145
inproc,torchscript,64,4,2,8,64,1.5448000049218535,41429.31110570365
inproc,torchscript,64,4,2,9,64,0.8870000019669533,72153.3256573594
inproc,torchscript,64,4,2,10,64,1.1125000310130417,57528.08828393618
inproc,torchscript,64,4,2,11,64,1.133000012487173,56487.20149570568
inproc,torchscript,64,4,2,12,64,0.9922000463120639,64503.12135933009
inproc,torchscript,64,4,2,13,64,1.1749999830499291,54468.08589211737
inproc,torchscript,64,4,2,14,64,1.611800049431622,39707.15847947062
inproc,torchscript,64,4,2,15,64,0.9938000002875924,64399.27548951424
inproc,torchscript,64,4,2,16,64,1.0596999782137573,60394.45250143267
inproc,torchscript,64,4,2,17,64,1.373100036289543,46609.85966684837
inproc,torchscript,64,4,2,18,64,1.0911999852396548,58651.027186317275
inproc,torchscript,64,4,2,19,64,0.9587000240571797,66757.06518620349
inproc,torchscript,64,4,2,20,64,0.8992999792098999,71166.46444963629
inproc,torchscript,64,4,2,21,64,0.9178000036627054,69731.96747068244
inproc,torchscript,64,4,2,22,64,0.9070000378414989,70562.29033055918
inproc,torchscript,64,4,2,23,64,0.888700014911592,72015.30204358861
inproc,torchscript,64,4,2,24,64,1.0719000129029155,59707.06150723466
inproc,torchscript,64,4,2,25,64,1.2134999851696193,52740.00888517051
inproc,torchscript,64,4,2,26,64,0.9109000093303621,70260.1815176716
inproc,torchscript,64,4,2,27,64,1.1275999713689089,56757.71694309628
inproc,torchscript,64,4,2,28,64,1.9254999933764338,33238.12008317574
inproc,torchscript,64,4,2,29,64,1.4687999500893056,43572.98623009123
inproc,torchscript,64,4,2,30,64,1.4027999714016914,45623.04056511391
inproc,torchscript,64,4,2,31,64,1.0368999792262912,61722.4431306819
inproc,torchscript,64,4,2,32,64,0.9151999838650227,69930.07116293718
inproc,torchscript,64,4,2,33,64,0.9056999697349966,70663.57749655892
inproc,torchscript,64,4,2,34,64,0.8899999666027725,71910.11505797581
inproc,torchscript,64,4,2,35,64,0.9006999898701906,71055.84625267256
inproc,torchscript,64,4,2,36,64,0.9206000249832869,69519.87645357917
inproc,torchscript,64,4,2,37,64,1.4746999950148165,43398.6575007461
inproc,torchscript,64,4,2,38,64,1.6454999567940831,38893.95422695166
inproc,torchscript,64,4,2,39,64,1.1505999718792737,55623.15449692639
inproc,torchscript,64,4,2,40,64,1.0299000423401594,62141.952974948836
inproc,torchscript,64,4,2,41,64,0.8987999754026532,71206.05446315088
inproc,torchscript,64,4,2,42,64,0.9572000126354396,66861.6790171054
inproc,torchscript,64,4,2,43,64,1.378699962515384,46420.5423515313
inproc,torchscript,64,4,2,44,64,1.2772000045515597,50109.614603760645
inproc,torchscript,64,4,2,45,64,0.9406000026501715,68041.67533455016
inproc,torchscript,64,4,2,46,64,0.8898999658413231,71918.19581596855
inproc,torchscript,64,4,2,47,64,0.8779999916441739,72892.93919029695
inproc,torchscript,64,4,2,48,64,0.8850000449456275,72316.38050812983
inproc,torchscript,64,4,2,49,64,0.8704999927431345,73520.96557556778
inproc,torchscript,64,4,2,50,64,1.0124999680556357,63209.87853748088
inproc,torchscript,64,4,2,51,64,1.1143999872729182,57430.00783463425
inproc,torchscript,64,4,2,52,64,0.9296000353060663,68846.81321997617
inproc,torchscript,64,4,2,53,64,0.8839999791234732,72398.19175500316
inproc,torchscript,64,4,2,54,64,0.8928999886848032,71676.56043345771
inproc,torchscript,64,4,2,55,64,0.8784999954514205,72851.45171470758
inproc,torchscript,64,4,2,56,64,0.8977999677881598,71285.36678127962
inproc,torchscript,64,4,2,57,64,0.8911999757401645,71813.28741267789
inproc,torchscript,64,4,2,58,64,1.0603000409901142,60360.27306029003
inproc,torchscript,64,4,2,59,64,1.226999971549958,52159.74041071459
inproc,torchscript,64,4,2,60,64,1.2925000046379864,49516.4408281187
inproc,torchscript,64,4,2,61,64,1.071699953172356,59718.207330841615
inproc,torchscript,64,4,2,62,64,1.2055000406689942,53090.00235660141
inproc,torchscript,64,4,2,63,64,1.4593000523746014,43856.64202222014
inproc,torchscript,64,4,2,64,64,1.4295000000856817,44770.8989130213
inproc,torchscript,64,4,2,65,64,1.129999989643693,56637.168660665404
inproc,torchscript,64,4,2,66,64,1.0095000034198165,63397.72142961013
inproc,torchscript,64,4,2,67,64,0.930099980905652,68809.80680988968
inproc,torchscript,64,4,2,68,64,0.9268999565392733,69047.36541250262
inproc,torchscript,64,4,2,69,64,0.9411000064574182,68005.52498231844
inproc,torchscript,64,4,2,70,64,0.9469999931752682,67581.8378682449
inproc,torchscript,64,4,2,71,64,1.1195000261068344,57168.37740733777
inproc,torchscript,64,4,2,72,64,0.9764999849721789,65540.19558108176
inproc,torchscript,64,4,2,73,64,0.929199974052608,68876.45478601418
inproc,torchscript,64,4,2,74,64,1.2929999502375722,49497.29502173671
inproc,onnx-fp32,1,1,0,0,1,0.02870004391297698,34843.152262489784
inproc,onnx-fp32,1,1,0,1,1,0.02819998189806938,35461.015670668276
inproc,onnx-fp32,1,1,0,2,1,0.02789997961372137,35842.3200964704
inproc,onnx-fp32,1,1,0,3,1,0.028099981136620045,35587.212501605376
inproc,onnx-fp32,1,1,0,4,1,0.02789997961372137,35842.3200964704
inproc,onnx-fp32,1,1,0,5,1,0.027600035537034273,36231.837406809864
inproc,onnx-fp32,1,1,0,6,1,0.02800003858283162,35714.236501558094
inproc,onnx-fp32,1,1,0,7,1,0.02729997504502535,36630.07011364363
inproc,onnx-fp32,1,1,0,8,1,0.026999972760677338,37037.07440240074
inproc,onnx-fp32,1,1,0,9,1,0.02700003096833825,37036.99455651203
inproc,onnx-fp32,1,1,0,10,1,0.026900030206888914,37174.67944492891
inproc,onnx-fp32,1,1,0,11,1,0.026799971237778664,37313.47288128231
inproc,onnx-fp32,1,1,0,12,1,0.03789999755099416,26385.225979355477
inproc,onnx-fp32,1,1,0,13,1,0.02889998722821474,34602.091416279625
inproc,onnx-fp32,1,1,0,14,1,0.02719997428357601,36764.740641825665
inproc,onnx-fp32,1,1,0,15,1,0.029799994081258774,33557.053644816
inproc,onnx-fp32,1,1,0,16,1,0.027500034775584936,36363.59037944997
inproc,onnx-fp32,1,1,0,17,1,0.026900030206888914,37174.67944492891
inproc,onnx-fp32,1,1,0,18,1,0.02729997504502535,36630.07011364363
inproc,onnx-fp32,1,1,0,19,1,0.027200032491236925,36764.661965833
inproc,onnx-fp32,1,1,0,20,1,0.026900030206888914,37174.67944492891
inproc,onnx-fp32,1,1,0,21,1,0.031200004741549492,32051.277180361634
inproc,onnx-fp32,1,1,0,22,1,0.05240004975348711,19083.951345551006
inproc,onnx-fp32,1,1,0,23,1,0.04379998426884413,22831.058428286276
inproc,onnx-fp32,1,1,0,24,1,0.03759999526664615,26595.748028911872
inproc,onnx-fp32,1,1,0,25,1,0.02829998265951872,35335.710697463954
inproc,onnx-fp32,1,1,0,26,1,0.02729997504502535,36630.07011364363
inproc,onnx-fp32,1,1,0,27,1,0.027900037821382284,35842.2453188795
inproc,onnx-fp32,1,1,0,28,1,0.026799971237778664,37313.47288128231
inproc,onnx-fp32,1,1,0,29,1,0.027099973522126675,36900.40505698342
inproc,onnx-fp32,1,1,0,30,1,0.027200032491236925,36764.661965833
inproc,onnx-fp32,1,1,0,31,1,0.027100031729787588,36900.32579928046
inproc,onnx-fp32,1,1,0,32,1,0.02770003629848361,36101.03572516774
inproc,onnx-fp32,1,1,0,33,1,0.026899971999228,37174.7598855753
inproc,onnx-fp32,1,1,0,34,1,0.027099973522126675,36900.40505698342
inproc,onnx-fp32,1,1,0,35,1,0.026900030206888914,37174.67944492891
inproc,onnx-fp32,1,1,0,36,1,0.028799986466765404,34722.23853834027
inproc,onnx-fp32,1,1,0,37,1,0.027099973522126675,36900.40505698342
inproc,onnx-fp32,1,1,0,38,1,0.02759997732937336,36231.91381884749
inproc,onnx-fp32,1,1,0,39,1,0.02700003096833825,37036.99455651203
inproc,onnx-fp32,1,1,0,40,1,0.026999972760677338,37037.07440240074
inproc,onnx-fp32,1,1,0,41,1,0.02719997428357601,36764.740641825665
inproc,onnx-fp32,1,1,0,42,1,0.02670002868399024,37453.14328443459
inproc,onnx-fp32,1,1,0,43,1,0.026999972760677338,37037.07440240074
inproc,onnx-fp32,1,1,0,44,1,0.027099973522126675,36900.40505698342
inproc,onnx-fp32,1,1,0,45,1,0.027300033252686262,36629.9920129805
inproc,onnx-fp32,1,1,0,46,1,0.027200032491236925,36764.661965833
inproc,onnx-fp32,1,1,0,47,1,0.026799971237778664,37313.47288128231
inproc,onnx-fp32,1,1,0,48,1,0.026799971237778664,37313.47288128231
inproc,onnx-fp32,1,1,0,49,1,0.027100031729787588,36900.32579928046
inproc,onnx-fp32,1,1,0,50,1,0.026899971999228,37174.7598855753
inproc,onnx-fp32,1,1,0,51,1,0.026699970476329327,37453.22493470707
inproc,onnx-fp32,1,1,0,52,1,0.02800003858283162,35714.236501558094
inproc,onnx-fp32,1,1,0,53,1,0.026800029445439577,37313.39183920803
inproc,onnx-fp32,1,1,0,54,1,0.026999972760677338,37037.07440240074
inproc,onnx-fp32,1,1,0,55,1,0.02700003096833825,37036.99455651203
inproc,onnx-fp32,1,1,0,56,1,0.026800029445439577,37313.39183920803
inproc,onnx-fp32,1,1,0,57,1,0.026999972760677338,37037.07440240074
inproc,onnx-fp32,1,1,0,58,1,0.027399975806474686,36496.38259037066
inproc,onnx-fp32,1,1,0,59,1,0.027100031729787588,36900.32579928046
inproc,onnx-fp32,1,1,0,60,1,0.02719997428357601,36764.740641825665
inproc,onnx-fp32,1,1,0,61,1,0.026799971237778664,37313.47288128231
inproc,onnx-fp32,1,1,0,62,1,0.026900030206888914,37174.67944492891
inproc,onnx-fp32,1,1,0,63,1,0.026899971999228,37174.7598855753
inproc,onnx-fp32,1,1,0,64,1,0.02659996971487999,37594.02776464821
inproc,onnx-fp32,1,1,0,65,1,0.02670002868399024,37453.14328443459
inproc,onnx-fp32,1,1,0,66,1,0.02670002868399024,37453.14328443459
inproc,onnx-fp32,1,1,0,67,1,0.026699970476329327,37453.22493470707
inproc,onnx-fp32,1,1,0,68,1,0.02670002868399024,37453.14328443459
inproc,onnx-fp32,1,1,0,69,1,0.026799971237778664,37313.47288128231
inproc,onnx-fp32,1,1,0,70,1,0.026699970476329327,37453.22493470707
inproc,onnx-fp32,1,1,0,71,1,0.02700003096833825,37036.99455651203
inproc,onnx-fp32,1,1,0,72,1,0.026999972760677338,37037.07440240074
inproc,onnx-fp32,1,1,0,73,1,0.026799971237778664,37313.47288128231
inproc,onnx-fp32,1,1,0,74,1,0.02670002868399024,37453.14328443459
inproc,onnx-fp32,1,1,1,0,1,0.02770003629848361,36101.03572516774
inproc,onnx-fp32,1,1,1,1,1,0.028300040867179632,35335.63801880331
inproc,onnx-fp32,1,1,1,2,1,0.0274000340141356,36496.3050587493
inproc,onnx-fp32,1,1,1,3,1,0.027499976567924023,36363.66734822604
inproc,onnx-fp32,1,1,1,4,1,0.028799986466765404,34722.23853834027
inproc,onnx-fp32,1,1,1,5,1,0.02729997504502535,36630.07011364363
inproc,onnx-fp32,1,1,1,6,1,0.027300033252686262,36629.9920129805
inproc,onnx-fp32,1,1,1,7,1,0.027399975806474686,36496.38259037066
inproc,onnx-fp32,1,1,1,8,1,0.027499976567924023,36363.66734822604
inproc,onnx-fp32,1,1,1,9,1,0.02719997428357601,36764.740641825665
inproc,onnx-fp32,1,1,1,10,1,0.026900030206888914,37174.67944492891
inproc,onnx-fp32,1,1,1,11,1,0.0274000340141356,36496.3050587493
inproc,onnx-fp32,1,1,1,12,1,0.026799971237778664,37313.47288128231
inproc,onnx-fp32,1,1,1,13,1,0.026899971999228,37174.7598855753
inproc,onnx-fp32,1,1,1,14,1,0.02700003096833825,37036.99455651203
inproc,onnx-fp32,1,1,1,15,1,0.026799971237778664,37313.47288128231
inproc,onnx-fp32,1,1,1,16,1,0.02670002868399024,37453.14328443459
inproc,onnx-fp32,1,1,1,17,1,0.027300033252686262,36629.9920129805
inproc,onnx-fp32,1,1,1,18,1,0.026799971237778664,37313.47288128231
inproc,onnx-fp32,1,1,1,19,1,0.026899971999228,37174.7598855753
inproc,onnx-fp32,1,1,1,20,1,0.026800029445439577,37313.39183920803
inproc,onnx-fp32,1,1,1,21,1,0.027499976567924023,36363.66734822604
inproc,onnx-fp32,1,1,1,22,1,0.026899971999228,37174.7598855753
inproc,onnx-fp32,1,1,1,23,1,0.026800029445439577,37313.39183920803
inproc,onnx-fp32,1,1,1,24,1,0.026699970476329327,37453.22493470707
inproc,onnx-fp32,1,1,1,25,1,0.026699970476329327,37453.22493470707
inproc,onnx-fp32,1,1,1,26,1,0.026900030206888914,37174.67944492891
inproc,onnx-fp32,1,1,1,27,1,0.026899971999228,37174.7598855753
inproc,onnx-fp32,1,1,1,28,1,0.027099973522126675,36900.40505698342
inproc,onnx-fp32,1,1,1,29,1,0.026800029445439577,37313.39183920803
inproc,onnx-fp32,1,1,1,30,1,0.026999972760677338,37037.07440240074
inproc,onnx-fp32,1,1,1,31,1,0.02829998265951872,35335.710697463954
inproc,onnx-fp32,1,1,1,32,1,0.026899971999228,37174.7598855753
inproc,onnx-fp32,1,1,1,33,1,0.027500034775584936,36363.59037944997
inproc,onnx-fp32,1,1,1,34,1,0.0274000340141356,36496.3050587493
inproc,onnx-fp32,1,1,1,35,1,0.027799978852272034,35971.250385259635
inproc,onnx-fp32,1,1,1,36,1,0.026999972760677338,37037.07440240074
inproc,onnx-fp32,1,1,1,37,1,0.028799986466765404,34722.23853834027
inproc,onnx-fp32,1,1,1,38,1,0.02700003096833825,37036.99455651203
inproc,onnx-fp32,1,1,1,39,1,0.027099973522126675,36900.40505698342
inproc,onnx-fp32,1,1,1,40,1,0.026899971999228,37174.7598855753
inproc,onnx-fp32,1,1,1,41,1,0.026800029445439577,37313.39183920803
inproc,onnx-fp32,1,1,1,42,1,0.026899971999228,37174.7598855753
inproc,onnx-fp32,1,1,1,43,1,0.026799971237778664,37313.47288128231
inproc,onnx-fp32,1,1,1,44,1,0.026900030206888914,37174.67944492891
inproc,onnx-fp32,1,1,1,45,1,0.027099973522126675,36900.40505698342
inproc,onnx-fp32,1,1,1,46,1,0.026999972760677338,37037.07440240074
inproc,onnx-fp32,1,1,1,47,1,0.026900030206888914,37174.67944492891
inproc,onnx-fp32,1,1,1,48,1,0.027099973522126675,36900.40505698342
inproc,onnx-fp32,1,1,1,49,1,0.026699970476329327,37453.22493470707
inproc,onnx-fp32,1,1,1,50,1,0.026600027922540903,37593.94549930523
inproc,onnx-fp32,1,1,1,51,1,0.02659996971487999,37594.02776464821
inproc,onnx-fp32,1,1,1,52,1,0.026999972760677338,37037.07440240074
inproc,onnx-fp32,1,1,1,53,1,0.02670002868399024,37453.14328443459
inproc,onnx-fp32,1,1,1,54,1,0.026899971999228,37174.7598855753
inproc,onnx-fp32,1,1,1,55,1,0.026899971999228,37174.7598855753
inproc,onnx-fp32,1,1,1,56,1,0.02700003096833825,37036.99455651203
inproc,onnx-fp32,1,1,1,57,1,0.026999972760677338,37037.07440240074
inproc,onnx-fp32,1,1,1,58,1,0.027099973522126675,36900.40505698342
inproc,onnx-fp32,1,1,1,59,1,0.027200032491236925,36764.661965833
inproc,onnx-fp32,1,1,1,60,1,0.026900030206888914,37174.67944492891
inproc,onnx-fp32,1,1,1,61,1,0.027099973522126675,36900.40505698342
inproc,onnx-fp32,1,1,1,62,1,0.026799971237778664,37313.47288128231
inproc,onnx-fp32,1,1,1,63,1,0.03450002986937761,28985.482151353284
inproc,onnx-fp32,1,1,1,64,1,0.02729997504502535,36630.07011364363
inproc,onnx-fp32,1,1,1,65,1,0.02789997961372137,35842.3200964704
inproc,onnx-fp32,1,1,1,66,1,0.03609998384490609,27700.84342132207
inproc,onnx-fp32,1,1,1,67,1,0.02819998189806938,35461.015670668276
inproc,onnx-fp32,1,1,1,68,1,0.029199989512562752,34246.58764242941
inproc,onnx-fp32,1,1,1,69,1,0.027500034775584936,36363.59037944997
inproc,onnx-fp32,1,1,1,70,1,0.029099988751113415,34364.27445222769
inproc,onnx-fp32,1,1,1,71,1,0.027099973522126675,36900.40505698342
inproc,onnx-fp32,1,1,1,72,1,0.027099973522126675,36900.40505698342
inproc,onnx-fp32,1,1,1,73,1,0.026900030206888914,37174.67944492891
inproc,onnx-fp32,1,1,1,74,1,0.026799971237778664,37313.47288128231
inproc,onnx-fp32,1,1,2,0,1,0.05119998240843415,19531.25671065212
inproc,onnx-fp32,1,1,2,1,1,0.044599990360438824,22421.529509724336
inproc,onnx-fp32,1,1,2,2,1,0.04279997665435076,23364.498725686728
inproc,onnx-fp32,1,1,2,3,1,0.04499999340623617,22222.225478402368
inproc,onnx-fp32,1,1,2,4,1,0.04020001506432891,24875.612568795783
inproc,onnx-fp32,1,1,2,5,1,0.04250003257766366,23529.39372864294
inproc,onnx-fp32,1,1,2,6,1,0.04429998807609081,22573.36950706113
inproc,onnx-fp32,1,1,2,7,1,0.03950000973418355,25316.44945734264
inproc,onnx-fp32,1,1,2,8,1,0.028799986466765404,34722.23853834027
inproc,onnx-fp32,1,1,2,9,1,0.027799978852272034,35971.250385259635
inproc,onnx-fp32,1,1,2,10,1,0.027399975806474686,36496.38259037066
inproc,onnx-fp32,1,1,2,11,1,0.027100031729787588,36900.32579928046
inproc,onnx-fp32,1,1,2,12,1,0.027399975806474686,36496.38259037066
inproc,onnx-fp32,1,1,2,13,1,0.027099973522126675,36900.40505698342
inproc,onnx-fp32,1,1,2,14,1,0.027100031729787588,36900.32579928046
inproc,onnx-fp32,1,1,2,15,1,0.027200032491236925,36764.661965833
inproc,onnx-fp32,1,1,2,16,1,0.02719997428357601,36764.740641825665
inproc,onnx-fp32,1,1,2,17,1,0.027999980375170708,35714.31074597327
inproc,onnx-fp32,1,1,2,18,1,0.027100031729787588,36900.32579928046
inproc,onnx-fp32,1,1,2,19,1,0.027600035537034273,36231.837406809864
inproc,onnx-fp32,1,1,2,20,1,0.026799971237778664,37313.47288128231
inproc,onnx-fp32,1,1,2,21,1,0.026900030206888914,37174.67944492891
inproc,onnx-fp32,1,1,2,22,1,0.027200032491236925,36764.661965833
inproc,onnx-fp32,1,1,2,23,1,0.026899971999228,37174.7598855753
inproc,onnx-fp32,1,1,2,24,1,0.02719997428357601,36764.740641825665
inproc,onnx-fp32,1,1,2,25,1,0.02700003096833825,37036.99455651203
inproc,onnx-fp32,1,1,2,26,1,0.026699970476329327,37453.22493470707
inproc,onnx-fp32,1,1,2,27,1,0.026999972760677338,37037.07440240074
inproc,onnx-fp32,1,1,2,28,1,0.027200032491236925,36764.661965833
inproc,onnx-fp32,1,1,2,29,1,0.026899971999228,37174.7598855753
inproc,onnx-fp32,1,1,2,30,1,0.026999972760677338,37037.07440240074
inproc,onnx-fp32,1,1,2,31,1,0.02700003096833825,37036.99455651203
inproc,onnx-fp32,1,1,2,32,1,0.026999972760677338,37037.07440240074
inproc,onnx-fp32,1,1,2,33,1,0.026799971237778664,37313.47288128231
inproc,onnx-fp32,1,1,2,34,1,0.026900030206888914,37174.67944492891
inproc,onnx-fp32,1,1,2,35,1,0.02800003858283162,35714.236501558094
inproc,onnx-fp32,1,1,2,36,1,0.03570003900676966,28011.173876039014
inproc,onnx-fp32,1,1,2,37,1,0.027999980375170708,35714.31074597327
inproc,onnx-fp32,1,1,2,38,1,0.027099973522126675,36900.40505698342
inproc,onnx-fp32,1,1,2,39,1,0.027099973522126675,36900.40505698342
inproc,onnx-fp32,1,1,2,40,1,0.026900030206888914,37174.67944492891
inproc,onnx-fp32,1,1,2,41,1,0.026899971999228,37174.7598855753
inproc,onnx-fp32,1,1,2,42,1,0.026799971237778664,37313.47288128231
inproc,onnx-fp32,1,1,2,43,1,0.027100031729787588,36900.32579928046
inproc,onnx-fp32,1,1,2,44,1,0.026999972760677338,37037.07440240074
inproc,onnx-fp32,1,1,2,45,1,0.026999972760677338,37037.07440240074
inproc,onnx-fp32,1,1,2,46,1,0.026900030206888914,37174.67944492891
inproc,onnx-fp32,1,1,2,47,1,0.026999972760677338,37037.07440240074
inproc,onnx-fp32,1,1,2,48,1,0.026799971237778664,37313.47288128231
inproc,onnx-fp32,1,1,2,49,1,0.026800029445439577,37313.39183920803
inproc,onnx-fp32,1,1,2,50,1,0.026899971999228,37174.7598855753
inproc,onnx-fp32,1,1,2,51,1,0.026899971999228,37174.7598855753
inproc,onnx-fp32,1,1,2,52,1,0.026800029445439577,37313.39183920803
inproc,onnx-fp32,1,1,2,53,1,0.02719997428357601,36764.740641825665
inproc,onnx-fp32,1,1,2,54,1,0.02719997428357601,36764.740641825665
inproc,onnx-fp32,1,1,2,55,1,0.026900030206888914,37174.67944492891
inproc,onnx-fp32,1,1,2,56,1,0.02859998494386673,34965.05337197564
inproc,onnx-fp32,1,1,2,57,1,0.027099973522126675,36900.40505698342
inproc,onnx-fp32,1,1,2,58,1,0.026799971237778664,37313.47288128231
inproc,onnx-fp32,1,1,2,59,1,0.027500034775584936,36363.59037944997
inproc,onnx-fp32,1,1,2,60,1,0.026799971237778664,37313.47288128231
inproc,onnx-fp32,1,1,2,61,1,0.027099973522126675,36900.40505698342
inproc,onnx-fp32,1,1,2,62,1,0.026800029445439577,37313.39183920803
inproc,onnx-fp32,1,1,2,63,1,0.02700003096833825,37036.99455651203
inproc,onnx-fp32,1,1,2,64,1,0.02729997504502535,36630.07011364363
inproc,onnx-fp32,1,1,2,65,1,0.026899971999228,37174.7598855753
inproc,onnx-fp32,1,1,2,66,1,0.02670002868399024,37453.14328443459
inproc,onnx-fp32,1,1,2,67,1,0.026799971237778664,37313.47288128231
inproc,onnx-fp32,1,1,2,68,1,0.026899971999228,37174.7598855753
inproc,onnx-fp32,1,1,2,69,1,0.026800029445439577,37313.39183920803
inproc,onnx-fp32,1,1,2,70,1,0.026899971999228,37174.7598855753
inproc,onnx-fp32,1,1,2,71,1,0.027099973522126675,36900.40505698342
inproc,onnx-fp32,1,1,2,72,1,0.026900030206888914,37174.67944492891
inproc,onnx-fp32,1,1,2,73,1,0.026899971999228,37174.7598855753
inproc,onnx-fp32,1,1,2,74,1,0.026799971237778664,37313.47288128231
inproc,onnx-fp32,1,4,0,0,1,0.027699978090822697,36101.11158648573
inproc,onnx-fp32,1,4,0,1,1,0.030099996365606785,33222.595373553995
inproc,onnx-fp32,1,4,0,2,1,0.028499984182417393,35087.738772042336
inproc,onnx-fp32,1,4,0,3,1,0.03689998993650079,27100.278393594315
inproc,onnx-fp32,1,4,0,4,1,0.027999980375170708,35714.31074597327
inproc,onnx-fp32,1,4,0,5,1,0.027999980375170708,35714.31074597327
inproc,onnx-fp32,1,4,0,6,1,0.027900037821382284,35842.2453188795
inproc,onnx-fp32,1,4,0,7,1,0.02789997961372137,35842.3200964704
inproc,onnx-fp32,1,4,0,8,1,0.02719997428357601,36764.740641825665
inproc,onnx-fp32,1,4,0,9,1,0.02789997961372137,35842.3200964704
inproc,onnx-fp32,1,4,0,10,1,0.0274000340141356,36496.3050587493
inproc,onnx-fp32,1,4,0,11,1,0.02770003629848361,36101.03572516774
inproc,onnx-fp32,1,4,0,12,1,0.02700003096833825,37036.99455651203
inproc,onnx-fp32,1,4,0,13,1,0.026999972760677338,37037.07440240074
inproc,onnx-fp32,1,4,0,14,1,0.026899971999228,37174.7598855753
inproc,onnx-fp32,1,4,0,15,1,0.026800029445439577,37313.39183920803
inproc,onnx-fp32,1,4,0,16,1,0.027099973522126675,36900.40505698342
inproc,onnx-fp32,1,4,0,17,1,0.026899971999228,37174.7598855753
inproc,onnx-fp32,1,4,0,18,1,0.026900030206888914,37174.67944492891
inproc,onnx-fp32,1,4,0,19,1,0.027099973522126675,36900.40505698342
inproc,onnx-fp32,1,4,0,20,1,0.026799971237778664,37313.47288128231
inproc,onnx-fp32,1,4,0,21,1,0.026900030206888914,37174.67944492891
inproc,onnx-fp32,1,4,0,22,1,0.026899971999228,37174.7598855753
inproc,onnx-fp32,1,4,0,23,1,0.026899971999228,37174.7598855753
inproc,onnx-fp32,1,4,0,24,1,0.026900030206888914,37174.67944492891
inproc,onnx-fp32,1,4,0,25,1,0.026899971999228,37174.7598855753
inproc,onnx-fp32,1,4,0,26,1,0.026799971237778664,37313.47288128231
inproc,onnx-fp32,1,4,0,27,1,0.026800029445439577,37313.39183920803
inproc,onnx-fp32,1,4,0,28,1,0.026899971999228,37174.7598855753
inproc,onnx-fp32,1,4,0,29,1,0.026999972760677338,37037.07440240074
inproc,onnx-fp32,1,4,0,30,1,0.027200032491236925,36764.661965833
inproc,onnx-fp32,1,4,0,31,1,0.02719997428357601,36764.740641825665
inproc,onnx-fp32,1,4,0,32,1,0.026799971237778664,37313.47288128231
inproc,onnx-fp32,1,4,0,33,1,0.027100031729787588,36900.32579928046
inproc,onnx-fp32,1,4,0,34,1,0.02719997428357601,36764.740641825665
inproc,onnx-fp32,1,4,0,35,1,0.026999972760677338,37037.07440240074
inproc,onnx-fp32,1,4,0,36,1,0.03060000017285347,32679.738377489994
inproc,onnx-fp32,1,4,0,37,1,0.027099973522126675,36900.40505698342
inproc,onnx-fp32,1,4,0,38,1,0.026900030206888914,37174.67944492891
inproc,onnx-fp32,1,4,0,39,1,0.026800029445439577,37313.39183920803
inproc,onnx-fp32,1,4,0,40,1,0.026799971237778664,37313.47288128231
inproc,onnx-fp32,1,4,0,41,1,0.02700003096833825,37036.99455651203
inproc,onnx-fp32,1,4,0,42,1,0.026900030206888914,37174.67944492891
inproc,onnx-fp32,1,4,0,43,1,0.026999972760677338,37037.07440240074
inproc,onnx-fp32,1,4,0,44,1,0.026900030206888914,37174.67944492891
inproc,onnx-fp32,1,4,0,45,1,0.02800003858283162,35714.236501558094
inproc,onnx-fp32,1,4,0,46,1,0.027099973522126675,36900.40505698342
inproc,onnx-fp32,1,4,0,47,1,0.026799971237778664,37313.47288128231
inproc,onnx-fp32,1,4,0,48,1,0.02670002868399024,37453.14328443459
inproc,onnx-fp32,1,4,0,49,1,0.026999972760677338,37037.07440240074
inproc,onnx-fp32,1,4,0,50,1,0.0371999922208488,26881.72605153257
inproc,onnx-fp32,1,4,0,51,1,0.0371999922208488,26881.72605153257
inproc,onnx-fp32,1,4,0,52,1,0.038300000596791506,26109.66016757119
inproc,onnx-fp32,1,4,0,53,1,0.03880000440403819,25773.19295087304
inproc,onnx-fp32,1,4,0,54,1,0.03920000744983554,25510.199233500283
inproc,onnx-fp32,1,4,0,55,1,0.03860000288113952,25906.73381759289
inproc,onnx-fp32,1,4,0,56,1,0.03450002986937761,28985.482151353284
inproc,onnx-fp32,1,4,0,57,1,0.02729997504502535,36630.07011364363
inproc,onnx-fp32,1,4,0,58,1,0.026799971237778664,37313.47288128231
inproc,onnx-fp32,1,4,0,59,1,0.026900030206888914,37174.67944492891
inproc,onnx-fp32,1,4,0,60,1,0.026799971237778664,37313.47288128231
inproc,onnx-fp32,1,4,0,61,1,0.026899971999228,37174.7598855753
inproc,onnx-fp32,1,4,0,62,1,0.02719997428357601,36764.740641825665
inproc,onnx-fp32,1,4,0,63,1,0.02700003096833825,37036.99455651203
inproc,onnx-fp32,1,4,0,64,1,0.026899971999228,37174.7598855753
inproc,onnx-fp32,1,4,0,65,1,0.026899971999228,37174.7598855753
inproc,onnx-fp32,1,4,0,66,1,0.026900030206888914,37174.67944492891
inproc,onnx-fp32,1,4,0,67,1,0.026899971999228,37174.7598855753
inproc,onnx-fp32,1,4,0,68,1,0.026799971237778664,37313.47288128231
inproc,onnx-fp32,1,4,0,69,1,0.026800029445439577,37313.39183920803
inproc,onnx-fp32,1,4,0,70,1,0.03339996328577399,29940.15267154287
inproc,onnx-fp32,1,4,0,71,1,0.02819998189806938,35461.015670668276
inproc,onnx-fp32,1,4,0,72,1,0.02700003096833825,37036.99455651203
inproc,onnx-fp32,1,4,0,73,1,0.03619998460635543,27624.321139198375
inproc,onnx-fp32,1,4,0,74,1,0.029199989512562752,34246.58764242941
inproc,onnx-fp32,1,4,1,0,1,0.03819999983534217,26178.010584042262
inproc,onnx-fp32,1,4,1,1,1,0.03779999678954482,26455.028701922856
inproc,onnx-fp32,1,4,1,2,1,0.036999990697950125,27027.033821805853
inproc,onnx-fp32,1,4,1,3,1,0.03520003519952297,28409.062500413405
inproc,onnx-fp32,1,4,1,4,1,0.03709999145939946,26954.18410255847
inproc,onnx-fp32,1,4,1,5,1,0.03840000135824084,26041.665745550676
inproc,onnx-fp32,1,4,1,6,1,0.037299992982298136,26809.65651855701
inproc,onnx-fp32,1,4,1,7,1,0.03819999983534217,26178.010584042262
inproc,onnx-fp32,1,4,1,8,1,0.039499951526522636,25316.48676400375
inproc,onnx-fp32,1,4,1,9,1,0.04160002572461963,24038.446673560167
inproc,onnx-fp32,1,4,1,10,1,0.0391000066883862,25575.44319543628
inproc,onnx-fp32,1,4,1,11,1,0.03890000516548753,25706.93746044049
inproc,onnx-fp32,1,4,1,12,1,0.039899954572319984,25062.685176432144
inproc,onnx-fp32,1,4,1,13,1,0.03809999907389283,26246.719798091217
inproc,onnx-fp32,1,4,1,14,1,0.07750000804662704,12903.224466742775
inproc,onnx-fp32,1,4,1,15,1,0.0771000050008297,12970.167770926068
inproc,onnx-fp32,1,4,1,16,1,0.04759995499625802,21008.423223900383
inproc,onnx-fp32,1,4,1,17,1,0.18239999189972878,5482.456383823375
inproc,onnx-fp32,1,4,1,18,1,0.07379997987300158,13550.139196797158
inproc,onnx-fp32,1,4,1,19,1,0.08369999704882503,11947.431723524032
inproc,onnx-fp32,1,4,1,20,1,0.049399968702346087,20242.92780478034
inproc,onnx-fp32,1,4,1,21,1,0.0447999918833375,22321.432615525337
inproc,onnx-fp32,1,4,1,22,1,0.04549999721348286,21978.02332400305
inproc,onnx-fp32,1,4,1,23,1,0.04290003562346101,23310.003953775828
inproc,onnx-fp32,1,4,1,24,1,0.04339998122304678,23041.48462324606
inproc,onnx-fp32,1,4,1,25,1,0.041599967516958714,24038.48030872472
inproc,onnx-fp32,1,4,1,26,1,0.045599997974932194,21929.8255352935
inproc,onnx-fp32,1,4,1,27,1,0.04429998807609081,22573.36950706113
inproc,onnx-fp32,1,4,1,28,1,0.04439998883754015,22522.52818483821
inproc,onnx-fp32,1,4,1,29,1,0.04870002157986164,20533.871804556213
inproc,onnx-fp32,1,4,1,30,1,0.050499977078288794,19801.989186049057
inproc,onnx-fp32,1,4,1,31,1,0.059999991208314896,16666.669108801776
inproc,onnx-fp32,1,4,1,32,1,0.04610000178217888,21691.973131041726
inproc,onnx-fp32,1,4,1,33,1,0.04800001624971628,20833.326280507474
inproc,onnx-fp32,1,4,1,34,1,0.19379996228963137,5159.959724375559
inproc,onnx-fp32,1,4,1,35,1,0.06749999010935426,14814.81698560158
inproc,onnx-fp32,1,4,1,36,1,0.04800001624971628,20833.326280507474
inproc,onnx-fp32,1,4,1,37,1,0.04600000102072954,21739.12995239626
inproc,onnx-fp32,1,4,1,38,1,0.04469999112188816,22371.369096544
inproc,onnx-fp32,1,4,1,39,1,0.042199972085654736,23696.69813928468
inproc,onnx-fp32,1,4,1,40,1,0.04120002267882228,24271.83129959834
inproc,onnx-fp32,1,4,1,41,1,0.05069997860118747,19723.874202514526
inproc,onnx-fp32,1,4,1,42,1,0.04179996903985739,23923.46269554586
inproc,onnx-fp32,1,4,1,43,1,0.06180000491440296,16181.22848671396
inproc,onnx-fp32,1,4,1,44,1,0.05319999763742089,18796.993315965858
inproc,onnx-fp32,1,4,1,45,1,0.045900000259280205,21786.492251659995
inproc,onnx-fp32,1,4,1,46,1,0.058399979025125504,17123.293821214706
inproc,onnx-fp32,1,4,1,47,1,0.0515999854542315,19379.850424318174
inproc,onnx-fp32,1,4,1,48,1,0.053499999921768904,18691.588812378755
inproc,onnx-fp32,1,4,1,49,1,0.0570000265724957,17543.851470457583
inproc,onnx-fp32,1,4,1,50,1,0.06130000110715628,16313.213408462045
inproc,onnx-fp32,1,4,1,51,1,0.0570000265724957,17543.851470457583
inproc,onnx-fp32,1,4,1,52,1,0.05879998207092285,17006.807906741004
inproc,onnx-fp32,1,4,1,53,1,0.052099989261478186,19193.861921568234
inproc,onnx-fp32,1,4,1,54,1,0.053499999921768904,18691.588812378755
inproc,onnx-fp32,1,4,1,55,1,0.053499999921768904,18691.588812378755
inproc,onnx-fp32,1,4,1,56,1,0.05059997783973813,19762.854504941326
inproc,onnx-fp32,1,4,1,57,1,0.05259999306872487,19011.40934930245
inproc,onnx-fp32,1,4,1,58,1,0.05560001591220498,17985.606363477425
inproc,onnx-fp32,1,4,1,59,1,0.05319999763742089,18796.993315965858
inproc,onnx-fp32,1,4,1,60,1,0.04959997022524476,20161.30242535978
inproc,onnx-fp32,1,4,1,61,1,0.05099998088553548,19607.850486148283
inproc,onnx-fp32,1,4,1,62,1,0.051099981646984816,19569.478652816808
inproc,onnx-fp32,1,4,1,63,1,0.05360000068321824,18656.716180100582
inproc,onnx-fp32,1,4,1,64,1,0.050799979362636805,19685.047367076222
inproc,onnx-fp32,1,4,1,65,1,0.04999997327104211,20000.010691588872
inproc,onnx-fp32,1,4,1,66,1,0.04800001624971628,20833.326280507474
inproc,onnx-fp32,1,4,1,67,1,0.0467000063508749,21413.273319207277
inproc,onnx-fp32,1,4,1,68,1,0.052099989261478186,19193.861921568234
inproc,onnx-fp32,1,4,1,69,1,0.05199998850002885,19230.773483718083
inproc,onnx-fp32,1,4,1,70,1,0.05129998316988349,19493.183783090724
inproc,onnx-fp32,1,4,1,71,1,0.05470000905916095,18281.532621291655
inproc,onnx-fp32,1,4,1,72,1,0.053099996875971556,18832.392821712445
inproc,onnx-fp32,1,4,1,73,1,0.0564999645575881,17699.126146897685
inproc,onnx-fp32,1,4,1,74,1,0.05029997555539012,19880.725367327548
inproc,onnx-fp32,1,4,2,0,1,0.04899996565654874,20408.177569127587
inproc,onnx-fp32,1,4,2,1,1,0.05010003224015236,19960.066995696587
inproc,onnx-fp32,1,4,2,2,1,0.0515999854542315,19379.850424318174
inproc,onnx-fp32,1,4,2,3,1,0.05370000144466758,18621.973428257705
inproc,onnx-fp32,1,4,2,4,1,0.05099998088553548,19607.850486148283
inproc,onnx-fp32,1,4,2,5,1,0.051799986977130175,19305.024158432752
inproc,onnx-fp32,1,4,2,6,1,0.05319999763742089,18796.993315965858
inproc,onnx-fp32,1,4,2,7,1,0.05250005051493645,19047.600720222097
inproc,onnx-fp32,1,4,2,8,1,0.05169998621568084,19342.3649249774
inproc,onnx-fp32,1,4,2,9,1,0.05690002581104636,17574.684470632765
inproc,onnx-fp32,1,4,2,10,1,0.056100019719451666,17825.305677268203
inproc,onnx-fp32,1,4,2,11,1,0.052200048230588436,19157.070422283923
inproc,onnx-fp32,1,4,2,12,1,0.05299999611452222,18867.925911526545
inproc,onnx-fp32,1,4,2,13,1,0.05029997555539012,19880.725367327548
inproc,onnx-fp32,1,4,2,14,1,0.0570000265724957,17543.851470457583
inproc,onnx-fp32,1,4,2,15,1,0.0523999915458262,19083.972544641616
inproc,onnx-fp32,1,4,2,16,1,0.0543000060133636,18416.204222038083
inproc,onnx-fp32,1,4,2,17,1,0.05229999078437686,19120.462260171596
inproc,onnx-fp32,1,4,2,18,1,0.05029997555539012,19880.725367327548
inproc,onnx-fp32,1,4,2,19,1,0.049099966417998075,20366.61270777245
inproc,onnx-fp32,1,4,2,20,1,0.054500007536262274,18348.62131596289
inproc,onnx-fp32,1,4,2,21,1,0.05219999002292752,19157.09178413205
inproc,onnx-fp32,1,4,2,22,1,0.05540001438930631,18050.53682789344
inproc,onnx-fp32,1,4,2,23,1,0.061400001868605614,16286.644455483465
inproc,onnx-fp32,1,4,2,24,1,0.05010003224015236,19960.066995696587
inproc,onnx-fp32,1,4,2,25,1,0.05229999078437686,19120.462260171596
inproc,onnx-fp32,1,4,2,26,1,0.054100004490464926,18484.28682064618
inproc,onnx-fp32,1,4,2,27,1,0.0523999915458262,19083.972544641616
inproc,onnx-fp32,1,4,2,28,1,0.05490001058205962,18214.932736766772
inproc,onnx-fp32,1,4,2,29,1,0.06699998630210757,14925.37618576414
inproc,onnx-fp32,1,4,2,30,1,0.050099974032491446,19960.090185904442
inproc,onnx-fp32,1,4,2,31,1,0.05129998316988349,19493.183783090724
inproc,onnx-fp32,1,4,2,32,1,0.05339999916031957,18726.592054763165
inproc,onnx-fp32,1,4,2,33,1,0.05099998088553548,19607.850486148283
inproc,onnx-fp32,1,4,2,34,1,0.05069997860118747,19723.874202514526
inproc,onnx-fp32,1,4,2,35,1,0.05229999078437686,19120.462260171596
inproc,onnx-fp32,1,4,2,36,1,0.05240004975348711,19083.951345551006
inproc,onnx-fp32,1,4,2,37,1,0.051099981646984816,19569.478652816808
inproc,onnx-fp32,1,4,2,38,1,0.05400000372901559,18518.517239706678
inproc,onnx-fp32,1,4,2,39,1,0.05129998316988349,19493.183783090724
inproc,onnx-fp32,1,4,2,40,1,0.05460000829771161,18315.015531635217
inproc,onnx-fp32,1,4,2,41,1,0.05400000372901559,18518.517239706678
inproc,onnx-fp32,1,4,2,42,1,0.05339999916031957,18726.592054763165
inproc,onnx-fp32,1,4,2,43,1,0.0543000060133636,18416.204222038083
inproc,onnx-fp32,1,4,2,44,1,0.05390000296756625,18552.8746742693
inproc,onnx-fp32,1,4,2,45,1,0.052499992307275534,19047.6218386306
inproc,onnx-fp32,1,4,2,46,1,0.050799979362636805,19685.047367076222
inproc,onnx-fp32,1,4,2,47,1,0.049799971748143435,20080.332676840935
inproc,onnx-fp32,1,4,2,48,1,0.05460000829771161,18315.015531635217
inproc,onnx-fp32,1,4,2,49,1,0.05229999078437686,19120.462260171596
inproc,onnx-fp32,1,4,2,50,1,0.048600020818412304,20576.122873205564
inproc,onnx-fp32,1,4,2,51,1,0.04989997250959277,20040.091200606574
inproc,onnx-fp32,1,4,2,52,1,0.05420000525191426,18450.18271404469
inproc,onnx-fp32,1,4,2,53,1,0.06089999806135893,16420.361770659896
inproc,onnx-fp32,1,4,2,54,1,0.05360000068321824,18656.716180100582
inproc,onnx-fp32,1,4,2,55,1,0.05339999916031957,18726.592054763165
inproc,onnx-fp32,1,4,2,56,1,0.05000003147870302,19999.98740852672
inproc,onnx-fp32,1,4,2,57,1,0.054500007536262274,18348.62131596289
inproc,onnx-fp32,1,4,2,58,1,0.0523999915458262,19083.972544641616
inproc,onnx-fp32,1,4,2,59,1,0.0496999709866941,20120.736091933024
inproc,onnx-fp32,1,4,2,60,1,0.05129998316988349,19493.183783090724
inproc,onnx-fp32,1,4,2,61,1,0.04899996565654874,20408.177569127587
inproc,onnx-fp32,1,4,2,62,1,0.04680000711232424,21367.51812024109
inproc,onnx-fp32,1,4,2,63,1,0.0467000063508749,21413.273319207277
inproc,onnx-fp32,1,4,2,64,1,0.05229999078437686,19120.462260171596
inproc,onnx-fp32,1,4,2,65,1,0.06900000153109431,14492.753301597504
inproc,onnx-fp32,1,4,2,66,1,0.0790000194683671,12658.22472867132
inproc,onnx-fp32,1,4,2,67,1,0.05490001058205962,18214.932736766772
inproc,onnx-fp32,1,4,2,68,1,0.05530001362785697,18083.17818381617
inproc,onnx-fp32,1,4,2,69,1,0.05189998773857951,19267.827288071912
inproc,onnx-fp32,1,4,2,70,1,0.05119998240843415,19531.25671065212
inproc,onnx-fp32,1,4,2,71,1,0.05500001134350896,18181.814431898638
inproc,onnx-fp32,1,4,2,72,1,0.05240004975348711,19083.951345551006
inproc,onnx-fp32,1,4,2,73,1,0.06290001329034567,15898.247833176323
inproc,onnx-fp32,1,4,2,74,1,0.04769995575770736,20964.38003170307
inproc,onnx-fp32,8,1,0,0,8,0.13310002395883203,60105.17325281931
inproc,onnx-fp32,8,1,0,1,8,0.13699999544769526,58394.16252429214
inproc,onnx-fp32,8,1,0,2,8,0.13370002852752805,59835.439738540124
inproc,onnx-fp32,8,1,0,3,8,0.13470003614202142,59391.223856578436
inproc,onnx-fp32,8,1,0,4,8,0.1336000277660787,59880.22707605465
inproc,onnx-fp32,8,1,0,5,8,0.1306000049225986,61255.740417018205
inproc,onnx-fp32,8,1,0,6,8,0.1306000049225986,61255.740417018205
inproc,onnx-fp32,8,1,0,7,8,0.14000001829117537,57142.849677072256
inproc,onnx-fp32,8,1,0,8,8,0.13320002472028136,60060.048913653845
inproc,onnx-fp32,8,1,0,9,8,0.17339998157694936,46136.10640119853
inproc,onnx-fp32,8,1,0,10,8,0.14670001110062003,54533.056541576414
inproc,onnx-fp32,8,1,0,11,8,0.14000001829117537,57142.849677072256
inproc,onnx-fp32,8,1,0,12,8,0.13770000077784061,58097.31267109332
inproc,onnx-fp32,8,1,0,13,8,0.13699999544769526,58394.16252429214
inproc,onnx-fp32,8,1,0,14,8,0.13760000001639128,58139.534876795195
inproc,onnx-fp32,8,1,0,15,8,0.13920001219958067,57471.25933099666
inproc,onnx-fp32,8,1,0,16,8,0.13619998935610056,58737.15583841689
inproc,onnx-fp32,8,1,0,17,8,0.13870000839233398,57678.439192092825
inproc,onnx-fp32,8,1,0,18,8,0.13749999925494194,58181.81849708242
inproc,onnx-fp32,8,1,0,19,8,0.13459997717291117,59435.37412137121
inproc,onnx-fp32,8,1,0,20,8,0.1351999817416072,59171.60562410073
inproc,onnx-fp32,8,1,0,21,8,0.1355000422336161,59040.57200371326
inproc,onnx-fp32,8,1,0,22,8,0.13200001558288932,60606.05345138316
inproc,onnx-fp32,8,1,0,23,8,0.15330000314861536,52185.25659288128
inproc,onnx-fp32,8,1,0,24,8,0.13639999087899923,58651.03031492737
inproc,onnx-fp32,8,1,0,25,8,0.1362999901175499,58694.06148232673
inproc,onnx-fp32,8,1,0,26,8,0.13350002700462937,59925.08151120137
inproc,onnx-fp32,8,1,0,27,8,0.13160001253709197,60790.267764945456
inproc,onnx-fp32,8,1,0,28,8,0.12909999350085855,61967.47019934434
inproc,onnx-fp32,8,1,0,29,8,0.13349996879696846,59925.107639288566
inproc,onnx-fp32,8,1,0,30,8,0.13619998935610056,58737.15583841689
inproc,onnx-fp32,8,1,0,31,8,0.1341000315733254,59656.95836265057
inproc,onnx-fp32,8,1,0,32,8,0.1370999962091446,58351.56981183343
inproc,onnx-fp32,8,1,0,33,8,0.13409997336566448,59656.98425745067
inproc,onnx-fp32,8,1,0,34,8,0.37839997094124556,21141.650672172396
inproc,onnx-fp32,8,1,0,35,8,0.6275000050663948,12749.003881129105
inproc,onnx-fp32,8,1,0,36,8,0.2883000415749848,27748.868700455103
inproc,onnx-fp32,8,1,0,37,8,0.14019996160641313,57061.35656769009
inproc,onnx-fp32,8,1,0,38,8,0.12639997294172645,63291.152789156054
inproc,onnx-fp32,8,1,0,39,8,0.12209999840706587,65520.06637484972
inproc,onnx-fp32,8,1,0,40,8,0.12469995999708772,64153.99010702838
inproc,onnx-fp32,8,1,0,41,8,0.11110003106296062,72007.18058725279
inproc,onnx-fp32,8,1,0,42,8,0.10630005272105336,75258.66446174915
inproc,onnx-fp32,8,1,0,43,8,0.10410003596916795,76849.15692410921
inproc,onnx-fp32,8,1,0,44,8,0.16310001956298947,49049.6569003193
inproc,onnx-fp32,8,1,0,45,8,0.12170005356892943,65735.38601993216
inproc,onnx-fp32,8,1,0,46,8,0.1197000383399427,66833.7296374155
inproc,onnx-fp32,8,1,0,47,8,0.11979998089373112,66777.97392218636
inproc,onnx-fp32,8,1,0,48,8,0.10800000745803118,74074.06895882671
inproc,onnx-fp32,8,1,0,49,8,0.10429997928440571,76701.83690243657
inproc,onnx-fp32,8,1,0,50,8,0.11689995881170034,68434.58356462048
inproc,onnx-fp32,8,1,0,51,8,0.11870003072544932,67396.78120643315
inproc,onnx-fp32,8,1,0,52,8,0.11470000026747584,69747.16635871245
inproc,onnx-fp32,8,1,0,53,8,0.1047999830916524,76335.89017856646
inproc,onnx-fp32,8,1,0,54,8,0.10249996557831764,78048.80669825592
inproc,onnx-fp32,8,1,0,55,8,0.10170001769438386,78662.71984377227
inproc,onnx-fp32,8,1,0,56,8,0.10199996177107096,78431.40194459313
inproc,onnx-fp32,8,1,0,57,8,0.10240002302452922,78124.98243368222
inproc,onnx-fp32,8,1,0,58,8,0.1018000184558332,78585.44744243704
inproc,onnx-fp32,8,1,0,59,8,0.10150001617148519,78817.72143251612
inproc,onnx-fp32,8,1,0,60,8,0.9396999957971275,8513.35536424449
inproc,onnx-fp32,8,1,0,61,8,0.15879998682066798,50377.837934170355
inproc,onnx-fp32,8,1,0,62,8,0.15739997616037726,50825.92891785877
inproc,onnx-fp32,8,1,0,63,8,0.14459999511018395,55325.03644902663
inproc,onnx-fp32,8,1,0,64,8,0.1365999924018979,58565.1569910984
inproc,onnx-fp32,8,1,0,65,8,0.1382000045850873,57887.118195242474
inproc,onnx-fp32,8,1,0,66,8,0.13999996008351445,57142.87343530487
inproc,onnx-fp32,8,1,0,67,8,0.13450003461912274,59479.5385938331
inproc,onnx-fp32,8,1,0,68,8,0.13669999316334724,58522.31455813272
inproc,onnx-fp32,8,1,0,69,8,0.15430001076310873,51847.04758240175
inproc,onnx-fp32,8,1,0,70,8,0.13940001372247934,57388.80353287898
inproc,onnx-fp32,8,1,0,71,8,0.13840000610798597,57803.465657061
inproc,onnx-fp32,8,1,0,72,8,0.14129996998235583,56617.13870851468
inproc,onnx-fp32,8,1,0,73,8,0.1427999814040959,56022.416259015976
inproc,onnx-fp32,8,1,0,74,8,0.13580004451796412,58910.142691019006
inproc,onnx-fp32,8,1,1,0,8,0.1598999951966107,50031.271046401955
inproc,onnx-fp32,8,1,1,1,8,0.13960001524537802,57306.58399956636
inproc,onnx-fp32,8,1,1,2,8,0.13560004299506545,58997.031441141386
inproc,onnx-fp32,8,1,1,3,8,0.14000001829117537,57142.849677072256
inproc,onnx-fp32,8,1,1,4,8,0.19890000112354755,40221.21646460307
inproc,onnx-fp32,8,1,1,5,8,0.1430999836884439,55904.96793778491
inproc,onnx-fp32,8,1,1,6,8,0.13840000610798597,57803.465657061
inproc,onnx-fp32,8,1,1,7,8,0.1382000045850873,57887.118195242474
inproc,onnx-fp32,8,1,1,8,8,0.1362999901175499,58694.06148232673
inproc,onnx-fp32,8,1,1,9,8,0.1343999756500125,59523.82030806757
inproc,onnx-fp32,8,1,1,10,8,0.13669999316334724,58522.31455813272
inproc,onnx-fp32,8,1,1,11,8,0.13780000153928995,58055.15174627205
inproc,onnx-fp32,8,1,1,12,8,0.13770000077784061,58097.31267109332
inproc,onnx-fp32,8,1,1,13,8,0.1316999550908804,60744.13612730201
inproc,onnx-fp32,8,1,1,14,8,0.1514999894425273,52805.284207857076
inproc,onnx-fp32,8,1,1,15,8,0.1645000302232802,48632.20990987899
inproc,onnx-fp32,8,1,1,16,8,0.1591000473126769,50282.826027560644
inproc,onnx-fp32,8,1,1,17,8,0.18589996034279466,43033.89836796204
inproc,onnx-fp32,8,1,1,18,8,0.15119998715817928,52910.05740384571
inproc,onnx-fp32,8,1,1,19,8,0.16709999181330204,47875.52598409617
inproc,onnx-fp32,8,1,1,20,8,0.22069999249652028,36248.30209328681
inproc,onnx-fp32,8,1,1,21,8,0.16170000890269876,49474.33246471813
inproc,onnx-fp32,8,1,1,22,8,0.12360000982880592,64724.91394685584
inproc,onnx-fp32,8,1,1,23,8,0.12049998622387648,66390.04908379682
inproc,onnx-fp32,8,1,1,24,8,0.1221999991685152,65466.44889062485
inproc,onnx-fp32,8,1,1,25,8,0.11900003300979733,67226.87210802165
inproc,onnx-fp32,8,1,1,26,8,0.15250005526468158,52458.9973827555
inproc,onnx-fp32,8,1,1,27,8,0.16850000247359276,47477.744110144784
inproc,onnx-fp32,8,1,1,28,8,0.12639997294172645,63291.152789156054
inproc,onnx-fp32,8,1,1,29,8,0.12550002429634333,63745.007579517216
inproc,onnx-fp32,8,1,1,30,8,0.1453000004403293,55058.49948903048
inproc,onnx-fp32,8,1,1,31,8,0.1379000023007393,58013.05196901444
inproc,onnx-fp32,8,1,1,32,8,0.1373999984934926,58224.163666049004
inproc,onnx-fp32,8,1,1,33,8,0.14050002209842205,56939.49282368011
inproc,onnx-fp32,8,1,1,34,8,0.13209995813667774,60560.20087245424
inproc,onnx-fp32,8,1,1,35,8,0.13419997412711382,59612.53012181972
inproc,onnx-fp32,8,1,1,36,8,0.13509998098015785,59215.40433950883
inproc,onnx-fp32,8,1,1,37,8,0.13639999087899923,58651.03031492737
inproc,onnx-fp32,8,1,1,38,8,0.1357000437565148,58953.55505083196
inproc,onnx-fp32,8,1,1,39,8,0.13679999392479658,58479.53476078267
inproc,onnx-fp32,8,1,1,40,8,0.15219999477267265,52562.419676484715
inproc,onnx-fp32,8,1,1,41,8,0.13639999087899923,58651.03031492737
inproc,onnx-fp32,8,1,1,42,8,0.13619998935610056,58737.15583841689
inproc,onnx-fp32,8,1,1,43,8,0.12500002048909664,63999.98950958424
inproc,onnx-fp32,8,1,1,44,8,0.12649997370317578,63241.119865933695
inproc,onnx-fp32,8,1,1,45,8,0.14479999663308263,55248.620069181896
inproc,onnx-fp32,8,1,1,46,8,0.13770000077784061,58097.31267109332
inproc,onnx-fp32,8,1,1,47,8,0.12969999806955457,61680.80276847667
inproc,onnx-fp32,8,1,1,48,8,0.12969999806955457,61680.80276847667
inproc,onnx-fp32,8,1,1,49,8,0.1317000132985413,60744.109280121134
inproc,onnx-fp32,8,1,1,50,8,0.13719999697059393,58309.039188351
inproc,onnx-fp32,8,1,1,51,8,0.13429997488856316,59568.14218794967
inproc,onnx-fp32,8,1,1,52,8,0.13589998707175255,58866.81943373663
inproc,onnx-fp32,8,1,1,53,8,0.13840000610798597,57803.465657061
inproc,onnx-fp32,8,1,1,54,8,0.13569998554885387,58953.58033859104
inproc,onnx-fp32,8,1,1,55,8,0.17860002117231488,44792.82783668614
inproc,onnx-fp32,8,1,1,56,8,0.1480000209994614,54054.04638441985
inproc,onnx-fp32,8,1,1,57,8,0.14070002362132072,56858.55477559234
inproc,onnx-fp32,8,1,1,58,8,0.1352000399492681,59171.58014895474
inproc,onnx-fp32,8,1,1,59,8,0.14359998749569058,55710.311257792266
inproc,onnx-fp32,8,1,1,60,8,0.1343999756500125,59523.82030806757
inproc,onnx-fp32,8,1,1,61,8,0.1343999756500125,59523.82030806757
inproc,onnx-fp32,8,1,1,62,8,0.13559998478740454,58997.05676621208
inproc,onnx-fp32,8,1,1,63,8,0.13000000035390258,61538.46137093369
inproc,onnx-fp32,8,1,1,64,8,0.13890000991523266,57595.38825722336
inproc,onnx-fp32,8,1,1,65,8,0.14020001981407404,57061.332877193476
inproc,onnx-fp32,8,1,1,66,8,0.13509998098015785,59215.40433950883
inproc,onnx-fp32,8,1,1,67,8,0.13000000035390258,61538.46137093369
inproc,onnx-fp32,8,1,1,68,8,0.10900001507252455,73394.48526385156
inproc,onnx-fp32,8,1,1,69,8,0.2142000012099743,37348.272431417136
inproc,onnx-fp32,8,1,1,70,8,0.19789999350905418,40424.45812224845
inproc,onnx-fp32,8,1,1,71,8,0.12580002658069134,63592.99133270529
inproc,onnx-fp32,8,1,1,72,8,0.10510004358366132,76117.95130828724
inproc,onnx-fp32,8,1,1,73,8,0.10210002074018121,78354.53844184794
inproc,onnx-fp32,8,1,1,74,8,0.10810000821948051,74005.54478920321
inproc,onnx-fp32,8,1,2,0,8,0.11189997894689441,71492.41738281869
inproc,onnx-fp32,8,1,2,1,8,0.10949996067211032,73059.38697051608
inproc,onnx-fp32,8,1,2,2,8,0.10429997928440571,76701.83690243657
inproc,onnx-fp32,8,1,2,3,8,0.11660001473501325,68610.62597788608
inproc,onnx-fp32,8,1,2,4,8,0.13499998021870852,59259.26794240632
inproc,onnx-fp32,8,1,2,5,8,0.10830000974237919,73868.87608810156
inproc,onnx-fp32,8,1,2,6,8,0.10679999832063913,74906.36821905266
inproc,onnx-fp32,8,1,2,7,8,0.1078000059351325,74211.4986970772
inproc,onnx-fp32,8,1,2,8,8,0.10720000136643648,74626.86472040233
inproc,onnx-fp32,8,1,2,9,8,0.12590002734214067,63542.480243149854
inproc,onnx-fp32,8,1,2,10,8,0.10870001278817654,73597.0474593189
inproc,onnx-fp32,8,1,2,11,8,0.11670001549646258,68551.83322784131
inproc,onnx-fp32,8,1,2,12,8,0.11069996980950236,72267.40904958484
inproc,onnx-fp32,8,1,2,13,8,0.11640001321211457,68728.51453566144
inproc,onnx-fp32,8,1,2,14,8,0.15199999324977398,52631.58128470441
inproc,onnx-fp32,8,1,2,15,8,0.14479999663308263,55248.620069181896
inproc,onnx-fp32,8,1,2,16,8,0.12179999612271786,65681.44708263958
inproc,onnx-fp32,8,1,2,17,8,0.11189997894689441,71492.41738281869
inproc,onnx-fp32,8,1,2,18,8,0.12510002125054598,63948.83006436808
inproc,onnx-fp32,8,1,2,19,8,0.17549999756738544,45584.046215888404
inproc,onnx-fp32,8,1,2,20,8,0.19320001592859626,41407.86408090503
inproc,onnx-fp32,8,1,2,21,8,0.14810002176091075,54017.5477685953
inproc,onnx-fp32,8,1,2,22,8,0.13940001372247934,57388.80353287898
inproc,onnx-fp32,8,1,2,23,8,0.13649999164044857,58608.06219734147
inproc,onnx-fp32,8,1,2,24,8,0.11920003453269601,67114.07451652741
inproc,onnx-fp32,8,1,2,25,8,0.1029000268317759,77745.36359527528
inproc,onnx-fp32,8,1,2,26,8,0.10099995415657759,79207.95674419623
inproc,onnx-fp32,8,1,2,27,8,0.10050000855699182,79601.98327210429
inproc,onnx-fp32,8,1,2,28,8,0.10080001084133983,79365.07082912992
inproc,onnx-fp32,8,1,2,29,8,0.11230004020035267,71237.73050951122
inproc,onnx-fp32,8,1,2,30,8,0.1029000268317759,77745.36359527528
inproc,onnx-fp32,8,1,2,31,8,0.10080001084133983,79365.07082912992
inproc,onnx-fp32,8,1,2,32,8,0.1010000123642385,79207.91109558906
inproc,onnx-fp32,8,1,2,33,8,0.10040000779554248,79681.26871355862
inproc,onnx-fp32,8,1,2,34,8,0.10109995491802692,79129.60996358997
inproc,onnx-fp32,8,1,2,35,8,0.10040000779554248,79681.26871355862
inproc,onnx-fp32,8,1,2,36,8,0.10030000703409314,79760.71225279881
inproc,onnx-fp32,8,1,2,37,8,0.1004999503493309,79602.0293760599
inproc,onnx-fp32,8,1,2,38,8,0.10040000779554248,79681.26871355862
inproc,onnx-fp32,8,1,2,39,8,0.10210002074018121,78354.53844184794
inproc,onnx-fp32,8,1,2,40,8,0.10070001007989049,79443.88479855354
inproc,onnx-fp32,8,1,2,41,8,0.10070001007989049,79443.88479855354
inproc,onnx-fp32,8,1,2,42,8,0.1048000412993133,76335.8477803617
inproc,onnx-fp32,8,1,2,43,8,0.10400003520771861,76923.05088187374
inproc,onnx-fp32,8,1,2,44,8,0.10230002226307988,78201.35150534764
inproc,onnx-fp32,8,1,2,45,8,0.10089995339512825,79286.45882195486
inproc,onnx-fp32,8,1,2,46,8,0.10090001160278916,79286.41308281929
inproc,onnx-fp32,8,1,2,47,8,0.10080001084133983,79365.07082912992
inproc,onnx-fp32,8,1,2,48,8,0.10080001084133983,79365.07082912992
inproc,onnx-fp32,8,1,2,49,8,0.10950001887977123,73059.34813384677
inproc,onnx-fp32,8,1,2,50,8,0.10260002454742789,77972.69089640344
inproc,onnx-fp32,8,1,2,51,8,0.10120001388713717,79051.37255141053
inproc,onnx-fp32,8,1,2,52,8,0.10090001160278916,79286.41308281929
inproc,onnx-fp32,8,1,2,53,8,0.1047999830916524,76335.89017856646
inproc,onnx-fp32,8,1,2,54,8,0.1018000184558332,78585.44744243704
inproc,onnx-fp32,8,1,2,55,8,0.10300002759322524,77669.88210521794
inproc,onnx-fp32,8,1,2,56,8,0.10090001160278916,79286.41308281929
inproc,onnx-fp32,8,1,2,57,8,0.11129997437819839,71877.82427348926
inproc,onnx-fp32,8,1,2,58,8,0.10080001084133983,79365.07082912992
inproc,onnx-fp32,8,1,2,59,8,0.10130001464858651,78973.33507554066
inproc,onnx-fp32,8,1,2,60,8,0.10190001921728253,78508.32670542988
inproc,onnx-fp32,8,1,2,61,8,0.10549998842179775,75829.39220822786
inproc,onnx-fp32,8,1,2,62,8,0.10429997928440571,76701.83690243657
inproc,onnx-fp32,8,1,2,63,8,0.10199996177107096,78431.40194459313
inproc,onnx-fp32,8,1,2,64,8,0.10170001769438386,78662.71984377227
inproc,onnx-fp32,8,1,2,65,8,0.10149995796382427,78817.76663248758
inproc,onnx-fp32,8,1,2,66,8,0.1018000184558332,78585.44744243704
inproc,onnx-fp32,8,1,2,67,8,0.1012999564409256,78973.38045416935
inproc,onnx-fp32,8,1,2,68,8,0.11100003030151129,72072.05239736839
inproc,onnx-fp32,8,1,2,69,8,0.10499998461455107,76190.4873545224
inproc,onnx-fp32,8,1,2,70,8,0.10160001693293452,78740.14435726665
inproc,onnx-fp32,8,1,2,71,8,0.1020999625325203,78354.58311213274
inproc,onnx-fp32,8,1,2,72,8,0.10190001921728253,78508.32670542988
inproc,onnx-fp32,8,1,2,73,8,0.10190001921728253,78508.32670542988
inproc,onnx-fp32,8,1,2,74,8,0.10220002150163054,78277.87002835772
inproc,onnx-fp32,8,4,0,0,8,0.10120001388713717,79051.37255141053
inproc,onnx-fp32,8,4,0,1,8,0.10179996024817228,78585.49237639444
inproc,onnx-fp32,8,4,0,2,8,0.10130001464858651,78973.33507554066
inproc,onnx-fp32,8,4,0,3,8,0.10089995339512825,79286.45882195486
inproc,onnx-fp32,8,4,0,4,8,0.10060000931844115,79522.8554569677
inproc,onnx-fp32,8,4,0,5,8,0.10110001312568784,79129.56440524272
inproc,onnx-fp32,8,4,0,6,8,0.10070001007989049,79443.88479855354
inproc,onnx-fp32,8,4,0,7,8,0.1047999830916524,76335.89017856646
inproc,onnx-fp32,8,4,0,8,8,0.1037000329233706,77145.58785060002
inproc,onnx-fp32,8,4,0,9,8,0.10110001312568784,79129.56440524272
inproc,onnx-fp32,8,4,0,10,8,0.10110001312568784,79129.56440524272
inproc,onnx-fp32,8,4,0,11,8,0.10090001160278916,79286.41308281929
inproc,onnx-fp32,8,4,0,12,8,0.10130001464858651,78973.33507554066
inproc,onnx-fp32,8,4,0,13,8,0.10079995263367891,79365.11665906348
inproc,onnx-fp32,8,4,0,14,8,0.11070002801716328,72267.37105034567
inproc,onnx-fp32,8,4,0,15,8,0.10270002530887723,77896.76756105426
inproc,onnx-fp32,8,4,0,16,8,0.10150001617148519,78817.72143251612
inproc,onnx-fp32,8,4,0,17,8,0.10080001084133983,79365.07082912992
inproc,onnx-fp32,8,4,0,18,8,0.10080001084133983,79365.07082912992
inproc,onnx-fp32,8,4,0,19,8,0.10079995263367891,79365.11665906348
inproc,onnx-fp32,8,4,0,20,8,0.10169995948672295,78662.76486613949
inproc,onnx-fp32,8,4,0,21,8,0.1010000123642385,79207.91109558906
inproc,onnx-fp32,8,4,0,22,8,0.10150001617148519,78817.72143251612
inproc,onnx-fp32,8,4,0,23,8,0.10080001084133983,79365.07082912992
inproc,onnx-fp32,8,4,0,24,8,0.10080001084133983,79365.07082912992
inproc,onnx-fp32,8,4,0,25,8,0.10109995491802692,79129.60996358997
inproc,onnx-fp32,8,4,0,26,8,0.10649999603629112,75117.37368773147
inproc,onnx-fp32,8,4,0,27,8,0.10339997243136168,77369.4596999096
inproc,onnx-fp32,8,4,0,28,8,0.10140001541003585,78895.45152089017
inproc,onnx-fp32,8,4,0,29,8,0.1010000123642385,79207.91109558906
inproc,onnx-fp32,8,4,0,30,8,0.10750000365078449,74418.60212384857
inproc,onnx-fp32,8,4,0,31,8,0.09769998723641038,81883.3269715986
inproc,onnx-fp32,8,4,0,32,8,0.0974999857135117,82051.29407410105
inproc,onnx-fp32,8,4,0,33,8,0.10549998842179775,75829.39220822786
inproc,onnx-fp32,8,4,0,34,8,0.09849999332800508,81218.27961307563
inproc,onnx-fp32,8,4,0,35,8,0.09769998723641038,81883.3269715986
inproc,onnx-fp32,8,4,0,36,8,0.09729998419061303,82219.9516942141
inproc,onnx-fp32,8,4,0,37,8,0.24750002194195986,32323.22945763635
inproc,onnx-fp32,8,4,0,38,8,0.1792000257410109,44642.85073017797
inproc,onnx-fp32,8,4,0,39,8,0.13689999468624592,58436.817461788734
inproc,onnx-fp32,8,4,0,40,8,0.13589998707175255,58866.81943373663
inproc,onnx-fp32,8,4,0,41,8,0.15259999781847,52424.64033005194
inproc,onnx-fp32,8,4,0,42,8,0.14369998825713992,55671.54247559592
inproc,onnx-fp32,8,4,0,43,8,0.12529996456578374,63846.785812935486
inproc,onnx-fp32,8,4,0,44,8,0.13920001219958067,57471.25933099666
inproc,onnx-fp32,8,4,0,45,8,0.14379998901858926,55632.827614234564
inproc,onnx-fp32,8,4,0,46,8,0.2148000057786703,37243.94685651541
inproc,onnx-fp32,8,4,0,47,8,0.48640003660693765,16447.36718320776
inproc,onnx-fp32,8,4,0,48,8,0.3361999988555908,23795.35998581686
inproc,onnx-fp32,8,4,0,49,8,0.16230001347139478,49291.43152172315
inproc,onnx-fp32,8,4,0,50,8,0.14990003546699882,53368.89998108931
inproc,onnx-fp32,8,4,0,51,8,0.1427999814040959,56022.416259015976
inproc,onnx-fp32,8,4,0,52,8,0.1537000061944127,52049.44487693076
inproc,onnx-fp32,8,4,0,53,8,0.14540000120177865,55020.632282512925
inproc,onnx-fp32,8,4,0,54,8,0.1346999779343605,59391.24952120194
inproc,onnx-fp32,8,4,0,55,8,0.13110000872984529,61022.116455273564
inproc,onnx-fp32,8,4,0,56,8,0.14370004646480083,55671.51992507943
inproc,onnx-fp32,8,4,0,57,8,0.3895999980159104,20533.881008062268
inproc,onnx-fp32,8,4,0,58,8,0.14110002666711807,56697.367030791065
inproc,onnx-fp32,8,4,0,59,8,0.13240001862868667,60422.95222356311
inproc,onnx-fp32,8,4,0,60,8,0.13010000111535192,61491.16011849129
inproc,onnx-fp32,8,4,0,61,8,0.12630003038793802,63341.235749726475
inproc,onnx-fp32,8,4,0,62,8,0.12820004485547543,62402.47426604797
inproc,onnx-fp32,8,4,0,63,8,0.12660003267228603,63191.13693049842
inproc,onnx-fp32,8,4,0,64,8,0.13120000949129462,60975.60534498906
inproc,onnx-fp32,8,4,0,65,8,0.12729997979477048,62843.68632970233
inproc,onnx-fp32,8,4,0,66,8,0.12529996456578374,63846.785812935486
inproc,onnx-fp32,8,4,0,67,8,0.1246000174432993,64205.44847548271
inproc,onnx-fp32,8,4,0,68,8,0.12630003038793802,63341.235749726475
inproc,onnx-fp32,8,4,0,69,8,0.12670003343373537,63141.261949106214
inproc,onnx-fp32,8,4,0,70,8,0.13919995399191976,57471.28336309926
inproc,onnx-fp32,8,4,0,71,8,0.12739998055621982,62794.3580923053
inproc,onnx-fp32,8,4,0,72,8,0.12430001515895128,64360.41049367395
inproc,onnx-fp32,8,4,0,73,8,0.12019998393952847,66555.74932543027
inproc,onnx-fp32,8,4,0,74,8,0.12179999612271786,65681.44708263958
inproc,onnx-fp32,8,4,1,0,8,0.11800002539530396,67796.59557868516
inproc,onnx-fp32,8,4,1,1,8,0.118900032248348,67283.41320623277
inproc,onnx-fp32,8,4,1,2,8,0.10350003140047193,77294.66254020405
inproc,onnx-fp32,8,4,1,3,8,0.09879999561235309,80971.66351492985
inproc,onnx-fp32,8,4,1,4,8,0.11070002801716328,72267.37105034567
inproc,onnx-fp32,8,4,1,5,8,0.09940000018104911,80482.8972377127
inproc,onnx-fp32,8,4,1,6,8,0.0980000477284193,81632.61330412657
inproc,onnx-fp32,8,4,1,7,8,0.09819999104365706,81466.40254216944
inproc,onnx-fp32,8,4,1,8,8,0.09809999028220773,81549.44742589796
inproc,onnx-fp32,8,4,1,9,8,0.09769998723641038,81883.3269715986
inproc,onnx-fp32,8,4,1,10,8,0.09799998952075839,81632.66179028965
inproc,onnx-fp32,8,4,1,11,8,0.09739998495206237,82135.53630359782
inproc,onnx-fp32,8,4,1,12,8,0.0974999857135117,82051.29407410105
inproc,onnx-fp32,8,4,1,13,8,0.0982999918051064,81383.52662186512
inproc,onnx-fp32,8,4,1,14,8,0.0974999857135117,82051.29407410105
inproc,onnx-fp32,8,4,1,15,8,0.09759998647496104,81967.22447346213
inproc,onnx-fp32,8,4,1,16,8,0.10220002150163054,78277.87002835772
inproc,onnx-fp32,8,4,1,17,8,0.10159995872527361,78740.18946830489
inproc,onnx-fp32,8,4,1,18,8,0.09839999256655574,81300.81914984866
inproc,onnx-fp32,8,4,1,19,8,0.09929999941959977,80563.9481043236
inproc,onnx-fp32,8,4,1,20,8,0.11580000864341855,69084.62351358103
inproc,onnx-fp32,8,4,1,21,8,0.1460999483242631,54757.0351102679
inproc,onnx-fp32,8,4,1,22,8,0.22609997540712357,35382.57793082427
inproc,onnx-fp32,8,4,1,23,8,0.1428000396117568,56022.39342335137
inproc,onnx-fp32,8,4,1,24,8,0.10960001964122057,72992.6876490376
inproc,onnx-fp32,8,4,1,25,8,0.09940000018104911,80482.8972377127
inproc,onnx-fp32,8,4,1,26,8,0.09809999028220773,81549.44742589796
inproc,onnx-fp32,8,4,1,27,8,0.09799998952075839,81632.66179028965
inproc,onnx-fp32,8,4,1,28,8,0.09819999104365706,81466.40254216944
inproc,onnx-fp32,8,4,1,29,8,0.09779998799785972,81799.60104059598
inproc,onnx-fp32,8,4,1,30,8,0.10119995567947626,79051.4180197653
inproc,onnx-fp32,8,4,1,31,8,0.09879999561235309,80971.66351492985
inproc,onnx-fp32,8,4,1,32,8,0.09789998875930905,81716.04615469683
inproc,onnx-fp32,8,4,1,33,8,0.09759998647496104,81967.22447346213
inproc,onnx-fp32,8,4,1,34,8,0.09779998799785972,81799.60104059598
inproc,onnx-fp32,8,4,1,35,8,0.09779998799785972,81799.60104059598
inproc,onnx-fp32,8,4,1,36,8,0.09779998799785972,81799.60104059598
inproc,onnx-fp32,8,4,1,37,8,0.09729998419061303,82219.9516942141
inproc,onnx-fp32,8,4,1,38,8,0.0982999918051064,81383.52662186512
inproc,onnx-fp32,8,4,1,39,8,0.0974999857135117,82051.29407410105
inproc,onnx-fp32,8,4,1,40,8,0.09740004315972328,82135.48721822485
inproc,onnx-fp32,8,4,1,41,8,0.10870001278817654,73597.0474593189
inproc,onnx-fp32,8,4,1,42,8,0.10000000474974513,79999.99620020407
inproc,onnx-fp32,8,4,1,43,8,0.0982999918051064,81383.52662186512
inproc,onnx-fp32,8,4,1,44,8,0.09790004696696997,81715.99756943
inproc,onnx-fp32,8,4,1,45,8,0.09770004544407129,81883.27818721053
inproc,onnx-fp32,8,4,1,46,8,0.09809999028220773,81549.44742589796
inproc,onnx-fp32,8,4,1,47,8,0.0990999978967011,80726.54056298733
inproc,onnx-fp32,8,4,1,48,8,0.09819999104365706,81466.40254216944
inproc,onnx-fp32,8,4,1,49,8,0.09799998952075839,81632.66179028965
inproc,onnx-fp32,8,4,1,50,8,0.09759998647496104,81967.22447346213
inproc,onnx-fp32,8,4,1,51,8,0.09799998952075839,81632.66179028965
inproc,onnx-fp32,8,4,1,52,8,0.09789998875930905,81716.04615469683
inproc,onnx-fp32,8,4,1,53,8,0.0974999857135117,82051.29407410105
inproc,onnx-fp32,8,4,1,54,8,0.09769998723641038,81883.3269715986
inproc,onnx-fp32,8,4,1,55,8,0.09769998723641038,81883.3269715986
inproc,onnx-fp32,8,4,1,56,8,0.0974999857135117,82051.29407410105
inproc,onnx-fp32,8,4,1,57,8,0.09759998647496104,81967.22447346213
inproc,onnx-fp32,8,4,1,58,8,0.09759998647496104,81967.22447346213
inproc,onnx-fp32,8,4,1,59,8,0.09769998723641038,81883.3269715986
inproc,onnx-fp32,8,4,1,60,8,0.09769998723641038,81883.3269715986
inproc,onnx-fp32,8,4,1,61,8,0.10920001659542322,73260.06212654087
inproc,onnx-fp32,8,4,1,62,8,0.09940000018104911,80482.8972377127
inproc,onnx-fp32,8,4,1,63,8,0.09919999865815043,80645.16238118625
inproc,onnx-fp32,8,4,1,64,8,0.10410003596916795,76849.15692410921
inproc,onnx-fp32,8,4,1,65,8,0.09760004468262196,81967.1755890541
inproc,onnx-fp32,8,4,1,66,8,0.09750004392117262,82051.24508936514
inproc,onnx-fp32,8,4,1,67,8,0.09770004544407129,81883.27818721053
inproc,onnx-fp32,8,4,1,68,8,0.09810004848986864,81549.3990385357
inproc,onnx-fp32,8,4,1,69,8,0.09740004315972328,82135.48721822485
inproc,onnx-fp32,8,4,1,70,8,0.09739998495206237,82135.53630359782
inproc,onnx-fp32,8,4,1,71,8,0.0971999834291637,82304.54078040198
inproc,onnx-fp32,8,4,1,72,8,0.0974999857135117,82051.29407410105
inproc,onnx-fp32,8,4,1,73,8,0.09769998723641038,81883.3269715986
inproc,onnx-fp32,8,4,1,74,8,0.10000000474974513,79999.99620020407
inproc,onnx-fp32,8,4,2,0,8,0.10000000474974513,79999.99620020407
inproc,onnx-fp32,8,4,2,1,8,0.0990999978967011,80726.54056298733
inproc,onnx-fp32,8,4,2,2,8,0.09859999408945441,81135.90750058297
inproc,onnx-fp32,8,4,2,3,8,0.10499998461455107,76190.4873545224
inproc,onnx-fp32,8,4,2,4,8,0.33930002246052027,23577.95305165608
inproc,onnx-fp32,8,4,2,5,8,0.15620002523064613,51216.38097168768
inproc,onnx-fp32,8,4,2,6,8,0.13840000610798597,57803.465657061
inproc,onnx-fp32,8,4,2,7,8,0.11039996752515435,72463.78943161573
inproc,onnx-fp32,8,4,2,8,8,0.12179999612271786,65681.44708263958
inproc,onnx-fp32,8,4,2,9,8,0.11000002268701792,72727.25772759455
inproc,onnx-fp32,8,4,2,10,8,0.11359999189153314,70422.54023784185
inproc,onnx-fp32,8,4,2,11,8,0.12280000373721123,65146.57782193386
inproc,onnx-fp32,8,4,2,12,8,0.13269996270537376,60286.37715416656
inproc,onnx-fp32,8,4,2,13,8,0.11470000026747584,69747.16635871245
inproc,onnx-fp32,8,4,2,14,8,0.10600005043670535,75471.66220243406
inproc,onnx-fp32,8,4,2,15,8,0.1105000264942646,72398.17268654892
inproc,onnx-fp32,8,4,2,16,8,0.16909994883462787,47309.29876166692
inproc,onnx-fp32,8,4,2,17,8,0.1230000052601099,65040.64762503289
inproc,onnx-fp32,8,4,2,18,8,0.10380003368481994,77071.26593322046
inproc,onnx-fp32,8,4,2,19,8,0.11120003182440996,71942.4254539097
inproc,onnx-fp32,8,4,2,20,8,0.103199970908463,77519.4016972727
inproc,onnx-fp32,8,4,2,21,8,0.10160001693293452,78740.14435726665
inproc,onnx-fp32,8,4,2,22,8,0.10200001997873187,78431.35718667593
inproc,onnx-fp32,8,4,2,23,8,0.10859995381906629,73664.85637119567
inproc,onnx-fp32,8,4,2,24,8,0.10250002378597856,78048.76237593962
inproc,onnx-fp32,8,4,2,25,8,0.09879999561235309,80971.66351492985
inproc,onnx-fp32,8,4,2,26,8,0.09819999104365706,81466.40254216944
inproc,onnx-fp32,8,4,2,27,8,0.09799998952075839,81632.66179028965
inproc,onnx-fp32,8,4,2,28,8,0.09819999104365706,81466.40254216944
inproc,onnx-fp32,8,4,2,29,8,0.09899999713525176,80808.08314641226
inproc,onnx-fp32,8,4,2,30,8,0.10220002150163054,78277.87002835772
inproc,onnx-fp32,8,4,2,31,8,0.098800053820014,80971.61581079457
inproc,onnx-fp32,8,4,2,32,8,0.09760004468262196,81967.1755890541
inproc,onnx-fp32,8,4,2,33,8,0.09770004544407129,81883.27818721053
inproc,onnx-fp32,8,4,2,34,8,0.0990999978967011,80726.54056298733
inproc,onnx-fp32,8,4,2,35,8,0.13669999316334724,58522.31455813272
inproc,onnx-fp32,8,4,2,36,8,0.1107999705709517,72202.18524225269
inproc,onnx-fp32,8,4,2,37,8,0.09819999104365706,81466.40254216944
inproc,onnx-fp32,8,4,2,38,8,0.09769998723641038,81883.3269715986
inproc,onnx-fp32,8,4,2,39,8,0.09769998723641038,81883.3269715986
inproc,onnx-fp32,8,4,2,40,8,0.0974999857135117,82051.29407410105
inproc,onnx-fp32,8,4,2,41,8,0.09729998419061303,82219.9516942141
inproc,onnx-fp32,8,4,2,42,8,0.0974999857135117,82051.29407410105
inproc,onnx-fp32,8,4,2,43,8,0.09839999256655574,81300.81914984866
inproc,onnx-fp32,8,4,2,44,8,0.09739998495206237,82135.53630359782
inproc,onnx-fp32,8,4,2,45,8,0.09730004239827394,82219.90250789362
inproc,onnx-fp32,8,4,2,46,8,0.09730004239827394,82219.90250789362
inproc,onnx-fp32,8,4,2,47,8,0.09780004620552063,81799.55235592123
inproc,onnx-fp32,8,4,2,48,8,0.09859999408945441,81135.90750058297
inproc,onnx-fp32,8,4,2,49,8,0.0974999857135117,82051.29407410105
inproc,onnx-fp32,8,4,2,50,8,0.0974999857135117,82051.29407410105
inproc,onnx-fp32,8,4,2,51,8,0.09729998419061303,82219.9516942141
inproc,onnx-fp32,8,4,2,52,8,0.09730004239827394,82219.90250789362
inproc,onnx-fp32,8,4,2,53,8,0.09779998799785972,81799.60104059598
inproc,onnx-fp32,8,4,2,54,8,0.12720003724098206,62893.06334748865
inproc,onnx-fp32,8,4,2,55,8,0.1094000181183219,73126.13048516662
inproc,onnx-fp32,8,4,2,56,8,0.0982999918051064,81383.52662186512
inproc,onnx-fp32,8,4,2,57,8,0.09839999256655574,81300.81914984866
inproc,onnx-fp32,8,4,2,58,8,0.09769998723641038,81883.3269715986
inproc,onnx-fp32,8,4,2,59,8,0.09739998495206237,82135.53630359782
inproc,onnx-fp32,8,4,2,60,8,0.09789998875930905,81716.04615469683
inproc,onnx-fp32,8,4,2,61,8,0.0974999857135117,82051.29407410105
inproc,onnx-fp32,8,4,2,62,8,0.09769998723641038,81883.3269715986
inproc,onnx-fp32,8,4,2,63,8,0.09879999561235309,80971.66351492985
inproc,onnx-fp32,8,4,2,64,8,0.0999000039882958,80080.07688305271
inproc,onnx-fp32,8,4,2,65,8,0.09769998723641038,81883.3269715986
inproc,onnx-fp32,8,4,2,66,8,0.09740004315972328,82135.48721822485
inproc,onnx-fp32,8,4,2,67,8,0.09750004392117262,82051.24508936514
inproc,onnx-fp32,8,4,2,68,8,0.29660004656761885,26972.349103040888
inproc,onnx-fp32,8,4,2,69,8,0.1037000329233706,77145.58785060002
inproc,onnx-fp32,8,4,2,70,8,0.09860005229711533,81135.85960272407
inproc,onnx-fp32,8,4,2,71,8,0.10400003520771861,76923.05088187374
inproc,onnx-fp32,8,4,2,72,8,0.19509997218847275,41004.618864177726
inproc,onnx-fp32,8,4,2,73,8,0.13409997336566448,59656.98425745067
inproc,onnx-fp32,8,4,2,74,8,0.13100000796839595,61068.69857542313
inproc,onnx-fp32,32,1,0,0,32,0.34470000537112355,92834.34726247535
inproc,onnx-fp32,32,1,0,1,32,0.33840001560747623,94562.64339277716
inproc,onnx-fp32,32,1,0,2,32,0.3369000041857362,94983.67350081152
inproc,onnx-fp32,32,1,0,3,32,0.33820001408457756,94618.56495368859
inproc,onnx-fp32,32,1,0,4,32,0.33660000190138817,95068.32982542543
inproc,onnx-fp32,32,1,0,5,32,0.334200041834265,95751.03529122028
inproc,onnx-fp32,32,1,0,6,32,0.3426999901421368,93376.13341257411
inproc,onnx-fp32,32,1,0,7,32,0.3377000102773309,94758.6586500856
inproc,onnx-fp32,32,1,0,8,32,0.3409999771974981,93841.64850388379
inproc,onnx-fp32,32,1,0,9,32,0.33660000190138817,95068.32982542543
inproc,onnx-fp32,32,1,0,10,32,0.3446000046096742,92861.28720818259
inproc,onnx-fp32,32,1,0,11,32,0.3440000000409782,93023.25580287231
inproc,onnx-fp32,32,1,0,12,32,0.3459000145085156,92512.28290773084
inproc,onnx-fp32,32,1,0,13,32,0.3350999904796481,95493.88513618438
inproc,onnx-fp32,32,1,0,14,32,0.3341999836266041,95751.05196819235
inproc,onnx-fp32,32,1,0,15,32,0.4338999860920012,73749.71427912178
inproc,onnx-fp32,32,1,0,16,32,0.47179998364299536,67825.35207592115
inproc,onnx-fp32,32,1,0,17,32,0.394799979403615,81053.70230347836
inproc,onnx-fp32,32,1,0,18,32,0.36230002297088504,88324.58727879122
inproc,onnx-fp32,32,1,0,19,32,0.39309996645897627,81404.22978982753
inproc,onnx-fp32,32,1,0,20,32,0.35420001950114965,90344.43319644181
inproc,onnx-fp32,32,1,0,21,32,0.3352999920025468,95436.92443558705
inproc,onnx-fp32,32,1,0,22,32,0.3659999929368496,87431.69567634759
inproc,onnx-fp32,32,1,0,23,32,0.34440000308677554,92915.21403365735
inproc,onnx-fp32,32,1,0,24,32,0.3336999798193574,95894.52183162443
inproc,onnx-fp32,32,1,0,25,32,0.36339997313916683,88057.2437129635
inproc,onnx-fp32,32,1,0,26,32,0.34309999318793416,93267.27086955054
inproc,onnx-fp32,32,1,0,27,32,0.33360003726556897,95923.25067555602
inproc,onnx-fp32,32,1,0,28,32,0.361100013833493,88618.1079316035
inproc,onnx-fp32,32,1,0,29,32,0.3425999893806875,93403.38876789193
inproc,onnx-fp32,32,1,0,30,32,0.361400016117841,88544.5450272637
inproc,onnx-fp32,32,1,0,31,32,0.3396000247448683,94228.49725656139
inproc,onnx-fp32,32,1,0,32,32,0.3337000380270183,95894.50510463859
inproc,onnx-fp32,32,1,0,33,32,0.3591999993659556,89086.85984544829
inproc,onnx-fp32,32,1,0,34,32,0.3431999939493835,93240.09488391624
inproc,onnx-fp32,32,1,0,35,32,0.33279997296631336,96153.85396452271
inproc,onnx-fp32,32,1,0,36,32,0.3569999826140702,89635.8587070105
inproc,onnx-fp32,32,1,0,37,32,0.3425999893806875,93403.38876789193
inproc,onnx-fp32,32,1,0,38,32,0.33330003498122096,96009.59088349021
inproc,onnx-fp32,32,1,0,39,32,0.3578999894671142,89410.45247764762
inproc,onnx-fp32,32,1,0,40,32,0.34309999318793416,93267.27086955054
inproc,onnx-fp32,32,1,0,41,32,0.33519999124109745,95465.39628929624
inproc,onnx-fp32,32,1,0,42,32,0.3601000062189996,88864.20285296738
inproc,onnx-fp32,32,1,0,43,32,0.34790002973750234,91980.44629126549
inproc,onnx-fp32,32,1,0,44,32,0.33520004944875836,95465.3797116811
inproc,onnx-fp32,32,1,0,45,32,0.3616000176407397,88495.57090396203
inproc,onnx-fp32,32,1,0,46,32,0.3423000453040004,93485.2344865466
inproc,onnx-fp32,32,1,0,47,32,0.3361999988555908,95181.43994326744
inproc,onnx-fp32,32,1,0,48,32,0.36539998836815357,87575.26277685279
inproc,onnx-fp32,32,1,0,49,32,0.34440000308677554,92915.21403365735
inproc,onnx-fp32,32,1,0,50,32,0.3404999733902514,93979.44934146701
inproc,onnx-fp32,32,1,0,51,32,0.4154000198468566,77034.18023859816
inproc,onnx-fp32,32,1,0,52,32,0.35880005452781916,89186.16258883238
inproc,onnx-fp32,32,1,0,53,32,0.33740000799298286,94842.91417285777
inproc,onnx-fp32,32,1,0,54,32,0.34140003845095634,93731.68247196007
inproc,onnx-fp32,32,1,0,55,32,0.3676999476738274,87027.4804291949
inproc,onnx-fp32,32,1,0,56,32,0.3440000000409782,93023.25580287231
inproc,onnx-fp32,32,1,0,57,32,0.335100048687309,95493.86854867356
inproc,onnx-fp32,32,1,0,58,32,0.33629999961704016,95153.13718834323
inproc,onnx-fp32,32,1,0,59,32,0.39220001781359315,81591.02128141443
inproc,onnx-fp32,32,1,0,60,32,0.41119998786598444,77821.01396955592
inproc,onnx-fp32,32,1,0,61,32,0.3974999999627471,80503.14466163264
inproc,onnx-fp32,32,1,0,62,32,0.4833000130020082,66211.46107824962
inproc,onnx-fp32,32,1,0,63,32,1.3235000078566372,24178.314930139593
inproc,onnx-fp32,32,1,0,64,32,0.49649999709799886,64451.15848345889
inproc,onnx-fp32,32,1,0,65,32,0.4159000236541033,76941.56811737486
inproc,onnx-fp32,32,1,0,66,32,0.5480999825522304,58383.50851790186
inproc,onnx-fp32,32,1,0,67,32,0.34909998066723347,91664.284652318
inproc,onnx-fp32,32,1,0,68,32,0.3377000102773309,94758.6586500856
inproc,onnx-fp32,32,1,0,69,32,0.37130003329366446,86183.67123789326
inproc,onnx-fp32,32,1,0,70,32,0.3449000068940222,92780.51423708053
inproc,onnx-fp32,32,1,0,71,32,0.3434000536799431,93185.77460044532
inproc,onnx-fp32,32,1,0,72,32,0.33549999352544546,95380.03164692465
inproc,onnx-fp32,32,1,0,73,32,0.33389998134225607,95837.08232435981
inproc,onnx-fp32,32,1,0,74,32,0.33549999352544546,95380.03164692465
inproc,onnx-fp32,32,1,1,0,32,0.4222000134177506,75793.46040507402
inproc,onnx-fp32,32,1,1,1,32,0.3926000208593905,81507.8917468035
inproc,onnx-fp32,32,1,1,2,32,0.3836000105366111,83420.2271142688
inproc,onnx-fp32,32,1,1,3,32,0.4116999916732311,77726.50145059658
inproc,onnx-fp32,32,1,1,4,32,0.3838999546132982,83355.05022977549
inproc,onnx-fp32,32,1,1,5,32,0.4285000031813979,74679.11263107591
inproc,onnx-fp32,32,1,1,6,32,0.39770000148564577,80462.65999613023
inproc,onnx-fp32,32,1,1,7,32,0.3871999797411263,82644.63242326232
inproc,onnx-fp32,32,1,1,8,32,0.4002000205218792,79960.01588973067
inproc,onnx-fp32,32,1,1,9,32,0.3864000318571925,82815.72816181005
inproc,onnx-fp32,32,1,1,10,32,0.38219999987632036,83725.7980386059
inproc,onnx-fp32,32,1,1,11,32,0.38139999378472567,83901.41720364532
inproc,onnx-fp32,32,1,1,12,32,0.37540000630542636,85242.40666625008
inproc,onnx-fp32,32,1,1,13,32,0.40580000495538116,78856.57863291177
inproc,onnx-fp32,32,1,1,14,32,0.38819998735561967,82431.73890339582
inproc,onnx-fp32,32,1,1,15,32,0.38650003261864185,82794.30090391294
inproc,onnx-fp32,32,1,1,16,32,0.3960999893024564,80787.68206066587
inproc,onnx-fp32,32,1,1,17,32,0.37729996256530285,84813.15445257023
inproc,onnx-fp32,32,1,1,18,32,0.43569999979808927,73445.03101865812
inproc,onnx-fp32,32,1,1,19,32,0.6890000076964498,46444.12139701764
inproc,onnx-fp32,32,1,1,20,32,0.6004000315442681,53297.79866548959
inproc,onnx-fp32,32,1,1,21,32,0.7322999881580472,43697.93871018562
inproc,onnx-fp32,32,1,1,22,32,0.723700039088726,44217.21469062513
inproc,onnx-fp32,32,1,1,23,32,0.3603000077418983,88814.87458341458
inproc,onnx-fp32,32,1,1,24,32,0.4159999662078917,76923.08317161817
inproc,onnx-fp32,32,1,1,25,32,0.37379999412223697,85607.2779646316
inproc,onnx-fp32,32,1,1,26,32,0.37209998117759824,85998.3918803985
inproc,onnx-fp32,32,1,1,27,32,0.3701000241562724,86463.11243278439
inproc,onnx-fp32,32,1,1,28,32,0.3432000521570444,93240.07907014294
inproc,onnx-fp32,32,1,1,29,32,0.3095000283792615,103392.55917866083
inproc,onnx-fp32,32,1,1,30,32,0.33650000113993883,95096.5821444152
inproc,onnx-fp32,32,1,1,31,32,0.31259999377653,102367.24452040778
inproc,onnx-fp32,32,1,1,32,32,0.3026999766007066,105715.23777225592
inproc,onnx-fp32,32,1,1,33,32,0.9315999923273921,34349.50650874871
inproc,onnx-fp32,32,1,1,34,32,0.335100048687309,95493.86854867356
inproc,onnx-fp32,32,1,1,35,32,0.31109998235479,102860.82229187018
inproc,onnx-fp32,32,1,1,36,32,0.30449999030679464,105090.31533222334
inproc,onnx-fp32,32,1,1,37,32,0.3034999826923013,105436.57932410066
inproc,onnx-fp32,32,1,1,38,32,0.4884999943897128,65506.65377177306
inproc,onnx-fp32,32,1,1,39,32,0.3130999975837767,102203.76955268964
inproc,onnx-fp32,32,1,1,40,32,0.3364000003784895,95124.85126039312
inproc,onnx-fp32,32,1,1,41,32,0.3103999770246446,103092.79113593271
inproc,onnx-fp32,32,1,1,42,32,0.30289997812360525,105645.43516388658
inproc,onnx-fp32,32,1,1,43,32,0.31159998616203666,102695.76836039884
inproc,onnx-fp32,32,1,1,44,32,0.3053999971598387,104780.61656055617
inproc,onnx-fp32,32,1,1,45,32,0.30179996974766254,106030.49439254572
inproc,onnx-fp32,32,1,1,46,32,0.3331999760121107,96038.4222801892
inproc,onnx-fp32,32,1,1,47,32,0.3105999785475433,103026.40763093867
inproc,onnx-fp32,32,1,1,48,32,0.30289997812360525,105645.43516388658
inproc,onnx-fp32,32,1,1,49,32,0.30419998802244663,105193.95548969827
inproc,onnx-fp32,32,1,1,50,32,0.31319999834522605,102171.13719371053
inproc,onnx-fp32,32,1,1,51,32,0.304599991068244,105055.81398008174
inproc,onnx-fp32,32,1,1,52,32,0.3304999554529786,96823.00851188088
inproc,onnx-fp32,32,1,1,53,32,0.9360999683849514,34184.383164983374
inproc,onnx-fp32,32,1,1,54,32,0.3073000116273761,104132.76534073926
inproc,onnx-fp32,32,1,1,55,32,0.3043999895453453,105124.83935296943
inproc,onnx-fp32,32,1,1,56,32,0.30450004851445556,105090.29524335482
inproc,onnx-fp32,32,1,1,57,32,0.32970000756904483,97057.92922464114
inproc,onnx-fp32,32,1,1,58,32,0.3497999859973788,91480.84985983901
inproc,onnx-fp32,32,1,1,59,32,0.45980000868439674,69595.47497956782
inproc,onnx-fp32,32,1,1,60,32,0.408399966545403,78354.56077698397
inproc,onnx-fp32,32,1,1,61,32,0.36259996704757214,88251.5248430833
inproc,onnx-fp32,32,1,1,62,32,0.33679994521662593,95011.89193904994
inproc,onnx-fp32,32,1,1,63,32,0.44219999108463526,72365.44695876155
inproc,onnx-fp32,32,1,1,64,32,0.5053000058978796,63328.71487531143
inproc,onnx-fp32,32,1,1,65,32,0.3730999887920916,85767.89322240335
inproc,onnx-fp32,32,1,1,66,32,0.3177000326104462,100723.94307632129
inproc,onnx-fp32,32,1,1,67,32,0.345399952493608,92646.22003847032
inproc,onnx-fp32,32,1,1,68,32,0.3147000097669661,101684.14047300429
inproc,onnx-fp32,32,1,1,69,32,0.30420004623010755,105193.9353611869
inproc,onnx-fp32,32,1,1,70,32,0.3035000408999622,105436.5591026317
inproc,onnx-fp32,32,1,1,71,32,0.31230004969984293,102465.56166339315
inproc,onnx-fp32,32,1,1,72,32,0.978600000962615,32699.775156879936
inproc,onnx-fp32,32,1,1,73,32,0.3310000174678862,96676.73205819288
inproc,onnx-fp32,32,1,1,74,32,0.3497999859973788,91480.84985983901
inproc,onnx-fp32,32,1,2,0,32,0.30290003633126616,105645.41486222619
inproc,onnx-fp32,32,1,2,1,32,0.3176999744027853,100723.96153054098
inproc,onnx-fp32,32,1,2,2,32,0.3480999730527401,91927.61412581819
inproc,onnx-fp32,32,1,2,3,32,0.38649997441098094,82794.31337289848
inproc,onnx-fp32,32,1,2,4,32,0.3741999971680343,85515.76761672292
inproc,onnx-fp32,32,1,2,5,32,0.374399998690933,85470.08576892647
inproc,onnx-fp32,32,1,2,6,32,0.41179999243468046,77707.62648830263
inproc,onnx-fp32,32,1,2,7,32,0.47799997264519334,66945.61052569923
inproc,onnx-fp32,32,1,2,8,32,0.4229999613016844,75650.12512419012
inproc,onnx-fp32,32,1,2,9,32,0.37099997280165553,86253.37559554992
inproc,onnx-fp32,32,1,2,10,32,1.1202999739907682,28563.77822272778
inproc,onnx-fp32,32,1,2,11,32,0.3706999705173075,86323.17924208187
inproc,onnx-fp32,32,1,2,12,32,0.3571000415831804,89610.74285550353
inproc,onnx-fp32,32,1,2,13,32,0.3591999993659556,89086.85984544829
inproc,onnx-fp32,32,1,2,14,32,0.4990000161342323,64128.25443955881
inproc,onnx-fp32,32,1,2,15,32,0.3263999824412167,98039.22096032303
inproc,onnx-fp32,32,1,2,16,32,0.3242000238969922,98704.4961173949
inproc,onnx-fp32,32,1,2,17,32,0.3182000364176929,100565.67045138372
inproc,onnx-fp32,32,1,2,18,32,0.3180000348947942,100628.91977539167
inproc,onnx-fp32,32,1,2,19,32,0.3155000158585608,101426.30235031637
inproc,onnx-fp32,32,1,2,20,32,0.32160000409930944,99502.48629386978
inproc,onnx-fp32,32,1,2,21,32,0.3895999980159104,82135.52403224907
inproc,onnx-fp32,32,1,2,22,32,0.5156999686732888,62051.58414557311
inproc,onnx-fp32,32,1,2,23,32,0.3499999875202775,91428.57468858069
inproc,onnx-fp32,32,1,2,24,32,0.3662999952211976,87360.08849979962
inproc,onnx-fp32,32,1,2,25,32,0.3902000025846064,82009.22549471664
inproc,onnx-fp32,32,1,2,26,32,0.35200000274926424,90909.09019905367
inproc,onnx-fp32,32,1,2,27,32,0.5800999933853745,55162.90357676598
inproc,onnx-fp32,32,1,2,28,32,0.6553999846801162,48825.146090930066
inproc,onnx-fp32,32,1,2,29,32,0.3274999908171594,97709.92640383108
inproc,onnx-fp32,32,1,2,30,32,0.32699998700991273,97859.33110459098
inproc,onnx-fp32,32,1,2,31,32,0.3074000123888254,104098.88975386151
inproc,onnx-fp32,32,1,2,32,32,0.40660001104697585,78701.42432510394
inproc,onnx-fp32,32,1,2,33,32,0.3488999791443348,91716.82978737603
inproc,onnx-fp32,32,1,2,34,32,0.39980001747608185,80040.01651129095
inproc,onnx-fp32,32,1,2,35,32,0.40850002551451325,78335.36842426243
inproc,onnx-fp32,32,1,2,36,32,0.387699983548373,82538.04838247404
inproc,onnx-fp32,32,1,2,37,32,0.3806999884545803,84055.68944170795
inproc,onnx-fp32,32,1,2,38,32,0.3801999846473336,84166.23169956885
inproc,onnx-fp32,32,1,2,39,32,0.39410003228113055,81197.65891613238
inproc,onnx-fp32,32,1,2,40,32,0.39140001172199845,81757.79009104577
inproc,onnx-fp32,32,1,2,41,32,0.36120001459494233,88593.57338588567
inproc,onnx-fp32,32,1,2,42,32,0.3763999557122588,85015.9504919352
inproc,onnx-fp32,32,1,2,43,32,0.3657999914139509,87479.49904620905
inproc,onnx-fp32,32,1,2,44,32,0.39469997864216566,81074.23798218937
inproc,onnx-fp32,32,1,2,45,32,0.36419997923076153,87863.81610341721
inproc,onnx-fp32,32,1,2,46,32,0.360800011549145,88691.79316986036
inproc,onnx-fp32,32,1,2,47,32,0.3580999909900129,89360.51607131276
inproc,onnx-fp32,32,1,2,48,32,0.36339997313916683,88057.2437129635
inproc,onnx-fp32,32,1,2,49,32,0.4169999738223851,76738.61393005728
inproc,onnx-fp32,32,1,2,50,32,0.37700001848861575,84880.6324421077
inproc,onnx-fp32,32,1,2,51,32,0.37319998955354095,85744.91129617016
inproc,onnx-fp32,32,1,2,52,32,0.36609999369829893,87407.81357775994
inproc,onnx-fp32,32,1,2,53,32,0.3625000244937837,88275.85610424903
inproc,onnx-fp32,32,1,2,54,32,0.36999996518716216,86486.49462389274
inproc,onnx-fp32,32,1,2,55,32,0.42130000656470656,75955.37503293437
inproc,onnx-fp32,32,1,2,56,32,0.36120001459494233,88593.57338588567
inproc,onnx-fp32,32,1,2,57,32,0.35769998794421554,89460.44472607168
inproc,onnx-fp32,32,1,2,58,32,0.3508000518195331,91220.05494019197
inproc,onnx-fp32,32,1,2,59,32,0.3581999917514622,89335.56877969798
inproc,onnx-fp32,32,1,2,60,32,0.5450000171549618,58715.5944820848
inproc,onnx-fp32,32,1,2,61,32,0.3577999887056649,89435.4416157458
inproc,onnx-fp32,32,1,2,62,32,0.37650001468136907,84993.35657949845
inproc,onnx-fp32,32,1,2,63,32,0.381199992261827,83945.43717099768
inproc,onnx-fp32,32,1,2,64,32,0.3581999917514622,89335.56877969798
inproc,onnx-fp32,32,1,2,65,32,0.4360000020824373,73394.49506229488
inproc,onnx-fp32,32,1,2,66,32,0.42719999328255653,74906.36821905266
inproc,onnx-fp32,32,1,2,67,32,0.40520000038668513,78973.34642019295
inproc,onnx-fp32,32,1,2,68,32,0.3344999859109521,95665.17592774663
inproc,onnx-fp32,32,1,2,69,32,0.33469998743385077,95608.01076015695
inproc,onnx-fp32,32,1,2,70,32,0.32869999995455146,97353.20962709024
inproc,onnx-fp32,32,1,2,71,32,0.37070002872496843,86323.16568753653
inproc,onnx-fp32,32,1,2,72,32,0.33190002432093024,96414.57564057798
inproc,onnx-fp32,32,1,2,73,32,0.3244000254198909,98643.64208535568
inproc,onnx-fp32,32,1,2,74,32,0.3291000030003488,97234.88212780746
inproc,onnx-fp32,32,4,0,0,32,0.5485000438056886,58340.925149198905
inproc,onnx-fp32,32,4,0,1,32,0.4947000415995717,64685.662642215764
inproc,onnx-fp32,32,4,0,2,32,0.40360004641115665,79286.41308281929
inproc,onnx-fp32,32,4,0,3,32,0.6576000014320016,48661.80038065119
inproc,onnx-fp32,32,4,0,4,32,0.5732999998144805,55817.19869240394
inproc,onnx-fp32,32,4,0,5,32,0.887200003489852,36068.530065516425
inproc,onnx-fp32,32,4,0,6,32,0.5360000068321824,59701.49177632186
inproc,onnx-fp32,32,4,0,7,32,0.4229999613016844,75650.12512419012
inproc,onnx-fp32,32,4,0,8,32,0.3968999953940511,80624.8434652404
inproc,onnx-fp32,32,4,0,9,32,0.3684000112116337,86862.10376257848
inproc,onnx-fp32,32,4,0,10,32,0.37650001468136907,84993.35657949845
inproc,onnx-fp32,32,4,0,11,32,0.3350999904796481,95493.88513618438
inproc,onnx-fp32,32,4,0,12,32,0.3446000046096742,92861.28720818259
inproc,onnx-fp32,32,4,0,13,32,0.3526999498717487,90728.67748247787
inproc,onnx-fp32,32,4,0,14,32,0.3247000277042389,98552.50160048646
inproc,onnx-fp32,32,4,0,15,32,0.46230002772063017,69219.11763184608
inproc,onnx-fp32,32,4,0,16,32,0.35829999251291156,89310.63541355464
inproc,onnx-fp32,32,4,0,17,32,0.8465999853797257,37798.252483605975
inproc,onnx-fp32,32,4,0,18,32,0.60450000455603,52936.31060185373
inproc,onnx-fp32,32,4,0,19,32,2.4757999926805496,12925.115152518272
inproc,onnx-fp32,32,4,0,20,32,0.6239000358618796,51290.26792856962
inproc,onnx-fp32,32,4,0,21,32,0.48859999515116215,65493.24665895647
inproc,onnx-fp32,32,4,0,22,32,0.4081000224687159,78412.14956672308
inproc,onnx-fp32,32,4,0,23,32,0.4067000118084252,78682.0729552216
inproc,onnx-fp32,32,4,0,24,32,0.4887999966740608,65466.44889062485
inproc,onnx-fp32,32,4,0,25,32,0.43839996214956045,72992.7070319481
inproc,onnx-fp32,32,4,0,26,32,0.3893999964930117,82177.71003645677
inproc,onnx-fp32,32,4,0,27,32,0.3961999900639057,80767.29127337562
inproc,onnx-fp32,32,4,0,28,32,0.41290000081062317,77500.60532132772
inproc,onnx-fp32,32,4,0,29,32,0.3963999915868044,80726.54056298733
inproc,onnx-fp32,32,4,0,30,32,0.3857999690808356,82944.53749242041
inproc,onnx-fp32,32,4,0,31,32,0.3789999755099416,84432.72313393753
inproc,onnx-fp32,32,4,0,32,32,0.39790000300854445,80422.21602926914
inproc,onnx-fp32,32,4,0,33,32,0.5720000481233001,55944.05123739097
inproc,onnx-fp32,32,4,0,34,32,0.5201000021770597,61526.62923678688
inproc,onnx-fp32,32,4,0,35,32,0.5227999645285308,61208.87943987927
inproc,onnx-fp32,32,4,0,36,32,0.5322999786585569,60116.47808185684
inproc,onnx-fp32,32,4,0,37,32,0.4284000024199486,74696.54486283427
inproc,onnx-fp32,32,4,0,38,32,0.4251999780535698,75258.70567182486
inproc,onnx-fp32,32,4,0,39,32,0.42580004082992673,75152.64662170724
inproc,onnx-fp32,32,4,0,40,32,0.4141000099480152,77276.01842853657
inproc,onnx-fp32,32,4,0,41,32,0.41070004226639867,77915.74557288054
inproc,onnx-fp32,32,4,0,42,32,0.40110002737492323,79780.59789581715
inproc,onnx-fp32,32,4,0,43,32,0.37670001620426774,84948.23101533347
inproc,onnx-fp32,32,4,0,44,32,0.3727999865077436,85836.91297782629
inproc,onnx-fp32,32,4,0,45,32,0.47289999201893806,67667.58414053537
inproc,onnx-fp32,32,4,0,46,32,0.36100001307204366,88642.65606997044
inproc,onnx-fp32,32,4,0,47,32,0.3364000003784895,95124.85126039312
inproc,onnx-fp32,32,4,0,48,32,0.3349999897181988,95522.39099146936
inproc,onnx-fp32,32,4,0,49,32,0.3787000314332545,84499.59689438254
inproc,onnx-fp32,32,4,0,50,32,0.3648999845609069,87695.26268549007
inproc,onnx-fp32,32,4,0,51,32,0.3583999932743609,89285.71596122629
inproc,onnx-fp32,32,4,0,52,32,0.410200038459152,78010.71916083348
inproc,onnx-fp32,32,4,0,53,32,0.39330002618953586,81362.82194036475
inproc,onnx-fp32,32,4,0,54,32,0.42100000428035855,76009.50041485055
inproc,onnx-fp32,32,4,0,55,32,0.5514000076800585,58034.094222514985
inproc,onnx-fp32,32,4,0,56,32,0.4434000002220273,72169.59852046995
inproc,onnx-fp32,32,4,0,57,32,0.5660000024363399,56537.10223013499
inproc,onnx-fp32,32,4,0,58,32,0.5472000339068472,58479.528540101535
inproc,onnx-fp32,32,4,0,59,32,0.35550002939999104,90014.05725341075
inproc,onnx-fp32,32,4,0,60,32,0.3276999923400581,97650.29218186013
inproc,onnx-fp32,32,4,0,61,32,0.38510002195835114,83095.2951840154
inproc,onnx-fp32,32,4,0,62,32,0.4016000311821699,79681.26871355862
inproc,onnx-fp32,32,4,0,63,32,0.41690003126859665,76757.01031402255
inproc,onnx-fp32,32,4,0,64,32,0.4211000050418079,75991.45005192522
inproc,onnx-fp32,32,4,0,65,32,0.387399981264025,82601.96579150327
inproc,onnx-fp32,32,4,0,66,32,0.3816999960690737,83835.47374784142
inproc,onnx-fp32,32,4,0,67,32,0.3904000041075051,81967.21225235466
inproc,onnx-fp32,32,4,0,68,32,0.4450000124052167,71910.11035492022
inproc,onnx-fp32,32,4,0,69,32,0.38839998887851834,82389.29175152162
inproc,onnx-fp32,32,4,0,70,32,0.3858000272884965,82944.52497814572
inproc,onnx-fp32,32,4,0,71,32,0.38489996222779155,83138.48568543573
inproc,onnx-fp32,32,4,0,72,32,0.374700000975281,85401.65443477285
inproc,onnx-fp32,32,4,0,73,32,0.3910000086762011,81841.43040902121
inproc,onnx-fp32,32,4,0,74,32,0.4099999787285924,78048.78453709149
inproc,onnx-fp32,32,4,1,0,32,0.39659999310970306,80685.83095297361
inproc,onnx-fp32,32,4,1,1,32,0.4075999604538083,78508.34912832735
inproc,onnx-fp32,32,4,1,2,32,0.4255000385455787,75205.63361023579
inproc,onnx-fp32,32,4,1,3,32,0.3968999953940511,80624.8434652404
inproc,onnx-fp32,32,4,1,4,32,0.3717999788932502,86067.7832614609
inproc,onnx-fp32,32,4,1,5,32,0.3760000108741224,85106.38051740108
inproc,onnx-fp32,32,4,1,6,32,0.4091999726369977,78201.37375323649
inproc,onnx-fp32,32,4,1,7,32,0.43079996248707175,74280.4150103897
inproc,onnx-fp32,32,4,1,8,32,0.3776999656111002,84723.33310442735
inproc,onnx-fp32,32,4,1,9,32,0.3773999633267522,84790.68126536743
inproc,onnx-fp32,32,4,1,10,32,0.3768999595195055,84903.16645508666
inproc,onnx-fp32,32,4,1,11,32,0.3505999920889735,91272.10702240746
inproc,onnx-fp32,32,4,1,12,32,0.3752000047825277,85287.84539474551
inproc,onnx-fp32,32,4,1,13,32,0.540299981366843,59226.35777081996
inproc,onnx-fp32,32,4,1,14,32,0.44159998651593924,72463.77032859121
inproc,onnx-fp32,32,4,1,15,32,0.41640002746134996,76849.17840926468
inproc,onnx-fp32,32,4,1,16,32,0.40989997796714306,78067.82561614353
inproc,onnx-fp32,32,4,1,17,32,0.40359998820349574,79286.42451759822
inproc,onnx-fp32,32,4,1,18,32,0.44239999260753393,72332.73176925241
inproc,onnx-fp32,32,4,1,19,32,0.40930003160610795,78182.2563619916
inproc,onnx-fp32,32,4,1,20,32,0.4086000262759626,78316.19662791617
inproc,onnx-fp32,32,4,1,21,32,0.387399981264025,82601.96579150327
inproc,onnx-fp32,32,4,1,22,32,0.431500026024878,74159.90282734085
inproc,onnx-fp32,32,4,1,23,32,0.44240005081519485,72332.72225225728
inproc,onnx-fp32,32,4,1,24,32,0.39979995926842093,80040.02816447408
inproc,onnx-fp32,32,4,1,25,32,0.41529996087774634,77052.74022267481
inproc,onnx-fp32,32,4,1,26,32,0.4105999832972884,77934.73283419719
inproc,onnx-fp32,32,4,1,27,32,0.43810001807287335,73042.68130542997
inproc,onnx-fp32,32,4,1,28,32,0.4153999616391957,77034.19103296468
inproc,onnx-fp32,32,4,1,29,32,0.45980000868439674,69595.47497956782
inproc,onnx-fp32,32,4,1,30,32,0.46169996494427323,69309.08041949358
inproc,onnx-fp32,32,4,1,31,32,0.4466999671421945,71636.45031076013
inproc,onnx-fp32,32,4,1,32,32,0.44329999946057796,72185.87872532969
inproc,onnx-fp32,32,4,1,33,32,0.6074000266380608,52683.56700133674
inproc,onnx-fp32,32,4,1,34,32,0.4050999996252358,78992.84134683706
inproc,onnx-fp32,32,4,1,35,32,0.3720000386238098,86021.49644495183
inproc,onnx-fp32,32,4,1,36,32,0.34089997643604875,93869.1763330264
inproc,onnx-fp32,32,4,1,37,32,0.3464000183157623,92378.74800234646
inproc,onnx-fp32,32,4,1,38,32,0.40120002813637257,79760.71225279881
inproc,onnx-fp32,32,4,1,39,32,0.39410003228113055,81197.65891613238
inproc,onnx-fp32,32,4,1,40,32,0.38729998050257564,82623.29359912578
inproc,onnx-fp32,32,4,1,41,32,0.3831000067293644,83529.10320517418
inproc,onnx-fp32,32,4,1,42,32,0.39469997864216566,81074.23798218937
inproc,onnx-fp32,32,4,1,43,32,0.40520000038668513,78973.34642019295
inproc,onnx-fp32,32,4,1,44,32,0.40930003160610795,78182.2563619916
inproc,onnx-fp32,32,4,1,45,32,0.40909997187554836,78220.48936667897
inproc,onnx-fp32,32,4,1,46,32,0.38860004860907793,82346.87595778253
inproc,onnx-fp32,32,4,1,47,32,0.5655999993905425,56577.08634102074
inproc,onnx-fp32,32,4,1,48,32,0.464299984741956,68920.95854318117
inproc,onnx-fp32,32,4,1,49,32,0.7236999808810651,44217.21824704452
inproc,onnx-fp32,32,4,1,50,32,0.5981000140309334,53502.757480866705
inproc,onnx-fp32,32,4,1,51,32,0.4422999918460846,72349.08566567561
inproc,onnx-fp32,32,4,1,52,32,0.4504999960772693,71032.18707800253
inproc,onnx-fp32,32,4,1,53,32,0.45849999878555536,69792.80280209269
inproc,onnx-fp32,32,4,1,54,32,0.4189999890513718,76372.31703143699
inproc,onnx-fp32,32,4,1,55,32,0.4241999704390764,75436.12029693868
inproc,onnx-fp32,32,4,1,56,32,0.3902000025846064,82009.22549471664
inproc,onnx-fp32,32,4,1,57,32,0.34689996391534805,92245.61351585719
inproc,onnx-fp32,32,4,1,58,32,0.4017999744974077,79641.61779758017
inproc,onnx-fp32,32,4,1,59,32,0.38620003033429384,82858.61596722525
inproc,onnx-fp32,32,4,1,60,32,0.3776000230573118,84745.7575370515
inproc,onnx-fp32,32,4,1,61,32,0.39030000334605575,81988.21349132172
inproc,onnx-fp32,32,4,1,62,32,0.3869999782182276,82687.34315523744
inproc,onnx-fp32,32,4,1,63,32,0.4013999714516103,79720.98225188258
inproc,onnx-fp32,32,4,1,64,32,0.3690000157803297,86720.86350004385
inproc,onnx-fp32,32,4,1,65,32,0.3705999697558582,86346.47223819469
inproc,onnx-fp32,32,4,1,66,32,0.443600001744926,72137.06013103285
inproc,onnx-fp32,32,4,1,67,32,0.4000000189989805,79999.99620020407
inproc,onnx-fp32,32,4,1,68,32,0.3847000189125538,83181.69593663036
inproc,onnx-fp32,32,4,1,69,32,0.45739999040961266,69960.6486028634
inproc,onnx-fp32,32,4,1,70,32,0.43509999522939324,73546.31199921979
inproc,onnx-fp32,32,4,1,71,32,0.3781999694183469,84611.3236053785
inproc,onnx-fp32,32,4,1,72,32,0.3530000103637576,90651.55541220751
inproc,onnx-fp32,32,4,1,73,32,0.34069997491315007,93924.2804703972
inproc,onnx-fp32,32,4,1,74,32,0.3220000071451068,99378.8797823829
inproc,onnx-fp32,32,4,2,0,32,0.3717000363394618,86090.92513183242
inproc,onnx-fp32,32,4,2,1,32,0.3519999445416033,90909.1052320262
inproc,onnx-fp32,32,4,2,2,32,0.332399969920516,96269.56346491814
inproc,onnx-fp32,32,4,2,3,32,0.3448000061325729,92807.42294330544
inproc,onnx-fp32,32,4,2,4,32,0.37670001620426774,84948.23101533347
inproc,onnx-fp32,32,4,2,5,32,0.39739999920129776,80523.40227557681
inproc,onnx-fp32,32,4,2,6,32,0.4202999989502132,76136.09345688
inproc,onnx-fp32,32,4,2,7,32,0.45039999531582,71047.9581101275
inproc,onnx-fp32,32,4,2,8,32,0.38620003033429384,82858.61596722525
inproc,onnx-fp32,32,4,2,9,32,0.38400001358240843,83333.33038576216
inproc,onnx-fp32,32,4,2,10,32,0.3527000080794096,90728.66250911815
inproc,onnx-fp32,32,4,2,11,32,0.3912000101990998,81799.58886942186
inproc,onnx-fp32,32,4,2,12,32,0.3458999563008547,92512.29847559519
inproc,onnx-fp32,32,4,2,13,32,0.354000017978251,90395.4756351623
inproc,onnx-fp32,32,4,2,14,32,0.3776000230573118,84745.7575370515
inproc,onnx-fp32,32,4,2,15,32,0.3684000112116337,86862.10376257848
inproc,onnx-fp32,32,4,2,16,32,0.44299999717622995,72234.76344012271
inproc,onnx-fp32,32,4,2,17,32,0.33629999961704016,95153.13718834323
inproc,onnx-fp32,32,4,2,18,32,0.31460000900551677,101716.46244116558
inproc,onnx-fp32,32,4,2,19,32,0.317899975925684,100660.59271259805
inproc,onnx-fp32,32,4,2,20,32,0.4466999671421945,71636.45031076013
inproc,onnx-fp32,32,4,2,21,32,0.34089997643604875,93869.1763330264
inproc,onnx-fp32,32,4,2,22,32,0.31700002728030086,100946.3635525326
inproc,onnx-fp32,32,4,2,23,32,0.31750003108754754,100787.39170635329
inproc,onnx-fp32,32,4,2,24,32,0.31640002271160483,101137.79299304176
inproc,onnx-fp32,32,4,2,25,32,0.32429996645078063,98674.07742965856
inproc,onnx-fp32,32,4,2,26,32,0.31640002271160483,101137.79299304176
inproc,onnx-fp32,32,4,2,27,32,0.3160000196658075,101265.81648267705
inproc,onnx-fp32,32,4,2,28,32,0.31269999453797936,102334.50770371984
inproc,onnx-fp32,32,4,2,29,32,0.31289999606087804,102269.09684515963
inproc,onnx-fp32,32,4,2,30,32,0.3207000554539263,99781.71021737572
inproc,onnx-fp32,32,4,2,31,32,0.3273999900557101,97739.77083675204
inproc,onnx-fp32,32,4,2,32,32,0.4360000020824373,73394.49506229488
inproc,onnx-fp32,32,4,2,33,32,0.33359997905790806,95923.2674125716
inproc,onnx-fp32,32,4,2,34,32,0.31510001281276345,101555.05775563017
inproc,onnx-fp32,32,4,2,35,32,0.31409994699060917,101878.39987428181
inproc,onnx-fp32,32,4,2,36,32,0.31259999377653,102367.24452040778
inproc,onnx-fp32,32,4,2,37,32,0.32629998167976737,98069.26692200976
inproc,onnx-fp32,32,4,2,38,32,0.3144000074826181,101781.16806110175
inproc,onnx-fp32,32,4,2,39,32,0.31269999453797936,102334.50770371984
inproc,onnx-fp32,32,4,2,40,32,0.31259999377653,102367.24452040778
inproc,onnx-fp32,32,4,2,41,32,0.31259999377653,102367.24452040778
inproc,onnx-fp32,32,4,2,42,32,0.34710002364590764,92192.44546247752
inproc,onnx-fp32,32,4,2,43,32,0.32349996035918593,98918.09558328851
inproc,onnx-fp32,32,4,2,44,32,0.35450002178549767,90267.97752741096
inproc,onnx-fp32,32,4,2,45,32,0.31969998963177204,100093.84121925481
inproc,onnx-fp32,32,4,2,46,32,0.31259999377653,102367.24452040778
inproc,onnx-fp32,32,4,2,47,32,0.3152000135742128,101522.83826747269
inproc,onnx-fp32,32,4,2,48,32,0.3130999975837767,102203.76955268964
inproc,onnx-fp32,32,4,2,49,32,0.32590003684163094,98189.6176205411
inproc,onnx-fp32,32,4,2,50,32,0.3133999998681247,102105.93495043155
inproc,onnx-fp32,32,4,2,51,32,0.312299991492182,102465.58076131447
inproc,onnx-fp32,32,4,2,52,32,0.3157000173814595,101362.04700088593
inproc,onnx-fp32,32,4,2,53,32,0.3139000036753714,101943.29284906192
inproc,onnx-fp32,32,4,2,54,32,0.31239999225363135,102432.78102907196
inproc,onnx-fp32,32,4,2,55,32,0.32190000638365746,99409.75261075549
inproc,onnx-fp32,32,4,2,56,32,0.3370000049471855,94955.48822028957
inproc,onnx-fp32,32,4,2,57,32,0.32110000029206276,99657.42750200491
inproc,onnx-fp32,32,4,2,58,32,0.3141000051982701,101878.38099461528
inproc,onnx-fp32,32,4,2,59,32,0.3124999930150807,102400.00228881842
inproc,onnx-fp32,32,4,2,60,32,0.3119000466540456,102596.97086706074
inproc,onnx-fp32,32,4,2,61,32,0.38840004708617926,82389.27940423177
inproc,onnx-fp32,32,4,2,62,32,0.4154000198468566,77034.18023859816
inproc,onnx-fp32,32,4,2,63,32,0.36419997923076153,87863.81610341721
inproc,onnx-fp32,32,4,2,64,32,0.3586000530049205,89235.90426675402
inproc,onnx-fp32,32,4,2,65,32,0.35990000469610095,88913.58594735434
inproc,onnx-fp32,32,4,2,66,32,0.33030001213774085,96881.61920701184
inproc,onnx-fp32,32,4,2,67,32,0.611299998126924,52347.45640119542
inproc,onnx-fp32,32,4,2,68,32,0.4251999780535698,75258.70567182486
inproc,onnx-fp32,32,4,2,69,32,0.33519999124109745,95465.39628929624
inproc,onnx-fp32,32,4,2,70,32,0.32569997711107135,98249.93014687025
inproc,onnx-fp32,32,4,2,71,32,0.31620002118870616,101201.76424941668
inproc,onnx-fp32,32,4,2,72,32,0.31510001281276345,101555.05775563017
inproc,onnx-fp32,32,4,2,73,32,0.31239999225363135,102432.78102907196
inproc,onnx-fp32,32,4,2,74,32,0.31460000900551677,101716.46244116558
inproc,onnx-fp32,64,1,0,0,64,0.6180000491440296,103559.86231496934
inproc,onnx-fp32,64,1,0,1,64,0.6218000198714435,102926.98287985248
inproc,onnx-fp32,64,1,0,2,64,0.610099988989532,104900.83782168057
inproc,onnx-fp32,64,1,0,3,64,0.618100049905479,103543.1076405624
inproc,onnx-fp32,64,1,0,4,64,0.6246999837458134,102449.17826993448
inproc,onnx-fp32,64,1,0,5,64,0.7554999901913106,84712.11228446697
inproc,onnx-fp32,64,1,0,6,64,0.9589999681338668,66736.18574204815
inproc,onnx-fp32,64,1,0,7,64,0.7658000104129314,83572.73325902698
inproc,onnx-fp32,64,1,0,8,64,0.6370000191964209,100470.95458605536
inproc,onnx-fp32,64,1,0,9,64,0.6121000042185187,104558.0780247015
inproc,onnx-fp32,64,1,0,10,64,0.8375999750569463,76408.78928589844
inproc,onnx-fp32,64,1,0,11,64,0.8099999977275729,79012.34590067876
inproc,onnx-fp32,64,1,0,12,64,0.90230000205338,70929.84578782452
inproc,onnx-fp32,64,1,0,13,64,0.7893000147305429,81084.50374456005
inproc,onnx-fp32,64,1,0,14,64,0.7600000244565308,84210.52360592465
inproc,onnx-fp32,64,1,0,15,64,0.7483999943360686,85515.76761672292
inproc,onnx-fp32,64,1,0,16,64,0.7226000307127833,88569.05242153042
inproc,onnx-fp32,64,1,0,17,64,0.7794999983161688,82103.91294194886
inproc,onnx-fp32,64,1,0,18,64,0.6788000464439392,94284.02419133547
inproc,onnx-fp32,64,1,0,19,64,0.8316999883390963,76950.82469317802
inproc,onnx-fp32,64,1,0,20,64,0.7692000363022089,83203.32420636446
inproc,onnx-fp32,64,1,0,21,64,0.6208000122569501,103092.78146971152
inproc,onnx-fp32,64,1,0,22,64,0.6200000061653554,103225.80542512293
inproc,onnx-fp32,64,1,0,23,64,0.6838000263087451,93594.61470845735
inproc,onnx-fp32,64,1,0,24,64,0.6182999932207167,103509.62429519823
inproc,onnx-fp32,64,1,0,25,64,0.6173999863676727,103660.514112624
inproc,onnx-fp32,64,1,0,26,64,0.6076999707147479,105315.12766855367
inproc,onnx-fp32,64,1,0,27,64,0.6075000273995101,105349.78948718909
inproc,onnx-fp32,64,1,0,28,64,0.6145000224933028,104149.71140330187
inproc,onnx-fp32,64,1,0,29,64,0.630499969702214,101506.74555976155
inproc,onnx-fp32,64,1,0,30,64,0.6124000065028667,104506.8571528508
inproc,onnx-fp32,64,1,0,31,64,0.6225000252015889,102811.24081766004
inproc,onnx-fp32,64,1,0,32,64,0.6110999966040254,104729.17747612114
inproc,onnx-fp32,64,1,0,33,64,0.6208000122569501,103092.78146971152
inproc,onnx-fp32,64,1,0,34,64,0.7456000312231481,85836.90627669201
inproc,onnx-fp32,64,1,0,35,64,0.7855999865569174,81466.39650605842
inproc,onnx-fp32,64,1,0,36,64,0.7443000213243067,85986.8308026205
inproc,onnx-fp32,64,1,0,37,64,0.6661000079475343,96081.66827261318
inproc,onnx-fp32,64,1,0,38,64,0.6470000371336937,98918.07778486305
inproc,onnx-fp32,64,1,0,39,64,0.6206000107340515,103126.00530622003
inproc,onnx-fp32,64,1,0,40,64,0.6050000083632767,105785.12250461115
inproc,onnx-fp32,64,1,0,41,64,0.6442000158131123,99348.02612387226
inproc,onnx-fp32,64,1,0,42,64,0.6081999745219946,105228.54765046613
inproc,onnx-fp32,64,1,0,43,64,0.6050000083632767,105785.12250461115
inproc,onnx-fp32,64,1,0,44,64,0.6150000263005495,104065.03620005262
inproc,onnx-fp32,64,1,0,45,64,0.6070999661460519,105419.21194013594
inproc,onnx-fp32,64,1,0,46,64,0.6146000232547522,104132.76534073926
inproc,onnx-fp32,64,1,0,47,64,0.6149000255391002,104081.96022416717
inproc,onnx-fp32,64,1,0,48,64,0.6069999653846025,105436.57932410066
inproc,onnx-fp32,64,1,0,49,64,0.6063000182621181,105558.30129025537
inproc,onnx-fp32,64,1,0,50,64,0.6128000095486641,104438.64067028476
inproc,onnx-fp32,64,1,0,51,64,0.61039999127388,104849.28066010388
inproc,onnx-fp32,64,1,0,52,64,0.610699993558228,104797.77415274827
inproc,onnx-fp32,64,1,0,53,64,0.6078000296838582,105297.79018485577
inproc,onnx-fp32,64,1,0,54,64,0.61779998941347,103593.39769617126
inproc,onnx-fp32,64,1,0,55,64,0.6138000171631575,104268.48844969617
inproc,onnx-fp32,64,1,0,56,64,0.62519998755306,102367.24452040778
inproc,onnx-fp32,64,1,0,57,64,0.6218999624252319,102910.44197915419
inproc,onnx-fp32,64,1,0,58,64,0.6244999822229147,102481.98850573428
inproc,onnx-fp32,64,1,0,59,64,0.6110999966040254,104729.17747612114
inproc,onnx-fp32,64,1,0,60,64,0.6517000147141516,98204.69319472343
inproc,onnx-fp32,64,1,0,61,64,0.728400016669184,87863.80908207304
inproc,onnx-fp32,64,1,0,62,64,0.6525000208057463,98084.28806020411
inproc,onnx-fp32,64,1,0,63,64,0.6372000207193196,100439.41920741301
inproc,onnx-fp32,64,1,0,64,64,0.6076000281609595,105332.45068093667
inproc,onnx-fp32,64,1,0,65,64,0.6062000175006688,105575.71453704122
inproc,onnx-fp32,64,1,0,66,64,0.6321999826468527,101233.7895550852
inproc,onnx-fp32,64,1,0,67,64,0.6110999966040254,104729.17747612114
inproc,onnx-fp32,64,1,0,68,64,0.6169999833218753,103727.71755264798
inproc,onnx-fp32,64,1,0,69,64,0.6087999790906906,105124.83935296943
inproc,onnx-fp32,64,1,0,70,64,0.6178999901749194,103576.63216968565
inproc,onnx-fp32,64,1,0,71,64,0.6056000129319727,105680.31478425537
inproc,onnx-fp32,64,1,0,72,64,0.604200002271682,105925.18993606695
inproc,onnx-fp32,64,1,0,73,64,0.6133999559096992,104336.49266421152
inproc,onnx-fp32,64,1,0,74,64,0.6073000258766115,105384.48423021019
inproc,onnx-fp32,64,1,1,0,64,0.6146000232547522,104132.76534073926
inproc,onnx-fp32,64,1,1,1,64,0.6135000148788095,104319.47587261678
inproc,onnx-fp32,64,1,1,2,64,0.6159000331535935,103912.96729162481
inproc,onnx-fp32,64,1,1,3,64,0.6079000304453075,105280.46848939589
inproc,onnx-fp32,64,1,1,4,64,0.6060999585315585,105593.14367065352
inproc,onnx-fp32,64,1,1,5,64,0.6160999764688313,103879.24435059247
inproc,onnx-fp32,64,1,1,6,64,0.6255999905988574,102301.79181866006
inproc,onnx-fp32,64,1,1,7,64,0.6346000009216368,100850.9295730414
inproc,onnx-fp32,64,1,1,8,64,0.6555000436492264,97635.3863284377
inproc,onnx-fp32,64,1,1,9,64,0.6477999850176275,98795.92695306789
inproc,onnx-fp32,64,1,1,10,64,0.6110999966040254,104729.17747612114
inproc,onnx-fp32,64,1,1,11,64,0.6082000327296555,105228.5375795893
inproc,onnx-fp32,64,1,1,12,64,0.61629997799173,103845.53348281769
inproc,onnx-fp32,64,1,1,13,64,0.6493999972008169,98552.51043404145
inproc,onnx-fp32,64,1,1,14,64,0.8155999821610749,78469.83987226288
inproc,onnx-fp32,64,1,1,15,64,0.7418000022880733,86276.62416095007
inproc,onnx-fp32,64,1,1,16,64,0.6483999895863235,98704.50497821836
inproc,onnx-fp32,64,1,1,17,64,0.6151000270619988,104048.11767883264
inproc,onnx-fp32,64,1,1,18,64,0.6044000037945807,105890.13831600152
inproc,onnx-fp32,64,1,1,19,64,0.6119000026956201,104592.25317545192
inproc,onnx-fp32,64,1,1,20,64,0.604800006840378,105820.10462326468
inproc,onnx-fp32,64,1,1,21,64,0.6095999851822853,104986.87919236487
inproc,onnx-fp32,64,1,1,22,64,0.6113999988883734,104677.78887203569
inproc,onnx-fp32,64,1,1,23,64,0.6055000121705234,105697.76831313434
inproc,onnx-fp32,64,1,1,24,64,0.6166999810375273,103778.17734375037
inproc,onnx-fp32,64,1,1,25,64,0.6155999726615846,103963.61735250252
inproc,onnx-fp32,64,1,1,26,64,0.6071000243537128,105419.20183273108
inproc,onnx-fp32,64,1,1,27,64,0.6129000103101134,104421.60046239429
inproc,onnx-fp32,64,1,1,28,64,0.584100023843348,109570.27458907347
inproc,onnx-fp32,64,1,1,29,64,0.5872999900020659,108973.26935043004
inproc,onnx-fp32,64,1,1,30,64,0.583800021559,109626.58039835654
inproc,onnx-fp32,64,1,1,31,64,0.6909000221639872,92632.79482832237
inproc,onnx-fp32,64,1,1,32,64,0.5992000224068761,106809.0747776073
inproc,onnx-fp32,64,1,1,33,64,0.6725999992340803,95153.13718834323
inproc,onnx-fp32,64,1,1,34,64,0.7017999887466431,91194.07384759113
inproc,onnx-fp32,64,1,1,35,64,0.7307000341825187,87587.24101005541
inproc,onnx-fp32,64,1,1,36,64,0.6155999726615846,103963.61735250252
inproc,onnx-fp32,64,1,1,37,64,0.561599968932569,113960.12026433079
inproc,onnx-fp32,64,1,1,38,64,0.5562999867834151,115045.84130956882
inproc,onnx-fp32,64,1,1,39,64,0.5627999780699611,113717.13307359835
inproc,onnx-fp32,64,1,1,40,64,0.5553000373765826,115253.00862999533
inproc,onnx-fp32,64,1,1,41,64,0.5542000290006399,115481.76948927244
inproc,onnx-fp32,64,1,1,42,64,0.5555000388994813,115211.51308430586
inproc,onnx-fp32,64,1,1,43,64,0.5699999746866524,112280.70674070274
inproc,onnx-fp32,64,1,1,44,64,0.553899968508631,115544.32864894222
inproc,onnx-fp32,64,1,1,45,64,0.5527000175788999,115795.18357960568
inproc,onnx-fp32,64,1,1,46,64,0.5529000191017985,115753.29677862876
inproc,onnx-fp32,64,1,1,47,64,0.5594000103883445,114408.292476738
inproc,onnx-fp32,64,1,1,48,64,0.5529000191017985,115753.29677862876
inproc,onnx-fp32,64,1,1,49,64,0.553899968508631,115544.32864894222
inproc,onnx-fp32,64,1,1,50,64,0.5612000240944326,114041.3350895202
inproc,onnx-fp32,64,1,1,51,64,0.5530000198632479,115732.3647399265
inproc,onnx-fp32,64,1,1,52,64,0.5521000130102038,115921.02606745847
inproc,onnx-fp32,64,1,1,53,64,0.5542000290006399,115481.76948927244
inproc,onnx-fp32,64,1,1,54,64,0.5607999628409743,114122.68944487865
inproc,onnx-fp32,64,1,1,55,64,0.5567999905906618,114942.53067804086
inproc,onnx-fp32,64,1,1,56,64,0.5575999966822565,114777.61904735061
inproc,onnx-fp32,64,1,1,57,64,0.5623999750241637,113798.01358855006
inproc,onnx-fp32,64,1,1,58,64,0.5718999891541898,111907.67828943772
inproc,onnx-fp32,64,1,1,59,64,0.5641000461764634,113455.05187209175
inproc,onnx-fp32,64,1,1,60,64,0.5556999822147191,115170.05947153475
inproc,onnx-fp32,64,1,1,61,64,0.5657000001519918,113134.17002440256
inproc,onnx-fp32,64,1,1,62,64,0.5582000012509525,114654.24553309385
inproc,onnx-fp32,64,1,1,63,64,0.6194000015966594,103325.79889412962
inproc,onnx-fp32,64,1,1,64,64,0.6002000300213695,106631.1176254379
inproc,onnx-fp32,64,1,1,65,64,0.5590000073425472,114490.15949794384
inproc,onnx-fp32,64,1,1,66,64,0.5528999608941376,115753.30896479105
inproc,onnx-fp32,64,1,1,67,64,0.5524000152945518,115858.07065170661
inproc,onnx-fp32,64,1,1,68,64,0.5619999719783664,113879.00923678982
inproc,onnx-fp32,64,1,1,69,64,0.5536999669857323,115586.06432362158
inproc,onnx-fp32,64,1,1,70,64,0.5545000312849879,115419.29015168422
inproc,onnx-fp32,64,1,1,71,64,0.5613000248558819,114021.01757688767
inproc,onnx-fp32,64,1,1,72,64,0.554499973077327,115419.30226762152
inproc,onnx-fp32,64,1,1,73,64,0.5522000137716532,115900.03332825958
inproc,onnx-fp32,64,1,1,74,64,0.6818000110797584,93869.1683190852
inproc,onnx-fp32,64,1,2,0,64,0.5805999971926212,110230.79626155632
inproc,onnx-fp32,64,1,2,1,64,0.57640002341941,111033.9996524102
inproc,onnx-fp32,64,1,2,2,64,0.5722000496461987,111848.99414037506
inproc,onnx-fp32,64,1,2,3,64,0.5785000394098461,110630.93455497304
inproc,onnx-fp32,64,1,2,4,64,0.7803000044077635,82019.73553566117
inproc,onnx-fp32,64,1,2,5,64,0.6621999782510102,96647.54168225068
inproc,onnx-fp32,64,1,2,6,64,0.6448999629355967,99240.19798151453
inproc,onnx-fp32,64,1,2,7,64,0.6683000246994197,95765.37129231018
inproc,onnx-fp32,64,1,2,8,64,0.6211000145412982,103042.98583419935
inproc,onnx-fp32,64,1,2,9,64,0.7814000127837062,81904.27303936503
inproc,onnx-fp32,64,1,2,10,64,0.7198000093922019,88913.58594735434
inproc,onnx-fp32,64,1,2,11,64,0.603599997702986,106030.48416758368
inproc,onnx-fp32,64,1,2,12,64,0.577000027988106,110918.53881386512
inproc,onnx-fp32,64,1,2,13,64,0.5858000367879868,109252.29767980185
inproc,onnx-fp32,64,1,2,14,64,0.5731999990530312,111653.87317817993
inproc,onnx-fp32,64,1,2,15,64,0.5732999998144805,111634.39738480787
inproc,onnx-fp32,64,1,2,16,64,0.5801999941468239,110306.79187460372
inproc,onnx-fp32,64,1,2,17,64,0.5740000051446259,111498.25684038881
inproc,onnx-fp32,64,1,2,18,64,0.5719999899156392,111888.1138606995
inproc,onnx-fp32,64,1,2,19,64,0.5771000287495553,110899.3186825401
inproc,onnx-fp32,64,1,2,20,64,0.5874000489711761,108954.70661280197
inproc,onnx-fp32,64,1,2,21,64,0.5817000055685639,110022.34723626186
inproc,onnx-fp32,64,1,2,22,64,0.5747000104747713,111362.44794415144
inproc,onnx-fp32,64,1,2,23,64,0.5879999953322113,108843.53827901129
inproc,onnx-fp32,64,1,2,24,64,0.5817000055685639,110022.34723626186
inproc,onnx-fp32,64,1,2,25,64,0.5801999941468239,110306.79187460372
inproc,onnx-fp32,64,1,2,26,64,0.5883999983780086,108769.54482736789
inproc,onnx-fp32,64,1,2,27,64,0.5833000177517533,109720.55212115176
inproc,onnx-fp32,64,1,2,28,64,0.5927000311203301,107980.42287770136
inproc,onnx-fp32,64,1,2,29,64,0.5908000166527927,108327.68821266328
inproc,onnx-fp32,64,1,2,30,64,0.6396999815478921,100046.89986880755
inproc,onnx-fp32,64,1,2,31,64,0.5926000303588808,107998.64448410737
inproc,onnx-fp32,64,1,2,32,64,0.5721999914385378,111849.00551833455
inproc,onnx-fp32,64,1,2,33,64,0.5814000032842159,110079.11874522945
inproc,onnx-fp32,64,1,2,34,64,0.5710999830625951,112064.44037485695
inproc,onnx-fp32,64,1,2,35,64,0.5753999575972557,111226.98073745085
inproc,onnx-fp32,64,1,2,36,64,0.582000007852912,109965.63425506797
inproc,onnx-fp32,64,1,2,37,64,0.5827000131830573,109833.5310658285
inproc,onnx-fp32,64,1,2,38,64,0.5825000116601586,109871.24243585217
inproc,onnx-fp32,64,1,2,39,64,0.58230001013726,109908.97971118684
inproc,onnx-fp32,64,1,2,40,64,0.5660000024363399,113074.20446026998
inproc,onnx-fp32,64,1,2,41,64,0.5526000168174505,115816.13835010464
inproc,onnx-fp32,64,1,2,42,64,0.5531000206246972,115711.44027027044
inproc,onnx-fp32,64,1,2,43,64,0.5620999727398157,113858.74951754224
inproc,onnx-fp32,64,1,2,44,64,0.5561999860219657,115066.52572528558
inproc,onnx-fp32,64,1,2,45,64,0.5570999928750098,114880.63331273271
inproc,onnx-fp32,64,1,2,46,64,0.5533000221475959,115669.61402168106
inproc,onnx-fp32,64,1,2,47,64,0.5632000393234193,113636.3557021128
inproc,onnx-fp32,64,1,2,48,64,0.555400038138032,115232.2571214773
inproc,onnx-fp32,64,1,2,49,64,0.5571000510826707,114880.62130962314
inproc,onnx-fp32,64,1,2,50,64,0.5632000393234193,113636.3557021128
inproc,onnx-fp32,64,1,2,51,64,0.5559000419452786,115128.61156844452
inproc,onnx-fp32,64,1,2,52,64,0.5587000050581992,114551.63669335065
inproc,onnx-fp32,64,1,2,53,64,0.5551999784074724,115273.77969930164
inproc,onnx-fp32,64,1,2,54,64,0.6073000258766115,105384.48423021019
inproc,onnx-fp32,64,1,2,55,64,0.5591000081039965,114469.6817605761
inproc,onnx-fp32,64,1,2,56,64,0.7259999983943999,88154.27016741116
inproc,onnx-fp32,64,1,2,57,64,0.7532999734394252,84959.51447839312
inproc,onnx-fp32,64,1,2,58,64,0.7560999947600067,84644.88882890974
inproc,onnx-fp32,64,1,2,59,64,0.6886999472044408,92928.71338205806
inproc,onnx-fp32,64,1,2,60,64,0.6850999779999256,93417.0224130513
inproc,onnx-fp32,64,1,2,61,64,0.9563000057823956,66924.60484473017
inproc,onnx-fp32,64,1,2,62,64,0.7694000378251076,83181.69593663036
inproc,onnx-fp32,64,1,2,63,64,0.6588000105693936,97146.32509596577
inproc,onnx-fp32,64,1,2,64,64,0.6475999834947288,98826.43859042182
inproc,onnx-fp32,64,1,2,65,64,0.6445000180974603,99301.7815405585
inproc,onnx-fp32,64,1,2,66,64,0.6321999826468527,101233.7895550852
inproc,onnx-fp32,64,1,2,67,64,0.5671000108122826,112854.87353161915
inproc,onnx-fp32,64,1,2,68,64,0.5553000373765826,115253.00862999533
inproc,onnx-fp32,64,1,2,69,64,0.5535000236704946,115627.81800005847
inproc,onnx-fp32,64,1,2,70,64,0.5825999542139471,109852.3944897143
inproc,onnx-fp32,64,1,2,71,64,0.5611999658867717,114041.34691788757
inproc,onnx-fp32,64,1,2,72,64,0.5556999822147191,115170.05947153475
inproc,onnx-fp32,64,1,2,73,64,0.5848000291734934,109439.11902749416
inproc,onnx-fp32,64,1,2,74,64,0.5632000393234193,113636.3557021128
inproc,onnx-fp32,64,4,0,0,64,0.5739000043831766,111517.68515629604
inproc,onnx-fp32,64,4,0,1,64,0.5664000054821372,112994.34918882322
inproc,onnx-fp32,64,4,0,2,64,0.5930999759584665,107907.60848805324
inproc,onnx-fp32,64,4,0,3,64,0.5702999769710004,112221.64226609179
inproc,onnx-fp32,64,4,0,4,64,0.5607000202871859,114143.03136143945
inproc,onnx-fp32,64,4,0,5,64,0.5680000176653266,112676.05283369846
inproc,onnx-fp32,64,4,0,6,64,0.5922999698668718,108053.35683941525
inproc,onnx-fp32,64,4,0,7,64,0.5691999685950577,112438.51639340323
inproc,onnx-fp32,64,4,0,8,64,0.575800018850714,111149.70111974432
inproc,onnx-fp32,64,4,0,9,64,0.5889000021852553,108677.1943666371
inproc,onnx-fp32,64,4,0,10,64,0.6272000027820468,102040.81587391211
inproc,onnx-fp32,64,4,0,11,64,0.6947999936528504,92112.83906829875
inproc,onnx-fp32,64,4,0,12,64,0.7492000004276633,85424.45270083702
inproc,onnx-fp32,64,4,0,13,64,0.5904999561607838,108382.73454938889
inproc,onnx-fp32,64,4,0,14,64,0.5607000202871859,114143.03136143945
inproc,onnx-fp32,64,4,0,15,64,0.5936000379733741,107816.70469311984
inproc,onnx-fp32,64,4,0,16,64,0.5615000263787806,113980.40426239702
inproc,onnx-fp32,64,4,0,17,64,0.5528000183403492,115774.23639048495
inproc,onnx-fp32,64,4,0,18,64,0.5812000017613173,110116.99897806096
inproc,onnx-fp32,64,4,0,19,64,0.5607000202871859,114143.03136143945
inproc,onnx-fp32,64,4,0,20,64,0.5883999983780086,108769.54482736789
inproc,onnx-fp32,64,4,0,21,64,0.5556000396609306,115190.77651444673
inproc,onnx-fp32,64,4,0,22,64,0.5861000390723348,109196.37559024511
inproc,onnx-fp32,64,4,0,23,64,0.5621000309474766,113858.73772702256
inproc,onnx-fp32,64,4,0,24,64,0.5582000012509525,114654.24553309385
inproc,onnx-fp32,64,4,0,25,64,0.5816000048071146,110041.26456502585
inproc,onnx-fp32,64,4,0,26,64,0.5685000214725733,112576.95265203717
inproc,onnx-fp32,64,4,0,27,64,0.5710999830625951,112064.44037485695
inproc,onnx-fp32,64,4,0,28,64,0.5672000115737319,112834.97654104061
inproc,onnx-fp32,64,4,0,29,64,0.5837000207975507,109645.36186336308
inproc,onnx-fp32,64,4,0,30,64,0.5593999521806836,114408.30438134949
inproc,onnx-fp32,64,4,0,31,64,0.5526000168174505,115816.13835010464
inproc,onnx-fp32,64,4,0,32,64,0.574899953790009,111323.71741914764
inproc,onnx-fp32,64,4,0,33,64,0.5640999879688025,113455.06357915314
inproc,onnx-fp32,64,4,0,34,64,0.5590000073425472,114490.15949794384
inproc,onnx-fp32,64,4,0,35,64,0.555100035853684,115294.5340772225
inproc,onnx-fp32,64,4,0,36,64,0.5863999831490219,109140.52155375945
inproc,onnx-fp32,64,4,0,37,64,0.632300041615963,101217.76971014557
inproc,onnx-fp32,64,4,0,38,64,0.5768999690189958,110937.7768018092
inproc,onnx-fp32,64,4,0,39,64,0.7470999844372272,85664.57145385927
inproc,onnx-fp32,64,4,0,40,64,0.574599951505661,111381.84023910323
inproc,onnx-fp32,64,4,0,41,64,0.5539999692700803,115523.47211196212
inproc,onnx-fp32,64,4,0,42,64,0.5516000092029572,116026.10393802889
inproc,onnx-fp32,64,4,0,43,64,0.5928999744355679,107944.00870218803
inproc,onnx-fp32,64,4,0,44,64,0.5624999757856131,113777.7826756609
inproc,onnx-fp32,64,4,0,45,64,0.5540999700315297,115502.62310311665
inproc,onnx-fp32,64,4,0,46,64,0.582600012421608,109852.3835143439
inproc,onnx-fp32,64,4,0,47,64,0.5633000400848687,113616.18222210236
inproc,onnx-fp32,64,4,0,48,64,0.5572999943979084,114839.40542497912
inproc,onnx-fp32,64,4,0,49,64,0.5590999498963356,114469.69367796658
inproc,onnx-fp32,64,4,0,50,64,0.5818000063300133,110003.4364105823
inproc,onnx-fp32,64,4,0,51,64,0.5692999693565071,112418.7659316769
inproc,onnx-fp32,64,4,0,52,64,0.6887999479658902,92915.22188554132
inproc,onnx-fp32,64,4,0,53,64,0.800300040282309,79970.0072205716
inproc,onnx-fp32,64,4,0,54,64,0.6269000004976988,102089.64739063663
inproc,onnx-fp32,64,4,0,55,64,0.5630999803543091,113656.54809600678
inproc,onnx-fp32,64,4,0,56,64,0.6848999764770269,93444.30164708394
inproc,onnx-fp32,64,4,0,57,64,0.6645999965257943,96298.52593223125
inproc,onnx-fp32,64,4,0,58,64,0.6892000092193484,92861.28720818259
inproc,onnx-fp32,64,4,0,59,64,0.6565999938175082,97471.82546850253
inproc,onnx-fp32,64,4,0,60,64,0.6544000352732837,97799.50573088368
inproc,onnx-fp32,64,4,0,61,64,0.6615000311285257,96749.80648272284
inproc,onnx-fp32,64,4,0,62,64,0.6550000398419797,97709.91772067701
inproc,onnx-fp32,64,4,0,63,64,0.6500000017695129,98461.5381934939
inproc,onnx-fp32,64,4,0,64,64,0.6832999642938375,93663.11041175213
inproc,onnx-fp32,64,4,0,65,64,0.6710999878123403,95365.81904676821
inproc,onnx-fp32,64,4,0,66,64,0.6644999957643449,96313.01792016362
inproc,onnx-fp32,64,4,0,67,64,0.6333999917842448,101041.99689001628
inproc,onnx-fp32,64,4,0,68,64,0.5724999937228858,111790.39423881409
inproc,onnx-fp32,64,4,0,69,64,0.5513000069186091,116089.24214914549
inproc,onnx-fp32,64,4,0,70,64,0.5607999628409743,114122.68944487865
inproc,onnx-fp32,64,4,0,71,64,0.6122999475337565,104523.93513633551
inproc,onnx-fp32,64,4,0,72,64,0.5675000138580799,112775.32764255595
inproc,onnx-fp32,64,4,0,73,64,0.540299981366843,118452.71554163992
inproc,onnx-fp32,64,4,0,74,64,0.5460999673232436,117194.6600064848
inproc,onnx-fp32,64,4,1,0,64,0.5377000197768211,119025.47451377065
inproc,onnx-fp32,64,4,1,1,64,0.5449000163935125,117452.74008907513
inproc,onnx-fp32,64,4,1,2,64,0.5397999775595963,118562.43545866787
inproc,onnx-fp32,64,4,1,3,64,0.5385999684222043,118826.59441567384
inproc,onnx-fp32,64,4,1,4,64,0.540899985935539,118321.3194012305
inproc,onnx-fp32,64,4,1,5,64,0.5484999855980277,116681.86268085497
inproc,onnx-fp32,64,4,1,6,64,0.5410999874584377,118277.58544332972
inproc,onnx-fp32,64,4,1,7,64,0.5409999866969883,118299.44838029379
inproc,onnx-fp32,64,4,1,8,64,0.5483999848365784,116703.13962366687
inproc,onnx-fp32,64,4,1,9,64,0.5583000020124018,114633.7090619934
inproc,onnx-fp32,64,4,1,10,64,0.5441000103019178,117625.43427353878
inproc,onnx-fp32,64,4,1,11,64,0.5522000137716532,115900.03332825958
inproc,onnx-fp32,64,4,1,12,64,0.60299999313429,106135.98794145757
inproc,onnx-fp32,64,4,1,13,64,0.5569999921135604,114901.25835935696
inproc,onnx-fp32,64,4,1,14,64,0.5539999692700803,115523.47211196212
inproc,onnx-fp32,64,4,1,15,64,0.5419999943114817,118081.18205111986
inproc,onnx-fp32,64,4,1,16,64,0.5455999635159969,117302.06062985474
inproc,onnx-fp32,64,4,1,17,64,0.5383000243455172,118892.80532322713
inproc,onnx-fp32,64,4,1,18,64,0.5360000068321824,119402.98355264372
inproc,onnx-fp32,64,4,1,19,64,0.5373000167310238,119114.08525423302
inproc,onnx-fp32,64,4,1,20,64,0.5455999635159969,117302.06062985474
inproc,onnx-fp32,64,4,1,21,64,0.5390999722294509,118716.385265849
inproc,onnx-fp32,64,4,1,22,64,0.5399000365287066,118540.46243724808
inproc,onnx-fp32,64,4,1,23,64,0.5496999947354198,116427.14319254145
inproc,onnx-fp32,64,4,1,24,64,0.5424999981187284,117972.35063951711
inproc,onnx-fp32,64,4,1,25,64,0.5385999684222043,118826.59441567384
inproc,onnx-fp32,64,4,1,26,64,0.541199988219887,118255.7305858571
inproc,onnx-fp32,64,4,1,27,64,0.5489999894052744,116575.59423513012
inproc,onnx-fp32,64,4,1,28,64,0.5438000080175698,117690.32559104377
inproc,onnx-fp32,64,4,1,29,64,0.5520999548025429,115921.03828896242
inproc,onnx-fp32,64,4,1,30,64,0.5448000156320632,117474.29912561369
inproc,onnx-fp32,64,4,1,31,64,0.5498999962583184,116384.7980277775
inproc,onnx-fp32,64,4,1,32,64,0.5466000293381512,117087.44340444727
inproc,onnx-fp32,64,4,1,33,64,0.5447999574244022,117474.31167683378
inproc,onnx-fp32,64,4,1,34,64,0.5532000213861465,115690.52336555588
inproc,onnx-fp32,64,4,1,35,64,0.5441000103019178,117625.43427353878
inproc,onnx-fp32,64,4,1,36,64,0.5435000057332218,117755.28854624253
inproc,onnx-fp32,64,4,1,37,64,0.5548999761231244,115336.10155679537
inproc,onnx-fp32,64,4,1,38,64,0.5443999543786049,117560.6270449666
inproc,onnx-fp32,64,4,1,39,64,0.5490999901667237,116554.36377000775
inproc,onnx-fp32,64,4,1,40,64,0.5454999627545476,117323.56438087852
inproc,onnx-fp32,64,4,1,41,64,0.555100035853684,115294.5340772225
inproc,onnx-fp32,64,4,1,42,64,0.5911000189371407,108272.70842433511
inproc,onnx-fp32,64,4,1,43,64,0.5860000383108854,109215.00992470353
inproc,onnx-fp32,64,4,1,44,64,0.5472000339068472,116959.05708020307
inproc,onnx-fp32,64,4,1,45,64,0.54980005370453,116405.95443519994
inproc,onnx-fp32,64,4,1,46,64,0.5379000212997198,118981.21856429333
inproc,onnx-fp32,64,4,1,47,64,0.5364999524317682,119291.71607548183
inproc,onnx-fp32,64,4,1,48,64,0.5462000262923539,117173.1909909209
inproc,onnx-fp32,64,4,1,49,64,0.5379000212997198,118981.21856429333
inproc,onnx-fp32,64,4,1,50,64,0.5394999752752483,118628.36502883572
inproc,onnx-fp32,64,4,1,51,64,0.5440000095404685,117647.05676027935
inproc,onnx-fp32,64,4,1,52,64,0.539999979082495,118518.5231094663
inproc,onnx-fp32,64,4,1,53,64,0.5376999615691602,119025.48739864131
inproc,onnx-fp32,64,4,1,54,64,0.5391000304371119,118716.37244781393
inproc,onnx-fp32,64,4,1,55,64,0.5466000293381512,117087.44340444727
inproc,onnx-fp32,64,4,1,56,64,0.5411000456660986,118277.57271987564
inproc,onnx-fp32,64,4,1,57,64,0.5413000471889973,118233.87108934451
inproc,onnx-fp32,64,4,1,58,64,0.5393000319600105,118672.34601748669
inproc,onnx-fp32,64,4,1,59,64,0.5549999768845737,115315.32011813115
inproc,onnx-fp32,64,4,1,60,64,0.5447999574244022,117474.31167683378
inproc,onnx-fp32,64,4,1,61,64,0.5493999924510717,116490.71874659642
inproc,onnx-fp32,64,4,1,62,64,0.5507000023499131,116215.72494444007
inproc,onnx-fp32,64,4,1,63,64,0.552999961655587,115732.37692168185
inproc,onnx-fp32,64,4,1,64,64,0.5454000202007592,117345.06349384054
inproc,onnx-fp32,64,4,1,65,64,0.5286000086925924,121074.53452052294
inproc,onnx-fp32,64,4,1,66,64,0.5277000018395483,121281.03046598006
inproc,onnx-fp32,64,4,1,67,64,0.5221000174060464,122581.87677903498
inproc,onnx-fp32,64,4,1,68,64,0.521400012075901,122746.44901750294
inproc,onnx-fp32,64,4,1,69,64,0.5230999668128788,122347.5512528446
inproc,onnx-fp32,64,4,1,70,64,0.5286000086925924,121074.53452052294
inproc,onnx-fp32,64,4,1,71,64,0.5617999704554677,113919.55031274445
inproc,onnx-fp32,64,4,1,72,64,0.5298000178299844,120800.29793532006
inproc,onnx-fp32,64,4,1,73,64,0.5240000318735838,122137.39715084626
inproc,onnx-fp32,64,4,1,74,64,0.5613000248558819,114021.01757688767
inproc,onnx-fp32,64,4,2,0,64,0.6255999905988574,102301.79181866006
inproc,onnx-fp32,64,4,2,1,64,0.55720005184412,114860.00367046695
inproc,onnx-fp32,64,4,2,2,64,0.5418999935500324,118102.97243358617
inproc,onnx-fp32,64,4,2,3,64,0.5667000077664852,112934.53171500906
inproc,onnx-fp32,64,4,2,4,64,0.6267999997362494,102105.93495043155
inproc,onnx-fp32,64,4,2,5,64,0.6639999919570982,96385.54333617388
inproc,onnx-fp32,64,4,2,6,64,0.6550999823957682,97695.01102098248
inproc,onnx-fp32,64,4,2,7,64,0.6758000236004591,94702.57141902314
inproc,onnx-fp32,64,4,2,8,64,0.6809000042267144,93993.2436521037
inproc,onnx-fp32,64,4,2,9,64,0.6667999550700188,95980.8103065627
inproc,onnx-fp32,64,4,2,10,64,0.6597000174224377,97013.7915867565
inproc,onnx-fp32,64,4,2,11,64,0.6362999556586146,100581.49372925157
inproc,onnx-fp32,64,4,2,12,64,0.6240999791771173,102547.67206431364
inproc,onnx-fp32,64,4,2,13,64,0.6604999653063715,96896.29577847706
inproc,onnx-fp32,64,4,2,14,64,0.6369000184349716,100486.72970251217
inproc,onnx-fp32,64,4,2,15,64,0.6298000225797296,101619.5581223529
inproc,onnx-fp32,64,4,2,16,64,0.6585000082850456,97190.58343928866
inproc,onnx-fp32,64,4,2,17,64,0.6327999872155488,101137.80229613038
inproc,onnx-fp32,64,4,2,18,64,0.629899965133518,101603.43473972747
inproc,onnx-fp32,64,4,2,19,64,0.6870999932289124,93145.10352305874
inproc,onnx-fp32,64,4,2,20,64,0.6290999590419233,101732.64054486297
inproc,onnx-fp32,64,4,2,21,64,0.6365000153891742,100549.87973703124
inproc,onnx-fp32,64,4,2,22,64,0.7186000002548099,89062.06509505442
inproc,onnx-fp32,64,4,2,23,64,0.6765000289306045,94604.57836368421
inproc,onnx-fp32,64,4,2,24,64,0.6481999880634248,98734.9601643895
inproc,onnx-fp32,64,4,2,25,64,0.6673000170849264,95908.88410220857
inproc,onnx-fp32,64,4,2,26,64,0.6279000081121922,101927.05713194478
inproc,onnx-fp32,64,4,2,27,64,0.6211000145412982,103042.98583419935
inproc,onnx-fp32,64,4,2,28,64,0.6329999887384474,101105.84698042466
inproc,onnx-fp32,64,4,2,29,64,0.6256000488065183,102301.78230020171
inproc,onnx-fp32,64,4,2,30,64,0.6206999532878399,103109.40038096152
inproc,onnx-fp32,64,4,2,31,64,0.6439000135287642,99394.31379922
inproc,onnx-fp32,64,4,2,32,64,0.6304000271484256,101522.83826747269
inproc,onnx-fp32,64,4,2,33,64,0.6237000343389809,102613.43029719316
inproc,onnx-fp32,64,4,2,34,64,0.638200028333813,100282.03879446485
inproc,onnx-fp32,64,4,2,35,64,0.6303999689407647,101522.84764153238
inproc,onnx-fp32,64,4,2,36,64,0.6213000160641968,103009.81545989063
inproc,onnx-fp32,64,4,2,37,64,0.6199000054039061,103242.457561038
inproc,onnx-fp32,64,4,2,38,64,0.6539999740198255,97859.33110459098
inproc,onnx-fp32,64,4,2,39,64,0.6256999913603067,102285.44171921822
inproc,onnx-fp32,64,4,2,40,64,0.6128000095486641,104438.64067028476
inproc,onnx-fp32,64,4,2,41,64,0.6283000111579895,101862.16594528573
inproc,onnx-fp32,64,4,2,42,64,0.6133999559096992,104336.49266421152
inproc,onnx-fp32,64,4,2,43,64,0.6071999669075012,105401.8502766973
inproc,onnx-fp32,64,4,2,44,64,0.7145999697968364,89560.59712428403
inproc,onnx-fp32,64,4,2,45,64,0.7622999837622046,83956.4493811723
inproc,onnx-fp32,64,4,2,46,64,0.6546000367961824,97769.62481278804
inproc,onnx-fp32,64,4,2,47,64,0.582000007852912,109965.63425506797
inproc,onnx-fp32,64,4,2,48,64,0.5489999894052744,116575.59423513012
inproc,onnx-fp32,64,4,2,49,64,0.5422999965958297,118015.85912178883
inproc,onnx-fp32,64,4,2,50,64,0.6291000172495842,101732.63113202101
inproc,onnx-fp32,64,4,2,51,64,0.6493999972008169,98552.51043404145
inproc,onnx-fp32,64,4,2,52,64,0.6338999955914915,100962.29759440472
inproc,onnx-fp32,64,4,2,53,64,0.6456999690271914,99117.2418614517
inproc,onnx-fp32,64,4,2,54,64,0.6364000146277249,100565.67964951745
inproc,onnx-fp32,64,4,2,55,64,0.6390000344254076,100156.48912687329
inproc,onnx-fp32,64,4,2,56,64,0.6632999866269529,96487.26261168206
inproc,onnx-fp32,64,4,2,57,64,0.6571999983862042,97382.83651423617
inproc,onnx-fp32,64,4,2,58,64,0.6826999597251415,93745.42811715812
inproc,onnx-fp32,64,4,2,59,64,0.6519999587908387,98159.51540655107
inproc,onnx-fp32,64,4,2,60,64,0.623399973846972,102662.82111797182
inproc,onnx-fp32,64,4,2,61,64,0.5591000081039965,114469.6817605761
inproc,onnx-fp32,64,4,2,62,64,0.5797000485472381,110401.92278815174
inproc,onnx-fp32,64,4,2,63,64,0.575200014282018,111265.643968884
inproc,onnx-fp32,64,4,2,64,64,0.5798999918624759,110363.85738590886
inproc,onnx-fp32,64,4,2,65,64,0.5388000281527638,118782.47337777483
inproc,onnx-fp32,64,4,2,66,64,0.5651999963447452,113234.25409394914
inproc,onnx-fp32,64,4,2,67,64,0.5424999981187284,117972.35063951711
inproc,onnx-fp32,64,4,2,68,64,0.5377000197768211,119025.47451377065
inproc,onnx-fp32,64,4,2,69,64,0.5371999577619135,119136.27146702929
inproc,onnx-fp32,64,4,2,70,64,0.5472999764606357,116937.69916433237
inproc,onnx-fp32,64,4,2,71,64,0.5393000319600105,118672.34601748669
inproc,onnx-fp32,64,4,2,72,64,0.5369000136852264,119202.82802883648
inproc,onnx-fp32,64,4,2,73,64,0.5376000190153718,119047.61483680308
inproc,onnx-fp32,64,4,2,74,64,0.5657000001519918,113134.17002440256
inproc,onnx-int8,1,1,0,0,1,0.02889998722821474,34602.091416279625
inproc,onnx-int8,1,1,0,1,1,0.02929999027401209,34129.704161948466
inproc,onnx-int8,1,1,0,2,1,0.028799986466765404,34722.23853834027
inproc,onnx-int8,1,1,0,3,1,0.027699978090822697,36101.11158648573
inproc,onnx-int8,1,1,0,4,1,0.02770003629848361,36101.03572516774
inproc,onnx-int8,1,1,0,5,1,0.02770003629848361,36101.03572516774
inproc,onnx-int8,1,1,0,6,1,0.027999980375170708,35714.31074597327
inproc,onnx-int8,1,1,0,7,1,0.027799978852272034,35971.250385259635
inproc,onnx-int8,1,1,0,8,1,0.02789997961372137,35842.3200964704
inproc,onnx-int8,1,1,0,9,1,0.027600035537034273,36231.837406809864
inproc,onnx-int8,1,1,0,10,1,0.027600035537034273,36231.837406809864
inproc,onnx-int8,1,1,0,11,1,0.02759997732937336,36231.91381884749
inproc,onnx-int8,1,1,0,12,1,0.027499976567924023,36363.66734822604
inproc,onnx-int8,1,1,0,13,1,0.027499976567924023,36363.66734822604
inproc,onnx-int8,1,1,0,14,1,0.027600035537034273,36231.837406809864
inproc,onnx-int8,1,1,0,15,1,0.027699978090822697,36101.11158648573
inproc,onnx-int8,1,1,0,16,1,0.027699978090822697,36101.11158648573
inproc,onnx-int8,1,1,0,17,1,0.028300040867179632,35335.63801880331
inproc,onnx-int8,1,1,0,18,1,0.02789997961372137,35842.3200964704
inproc,onnx-int8,1,1,0,19,1,0.02789997961372137,35842.3200964704
inproc,onnx-int8,1,1,0,20,1,0.02759997732937336,36231.91381884749
inproc,onnx-int8,1,1,0,21,1,0.027600035537034273,36231.837406809864
inproc,onnx-int8,1,1,0,22,1,0.027699978090822697,36101.11158648573
inproc,onnx-int8,1,1,0,23,1,0.02759997732937336,36231.91381884749
inproc,onnx-int8,1,1,0,24,1,0.027499976567924023,36363.66734822604
inproc,onnx-int8,1,1,0,25,1,0.02770003629848361,36101.03572516774
inproc,onnx-int8,1,1,0,26,1,0.027500034775584936,36363.59037944997
inproc,onnx-int8,1,1,0,27,1,0.02759997732937336,36231.91381884749
inproc,onnx-int8,1,1,0,28,1,0.027499976567924023,36363.66734822604
inproc,onnx-int8,1,1,0,29,1,0.0274000340141356,36496.3050587493
inproc,onnx-int8,1,1,0,30,1,0.027800037059932947,35971.17506872892
inproc,onnx-int8,1,1,0,31,1,0.027499976567924023,36363.66734822604
inproc,onnx-int8,1,1,0,32,1,0.027699978090822697,36101.11158648573
inproc,onnx-int8,1,1,0,33,1,0.02759997732937336,36231.91381884749
inproc,onnx-int8,1,1,0,34,1,0.027600035537034273,36231.837406809864
inproc,onnx-int8,1,1,0,35,1,0.02759997732937336,36231.91381884749
inproc,onnx-int8,1,1,0,36,1,0.027699978090822697,36101.11158648573
inproc,onnx-int8,1,1,0,37,1,0.02759997732937336,36231.91381884749
inproc,onnx-int8,1,1,0,38,1,0.027600035537034273,36231.837406809864
inproc,onnx-int8,1,1,0,39,1,0.027600035537034273,36231.837406809864
inproc,onnx-int8,1,1,0,40,1,0.027499976567924023,36363.66734822604
inproc,onnx-int8,1,1,0,41,1,0.027399975806474686,36496.38259037066
inproc,onnx-int8,1,1,0,42,1,0.02770003629848361,36101.03572516774
inproc,onnx-int8,1,1,0,43,1,0.028099981136620045,35587.212501605376
inproc,onnx-int8,1,1,0,44,1,0.027500034775584936,36363.59037944997
inproc,onnx-int8,1,1,0,45,1,0.02759997732937336,36231.91381884749
inproc,onnx-int8,1,1,0,46,1,0.027799978852272034,35971.250385259635
inproc,onnx-int8,1,1,0,47,1,0.027499976567924023,36363.66734822604
inproc,onnx-int8,1,1,0,48,1,0.0274000340141356,36496.3050587493
inproc,onnx-int8,1,1,0,49,1,0.027600035537034273,36231.837406809864
inproc,onnx-int8,1,1,0,50,1,0.027499976567924023,36363.66734822604
inproc,onnx-int8,1,1,0,51,1,0.02759997732937336,36231.91381884749
inproc,onnx-int8,1,1,0,52,1,0.027600035537034273,36231.837406809864
inproc,onnx-int8,1,1,0,53,1,0.027800037059932947,35971.17506872892
inproc,onnx-int8,1,1,0,54,1,0.02759997732937336,36231.91381884749
inproc,onnx-int8,1,1,0,55,1,0.03789999755099416,26385.225979355477
inproc,onnx-int8,1,1,0,56,1,0.028999987989664078,34482.77290171331
inproc,onnx-int8,1,1,0,57,1,0.027699978090822697,36101.11158648573
inproc,onnx-int8,1,1,0,58,1,0.02759997732937336,36231.91381884749
inproc,onnx-int8,1,1,0,59,1,0.02770003629848361,36101.03572516774
inproc,onnx-int8,1,1,0,60,1,0.027500034775584936,36363.59037944997
inproc,onnx-int8,1,1,0,61,1,0.027699978090822697,36101.11158648573
inproc,onnx-int8,1,1,0,62,1,0.027499976567924023,36363.66734822604
inproc,onnx-int8,1,1,0,63,1,0.02770003629848361,36101.03572516774
inproc,onnx-int8,1,1,0,64,1,0.029800052288919687,33556.98809870283
inproc,onnx-int8,1,1,0,65,1,0.028100039344280958,35587.13878468374
inproc,onnx-int8,1,1,0,66,1,0.02770003629848361,36101.03572516774
inproc,onnx-int8,1,1,0,67,1,0.027699978090822697,36101.11158648573
inproc,onnx-int8,1,1,0,68,1,0.02789997961372137,35842.3200964704
inproc,onnx-int8,1,1,0,69,1,0.027799978852272034,35971.250385259635
inproc,onnx-int8,1,1,0,70,1,0.027699978090822697,36101.11158648573
inproc,onnx-int8,1,1,0,71,1,0.027500034775584936,36363.59037944997
inproc,onnx-int8,1,1,0,72,1,0.027699978090822697,36101.11158648573
inproc,onnx-int8,1,1,0,73,1,0.02759997732937336,36231.91381884749
inproc,onnx-int8,1,1,0,74,1,0.02759997732937336,36231.91381884749
inproc,onnx-int8,1,1,1,0,1,0.027999980375170708,35714.31074597327
inproc,onnx-int8,1,1,1,1,1,0.028399983420968056,35211.28816088279
inproc,onnx-int8,1,1,1,2,1,0.027999980375170708,35714.31074597327
inproc,onnx-int8,1,1,1,3,1,0.027999980375170708,35714.31074597327
inproc,onnx-int8,1,1,1,4,1,0.02789997961372137,35842.3200964704
inproc,onnx-int8,1,1,1,5,1,0.027800037059932947,35971.17506872892
inproc,onnx-int8,1,1,1,6,1,0.027999980375170708,35714.31074597327
inproc,onnx-int8,1,1,1,7,1,0.027799978852272034,35971.250385259635
inproc,onnx-int8,1,1,1,8,1,0.027799978852272034,35971.250385259635
inproc,onnx-int8,1,1,1,9,1,0.027699978090822697,36101.11158648573
inproc,onnx-int8,1,1,1,10,1,0.027600035537034273,36231.837406809864
inproc,onnx-int8,1,1,1,11,1,0.02759997732937336,36231.91381884749
inproc,onnx-int8,1,1,1,12,1,0.02759997732937336,36231.91381884749
inproc,onnx-int8,1,1,1,13,1,0.02759997732937336,36231.91381884749
inproc,onnx-int8,1,1,1,14,1,0.027600035537034273,36231.837406809864
inproc,onnx-int8,1,1,1,15,1,0.027600035537034273,36231.837406809864
inproc,onnx-int8,1,1,1,16,1,0.027499976567924023,36363.66734822604
inproc,onnx-int8,1,1,1,17,1,0.027699978090822697,36101.11158648573
inproc,onnx-int8,1,1,1,18,1,0.02819998189806938,35461.015670668276
inproc,onnx-int8,1,1,1,19,1,0.027799978852272034,35971.250385259635
inproc,onnx-int8,1,1,1,20,1,0.027500034775584936,36363.59037944997
inproc,onnx-int8,1,1,1,21,1,0.027799978852272034,35971.250385259635
inproc,onnx-int8,1,1,1,22,1,0.027699978090822697,36101.11158648573
inproc,onnx-int8,1,1,1,23,1,0.028099981136620045,35587.212501605376
inproc,onnx-int8,1,1,1,24,1,0.02770003629848361,36101.03572516774
inproc,onnx-int8,1,1,1,25,1,0.02770003629848361,36101.03572516774
inproc,onnx-int8,1,1,1,26,1,0.027799978852272034,35971.250385259635
inproc,onnx-int8,1,1,1,27,1,0.02759997732937336,36231.91381884749
inproc,onnx-int8,1,1,1,28,1,0.027499976567924023,36363.66734822604
inproc,onnx-int8,1,1,1,29,1,0.027500034775584936,36363.59037944997
inproc,onnx-int8,1,1,1,30,1,0.027699978090822697,36101.11158648573
inproc,onnx-int8,1,1,1,31,1,0.02859998494386673,34965.05337197564
inproc,onnx-int8,1,1,1,32,1,0.027799978852272034,35971.250385259635
inproc,onnx-int8,1,1,1,33,1,0.027799978852272034,35971.250385259635
inproc,onnx-int8,1,1,1,34,1,0.027900037821382284,35842.2453188795
inproc,onnx-int8,1,1,1,35,1,0.027500034775584936,36363.59037944997
inproc,onnx-int8,1,1,1,36,1,0.02759997732937336,36231.91381884749
inproc,onnx-int8,1,1,1,37,1,0.029799994081258774,33557.053644816
inproc,onnx-int8,1,1,1,38,1,0.028099981136620045,35587.212501605376
inproc,onnx-int8,1,1,1,39,1,0.027999980375170708,35714.31074597327
inproc,onnx-int8,1,1,1,40,1,0.027699978090822697,36101.11158648573
inproc,onnx-int8,1,1,1,41,1,0.027800037059932947,35971.17506872892
inproc,onnx-int8,1,1,1,42,1,0.02759997732937336,36231.91381884749
inproc,onnx-int8,1,1,1,43,1,0.027699978090822697,36101.11158648573
inproc,onnx-int8,1,1,1,44,1,0.028099981136620045,35587.212501605376
inproc,onnx-int8,1,1,1,45,1,0.027699978090822697,36101.11158648573
inproc,onnx-int8,1,1,1,46,1,0.02770003629848361,36101.03572516774
inproc,onnx-int8,1,1,1,47,1,0.027800037059932947,35971.17506872892
inproc,onnx-int8,1,1,1,48,1,0.027799978852272034,35971.250385259635
inproc,onnx-int8,1,1,1,49,1,0.02759997732937336,36231.91381884749
inproc,onnx-int8,1,1,1,50,1,0.027600035537034273,36231.837406809864
inproc,onnx-int8,1,1,1,51,1,0.02770003629848361,36101.03572516774
inproc,onnx-int8,1,1,1,52,1,0.027799978852272034,35971.250385259635
inproc,onnx-int8,1,1,1,53,1,0.029999995604157448,33333.33821760355
inproc,onnx-int8,1,1,1,54,1,0.028099981136620045,35587.212501605376
inproc,onnx-int8,1,1,1,55,1,0.027699978090822697,36101.11158648573
inproc,onnx-int8,1,1,1,56,1,0.027799978852272034,35971.250385259635
inproc,onnx-int8,1,1,1,57,1,0.02770003629848361,36101.03572516774
inproc,onnx-int8,1,1,1,58,1,0.027900037821382284,35842.2453188795
inproc,onnx-int8,1,1,1,59,1,0.02759997732937336,36231.91381884749
inproc,onnx-int8,1,1,1,60,1,0.027699978090822697,36101.11158648573
inproc,onnx-int8,1,1,1,61,1,0.02770003629848361,36101.03572516774
inproc,onnx-int8,1,1,1,62,1,0.027900037821382284,35842.2453188795
inproc,onnx-int8,1,1,1,63,1,0.02759997732937336,36231.91381884749
inproc,onnx-int8,1,1,1,64,1,0.027799978852272034,35971.250385259635
inproc,onnx-int8,1,1,1,65,1,0.027699978090822697,36101.11158648573
inproc,onnx-int8,1,1,1,66,1,0.02770003629848361,36101.03572516774
inproc,onnx-int8,1,1,1,67,1,0.027600035537034273,36231.837406809864
inproc,onnx-int8,1,1,1,68,1,0.027699978090822697,36101.11158648573
inproc,onnx-int8,1,1,1,69,1,0.027699978090822697,36101.11158648573
inproc,onnx-int8,1,1,1,70,1,0.02819998189806938,35461.015670668276
inproc,onnx-int8,1,1,1,71,1,0.027600035537034273,36231.837406809864
inproc,onnx-int8,1,1,1,72,1,0.027800037059932947,35971.17506872892
inproc,onnx-int8,1,1,1,73,1,0.027699978090822697,36101.11158648573
inproc,onnx-int8,1,1,1,74,1,0.027999980375170708,35714.31074597327
inproc,onnx-int8,1,1,2,0,1,0.02829998265951872,35335.710697463954
inproc,onnx-int8,1,1,2,1,1,0.028699985705316067,34843.22292936791
inproc,onnx-int8,1,1,2,2,1,0.02829998265951872,35335.710697463954
inproc,onnx-int8,1,1,2,3,1,0.02800003858283162,35714.236501558094
inproc,onnx-int8,1,1,2,4,1,0.027900037821382284,35842.2453188795
inproc,onnx-int8,1,1,2,5,1,0.027799978852272034,35971.250385259635
inproc,onnx-int8,1,1,2,6,1,0.027799978852272034,35971.250385259635
inproc,onnx-int8,1,1,2,7,1,0.027799978852272034,35971.250385259635
inproc,onnx-int8,1,1,2,8,1,0.028300040867179632,35335.63801880331
inproc,onnx-int8,1,1,2,9,1,0.027800037059932947,35971.17506872892
inproc,onnx-int8,1,1,2,10,1,0.027799978852272034,35971.250385259635
inproc,onnx-int8,1,1,2,11,1,0.027799978852272034,35971.250385259635
inproc,onnx-int8,1,1,2,12,1,0.02759997732937336,36231.91381884749
inproc,onnx-int8,1,1,2,13,1,0.02770003629848361,36101.03572516774
inproc,onnx-int8,1,1,2,14,1,0.02770003629848361,36101.03572516774
inproc,onnx-int8,1,1,2,15,1,0.027699978090822697,36101.11158648573
inproc,onnx-int8,1,1,2,16,1,0.027699978090822697,36101.11158648573
inproc,onnx-int8,1,1,2,17,1,0.027799978852272034,35971.250385259635
inproc,onnx-int8,1,1,2,18,1,0.02770003629848361,36101.03572516774
inproc,onnx-int8,1,1,2,19,1,0.027699978090822697,36101.11158648573
inproc,onnx-int8,1,1,2,20,1,0.028099981136620045,35587.212501605376
inproc,onnx-int8,1,1,2,21,1,0.03589998232200742,27855.16691987282
inproc,onnx-int8,1,1,2,22,1,0.028999987989664078,34482.77290171331
inproc,onnx-int8,1,1,2,23,1,0.027999980375170708,35714.31074597327
inproc,onnx-int8,1,1,2,24,1,0.027799978852272034,35971.250385259635
inproc,onnx-int8,1,1,2,25,1,0.028300040867179632,35335.63801880331
inproc,onnx-int8,1,1,2,26,1,0.02800003858283162,35714.236501558094
inproc,onnx-int8,1,1,2,27,1,0.027799978852272034,35971.250385259635
inproc,onnx-int8,1,1,2,28,1,0.02819998189806938,35461.015670668276
inproc,onnx-int8,1,1,2,29,1,0.02829998265951872,35335.710697463954
inproc,onnx-int8,1,1,2,30,1,0.02789997961372137,35842.3200964704
inproc,onnx-int8,1,1,2,31,1,0.027800037059932947,35971.17506872892
inproc,onnx-int8,1,1,2,32,1,0.027799978852272034,35971.250385259635
inproc,onnx-int8,1,1,2,33,1,0.02789997961372137,35842.3200964704
inproc,onnx-int8,1,1,2,34,1,0.027699978090822697,36101.11158648573
inproc,onnx-int8,1,1,2,35,1,0.028699985705316067,34843.22292936791
inproc,onnx-int8,1,1,2,36,1,0.028799986466765404,34722.23853834027
inproc,onnx-int8,1,1,2,37,1,0.027900037821382284,35842.2453188795
inproc,onnx-int8,1,1,2,38,1,0.027999980375170708,35714.31074597327
inproc,onnx-int8,1,1,2,39,1,0.027999980375170708,35714.31074597327
inproc,onnx-int8,1,1,2,40,1,0.02889998722821474,34602.091416279625
inproc,onnx-int8,1,1,2,41,1,0.029699993319809437,33670.041243174805
inproc,onnx-int8,1,1,2,42,1,0.027799978852272034,35971.250385259635
inproc,onnx-int8,1,1,2,43,1,0.027799978852272034,35971.250385259635
inproc,onnx-int8,1,1,2,44,1,0.027800037059932947,35971.17506872892
inproc,onnx-int8,1,1,2,45,1,0.028100039344280958,35587.13878468374
inproc,onnx-int8,1,1,2,46,1,0.027799978852272034,35971.250385259635
inproc,onnx-int8,1,1,2,47,1,0.027699978090822697,36101.11158648573
inproc,onnx-int8,1,1,2,48,1,0.02789997961372137,35842.3200964704
inproc,onnx-int8,1,1,2,49,1,0.027800037059932947,35971.17506872892
inproc,onnx-int8,1,1,2,50,1,0.027800037059932947,35971.17506872892
inproc,onnx-int8,1,1,2,51,1,0.027799978852272034,35971.250385259635
inproc,onnx-int8,1,1,2,52,1,0.027699978090822697,36101.11158648573
inproc,onnx-int8,1,1,2,53,1,0.027799978852272034,35971.250385259635
inproc,onnx-int8,1,1,2,54,1,0.027800037059932947,35971.17506872892
inproc,onnx-int8,1,1,2,55,1,0.027800037059932947,35971.17506872892
inproc,onnx-int8,1,1,2,56,1,0.02759997732937336,36231.91381884749
inproc,onnx-int8,1,1,2,57,1,0.02789997961372137,35842.3200964704
inproc,onnx-int8,1,1,2,58,1,0.027699978090822697,36101.11158648573
inproc,onnx-int8,1,1,2,59,1,0.027800037059932947,35971.17506872892
inproc,onnx-int8,1,1,2,60,1,0.027799978852272034,35971.250385259635
inproc,onnx-int8,1,1,2,61,1,0.027999980375170708,35714.31074597327
inproc,onnx-int8,1,1,2,62,1,0.027799978852272034,35971.250385259635
inproc,onnx-int8,1,1,2,63,1,0.027800037059932947,35971.17506872892
inproc,onnx-int8,1,1,2,64,1,0.027600035537034273,36231.837406809864
inproc,onnx-int8,1,1,2,65,1,0.02789997961372137,35842.3200964704
inproc,onnx-int8,1,1,2,66,1,0.027799978852272034,35971.250385259635
inproc,onnx-int8,1,1,2,67,1,0.02819998189806938,35461.015670668276
inproc,onnx-int8,1,1,2,68,1,0.02800003858283162,35714.236501558094
inproc,onnx-int8,1,1,2,69,1,0.027800037059932947,35971.17506872892
inproc,onnx-int8,1,1,2,70,1,0.027999980375170708,35714.31074597327
inproc,onnx-int8,1,1,2,71,1,0.028499984182417393,35087.738772042336
inproc,onnx-int8,1,1,2,72,1,0.02759997732937336,36231.91381884749
inproc,onnx-int8,1,1,2,73,1,0.02789997961372137,35842.3200964704
inproc,onnx-int8,1,1,2,74,1,0.02819998189806938,35461.015670668276
inproc,onnx-int8,1,4,0,0,1,0.028100039344280958,35587.13878468374
inproc,onnx-int8,1,4,0,1,1,0.028300040867179632,35335.63801880331
inproc,onnx-int8,1,4,0,2,1,0.028500042390078306,35087.66710986118
inproc,onnx-int8,1,4,0,3,1,0.02789997961372137,35842.3200964704
inproc,onnx-int8,1,4,0,4,1,0.027799978852272034,35971.250385259635
inproc,onnx-int8,1,4,0,5,1,0.027799978852272034,35971.250385259635
inproc,onnx-int8,1,4,0,6,1,0.027699978090822697,36101.11158648573
inproc,onnx-int8,1,4,0,7,1,0.027600035537034273,36231.837406809864
inproc,onnx-int8,1,4,0,8,1,0.027999980375170708,35714.31074597327
inproc,onnx-int8,1,4,0,9,1,0.027799978852272034,35971.250385259635
inproc,onnx-int8,1,4,0,10,1,0.027799978852272034,35971.250385259635
inproc,onnx-int8,1,4,0,11,1,0.027699978090822697,36101.11158648573
inproc,onnx-int8,1,4,0,12,1,0.027800037059932947,35971.17506872892
inproc,onnx-int8,1,4,0,13,1,0.027600035537034273,36231.837406809864
inproc,onnx-int8,1,4,0,14,1,0.027699978090822697,36101.11158648573
inproc,onnx-int8,1,4,0,15,1,0.02759997732937336,36231.91381884749
inproc,onnx-int8,1,4,0,16,1,0.027600035537034273,36231.837406809864
inproc,onnx-int8,1,4,0,17,1,0.02770003629848361,36101.03572516774
inproc,onnx-int8,1,4,0,18,1,0.027699978090822697,36101.11158648573
inproc,onnx-int8,1,4,0,19,1,0.027699978090822697,36101.11158648573
inproc,onnx-int8,1,4,0,20,1,0.027699978090822697,36101.11158648573
inproc,onnx-int8,1,4,0,21,1,0.027600035537034273,36231.837406809864
inproc,onnx-int8,1,4,0,22,1,0.028099981136620045,35587.212501605376
inproc,onnx-int8,1,4,0,23,1,0.027800037059932947,35971.17506872892
inproc,onnx-int8,1,4,0,24,1,0.02770003629848361,36101.03572516774
inproc,onnx-int8,1,4,0,25,1,0.02789997961372137,35842.3200964704
inproc,onnx-int8,1,4,0,26,1,0.027799978852272034,35971.250385259635
inproc,onnx-int8,1,4,0,27,1,0.02759997732937336,36231.91381884749
inproc,onnx-int8,1,4,0,28,1,0.02770003629848361,36101.03572516774
inproc,onnx-int8,1,4,0,29,1,0.027799978852272034,35971.250385259635
inproc,onnx-int8,1,4,0,30,1,0.029199989512562752,34246.58764242941
inproc,onnx-int8,1,4,0,31,1,0.027799978852272034,35971.250385259635
inproc,onnx-int8,1,4,0,32,1,0.02759997732937336,36231.91381884749
inproc,onnx-int8,1,4,0,33,1,0.027600035537034273,36231.837406809864
inproc,onnx-int8,1,4,0,34,1,0.027600035537034273,36231.837406809864
inproc,onnx-int8,1,4,0,35,1,0.027799978852272034,35971.250385259635
inproc,onnx-int8,1,4,0,36,1,0.02759997732937336,36231.91381884749
inproc,onnx-int8,1,4,0,37,1,0.027799978852272034,35971.250385259635
inproc,onnx-int8,1,4,0,38,1,0.027500034775584936,36363.59037944997
inproc,onnx-int8,1,4,0,39,1,0.027699978090822697,36101.11158648573
inproc,onnx-int8,1,4,0,40,1,0.02759997732937336,36231.91381884749
inproc,onnx-int8,1,4,0,41,1,0.027799978852272034,35971.250385259635
inproc,onnx-int8,1,4,0,42,1,0.027600035537034273,36231.837406809864
inproc,onnx-int8,1,4,0,43,1,0.027800037059932947,35971.17506872892
inproc,onnx-int8,1,4,0,44,1,0.02759997732937336,36231.91381884749
inproc,onnx-int8,1,4,0,45,1,0.027499976567924023,36363.66734822604
inproc,onnx-int8,1,4,0,46,1,0.03579998156055808,27932.97528124233
inproc,onnx-int8,1,4,0,47,1,0.029699993319809437,33670.041243174805
inproc,onnx-int8,1,4,0,48,1,0.027699978090822697,36101.11158648573
inproc,onnx-int8,1,4,0,49,1,0.027600035537034273,36231.837406809864
inproc,onnx-int8,1,4,0,50,1,0.02770003629848361,36101.03572516774
inproc,onnx-int8,1,4,0,51,1,0.027699978090822697,36101.11158648573
inproc,onnx-int8,1,4,0,52,1,0.02759997732937336,36231.91381884749
inproc,onnx-int8,1,4,0,53,1,0.027699978090822697,36101.11158648573
inproc,onnx-int8,1,4,0,54,1,0.02770003629848361,36101.03572516774
inproc,onnx-int8,1,4,0,55,1,0.027699978090822697,36101.11158648573
inproc,onnx-int8,1,4,0,56,1,0.02759997732937336,36231.91381884749
inproc,onnx-int8,1,4,0,57,1,0.027699978090822697,36101.11158648573
inproc,onnx-int8,1,4,0,58,1,0.027800037059932947,35971.17506872892
inproc,onnx-int8,1,4,0,59,1,0.027600035537034273,36231.837406809864
inproc,onnx-int8,1,4,0,60,1,0.02759997732937336,36231.91381884749
inproc,onnx-int8,1,4,0,61,1,0.027499976567924023,36363.66734822604
inproc,onnx-int8,1,4,0,62,1,0.027800037059932947,35971.17506872892
inproc,onnx-int8,1,4,0,63,1,0.027600035537034273,36231.837406809864
inproc,onnx-int8,1,4,0,64,1,0.02759997732937336,36231.91381884749
inproc,onnx-int8,1,4,0,65,1,0.027799978852272034,35971.250385259635
inproc,onnx-int8,1,4,0,66,1,0.02759997732937336,36231.91381884749
inproc,onnx-int8,1,4,0,67,1,0.027800037059932947,35971.17506872892
inproc,onnx-int8,1,4,0,68,1,0.02770003629848361,36101.03572516774
inproc,onnx-int8,1,4,0,69,1,0.027799978852272034,35971.250385259635
inproc,onnx-int8,1,4,0,70,1,0.027699978090822697,36101.11158648573
inproc,onnx-int8,1,4,0,71,1,0.027799978852272034,35971.250385259635
inproc,onnx-int8,1,4,0,72,1,0.027999980375170708,35714.31074597327
inproc,onnx-int8,1,4,0,73,1,0.027600035537034273,36231.837406809864
inproc,onnx-int8,1,4,0,74,1,0.027799978852272034,35971.250385259635
inproc,onnx-int8,1,4,1,0,1,0.027999980375170708,35714.31074597327
inproc,onnx-int8,1,4,1,1,1,0.02819998189806938,35461.015670668276
inproc,onnx-int8,1,4,1,2,1,0.027799978852272034,35971.250385259635
inproc,onnx-int8,1,4,1,3,1,0.02789997961372137,35842.3200964704
inproc,onnx-int8,1,4,1,4,1,0.02819998189806938,35461.015670668276
inproc,onnx-int8,1,4,1,5,1,0.027800037059932947,35971.17506872892
inproc,onnx-int8,1,4,1,6,1,0.027600035537034273,36231.837406809864
inproc,onnx-int8,1,4,1,7,1,0.02759997732937336,36231.91381884749
inproc,onnx-int8,1,4,1,8,1,0.02759997732937336,36231.91381884749
inproc,onnx-int8,1,4,1,9,1,0.027900037821382284,35842.2453188795
inproc,onnx-int8,1,4,1,10,1,0.02770003629848361,36101.03572516774
inproc,onnx-int8,1,4,1,11,1,0.02759997732937336,36231.91381884749
inproc,onnx-int8,1,4,1,12,1,0.027699978090822697,36101.11158648573
inproc,onnx-int8,1,4,1,13,1,0.027699978090822697,36101.11158648573
inproc,onnx-int8,1,4,1,14,1,0.02770003629848361,36101.03572516774
inproc,onnx-int8,1,4,1,15,1,0.027799978852272034,35971.250385259635
inproc,onnx-int8,1,4,1,16,1,0.027499976567924023,36363.66734822604
inproc,onnx-int8,1,4,1,17,1,0.027799978852272034,35971.250385259635
inproc,onnx-int8,1,4,1,18,1,0.02770003629848361,36101.03572516774
inproc,onnx-int8,1,4,1,19,1,0.029600050766021013,33783.7258423873
inproc,onnx-int8,1,4,1,20,1,0.027800037059932947,35971.17506872892
inproc,onnx-int8,1,4,1,21,1,0.027799978852272034,35971.250385259635
inproc,onnx-int8,1,4,1,22,1,0.02759997732937336,36231.91381884749
inproc,onnx-int8,1,4,1,23,1,0.027999980375170708,35714.31074597327
inproc,onnx-int8,1,4,1,24,1,0.02759997732937336,36231.91381884749
inproc,onnx-int8,1,4,1,25,1,0.02770003629848361,36101.03572516774
inproc,onnx-int8,1,4,1,26,1,0.027699978090822697,36101.11158648573
inproc,onnx-int8,1,4,1,27,1,0.02759997732937336,36231.91381884749
inproc,onnx-int8,1,4,1,28,1,0.027499976567924023,36363.66734822604
inproc,onnx-int8,1,4,1,29,1,0.02770003629848361,36101.03572516774
inproc,onnx-int8,1,4,1,30,1,0.02759997732937336,36231.91381884749
inproc,onnx-int8,1,4,1,31,1,0.02759997732937336,36231.91381884749
inproc,onnx-int8,1,4,1,32,1,0.03579998156055808,27932.97528124233
inproc,onnx-int8,1,4,1,33,1,0.028699985705316067,34843.22292936791
inproc,onnx-int8,1,4,1,34,1,0.027600035537034273,36231.837406809864
inproc,onnx-int8,1,4,1,35,1,0.027500034775584936,36363.59037944997
inproc,onnx-int8,1,4,1,36,1,0.02759997732937336,36231.91381884749
inproc,onnx-int8,1,4,1,37,1,0.027399975806474686,36496.38259037066
inproc,onnx-int8,1,4,1,38,1,0.027800037059932947,35971.17506872892
inproc,onnx-int8,1,4,1,39,1,0.027600035537034273,36231.837406809864
inproc,onnx-int8,1,4,1,40,1,0.027499976567924023,36363.66734822604
inproc,onnx-int8,1,4,1,41,1,0.02759997732937336,36231.91381884749
inproc,onnx-int8,1,4,1,42,1,0.02829998265951872,35335.710697463954
inproc,onnx-int8,1,4,1,43,1,0.03819999983534217,26178.010584042262
inproc,onnx-int8,1,4,1,44,1,0.03330002073198557,30030.011333881033
inproc,onnx-int8,1,4,1,45,1,0.02800003858283162,35714.236501558094
inproc,onnx-int8,1,4,1,46,1,0.02759997732937336,36231.91381884749
inproc,onnx-int8,1,4,1,47,1,0.027399975806474686,36496.38259037066
inproc,onnx-int8,1,4,1,48,1,0.0274000340141356,36496.3050587493
inproc,onnx-int8,1,4,1,49,1,0.028099981136620045,35587.212501605376
inproc,onnx-int8,1,4,1,50,1,0.027600035537034273,36231.837406809864
inproc,onnx-int8,1,4,1,51,1,0.027699978090822697,36101.11158648573
inproc,onnx-int8,1,4,1,52,1,0.02759997732937336,36231.91381884749
inproc,onnx-int8,1,4,1,53,1,0.027499976567924023,36363.66734822604
inproc,onnx-int8,1,4,1,54,1,0.027500034775584936,36363.59037944997
inproc,onnx-int8,1,4,1,55,1,0.027300033252686262,36629.9920129805
inproc,onnx-int8,1,4,1,56,1,0.027699978090822697,36101.11158648573
inproc,onnx-int8,1,4,1,57,1,0.02759997732937336,36231.91381884749
inproc,onnx-int8,1,4,1,58,1,0.0274000340141356,36496.3050587493
inproc,onnx-int8,1,4,1,59,1,0.027500034775584936,36363.59037944997
inproc,onnx-int8,1,4,1,60,1,0.02759997732937336,36231.91381884749
inproc,onnx-int8,1,4,1,61,1,0.027499976567924023,36363.66734822604
inproc,onnx-int8,1,4,1,62,1,0.02800003858283162,35714.236501558094
inproc,onnx-int8,1,4,1,63,1,0.0274000340141356,36496.3050587493
inproc,onnx-int8,1,4,1,64,1,0.027499976567924023,36363.66734822604
inproc,onnx-int8,1,4,1,65,1,0.027799978852272034,35971.250385259635
inproc,onnx-int8,1,4,1,66,1,0.02759997732937336,36231.91381884749
inproc,onnx-int8,1,4,1,67,1,0.027800037059932947,35971.17506872892
inproc,onnx-int8,1,4,1,68,1,0.027800037059932947,35971.17506872892
inproc,onnx-int8,1,4,1,69,1,0.027699978090822697,36101.11158648573
inproc,onnx-int8,1,4,1,70,1,0.027699978090822697,36101.11158648573
inproc,onnx-int8,1,4,1,71,1,0.027600035537034273,36231.837406809864
inproc,onnx-int8,1,4,1,72,1,0.027500034775584936,36363.59037944997
inproc,onnx-int8,1,4,1,73,1,0.027499976567924023,36363.66734822604
inproc,onnx-int8,1,4,1,74,1,0.027799978852272034,35971.250385259635
inproc,onnx-int8,1,4,2,0,1,0.027800037059932947,35971.17506872892
inproc,onnx-int8,1,4,2,1,1,0.028500042390078306,35087.66710986118
inproc,onnx-int8,1,4,2,2,1,0.027900037821382284,35842.2453188795
inproc,onnx-int8,1,4,2,3,1,0.02789997961372137,35842.3200964704
inproc,onnx-int8,1,4,2,4,1,0.027799978852272034,35971.250385259635
inproc,onnx-int8,1,4,2,5,1,0.02789997961372137,35842.3200964704
inproc,onnx-int8,1,4,2,6,1,0.02829998265951872,35335.710697463954
inproc,onnx-int8,1,4,2,7,1,0.028100039344280958,35587.13878468374
inproc,onnx-int8,1,4,2,8,1,0.031200004741549492,32051.277180361634
inproc,onnx-int8,1,4,2,9,1,0.02800003858283162,35714.236501558094
inproc,onnx-int8,1,4,2,10,1,0.027800037059932947,35971.17506872892
inproc,onnx-int8,1,4,2,11,1,0.027799978852272034,35971.250385259635
inproc,onnx-int8,1,4,2,12,1,0.027799978852272034,35971.250385259635
inproc,onnx-int8,1,4,2,13,1,0.027799978852272034,35971.250385259635
inproc,onnx-int8,1,4,2,14,1,0.027800037059932947,35971.17506872892
inproc,onnx-int8,1,4,2,15,1,0.027600035537034273,36231.837406809864
inproc,onnx-int8,1,4,2,16,1,0.027799978852272034,35971.250385259635
inproc,onnx-int8,1,4,2,17,1,0.0363999861292541,27472.53794133497
inproc,onnx-int8,1,4,2,18,1,0.027799978852272034,35971.250385259635
inproc,onnx-int8,1,4,2,19,1,0.02759997732937336,36231.91381884749
inproc,onnx-int8,1,4,2,20,1,0.02770003629848361,36101.03572516774
inproc,onnx-int8,1,4,2,21,1,0.027499976567924023,36363.66734822604
inproc,onnx-int8,1,4,2,22,1,0.027499976567924023,36363.66734822604
inproc,onnx-int8,1,4,2,23,1,0.027499976567924023,36363.66734822604
inproc,onnx-int8,1,4,2,24,1,0.028099981136620045,35587.212501605376
inproc,onnx-int8,1,4,2,25,1,0.027600035537034273,36231.837406809864
inproc,onnx-int8,1,4,2,26,1,0.027600035537034273,36231.837406809864
inproc,onnx-int8,1,4,2,27,1,0.02759997732937336,36231.91381884749
inproc,onnx-int8,1,4,2,28,1,0.02759997732937336,36231.91381884749
inproc,onnx-int8,1,4,2,29,1,0.027500034775584936,36363.59037944997
inproc,onnx-int8,1,4,2,30,1,0.0274000340141356,36496.3050587493
inproc,onnx-int8,1,4,2,31,1,0.027399975806474686,36496.38259037066
inproc,onnx-int8,1,4,2,32,1,0.027399975806474686,36496.38259037066
inproc,onnx-int8,1,4,2,33,1,0.027500034775584936,36363.59037944997
inproc,onnx-int8,1,4,2,34,1,0.027500034775584936,36363.59037944997
inproc,onnx-int8,1,4,2,35,1,0.02759997732937336,36231.91381884749
inproc,onnx-int8,1,4,2,36,1,0.027399975806474686,36496.38259037066
inproc,onnx-int8,1,4,2,37,1,0.027800037059932947,35971.17506872892
inproc,onnx-int8,1,4,2,38,1,0.027500034775584936,36363.59037944997
inproc,onnx-int8,1,4,2,39,1,0.02759997732937336,36231.91381884749
inproc,onnx-int8,1,4,2,40,1,0.0315000070258975,31746.02466525983
inproc,onnx-int8,1,4,2,41,1,0.03730005118995905,26809.61468141883
inproc,onnx-int8,1,4,2,42,1,0.034800032153725624,28735.605633425886
inproc,onnx-int8,1,4,2,43,1,0.035100034438073635,28490.00053730096
inproc,onnx-int8,1,4,2,44,1,0.03439997090026736,29069.792032650465
inproc,onnx-int8,1,4,2,45,1,0.0344999716617167,28985.53105507799
inproc,onnx-int8,1,4,2,46,1,0.0342000275850296,29239.74249768531
inproc,onnx-int8,1,4,2,47,1,0.03509997623041272,28490.04778338112
inproc,onnx-int8,1,4,2,48,1,0.03509997623041272,28490.04778338112
inproc,onnx-int8,1,4,2,49,1,0.036299985367804766,27548.220470824803
inproc,onnx-int8,1,4,2,50,1,0.03730005118995905,26809.61468141883
inproc,onnx-int8,1,4,2,51,1,0.03660004585981369,27322.3701366447
inproc,onnx-int8,1,4,2,52,1,0.03600004129111767,27777.74591738402
inproc,onnx-int8,1,4,2,53,1,0.0363999861292541,27472.53794133497
inproc,onnx-int8,1,4,2,54,1,0.03600004129111767,27777.74591738402
inproc,onnx-int8,1,4,2,55,1,0.03840000135824084,26041.665745550676
inproc,onnx-int8,1,4,2,56,1,0.03840000135824084,26041.665745550676
inproc,onnx-int8,1,4,2,57,1,0.03759999526664615,26595.748028911872
inproc,onnx-int8,1,4,2,58,1,0.03730005118995905,26809.61468141883
inproc,onnx-int8,1,4,2,59,1,0.03960001049563289,25252.518559566557
inproc,onnx-int8,1,4,2,60,1,0.03840000135824084,26041.665745550676
inproc,onnx-int8,1,4,2,61,1,0.037299992982298136,26809.65651855701
inproc,onnx-int8,1,4,2,62,1,0.035699980799108744,28011.219547349592
inproc,onnx-int8,1,4,2,63,1,0.03809999907389283,26246.719798091217
inproc,onnx-int8,1,4,2,64,1,0.03980001201853156,25125.620553440614
inproc,onnx-int8,1,4,2,65,1,0.040300015825778246,24813.88603724422
inproc,onnx-int8,1,4,2,66,1,0.04160002572461963,24038.446673560167
inproc,onnx-int8,1,4,2,67,1,0.042000028770416975,23809.50749977479
inproc,onnx-int8,1,4,2,68,1,0.04630000330507755,21598.270596458762
inproc,onnx-int8,1,4,2,69,1,0.044199987314641476,22624.440882333576
inproc,onnx-int8,1,4,2,70,1,0.04080001963302493,24509.79212741765
inproc,onnx-int8,1,4,2,71,1,0.05370000144466758,18621.973428257705
inproc,onnx-int8,1,4,2,72,1,0.04010001430287957,24937.64696558201
inproc,onnx-int8,1,4,2,73,1,0.11199997970834374,8928.573046210135
inproc,onnx-int8,1,4,2,74,1,0.04850002005696297,20618.54817432047
inproc,onnx-int8,8,1,0,0,8,0.07599999662488699,105263.16256940881
inproc,onnx-int8,8,1,0,1,8,0.09220000356435776,86767.8925241669
inproc,onnx-int8,8,1,0,2,8,0.07750000804662704,103225.7957339422
inproc,onnx-int8,8,1,0,3,8,0.07609999738633633,105124.83935296943
inproc,onnx-int8,8,1,0,4,8,0.07569999434053898,105680.32494179234
inproc,onnx-int8,8,1,0,5,8,0.07580005330964923,105540.82287144793
inproc,onnx-int8,8,1,0,6,8,0.0754999928176403,105960.27498072594
inproc,onnx-int8,8,1,0,7,8,0.07619999814778566,104986.87919236487
inproc,onnx-int8,8,1,0,8,8,0.07599999662488699,105263.16256940881
inproc,onnx-int8,8,1,0,9,8,0.07539999205619097,106100.80693427783
inproc,onnx-int8,8,1,0,10,8,0.07559999357908964,105820.11480769143
inproc,onnx-int8,8,1,0,11,8,0.07559999357908964,105820.11480769143
inproc,onnx-int8,8,1,0,12,8,0.0754999928176403,105960.27498072594
inproc,onnx-int8,8,1,0,13,8,0.07529999129474163,106241.71214955582
inproc,onnx-int8,8,1,0,14,8,0.0754999928176403,105960.27498072594
inproc,onnx-int8,8,1,0,15,8,0.07539999205619097,106100.80693427783
inproc,onnx-int8,8,1,0,16,8,0.07529999129474163,106241.71214955582
inproc,onnx-int8,8,1,0,17,8,0.07529999129474163,106241.71214955582
inproc,onnx-int8,8,1,0,18,8,0.0754999928176403,105960.27498072594
inproc,onnx-int8,8,1,0,19,8,0.07559999357908964,105820.11480769143
inproc,onnx-int8,8,1,0,20,8,0.07529999129474163,106241.71214955582
inproc,onnx-int8,8,1,0,21,8,0.07529999129474163,106241.71214955582
inproc,onnx-int8,8,1,0,22,8,0.0754999928176403,105960.27498072594
inproc,onnx-int8,8,1,0,23,8,0.07539999205619097,106100.80693427783
inproc,onnx-int8,8,1,0,24,8,0.0754999928176403,105960.27498072594
inproc,onnx-int8,8,1,0,25,8,0.07539999205619097,106100.80693427783
inproc,onnx-int8,8,1,0,26,8,0.07640005787834525,104711.96255817905
inproc,onnx-int8,8,1,0,27,8,0.08140003774315119,98280.05271008737
inproc,onnx-int8,8,1,0,28,8,0.07660000119358301,104438.64067028476
inproc,onnx-int8,8,1,0,29,8,0.07539999205619097,106100.80693427783
inproc,onnx-int8,8,1,0,30,8,0.07589999586343765,105401.8502766973
inproc,onnx-int8,8,1,0,31,8,0.07529999129474163,106241.71214955582
inproc,onnx-int8,8,1,0,32,8,0.07559999357908964,105820.11480769143
inproc,onnx-int8,8,1,0,33,8,0.09470002260059118,84477.2765656136
inproc,onnx-int8,8,1,0,34,8,0.09129999671131372,87623.22330958699
inproc,onnx-int8,8,1,0,35,8,0.07740000728517771,103359.16339806365
inproc,onnx-int8,8,1,0,36,8,0.08450000314041972,94674.55269446352
inproc,onnx-int8,8,1,0,37,8,0.07539999205619097,106100.80693427783
inproc,onnx-int8,8,1,0,38,8,0.07599999662488699,105263.16256940881
inproc,onnx-int8,8,1,0,39,8,0.07539999205619097,106100.80693427783
inproc,onnx-int8,8,1,0,40,8,0.07569999434053898,105680.32494179234
inproc,onnx-int8,8,1,0,41,8,0.07530004950240254,106241.63002369275
inproc,onnx-int8,8,1,0,42,8,0.07530004950240254,106241.63002369275
inproc,onnx-int8,8,1,0,43,8,0.07560005178675056,105820.03333233242
inproc,onnx-int8,8,1,0,44,8,0.07560005178675056,105820.03333233242
inproc,onnx-int8,8,1,0,45,8,0.07560005178675056,105820.03333233242
inproc,onnx-int8,8,1,0,46,8,0.0754999928176403,105960.27498072594
inproc,onnx-int8,8,1,0,47,8,0.0751999905332923,106382.99211564749
inproc,onnx-int8,8,1,0,48,8,0.07529999129474163,106241.71214955582
inproc,onnx-int8,8,1,0,49,8,0.0754999928176403,105960.27498072594
inproc,onnx-int8,8,1,0,50,8,0.08060003165155649,99255.54414897689
inproc,onnx-int8,8,1,0,51,8,0.076299998909235,104849.28066010388
inproc,onnx-int8,8,1,0,52,8,0.08319999324157834,96153.85396452271
inproc,onnx-int8,8,1,0,53,8,0.076299998909235,104849.28066010388
inproc,onnx-int8,8,1,0,54,8,0.0751999905332923,106382.99211564749
inproc,onnx-int8,8,1,0,55,8,0.0754999928176403,105960.27498072594
inproc,onnx-int8,8,1,0,56,8,0.0754999928176403,105960.27498072594
inproc,onnx-int8,8,1,0,57,8,0.0754999928176403,105960.27498072594
inproc,onnx-int8,8,1,0,58,8,0.07569999434053898,105680.32494179234
inproc,onnx-int8,8,1,0,59,8,0.0754999928176403,105960.27498072594
inproc,onnx-int8,8,1,0,60,8,0.07799995364621282,102564.1635158642
inproc,onnx-int8,8,1,0,61,8,0.07539999205619097,106100.80693427783
inproc,onnx-int8,8,1,0,62,8,0.07539999205619097,106100.80693427783
inproc,onnx-int8,8,1,0,63,8,0.0754999928176403,105960.27498072594
inproc,onnx-int8,8,1,0,64,8,0.07539999205619097,106100.80693427783
inproc,onnx-int8,8,1,0,65,8,0.0754999928176403,105960.27498072594
inproc,onnx-int8,8,1,0,66,8,0.07539999205619097,106100.80693427783
inproc,onnx-int8,8,1,0,67,8,0.07539999205619097,106100.80693427783
inproc,onnx-int8,8,1,0,68,8,0.07539999205619097,106100.80693427783
inproc,onnx-int8,8,1,0,69,8,0.0754999928176403,105960.27498072594
inproc,onnx-int8,8,1,0,70,8,0.07539999205619097,106100.80693427783
inproc,onnx-int8,8,1,0,71,8,0.07539999205619097,106100.80693427783
inproc,onnx-int8,8,1,0,72,8,0.0751999905332923,106382.99211564749
inproc,onnx-int8,8,1,0,73,8,0.07529999129474163,106241.71214955582
inproc,onnx-int8,8,1,0,74,8,0.07559999357908964,105820.11480769143
inproc,onnx-int8,8,1,1,0,8,0.10449998080730438,76555.03798370853
inproc,onnx-int8,8,1,1,1,8,0.10070001007989049,79443.88479855354
inproc,onnx-int8,8,1,1,2,8,0.0971999834291637,82304.54078040198
inproc,onnx-int8,8,1,1,3,8,0.09560002945363522,83681.98258641643
inproc,onnx-int8,8,1,1,4,8,0.09640003554522991,82987.52126752569
inproc,onnx-int8,8,1,1,5,8,0.09770004544407129,81883.27818721053
inproc,onnx-int8,8,1,1,6,8,0.11800002539530396,67796.59557868516
inproc,onnx-int8,8,1,1,7,8,0.096399977337569,82987.57137655716
inproc,onnx-int8,8,1,1,8,8,0.09499996667727828,84210.55585394651
inproc,onnx-int8,8,1,1,9,8,0.0950000248849392,84210.5042571234
inproc,onnx-int8,8,1,1,10,8,0.09480002336204052,84388.16485780879
inproc,onnx-int8,8,1,1,11,8,0.0947999651543796,84388.21667257135
inproc,onnx-int8,8,1,1,12,8,0.09480002336204052,84388.16485780879
inproc,onnx-int8,8,1,1,13,8,0.0950000248849392,84210.5042571234
inproc,onnx-int8,8,1,1,14,8,0.09569997200742364,83594.59080488993
inproc,onnx-int8,8,1,1,15,8,0.09649997809901834,82901.57321892057
inproc,onnx-int8,8,1,1,16,8,0.10439998004585505,76628.3671365282
inproc,onnx-int8,8,1,1,17,8,0.10489998385310173,76263.11946056083
inproc,onnx-int8,8,1,1,18,8,0.11129997437819839,71877.82427348926
inproc,onnx-int8,8,1,1,19,8,0.10730000212788582,74557.31445806661
inproc,onnx-int8,8,1,1,20,8,0.1078000059351325,74211.4986970772
inproc,onnx-int8,8,1,1,21,8,0.09779998799785972,81799.60104059598
inproc,onnx-int8,8,1,1,22,8,0.0950000248849392,84210.5042571234
inproc,onnx-int8,8,1,1,23,8,0.0953000271692872,83945.41153476395
inproc,onnx-int8,8,1,1,24,8,0.09459996363148093,84566.62870574047
inproc,onnx-int8,8,1,1,25,8,0.09849999332800508,81218.27961307563
inproc,onnx-int8,8,1,1,26,8,0.13479997869580984,59347.19038830734
inproc,onnx-int8,8,1,1,27,8,0.10710000060498714,74696.54486283427
inproc,onnx-int8,8,1,1,28,8,0.09650003630667925,82901.52321368898
inproc,onnx-int8,8,1,1,29,8,0.09519996820017695,84033.64151528288
inproc,onnx-int8,8,1,1,30,8,0.09509996743872762,84122.00566897518
inproc,onnx-int8,8,1,1,31,8,0.09510002564638853,84121.95418060651
inproc,onnx-int8,8,1,1,32,8,0.09490002412348986,84299.24095266718
inproc,onnx-int8,8,1,1,33,8,0.09240000508725643,86580.08181325674
inproc,onnx-int8,8,1,1,34,8,0.09270000737160444,86299.88526247446
inproc,onnx-int8,8,1,1,35,8,0.09009998757392168,88790.24531980624
inproc,onnx-int8,8,1,1,36,8,0.09079999290406704,88105.73375762533
inproc,onnx-int8,8,1,1,37,8,0.09039998985826969,88495.58514931813
inproc,onnx-int8,8,1,1,38,8,0.08949998300522566,89385.49183336608
inproc,onnx-int8,8,1,1,39,8,0.09059999138116837,88300.22915060495
inproc,onnx-int8,8,1,1,40,8,0.09270000737160444,86299.88526247446
inproc,onnx-int8,8,1,1,41,8,0.09200000204145908,86956.51980958504
inproc,onnx-int8,8,1,1,42,8,0.09109999518841505,87815.59190485379
inproc,onnx-int8,8,1,1,43,8,0.09129999671131372,87623.22330958699
inproc,onnx-int8,8,1,1,44,8,0.08839997462928295,90497.7635293343
inproc,onnx-int8,8,1,1,45,8,0.09180000051856041,87145.96900663998
inproc,onnx-int8,8,1,1,46,8,0.10820000898092985,73937.14728258472
inproc,onnx-int8,8,1,1,47,8,0.09630003478378057,83073.69792713104
inproc,onnx-int8,8,1,1,48,8,0.0982999918051064,81383.52662186512
inproc,onnx-int8,8,1,1,49,8,0.10870001278817654,73597.0474593189
inproc,onnx-int8,8,1,1,50,8,0.10199996177107096,78431.40194459313
inproc,onnx-int8,8,1,1,51,8,0.08139997953549027,98280.12298838493
inproc,onnx-int8,8,1,1,52,8,0.07579999510198832,105540.9039174219
inproc,onnx-int8,8,1,1,53,8,0.08370005525648594,95579.38731922256
inproc,onnx-int8,8,1,1,54,8,0.09550002869218588,83769.60833996677
inproc,onnx-int8,8,1,1,55,8,0.09030004730448127,88593.53055513835
inproc,onnx-int8,8,1,1,56,8,0.07750000804662704,103225.7957339422
inproc,onnx-int8,8,1,1,57,8,0.07589999586343765,105401.8502766973
inproc,onnx-int8,8,1,1,58,8,0.07569999434053898,105680.32494179234
inproc,onnx-int8,8,1,1,59,8,0.07559999357908964,105820.11480769143
inproc,onnx-int8,8,1,1,60,8,0.07559999357908964,105820.11480769143
inproc,onnx-int8,8,1,1,61,8,0.07539999205619097,106100.80693427783
inproc,onnx-int8,8,1,1,62,8,0.07569999434053898,105680.32494179234
inproc,onnx-int8,8,1,1,63,8,0.0754999928176403,105960.27498072594
inproc,onnx-int8,8,1,1,64,8,0.07589999586343765,105401.8502766973
inproc,onnx-int8,8,1,1,65,8,0.07560005178675056,105820.03333233242
inproc,onnx-int8,8,1,1,66,8,0.07550005102530122,105960.19328939365
inproc,onnx-int8,8,1,1,67,8,0.07569999434053898,105680.32494179234
inproc,onnx-int8,8,1,1,68,8,0.07559999357908964,105820.11480769143
inproc,onnx-int8,8,1,1,69,8,0.07539999205619097,106100.80693427783
inproc,onnx-int8,8,1,1,70,8,0.08600001456215978,93023.24006256646
inproc,onnx-int8,8,1,1,71,8,0.07690000347793102,104031.20465782375
inproc,onnx-int8,8,1,1,72,8,0.07559999357908964,105820.11480769143
inproc,onnx-int8,8,1,1,73,8,0.07559999357908964,105820.11480769143
inproc,onnx-int8,8,1,1,74,8,0.07579999510198832,105540.9039174219
inproc,onnx-int8,8,1,2,0,8,0.07569999434053898,105680.32494179234
inproc,onnx-int8,8,1,2,1,8,0.07619999814778566,104986.87919236487
inproc,onnx-int8,8,1,2,2,8,0.07559999357908964,105820.11480769143
inproc,onnx-int8,8,1,2,3,8,0.07660000119358301,104438.64067028476
inproc,onnx-int8,8,1,2,4,8,0.07619999814778566,104986.87919236487
inproc,onnx-int8,8,1,2,5,8,0.07559999357908964,105820.11480769143
inproc,onnx-int8,8,1,2,6,8,0.07559999357908964,105820.11480769143
inproc,onnx-int8,8,1,2,7,8,0.07589999586343765,105401.8502766973
inproc,onnx-int8,8,1,2,8,8,0.07539999205619097,106100.80693427783
inproc,onnx-int8,8,1,2,9,8,0.07539999205619097,106100.80693427783
inproc,onnx-int8,8,1,2,10,8,0.07559999357908964,105820.11480769143
inproc,onnx-int8,8,1,2,11,8,0.07539999205619097,106100.80693427783
inproc,onnx-int8,8,1,2,12,8,0.07539999205619097,106100.80693427783
inproc,onnx-int8,8,1,2,13,8,0.08490000618621707,94228.49725656139
inproc,onnx-int8,8,1,2,14,8,0.07650000043213367,104575.16280796798
inproc,onnx-int8,8,1,2,15,8,0.07599999662488699,105263.16256940881
inproc,onnx-int8,8,1,2,16,8,0.07579999510198832,105540.9039174219
inproc,onnx-int8,8,1,2,17,8,0.07569999434053898,105680.32494179234
inproc,onnx-int8,8,1,2,18,8,0.07559999357908964,105820.11480769143
inproc,onnx-int8,8,1,2,19,8,0.07539999205619097,106100.80693427783
inproc,onnx-int8,8,1,2,20,8,0.07529999129474163,106241.71214955582
inproc,onnx-int8,8,1,2,21,8,0.07559999357908964,105820.11480769143
inproc,onnx-int8,8,1,2,22,8,0.07559999357908964,105820.11480769143
inproc,onnx-int8,8,1,2,23,8,0.0754999928176403,105960.27498072594
inproc,onnx-int8,8,1,2,24,8,0.0754999928176403,105960.27498072594
inproc,onnx-int8,8,1,2,25,8,0.07539999205619097,106100.80693427783
inproc,onnx-int8,8,1,2,26,8,0.0754999928176403,105960.27498072594
inproc,onnx-int8,8,1,2,27,8,0.07529999129474163,106241.71214955582
inproc,onnx-int8,8,1,2,28,8,0.07559999357908964,105820.11480769143
inproc,onnx-int8,8,1,2,29,8,0.07599999662488699,105263.16256940881
inproc,onnx-int8,8,1,2,30,8,0.07539999205619097,106100.80693427783
inproc,onnx-int8,8,1,2,31,8,0.07539999205619097,106100.80693427783
inproc,onnx-int8,8,1,2,32,8,0.07529999129474163,106241.71214955582
inproc,onnx-int8,8,1,2,33,8,0.0754999928176403,105960.27498072594
inproc,onnx-int8,8,1,2,34,8,0.0751999905332923,106382.99211564749
inproc,onnx-int8,8,1,2,35,8,0.07559999357908964,105820.11480769143
inproc,onnx-int8,8,1,2,36,8,0.07559999357908964,105820.11480769143
inproc,onnx-int8,8,1,2,37,8,0.07579999510198832,105540.9039174219
inproc,onnx-int8,8,1,2,38,8,0.07770000956952572,102960.09027954657
inproc,onnx-int8,8,1,2,39,8,0.08069997420534492,99132.62152530087
inproc,onnx-int8,8,1,2,40,8,0.07660000119358301,104438.64067028476
inproc,onnx-int8,8,1,2,41,8,0.07539999205619097,106100.80693427783
inproc,onnx-int8,8,1,2,42,8,0.07559999357908964,105820.11480769143
inproc,onnx-int8,8,1,2,43,8,0.0754999928176403,105960.27498072594
inproc,onnx-int8,8,1,2,44,8,0.07539999205619097,106100.80693427783
inproc,onnx-int8,8,1,2,45,8,0.076299998909235,104849.28066010388
inproc,onnx-int8,8,1,2,46,8,0.07539999205619097,106100.80693427783
inproc,onnx-int8,8,1,2,47,8,0.07540005026385188,106100.72502611237
inproc,onnx-int8,8,1,2,48,8,0.07550005102530122,105960.19328939365
inproc,onnx-int8,8,1,2,49,8,0.07540005026385188,106100.72502611237
inproc,onnx-int8,8,1,2,50,8,0.07570005254819989,105680.24368155126
inproc,onnx-int8,8,1,2,51,8,0.07540005026385188,106100.72502611237
inproc,onnx-int8,8,1,2,52,8,0.07550005102530122,105960.19328939365
inproc,onnx-int8,8,1,2,53,8,0.07539999205619097,106100.80693427783
inproc,onnx-int8,8,1,2,54,8,0.07539999205619097,106100.80693427783
inproc,onnx-int8,8,1,2,55,8,0.07559999357908964,105820.11480769143
inproc,onnx-int8,8,1,2,56,8,0.0754999928176403,105960.27498072594
inproc,onnx-int8,8,1,2,57,8,0.07539999205619097,106100.80693427783
inproc,onnx-int8,8,1,2,58,8,0.07559999357908964,105820.11480769143
inproc,onnx-int8,8,1,2,59,8,0.07529999129474163,106241.71214955582
inproc,onnx-int8,8,1,2,60,8,0.07539999205619097,106100.80693427783
inproc,onnx-int8,8,1,2,61,8,0.07539999205619097,106100.80693427783
inproc,onnx-int8,8,1,2,62,8,0.0754999928176403,105960.27498072594
inproc,onnx-int8,8,1,2,63,8,0.0751999905332923,106382.99211564749
inproc,onnx-int8,8,1,2,64,8,0.07539999205619097,106100.80693427783
inproc,onnx-int8,8,1,2,65,8,0.0803999719209969,99502.52231258249
inproc,onnx-int8,8,1,2,66,8,0.076299998909235,104849.28066010388
inproc,onnx-int8,8,1,2,67,8,0.07559999357908964,105820.11480769143
inproc,onnx-int8,8,1,2,68,8,0.07529999129474163,106241.71214955582
inproc,onnx-int8,8,1,2,69,8,0.07539999205619097,106100.80693427783
inproc,onnx-int8,8,1,2,70,8,0.07539999205619097,106100.80693427783
inproc,onnx-int8,8,1,2,71,8,0.0754999928176403,105960.27498072594
inproc,onnx-int8,8,1,2,72,8,0.07569999434053898,105680.32494179234
inproc,onnx-int8,8,1,2,73,8,0.07539999205619097,106100.80693427783
inproc,onnx-int8,8,1,2,74,8,0.0754999928176403,105960.27498072594
inproc,onnx-int8,8,4,0,0,8,0.10240002302452922,78124.98243368222
inproc,onnx-int8,8,4,0,1,8,0.10569998994469643,75685.91070051852
inproc,onnx-int8,8,4,0,2,8,0.10030000703409314,79760.71225279881
inproc,onnx-int8,8,4,0,3,8,0.10270002530887723,77896.76756105426
inproc,onnx-int8,8,4,0,4,8,0.10050000855699182,79601.98327210429
inproc,onnx-int8,8,4,0,5,8,0.1018000184558332,78585.44744243704
inproc,onnx-int8,8,4,0,6,8,0.0990999978967011,80726.54056298733
inproc,onnx-int8,8,4,0,7,8,0.09620003402233124,83160.05374949174
inproc,onnx-int8,8,4,0,8,8,0.10040000779554248,79681.26871355862
inproc,onnx-int8,8,4,0,9,8,0.1002000062726438,79840.31436317512
inproc,onnx-int8,8,4,0,10,8,0.09840005077421665,81300.77105708371
inproc,onnx-int8,8,4,0,11,8,0.10220002150163054,78277.87002835772
inproc,onnx-int8,8,4,0,12,8,0.10079995263367891,79365.11665906348
inproc,onnx-int8,8,4,0,13,8,0.15630002599209547,51183.61272956271
inproc,onnx-int8,8,4,0,14,8,0.12769998284056783,62646.83692235042
inproc,onnx-int8,8,4,0,15,8,0.10350003140047193,77294.66254020405
inproc,onnx-int8,8,4,0,16,8,0.10460003977641463,76481.80648019076
inproc,onnx-int8,8,4,0,17,8,0.1173000200651586,68201.18185449675
inproc,onnx-int8,8,4,0,18,8,0.09519996820017695,84033.64151528288
inproc,onnx-int8,8,4,0,19,8,0.08949998300522566,89385.49183336608
inproc,onnx-int8,8,4,0,20,8,0.08869997691363096,90191.68074631822
inproc,onnx-int8,8,4,0,21,8,0.08399999933317304,95238.09599413488
inproc,onnx-int8,8,4,0,22,8,0.0798000255599618,100250.59445612326
inproc,onnx-int8,8,4,0,23,8,0.07730000652372837,103492.87612989117
inproc,onnx-int8,8,4,0,24,8,0.07970002479851246,100376.38031135612
inproc,onnx-int8,8,4,0,25,8,0.07890001870691776,101394.14579503235
inproc,onnx-int8,8,4,0,26,8,0.08690002141520381,92059.81620851868
inproc,onnx-int8,8,4,0,27,8,0.08399999933317304,95238.09599413488
inproc,onnx-int8,8,4,0,28,8,0.08550001075491309,93567.23969230958
inproc,onnx-int8,8,4,0,29,8,0.0803999719209969,99502.52231258249
inproc,onnx-int8,8,4,0,30,8,0.08239998714998364,97087.39378124512
inproc,onnx-int8,8,4,0,31,8,0.08099997648969293,98765.46076551001
inproc,onnx-int8,8,4,0,32,8,0.08349999552592635,95808.38836711121
inproc,onnx-int8,8,4,0,33,8,0.07989996811375022,100125.19640321679
inproc,onnx-int8,8,4,0,34,8,0.07930002175271511,100882.6961604975
inproc,onnx-int8,8,4,0,35,8,0.08179998258128762,97799.53182814078
inproc,onnx-int8,8,4,0,36,8,0.08520000847056508,93896.70427983398
inproc,onnx-int8,8,4,0,37,8,0.08520000847056508,93896.70427983398
inproc,onnx-int8,8,4,0,38,8,0.0838999985717237,95351.61068162629
inproc,onnx-int8,8,4,0,39,8,0.08719996549189091,91743.1555720507
inproc,onnx-int8,8,4,0,40,8,0.10699999984353781,74766.35524951502
inproc,onnx-int8,8,4,0,41,8,0.09109999518841505,87815.59190485379
inproc,onnx-int8,8,4,0,42,8,0.08460000390186906,94562.64339277716
inproc,onnx-int8,8,4,0,43,8,0.08289999095723033,96501.81993538879
inproc,onnx-int8,8,4,0,44,8,0.08339999476447701,95923.2674125716
inproc,onnx-int8,8,4,0,45,8,0.08530000923201442,93786.62525393345
inproc,onnx-int8,8,4,0,46,8,0.08730002446100116,91638.00410587258
inproc,onnx-int8,8,4,0,47,8,0.08349999552592635,95808.38836711121
inproc,onnx-int8,8,4,0,48,8,0.08819997310638428,90702.97550261869
inproc,onnx-int8,8,4,0,49,8,0.09739998495206237,82135.53630359782
inproc,onnx-int8,8,4,0,50,8,0.09699998190626502,82474.24218832042
inproc,onnx-int8,8,4,0,51,8,0.10619999375194311,75329.57128684978
inproc,onnx-int8,8,4,0,52,8,0.08790002902969718,91012.4841630847
inproc,onnx-int8,8,4,0,53,8,0.08179998258128762,97799.53182814078
inproc,onnx-int8,8,4,0,54,8,0.07869995897635818,101651.895427331
inproc,onnx-int8,8,4,0,55,8,0.07840001489967108,102040.79693400113
inproc,onnx-int8,8,4,0,56,8,0.07870001718401909,101651.8202441319
inproc,onnx-int8,8,4,0,57,8,0.09729998419061303,82219.9516942141
inproc,onnx-int8,8,4,0,58,8,0.09379995753988624,85287.88508884118
inproc,onnx-int8,8,4,0,59,8,0.07880001794546843,101522.81951935847
inproc,onnx-int8,8,4,0,60,8,0.0776999513618648,102960.16741043169
inproc,onnx-int8,8,4,0,61,8,0.08610001532360911,92915.19832989338
inproc,onnx-int8,8,4,0,62,8,0.08440000237897038,94786.72718608037
inproc,onnx-int8,8,4,0,63,8,0.1354999840259552,59040.59736617821
inproc,onnx-int8,8,4,0,64,8,0.09580003097653389,83507.27988761915
inproc,onnx-int8,8,4,0,65,8,0.08999998681247234,88888.90191360947
inproc,onnx-int8,8,4,0,66,8,0.09139999747276306,87527.35471775015
inproc,onnx-int8,8,4,0,67,8,0.08819997310638428,90702.97550261869
inproc,onnx-int8,8,4,0,68,8,0.08929998148232698,89585.68487030704
inproc,onnx-int8,8,4,0,69,8,0.10300002759322524,77669.88210521794
inproc,onnx-int8,8,4,0,70,8,0.09580003097653389,83507.27988761915
inproc,onnx-int8,8,4,0,71,8,0.08120003622025251,98522.12354068729
inproc,onnx-int8,8,4,0,72,8,0.07910002022981644,101137.77438686966
inproc,onnx-int8,8,4,0,73,8,0.07810001261532307,102432.76194337536
inproc,onnx-int8,8,4,0,74,8,0.07839995669201016,102040.87269368721
inproc,onnx-int8,8,4,1,0,8,0.10159995872527361,78740.18946830489
inproc,onnx-int8,8,4,1,1,8,0.12099999003112316,66115.70792644091
inproc,onnx-int8,8,4,1,2,8,0.1029000268317759,77745.36359527528
inproc,onnx-int8,8,4,1,3,8,0.08220004383474588,97323.54907356396
inproc,onnx-int8,8,4,1,4,8,0.0784999574534595,101910.8832605799
inproc,onnx-int8,8,4,1,5,8,0.0782000133767724,102301.77278174512
inproc,onnx-int8,8,4,1,6,8,0.07770000956952572,102960.09027954657
inproc,onnx-int8,8,4,1,7,8,0.07910002022981644,101137.77438686966
inproc,onnx-int8,8,4,1,8,8,0.07780001033097506,102827.74984176196
inproc,onnx-int8,8,4,1,9,8,0.07779995212331414,102827.82677449306
inproc,onnx-int8,8,4,1,10,8,0.07790001109242439,102695.74917657467
inproc,onnx-int8,8,4,1,11,8,0.07800001185387373,102564.08697715723
inproc,onnx-int8,8,4,1,12,8,0.07779995212331414,102827.82677449306
inproc,onnx-int8,8,4,1,13,8,0.07770000956952572,102960.09027954657
inproc,onnx-int8,8,4,1,14,8,0.07810001261532307,102432.76194337536
inproc,onnx-int8,8,4,1,15,8,0.07910002022981644,101137.77438686966
inproc,onnx-int8,8,4,1,16,8,0.07770000956952572,102960.09027954657
inproc,onnx-int8,8,4,1,17,8,0.07749994983896613,103225.87326343903
inproc,onnx-int8,8,4,1,18,8,0.07750000804662704,103225.7957339422
inproc,onnx-int8,8,4,1,19,8,0.07750000804662704,103225.7957339422
inproc,onnx-int8,8,4,1,20,8,0.0776999513618648,102960.16741043169
inproc,onnx-int8,8,4,1,21,8,0.07770000956952572,102960.09027954657
inproc,onnx-int8,8,4,1,22,8,0.07750000804662704,103225.7957339422
inproc,onnx-int8,8,4,1,23,8,0.07779995212331414,102827.82677449306
inproc,onnx-int8,8,4,1,24,8,0.07750000804662704,103225.7957339422
inproc,onnx-int8,8,4,1,25,8,0.08710002293810248,91848.42586878754
inproc,onnx-int8,8,4,1,26,8,0.09290000889450312,86114.0929392673
inproc,onnx-int8,8,4,1,27,8,0.07890001870691776,101394.14579503235
inproc,onnx-int8,8,4,1,28,8,0.0776999513618648,102960.16741043169
inproc,onnx-int8,8,4,1,29,8,0.07790001109242439,102695.74917657467
inproc,onnx-int8,8,4,1,30,8,0.07780001033097506,102827.74984176196
inproc,onnx-int8,8,4,1,31,8,0.0776999513618648,102960.16741043169
inproc,onnx-int8,8,4,1,32,8,0.07790001109242439,102695.74917657467
inproc,onnx-int8,8,4,1,33,8,0.07779995212331414,102827.82677449306
inproc,onnx-int8,8,4,1,34,8,0.07860001642256975,101781.14921745518
inproc,onnx-int8,8,4,1,35,8,0.07770000956952572,102960.09027954657
inproc,onnx-int8,8,4,1,36,8,0.07790001109242439,102695.74917657467
inproc,onnx-int8,8,4,1,37,8,0.07770000956952572,102960.09027954657
inproc,onnx-int8,8,4,1,38,8,0.07780001033097506,102827.74984176196
inproc,onnx-int8,8,4,1,39,8,0.07800001185387373,102564.08697715723
inproc,onnx-int8,8,4,1,40,8,0.07760000880807638,103092.77180349216
inproc,onnx-int8,8,4,1,41,8,0.07799995364621282,102564.1635158642
inproc,onnx-int8,8,4,1,42,8,0.07770000956952572,102960.09027954657
inproc,onnx-int8,8,4,1,43,8,0.07760000880807638,103092.77180349216
inproc,onnx-int8,8,4,1,44,8,0.07780001033097506,102827.74984176196
inproc,onnx-int8,8,4,1,45,8,0.07790001109242439,102695.74917657467
inproc,onnx-int8,8,4,1,46,8,0.07770000956952572,102960.09027954657
inproc,onnx-int8,8,4,1,47,8,0.07760000880807638,103092.77180349216
inproc,onnx-int8,8,4,1,48,8,0.07770000956952572,102960.09027954657
inproc,onnx-int8,8,4,1,49,8,0.07780001033097506,102827.74984176196
inproc,onnx-int8,8,4,1,50,8,0.083099992480129,96269.56346491814
inproc,onnx-int8,8,4,1,51,8,0.07839995669201016,102040.87269368721
inproc,onnx-int8,8,4,1,52,8,0.07780001033097506,102827.74984176196
inproc,onnx-int8,8,4,1,53,8,0.07780001033097506,102827.74984176196
inproc,onnx-int8,8,4,1,54,8,0.07770000956952572,102960.09027954657
inproc,onnx-int8,8,4,1,55,8,0.07770000956952572,102960.09027954657
inproc,onnx-int8,8,4,1,56,8,0.07770000956952572,102960.09027954657
inproc,onnx-int8,8,4,1,57,8,0.07879995973780751,101522.89451185687
inproc,onnx-int8,8,4,1,58,8,0.07780001033097506,102827.74984176196
inproc,onnx-int8,8,4,1,59,8,0.07770000956952572,102960.09027954657
inproc,onnx-int8,8,4,1,60,8,0.07760000880807638,103092.77180349216
inproc,onnx-int8,8,4,1,61,8,0.07760000880807638,103092.77180349216
inproc,onnx-int8,8,4,1,62,8,0.07760000880807638,103092.77180349216
inproc,onnx-int8,8,4,1,63,8,0.07780001033097506,102827.74984176196
inproc,onnx-int8,8,4,1,64,8,0.07760000880807638,103092.77180349216
inproc,onnx-int8,8,4,1,65,8,0.07780001033097506,102827.74984176196
inproc,onnx-int8,8,4,1,66,8,0.07760000880807638,103092.77180349216
inproc,onnx-int8,8,4,1,67,8,0.07800001185387373,102564.08697715723
inproc,onnx-int8,8,4,1,68,8,0.07740000728517771,103359.16339806365
inproc,onnx-int8,8,4,1,69,8,0.07770000956952572,102960.09027954657
inproc,onnx-int8,8,4,1,70,8,0.07760000880807638,103092.77180349216
inproc,onnx-int8,8,4,1,71,8,0.07750000804662704,103225.7957339422
inproc,onnx-int8,8,4,1,72,8,0.07760000880807638,103092.77180349216
inproc,onnx-int8,8,4,1,73,8,0.07740000728517771,103359.16339806365
inproc,onnx-int8,8,4,1,74,8,0.07780001033097506,102827.74984176196
inproc,onnx-int8,8,4,2,0,8,0.07800001185387373,102564.08697715723
inproc,onnx-int8,8,4,2,1,8,0.0784999574534595,101910.8832605799
inproc,onnx-int8,8,4,2,2,8,0.07800001185387373,102564.08697715723
inproc,onnx-int8,8,4,2,3,8,0.08159998105838895,98039.23844388631
inproc,onnx-int8,8,4,2,4,8,0.0782000133767724,102301.77278174512
inproc,onnx-int8,8,4,2,5,8,0.07780001033097506,102827.74984176196
inproc,onnx-int8,8,4,2,6,8,0.07770000956952572,102960.09027954657
inproc,onnx-int8,8,4,2,7,8,0.07770000956952572,102960.09027954657
inproc,onnx-int8,8,4,2,8,8,0.07810001261532307,102432.76194337536
inproc,onnx-int8,8,4,2,9,8,0.07770000956952572,102960.09027954657
inproc,onnx-int8,8,4,2,10,8,0.07750000804662704,103225.7957339422
inproc,onnx-int8,8,4,2,11,8,0.07750000804662704,103225.7957339422
inproc,onnx-int8,8,4,2,12,8,0.07770000956952572,102960.09027954657
inproc,onnx-int8,8,4,2,13,8,0.07740000728517771,103359.16339806365
inproc,onnx-int8,8,4,2,14,8,0.07749994983896613,103225.87326343903
inproc,onnx-int8,8,4,2,15,8,0.07760000880807638,103092.77180349216
inproc,onnx-int8,8,4,2,16,8,0.07770000956952572,102960.09027954657
inproc,onnx-int8,8,4,2,17,8,0.07779995212331414,102827.82677449306
inproc,onnx-int8,8,4,2,18,8,0.08520000847056508,93896.70427983398
inproc,onnx-int8,8,4,2,19,8,0.07840001489967108,102040.79693400113
inproc,onnx-int8,8,4,2,20,8,0.07749994983896613,103225.87326343903
inproc,onnx-int8,8,4,2,21,8,0.07750000804662704,103225.7957339422
inproc,onnx-int8,8,4,2,22,8,0.07780001033097506,102827.74984176196
inproc,onnx-int8,8,4,2,23,8,0.0776999513618648,102960.16741043169
inproc,onnx-int8,8,4,2,24,8,0.07780001033097506,102827.74984176196
inproc,onnx-int8,8,4,2,25,8,0.07760000880807638,103092.77180349216
inproc,onnx-int8,8,4,2,26,8,0.07759995060041547,103092.84913329787
inproc,onnx-int8,8,4,2,27,8,0.07760000880807638,103092.77180349216
inproc,onnx-int8,8,4,2,28,8,0.07760000880807638,103092.77180349216
inproc,onnx-int8,8,4,2,29,8,0.07750000804662704,103225.7957339422
inproc,onnx-int8,8,4,2,30,8,0.07760000880807638,103092.77180349216
inproc,onnx-int8,8,4,2,31,8,0.07780001033097506,102827.74984176196
inproc,onnx-int8,8,4,2,32,8,0.07770000956952572,102960.09027954657
inproc,onnx-int8,8,4,2,33,8,0.07760000880807638,103092.77180349216
inproc,onnx-int8,8,4,2,34,8,0.07860001642256975,101781.14921745518
inproc,onnx-int8,8,4,2,35,8,0.07760000880807638,103092.77180349216
inproc,onnx-int8,8,4,2,36,8,0.07770000956952572,102960.09027954657
inproc,onnx-int8,8,4,2,37,8,0.07770000956952572,102960.09027954657
inproc,onnx-int8,8,4,2,38,8,0.07770000956952572,102960.09027954657
inproc,onnx-int8,8,4,2,39,8,0.07770000956952572,102960.09027954657
inproc,onnx-int8,8,4,2,40,8,0.07750000804662704,103225.7957339422
inproc,onnx-int8,8,4,2,41,8,0.07780001033097506,102827.74984176196
inproc,onnx-int8,8,4,2,42,8,0.07760000880807638,103092.77180349216
inproc,onnx-int8,8,4,2,43,8,0.08330005221068859,96038.35517132467
inproc,onnx-int8,8,4,2,44,8,0.07840001489967108,102040.79693400113
inproc,onnx-int8,8,4,2,45,8,0.07750000804662704,103225.7957339422
inproc,onnx-int8,8,4,2,46,8,0.07740000728517771,103359.16339806365
inproc,onnx-int8,8,4,2,47,8,0.07760000880807638,103092.77180349216
inproc,onnx-int8,8,4,2,48,8,0.07740000728517771,103359.16339806365
inproc,onnx-int8,8,4,2,49,8,0.07750000804662704,103225.7957339422
inproc,onnx-int8,8,4,2,50,8,0.07740000728517771,103359.16339806365
inproc,onnx-int8,8,4,2,51,8,0.07760000880807638,103092.77180349216
inproc,onnx-int8,8,4,2,52,8,0.07790001109242439,102695.74917657467
inproc,onnx-int8,8,4,2,53,8,0.07759995060041547,103092.84913329787
inproc,onnx-int8,8,4,2,54,8,0.07760000880807638,103092.77180349216
inproc,onnx-int8,8,4,2,55,8,0.07770000956952572,102960.09027954657
inproc,onnx-int8,8,4,2,56,8,0.0776999513618648,102960.16741043169
inproc,onnx-int8,8,4,2,57,8,0.07960002403706312,100502.48221376246
inproc,onnx-int8,8,4,2,58,8,0.07760000880807638,103092.77180349216
inproc,onnx-int8,8,4,2,59,8,0.07760000880807638,103092.77180349216
inproc,onnx-int8,8,4,2,60,8,0.07810001261532307,102432.76194337536
inproc,onnx-int8,8,4,2,61,8,0.07760000880807638,103092.77180349216
inproc,onnx-int8,8,4,2,62,8,0.08420000085607171,95011.8755185632
inproc,onnx-int8,8,4,2,63,8,0.09300000965595245,86021.49644495183
inproc,onnx-int8,8,4,2,64,8,0.0923000043258071,86673.88542866187
inproc,onnx-int8,8,4,2,65,8,0.09240000508725643,86580.08181325674
inproc,onnx-int8,8,4,2,66,8,0.1107999705709517,72202.18524225269
inproc,onnx-int8,8,4,2,67,8,0.2066000015474856,38722.16815139401
inproc,onnx-int8,8,4,2,68,8,0.15350000467151403,52117.26225754709
inproc,onnx-int8,8,4,2,69,8,0.12310000602155924,64987.81160578426
inproc,onnx-int8,8,4,2,70,8,0.11109997285529971,72007.21831336057
inproc,onnx-int8,8,4,2,71,8,0.10559998918324709,75757.583517529
inproc,onnx-int8,8,4,2,72,8,0.11149997590109706,71748.89443111788
inproc,onnx-int8,8,4,2,73,8,0.10830000974237919,73868.87608810156
inproc,onnx-int8,8,4,2,74,8,0.10360003216192126,77220.0532476325
inproc,onnx-int8,32,1,0,0,32,0.26110000908374786,122558.40247686853
inproc,onnx-int8,32,1,0,1,32,0.25129999266937375,127337.84692982954
inproc,onnx-int8,32,1,0,2,32,0.2487000310793519,128669.06313248455
inproc,onnx-int8,32,1,0,3,32,0.24800002574920654,129032.24466742775
inproc,onnx-int8,32,1,0,4,32,0.24799996754154563,129032.27495237181
inproc,onnx-int8,32,1,0,5,32,0.24820002727210522,128928.2694756433
inproc,onnx-int8,32,1,0,6,32,0.2484000287950039,128824.4617169852
inproc,onnx-int8,32,1,0,7,32,0.24959997972473502,128205.13861936361
inproc,onnx-int8,32,1,0,8,32,0.256399973295629,124805.00519828065
inproc,onnx-int8,32,1,0,9,32,0.24989998200908303,128051.22970691894
inproc,onnx-int8,32,1,0,10,32,0.24820002727210522,128928.2694756433
inproc,onnx-int8,32,1,0,11,32,0.24880003184080124,128617.34688392533
inproc,onnx-int8,32,1,0,12,32,0.24849997134879231,128772.65066193946
inproc,onnx-int8,32,1,0,13,32,0.24860003031790257,128720.8209873479
inproc,onnx-int8,32,1,0,14,32,0.24890003260225058,128565.67219152165
inproc,onnx-int8,32,1,0,15,32,0.2497999812476337,128102.49160218114
inproc,onnx-int8,32,1,0,16,32,0.25669997557997704,124659.14703614816
inproc,onnx-int8,32,1,0,17,32,0.25069998810067773,127642.60677646795
inproc,onnx-int8,32,1,0,18,32,0.24889997439458966,128565.70225784476
inproc,onnx-int8,32,1,0,19,32,0.2513999934308231,127287.19505239499
inproc,onnx-int8,32,1,0,20,32,0.24879997363314033,128617.37697442254
inproc,onnx-int8,32,1,0,21,32,0.2490000333636999,128514.0390052055
inproc,onnx-int8,32,1,0,22,32,0.2492000348865986,128410.89695096543
inproc,onnx-int8,32,1,0,23,32,0.249299977440387,128359.4179532242
inproc,onnx-int8,32,1,0,24,32,0.2576999831944704,124175.40584723887
inproc,onnx-int8,32,1,0,25,32,0.2508999896235764,127540.858204137
inproc,onnx-int8,32,1,0,26,32,0.249299977440387,128359.4179532242
inproc,onnx-int8,32,1,0,27,32,0.248999975156039,128514.06904738361
inproc,onnx-int8,32,1,0,28,32,0.2528000040911138,126582.27643250594
inproc,onnx-int8,32,1,0,29,32,0.26000000070780516,123076.92274186738
inproc,onnx-int8,32,1,0,30,32,0.2497999812476337,128102.49160218114
inproc,onnx-int8,32,1,0,31,32,0.2528000040911138,126582.27643250594
inproc,onnx-int8,32,1,0,32,32,0.25969999842345715,123219.09970835653
inproc,onnx-int8,32,1,0,33,32,0.2587999915704131,123647.60835509373
inproc,onnx-int8,32,1,0,34,32,0.2503999858163297,127795.53439540624
inproc,onnx-int8,32,1,0,35,32,0.2523000002838671,126833.13501385748
inproc,onnx-int8,32,1,0,36,32,0.25450001703575253,125736.73028675905
inproc,onnx-int8,32,1,0,37,32,0.2550000208429992,125490.18582120845
inproc,onnx-int8,32,1,0,38,32,0.256099971011281,124951.20508463636
inproc,onnx-int8,32,1,0,39,32,0.2513999934308231,127287.19505239499
inproc,onnx-int8,32,1,0,40,32,0.2570999786257744,124465.19899007096
inproc,onnx-int8,32,1,0,41,32,0.28279999969527125,113154.17268204148
inproc,onnx-int8,32,1,0,42,32,0.25949999690055847,123314.06698344793
inproc,onnx-int8,32,1,0,43,32,0.2501000417396426,127948.79911820413
inproc,onnx-int8,32,1,0,44,32,0.2495000371709466,128256.49391817521
inproc,onnx-int8,32,1,0,45,32,0.24909997591748834,128462.47729305142
inproc,onnx-int8,32,1,0,46,32,0.24909997591748834,128462.47729305142
inproc,onnx-int8,32,1,0,47,32,0.25129999266937375,127337.84692982954
inproc,onnx-int8,32,1,0,48,32,0.30020001577213407,106595.59733097917
inproc,onnx-int8,32,1,0,49,32,0.2769000129774213,115565.18057154918
inproc,onnx-int8,32,1,0,50,32,0.2658999874256551,120346.00042599517
inproc,onnx-int8,32,1,0,51,32,0.2514999941922724,127236.58345509111
inproc,onnx-int8,32,1,0,52,32,0.2487000310793519,128669.06313248455
inproc,onnx-int8,32,1,0,53,32,0.24829996982589364,128876.37490426679
inproc,onnx-int8,32,1,0,54,32,0.24919997667893767,128410.92694494073
inproc,onnx-int8,32,1,0,55,32,0.2607000060379505,122746.44901750294
inproc,onnx-int8,32,1,0,56,32,0.27089996729046106,118124.7835504142
inproc,onnx-int8,32,1,0,57,32,0.2592999953776598,123409.18075757507
inproc,onnx-int8,32,1,0,58,32,0.248999975156039,128514.06904738361
inproc,onnx-int8,32,1,0,59,32,0.24809996830299497,128980.26637762254
inproc,onnx-int8,32,1,0,60,32,0.2589999930933118,123552.12684685721
inproc,onnx-int8,32,1,0,61,32,0.25290000485256314,126532.22374849503
inproc,onnx-int8,32,1,0,62,32,0.24889997439458966,128565.70225784476
inproc,onnx-int8,32,1,0,63,32,0.2589999930933118,123552.12684685721
inproc,onnx-int8,32,1,0,64,32,0.2826999989338219,113194.19922421356
inproc,onnx-int8,32,1,0,65,32,0.2514999941922724,127236.58345509111
inproc,onnx-int8,32,1,0,66,32,0.24800002574920654,129032.24466742775
inproc,onnx-int8,32,1,0,67,32,0.24779996601864696,129136.41803159892
inproc,onnx-int8,32,1,0,68,32,0.24829996982589364,128876.37490426679
inproc,onnx-int8,32,1,0,69,32,0.2479000249877572,129084.2951773819
inproc,onnx-int8,32,1,0,70,32,0.24809996830299497,128980.26637762254
inproc,onnx-int8,32,1,0,71,32,0.25669997557997704,124659.14703614816
inproc,onnx-int8,32,1,0,72,32,0.25069998810067773,127642.60677646795
inproc,onnx-int8,32,1,0,73,32,0.25049998657777905,127744.51782281495
inproc,onnx-int8,32,1,0,74,32,0.24860003031790257,128720.8209873479
inproc,onnx-int8,32,1,1,0,32,0.24949997896328568,128256.52384006353
inproc,onnx-int8,32,1,1,1,32,0.2516999957151711,127135.48090883506
inproc,onnx-int8,32,1,1,2,32,0.24939997820183635,128307.95026815437
inproc,onnx-int8,32,1,1,3,32,0.24909997591748834,128462.47729305142
inproc,onnx-int8,32,1,1,4,32,0.2487000310793519,128669.06313248455
inproc,onnx-int8,32,1,1,5,32,0.2498000394552946,128102.46175212022
inproc,onnx-int8,32,1,1,6,32,0.2568000345490873,124610.57513558553
inproc,onnx-int8,32,1,1,7,32,0.2523000002838671,126833.13501385748
inproc,onnx-int8,32,1,1,8,32,0.24910003412514925,128462.44727498922
inproc,onnx-int8,32,1,1,9,32,0.2497999812476337,128102.49160218114
inproc,onnx-int8,32,1,1,10,32,0.24969998048618436,128153.79455654594
inproc,onnx-int8,32,1,1,11,32,0.248999975156039,128514.06904738361
inproc,onnx-int8,32,1,1,12,32,0.249299977440387,128359.4179532242
inproc,onnx-int8,32,1,1,13,32,0.2495000371709466,128256.49391817521
inproc,onnx-int8,32,1,1,14,32,0.25590002769604325,125048.83367191127
inproc,onnx-int8,32,1,1,15,32,0.2513999934308231,127287.19505239499
inproc,onnx-int8,32,1,1,16,32,0.24860003031790257,128720.8209873479
inproc,onnx-int8,32,1,1,17,32,0.24939997820183635,128307.95026815437
inproc,onnx-int8,32,1,1,18,32,0.249299977440387,128359.4179532242
inproc,onnx-int8,32,1,1,19,32,0.24909997591748834,128462.47729305142
inproc,onnx-int8,32,1,1,20,32,0.24860003031790257,128720.8209873479
inproc,onnx-int8,32,1,1,21,32,0.24830002803355455,128876.34469246057
inproc,onnx-int8,32,1,1,22,32,0.25569996796548367,125146.67191635942
inproc,onnx-int8,32,1,1,23,32,0.2525000018067658,126732.67236049008
inproc,onnx-int8,32,1,1,24,32,0.24889997439458966,128565.70225784476
inproc,onnx-int8,32,1,1,25,32,0.248999975156039,128514.06904738361
inproc,onnx-int8,32,1,1,26,32,0.24890003260225058,128565.67219152165
inproc,onnx-int8,32,1,1,27,32,0.2495000371709466,128256.49391817521
inproc,onnx-int8,32,1,1,28,32,0.249299977440387,128359.4179532242
inproc,onnx-int8,32,1,1,29,32,0.24879997363314033,128617.37697442254
inproc,onnx-int8,32,1,1,30,32,0.26020000223070383,122982.32023698257
inproc,onnx-int8,32,1,1,31,32,0.2516999957151711,127135.48090883506
inproc,onnx-int8,32,1,1,32,32,0.248999975156039,128514.06904738361
inproc,onnx-int8,32,1,1,33,32,0.24999998277053237,128000.00882148804
inproc,onnx-int8,32,1,1,34,32,0.24949997896328568,128256.52384006353
inproc,onnx-int8,32,1,1,35,32,0.25569996796548367,125146.67191635942
inproc,onnx-int8,32,1,1,36,32,0.24930003564804792,128359.3879833068
inproc,onnx-int8,32,1,1,37,32,0.2509000478312373,127540.82861524256
inproc,onnx-int8,32,1,1,38,32,0.26000000070780516,123076.92274186738
inproc,onnx-int8,32,1,1,39,32,0.25260000256821513,126682.50069141759
inproc,onnx-int8,32,1,1,40,32,0.255199964158237,125391.86714053914
inproc,onnx-int8,32,1,1,41,32,0.24940003640949726,128307.92032226594
inproc,onnx-int8,32,1,1,42,32,0.25270000332966447,126632.3687311306
inproc,onnx-int8,32,1,1,43,32,0.2516999957151711,127135.48090883506
inproc,onnx-int8,32,1,1,44,32,0.2511999919079244,127388.53913550035
inproc,onnx-int8,32,1,1,45,32,0.27489999774843454,116405.96675916934
inproc,onnx-int8,32,1,1,46,32,0.298400002066046,107238.60515563039
inproc,onnx-int8,32,1,1,47,32,0.30159996822476387,106100.80693427783
inproc,onnx-int8,32,1,1,48,32,0.26619998971000314,120210.3727910006
inproc,onnx-int8,32,1,1,49,32,0.25320000713691115,126382.30291477383
inproc,onnx-int8,32,1,1,50,32,0.24890003260225058,128565.67219152165
inproc,onnx-int8,32,1,1,51,32,0.2484000287950039,128824.4617169852
inproc,onnx-int8,32,1,1,52,32,0.24849997134879231,128772.65066193946
inproc,onnx-int8,32,1,1,53,32,0.2615000121295452,122370.93122637192
inproc,onnx-int8,32,1,1,54,32,0.24999998277053237,128000.00882148804
inproc,onnx-int8,32,1,1,55,32,0.24849997134879231,128772.65066193946
inproc,onnx-int8,32,1,1,56,32,0.2479000249877572,129084.2951773819
inproc,onnx-int8,32,1,1,57,32,0.24830002803355455,128876.34469246057
inproc,onnx-int8,32,1,1,58,32,0.24879997363314033,128617.37697442254
inproc,onnx-int8,32,1,1,59,32,0.24780002422630787,129136.38769774865
inproc,onnx-int8,32,1,1,60,32,0.24800002574920654,129032.24466742775
inproc,onnx-int8,32,1,1,61,32,0.2567999763414264,124610.60338048729
inproc,onnx-int8,32,1,1,62,32,0.24969998048618436,128153.79455654594
inproc,onnx-int8,32,1,1,63,32,0.24800002574920654,129032.24466742775
inproc,onnx-int8,32,1,1,64,32,0.2484000287950039,128824.4617169852
inproc,onnx-int8,32,1,1,65,32,0.248699972871691,128669.09324718505
inproc,onnx-int8,32,1,1,66,32,0.2508999896235764,127540.858204137
inproc,onnx-int8,32,1,1,67,32,0.24909997591748834,128462.47729305142
inproc,onnx-int8,32,1,1,68,32,0.25809998624026775,123982.95895378658
inproc,onnx-int8,32,1,1,69,32,0.2502999850548804,127846.59173265124
inproc,onnx-int8,32,1,1,70,32,0.25320000713691115,126382.30291477383
inproc,onnx-int8,32,1,1,71,32,0.2410999732092023,132725.02511741724
inproc,onnx-int8,32,1,1,72,32,0.24129997473210096,132615.01595898397
inproc,onnx-int8,32,1,1,73,32,0.24090002989396453,132835.18484445702
inproc,onnx-int8,32,1,1,74,32,0.24079997092485428,132890.38149421598
inproc,onnx-int8,32,1,2,0,32,0.2416000352241099,132450.31181521382
inproc,onnx-int8,32,1,2,1,32,0.24170003598555923,132395.511939071
inproc,onnx-int8,32,1,2,2,32,0.2416000352241099,132450.31181521382
inproc,onnx-int8,32,1,2,3,32,0.24930003564804792,128359.3879833068
inproc,onnx-int8,32,1,2,4,32,0.24389999452978373,131201.3149557178
inproc,onnx-int8,32,1,2,5,32,0.24230004055425525,132067.66258396328
inproc,onnx-int8,32,1,2,6,32,0.24189997930079699,132286.07994301952
inproc,onnx-int8,32,1,2,7,32,0.2413999754935503,132560.07973726979
inproc,onnx-int8,32,1,2,8,32,0.24429999757558107,130986.49331791294
inproc,onnx-int8,32,1,2,9,32,0.24209998082369566,132176.79692136508
inproc,onnx-int8,32,1,2,10,32,0.242499983869493,131958.77166417273
inproc,onnx-int8,32,1,2,11,32,0.24849997134879231,128772.65066193946
inproc,onnx-int8,32,1,2,12,32,0.24540000595152378,130399.34484077098
inproc,onnx-int8,32,1,2,13,32,0.24309998843818903,131633.07906999908
inproc,onnx-int8,32,1,2,14,32,0.24199998006224632,132231.41585288182
inproc,onnx-int8,32,1,2,15,32,0.24209998082369566,132176.79692136508
inproc,onnx-int8,32,1,2,16,32,0.24179997853934765,132340.78924780674
inproc,onnx-int8,32,1,2,17,32,0.242499983869493,131958.77166417273
inproc,onnx-int8,32,1,2,18,32,0.24229998234659433,132067.69431054307
inproc,onnx-int8,32,1,2,19,32,0.2427000436000526,131849.99691525835
inproc,onnx-int8,32,1,2,20,32,0.24539994774386287,130399.37577085437
inproc,onnx-int8,32,1,2,21,32,0.24229998234659433,132067.69431054307
inproc,onnx-int8,32,1,2,22,32,0.24560000747442245,130293.15564386772
inproc,onnx-int8,32,1,2,23,32,0.24560000747442245,130293.15564386772
inproc,onnx-int8,32,1,2,24,32,0.2459999523125589,130081.32602945356
inproc,onnx-int8,32,1,2,25,32,0.24229998234659433,132067.69431054307
inproc,onnx-int8,32,1,2,26,32,0.25079998886212707,127591.71220534401
inproc,onnx-int8,32,1,2,27,32,0.24359999224543571,131362.89416527917
inproc,onnx-int8,32,1,2,28,32,0.26050000451505184,122840.68884978088
inproc,onnx-int8,32,1,2,29,32,0.3548999666236341,90166.2524920311
inproc,onnx-int8,32,1,2,30,32,0.26439997600391507,121028.7553109542
inproc,onnx-int8,32,1,2,31,32,0.24660001508891582,129764.79335762351
inproc,onnx-int8,32,1,2,32,32,0.24189997930079699,132286.07994301952
inproc,onnx-int8,32,1,2,33,32,0.3831000067293644,83529.10320517418
inproc,onnx-int8,32,1,2,34,32,0.25370001094415784,126133.22278115136
inproc,onnx-int8,32,1,2,35,32,0.242199981585145,132122.22309253336
inproc,onnx-int8,32,1,2,36,32,0.2538000117056072,126083.52452370287
inproc,onnx-int8,32,1,2,37,32,0.24730002041906118,129397.48223948602
inproc,onnx-int8,32,1,2,38,32,0.24179997853934765,132340.78924780674
inproc,onnx-int8,32,1,2,39,32,0.24159997701644897,132450.3437259074
inproc,onnx-int8,32,1,2,40,32,0.24100003065541387,132780.06609780964
inproc,onnx-int8,32,1,2,41,32,0.2410999732092023,132725.02511741724
inproc,onnx-int8,32,1,2,42,32,0.25370001094415784,126133.22278115136
inproc,onnx-int8,32,1,2,43,32,0.24349999148398638,131416.84237842966
inproc,onnx-int8,32,1,2,44,32,0.24130003293976188,132614.98396889353
inproc,onnx-int8,32,1,2,45,32,0.24129997473210096,132615.01595898397
inproc,onnx-int8,32,1,2,46,32,0.24369999300688505,131308.99022674953
inproc,onnx-int8,32,1,2,47,32,0.2413999754935503,132560.07973726979
inproc,onnx-int8,32,1,2,48,32,0.2413999754935503,132560.07973726979
inproc,onnx-int8,32,1,2,49,32,0.24170003598555923,132395.511939071
inproc,onnx-int8,32,1,2,50,32,0.2492000348865986,128410.89695096543
inproc,onnx-int8,32,1,2,51,32,0.24330004816874862,131524.84038065362
inproc,onnx-int8,32,1,2,52,32,0.2430000458844006,131687.2179325553
inproc,onnx-int8,32,1,2,53,32,0.24200003826990724,132231.38404759174
inproc,onnx-int8,32,1,2,54,32,0.25019998429343104,127897.6898834288
inproc,onnx-int8,32,1,2,55,32,0.24159997701644897,132450.3437259074
inproc,onnx-int8,32,1,2,56,32,0.24159997701644897,132450.3437259074
inproc,onnx-int8,32,1,2,57,32,0.24209998082369566,132176.79692136508
inproc,onnx-int8,32,1,2,58,32,0.2502999850548804,127846.59173265124
inproc,onnx-int8,32,1,2,59,32,0.24580000899732113,130187.13925412734
inproc,onnx-int8,32,1,2,60,32,0.24239998310804367,132013.2105196427
inproc,onnx-int8,32,1,2,61,32,0.24209998082369566,132176.79692136508
inproc,onnx-int8,32,1,2,62,32,0.24239998310804367,132013.2105196427
inproc,onnx-int8,32,1,2,63,32,0.24209998082369566,132176.79692136508
inproc,onnx-int8,32,1,2,64,32,0.24959997972473502,128205.13861936361
inproc,onnx-int8,32,1,2,65,32,0.2463000128045678,129922.85154849385
inproc,onnx-int8,32,1,2,66,32,0.25260000256821513,126682.50069141759
inproc,onnx-int8,32,1,2,67,32,0.24860003031790257,128720.8209873479
inproc,onnx-int8,32,1,2,68,32,0.2432999899610877,131524.87184696528
inproc,onnx-int8,32,1,2,69,32,0.249299977440387,128359.4179532242
inproc,onnx-int8,32,1,2,70,32,0.24480000138282776,130718.95350995997
inproc,onnx-int8,32,1,2,71,32,0.24399999529123306,131147.54351452139
inproc,onnx-int8,32,1,2,72,32,0.24330004816874862,131524.84038065362
inproc,onnx-int8,32,1,2,73,32,0.2490000333636999,128514.0390052055
inproc,onnx-int8,32,1,2,74,32,0.2502999850548804,127846.59173265124
inproc,onnx-int8,32,4,0,0,32,0.2429999876767397,131687.2494766101
inproc,onnx-int8,32,4,0,1,32,0.24319998919963837,131578.95321176102
inproc,onnx-int8,32,4,0,2,32,0.2432999899610877,131524.87184696528
inproc,onnx-int8,32,4,0,3,32,0.2437999937683344,131255.13050835964
inproc,onnx-int8,32,4,0,4,32,0.2478999667800963,129084.32548676427
inproc,onnx-int8,32,4,0,5,32,0.24229998234659433,132067.69431054307
inproc,onnx-int8,32,4,0,6,32,0.2542000147514045,125885.12251383805
inproc,onnx-int8,32,4,0,7,32,0.2465999568812549,129764.8239874143
inproc,onnx-int8,32,4,0,8,32,0.2610000083222985,122605.36007525514
inproc,onnx-int8,32,4,0,9,32,0.3024999750778079,105785.13268230544
inproc,onnx-int8,32,4,0,10,32,0.28119998751208186,113798.01358855006
inproc,onnx-int8,32,4,0,11,32,0.25290000485256314,126532.22374849503
inproc,onnx-int8,32,4,0,12,32,0.2519999979995191,126984.12799217984
inproc,onnx-int8,32,4,0,13,32,0.2848999574780464,112320.12908413941
inproc,onnx-int8,32,4,0,14,32,0.25480001932010055,125588.68749456016
inproc,onnx-int8,32,4,0,15,32,0.24250004207715392,131958.73998990428
inproc,onnx-int8,32,4,0,16,32,0.24170003598555923,132395.511939071
inproc,onnx-int8,32,4,0,17,32,0.2419000375084579,132286.04811142758
inproc,onnx-int8,32,4,0,18,32,0.2413999754935503,132560.07973726979
inproc,onnx-int8,32,4,0,19,32,0.24129997473210096,132615.01595898397
inproc,onnx-int8,32,4,0,20,32,0.24100003065541387,132780.06609780964
inproc,onnx-int8,32,4,0,21,32,0.27380004758015275,116873.61007719423
inproc,onnx-int8,32,4,0,22,32,0.2514999941922724,127236.58345509111
inproc,onnx-int8,32,4,0,23,32,0.26080000679939985,122699.38330413279
inproc,onnx-int8,32,4,0,24,32,0.24149997625499964,132505.18901174227
inproc,onnx-int8,32,4,0,25,32,0.24339999072253704,131470.83492077157
inproc,onnx-int8,32,4,0,26,32,0.2416999777778983,132395.54382336466
inproc,onnx-int8,32,4,0,27,32,0.24149997625499964,132505.18901174227
inproc,onnx-int8,32,4,0,28,32,0.2416999777778983,132395.54382336466
inproc,onnx-int8,32,4,0,29,32,0.27270003920421004,117345.0509702236
inproc,onnx-int8,32,4,0,30,32,0.2516999957151711,127135.48090883506
inproc,onnx-int8,32,4,0,31,32,0.24239998310804367,132013.2105196427
inproc,onnx-int8,32,4,0,32,32,0.2416999777778983,132395.54382336466
inproc,onnx-int8,32,4,0,33,32,0.24269998539239168,131850.02853734477
inproc,onnx-int8,32,4,0,34,32,0.24170003598555923,132395.511939071
inproc,onnx-int8,32,4,0,35,32,0.24180003674700856,132340.75738988028
inproc,onnx-int8,32,4,0,36,32,0.24179997853934765,132340.78924780674
inproc,onnx-int8,32,4,0,37,32,0.26810000417754054,119358.44648032544
inproc,onnx-int8,32,4,0,38,32,0.2495000371709466,128256.49391817521
inproc,onnx-int8,32,4,0,39,32,0.24250004207715392,131958.73998990428
inproc,onnx-int8,32,4,0,40,32,0.24349999148398638,131416.84237842966
inproc,onnx-int8,32,4,0,41,32,0.24200003826990724,132231.38404759174
inproc,onnx-int8,32,4,0,42,32,0.24269998539239168,131850.02853734477
inproc,onnx-int8,32,4,0,43,32,0.242199981585145,132122.22309253336
inproc,onnx-int8,32,4,0,44,32,0.24239998310804367,132013.2105196427
inproc,onnx-int8,32,4,0,45,32,0.26729999808594584,119715.67612847844
inproc,onnx-int8,32,4,0,46,32,0.25370001094415784,126133.22278115136
inproc,onnx-int8,32,4,0,47,32,0.2429999876767397,131687.2494766101
inproc,onnx-int8,32,4,0,48,32,0.24800002574920654,129032.24466742775
inproc,onnx-int8,32,4,0,49,32,0.2463000128045678,129922.85154849385
inproc,onnx-int8,32,4,0,50,32,0.24309998843818903,131633.07906999908
inproc,onnx-int8,32,4,0,51,32,0.24239998310804367,132013.2105196427
inproc,onnx-int8,32,4,0,52,32,0.2449000021442771,130665.5766427799
inproc,onnx-int8,32,4,0,53,32,0.26619998971000314,120210.3727910006
inproc,onnx-int8,32,4,0,54,32,0.2538000117056072,126083.52452370287
inproc,onnx-int8,32,4,0,55,32,0.24279998615384102,131795.72415512582
inproc,onnx-int8,32,4,0,56,32,0.24429999757558107,130986.49331791294
inproc,onnx-int8,32,4,0,57,32,0.24339999072253704,131470.83492077157
inproc,onnx-int8,32,4,0,58,32,0.24179997853934765,132340.78924780674
inproc,onnx-int8,32,4,0,59,32,0.2443999983370304,130932.8977812497
inproc,onnx-int8,32,4,0,60,32,0.2443999983370304,130932.8977812497
inproc,onnx-int8,32,4,0,61,32,0.26810000417754054,119358.44648032544
inproc,onnx-int8,32,4,0,62,32,0.2533000078983605,126332.40822021752
inproc,onnx-int8,32,4,0,63,32,0.24309998843818903,131633.07906999908
inproc,onnx-int8,32,4,0,64,32,0.24949997896328568,128256.52384006353
inproc,onnx-int8,32,4,0,65,32,0.29769999673590064,107490.76369116739
inproc,onnx-int8,32,4,0,66,32,0.31540001509711146,101458.46058424322
inproc,onnx-int8,32,4,0,67,32,0.3130999975837767,102203.76955268964
inproc,onnx-int8,32,4,0,68,32,0.3842000151053071,83289.94987475203
inproc,onnx-int8,32,4,0,69,32,0.3273999900557101,97739.77083675204
inproc,onnx-int8,32,4,0,70,32,0.32270001247525215,99163.30574190505
inproc,onnx-int8,32,4,0,71,32,0.2961999853141606,108035.11676767851
inproc,onnx-int8,32,4,0,72,32,0.2620000159367919,122137.39715084626
inproc,onnx-int8,32,4,0,73,32,0.2452000044286251,130505.70726769636
inproc,onnx-int8,32,4,0,74,32,0.2416000352241099,132450.31181521382
inproc,onnx-int8,32,4,1,0,32,0.2457000082358718,130240.12587447709
inproc,onnx-int8,32,4,1,1,32,0.242499983869493,131958.77166417273
inproc,onnx-int8,32,4,1,2,32,0.2725999802350998,117388.12296465346
inproc,onnx-int8,32,4,1,3,32,0.24989998200908303,128051.22970691894
inproc,onnx-int8,32,4,1,4,32,0.24209998082369566,132176.79692136508
inproc,onnx-int8,32,4,1,5,32,0.24179997853934765,132340.78924780674
inproc,onnx-int8,32,4,1,6,32,0.24119997397065163,132669.99773347258
inproc,onnx-int8,32,4,1,7,32,0.24140003370121121,132560.04777367786
inproc,onnx-int8,32,4,1,8,32,0.24180003674700856,132340.75738988028
inproc,onnx-int8,32,4,1,9,32,0.24180003674700856,132340.75738988028
inproc,onnx-int8,32,4,1,10,32,0.26509998133406043,120709.17485156606
inproc,onnx-int8,32,4,1,11,32,0.2552000223658979,125391.83854035636
inproc,onnx-int8,32,4,1,12,32,0.24239998310804367,132013.2105196427
inproc,onnx-int8,32,4,1,13,32,0.24199998006224632,132231.41585288182
inproc,onnx-int8,32,4,1,14,32,0.24149997625499964,132505.18901174227
inproc,onnx-int8,32,4,1,15,32,0.242499983869493,131958.77166417273
inproc,onnx-int8,32,4,1,16,32,0.24149997625499964,132505.18901174227
inproc,onnx-int8,32,4,1,17,32,0.24179997853934765,132340.78924780674
inproc,onnx-int8,32,4,1,18,32,0.2645000349730253,120982.97077073535
inproc,onnx-int8,32,4,1,19,32,0.2495000371709466,128256.49391817521
inproc,onnx-int8,32,4,1,20,32,0.2422000397928059,132122.19133974932
inproc,onnx-int8,32,4,1,21,32,0.24310004664584994,131633.04755189066
inproc,onnx-int8,32,4,1,22,32,0.2411000314168632,132724.99307423082
inproc,onnx-int8,32,4,1,23,32,0.2405999694019556,133000.84816943415
inproc,onnx-int8,32,4,1,24,32,0.24089997168630362,132835.21694087173
inproc,onnx-int8,32,4,1,25,32,0.24170003598555923,132395.511939071
inproc,onnx-int8,32,4,1,26,32,0.26160001289099455,122324.15299357803
inproc,onnx-int8,32,4,1,27,32,0.248999975156039,128514.06904738361
inproc,onnx-int8,32,4,1,28,32,0.24149997625499964,132505.18901174227
inproc,onnx-int8,32,4,1,29,32,0.2419000375084579,132286.04811142758
inproc,onnx-int8,32,4,1,30,32,0.2416000352241099,132450.31181521382
inproc,onnx-int8,32,4,1,31,32,0.24359999224543571,131362.89416527917
inproc,onnx-int8,32,4,1,32,32,0.24170003598555923,132395.511939071
inproc,onnx-int8,32,4,1,33,32,0.2413999754935503,132560.07973726979
inproc,onnx-int8,32,4,1,34,32,0.26619998971000314,120210.3727910006
inproc,onnx-int8,32,4,1,35,32,0.25069998810067773,127642.60677646795
inproc,onnx-int8,32,4,1,36,32,0.24209998082369566,132176.79692136508
inproc,onnx-int8,32,4,1,37,32,0.24159997701644897,132450.3437259074
inproc,onnx-int8,32,4,1,38,32,0.24129997473210096,132615.01595898397
inproc,onnx-int8,32,4,1,39,32,0.24200003826990724,132231.38404759174
inproc,onnx-int8,32,4,1,40,32,0.24210003903135657,132176.7651423443
inproc,onnx-int8,32,4,1,41,32,0.2440999960526824,131093.81613055686
inproc,onnx-int8,32,4,1,42,32,0.2601000014692545,123029.60330349175
inproc,onnx-int8,32,4,1,43,32,0.26699999580159783,119850.18915048425
inproc,onnx-int8,32,4,1,44,32,0.2552000223658979,125391.83854035636
inproc,onnx-int8,32,4,1,45,32,0.2443999983370304,130932.8977812497
inproc,onnx-int8,32,4,1,46,32,0.2427000436000526,131849.99691525835
inproc,onnx-int8,32,4,1,47,32,0.24339999072253704,131470.83492077157
inproc,onnx-int8,32,4,1,48,32,0.24240004131570458,132013.17881923474
inproc,onnx-int8,32,4,1,49,32,0.2419000375084579,132286.04811142758
inproc,onnx-int8,32,4,1,50,32,0.2691000117920339,118914.89631271464
inproc,onnx-int8,32,4,1,51,32,0.2511999919079244,127388.53913550035
inproc,onnx-int8,32,4,1,52,32,0.27979997685179114,114367.41475125376
inproc,onnx-int8,32,4,1,53,32,0.32539997482672334,98340.51160280549
inproc,onnx-int8,32,4,1,54,32,0.25179999647662044,127084.98986405344
inproc,onnx-int8,32,4,1,55,32,0.2449000021442771,130665.5766427799
inproc,onnx-int8,32,4,1,56,32,0.2419000375084579,132286.04811142758
inproc,onnx-int8,32,4,1,57,32,0.24140003370121121,132560.04777367786
inproc,onnx-int8,32,4,1,58,32,0.2814999897964299,113676.73591441757
inproc,onnx-int8,32,4,1,59,32,0.25400001322850585,125984.24540715225
inproc,onnx-int8,32,4,1,60,32,0.26429997524246573,121074.54785284626
inproc,onnx-int8,32,4,1,61,32,0.27650000993162394,115732.3647399265
inproc,onnx-int8,32,4,1,62,32,0.24730002041906118,129397.48223948602
inproc,onnx-int8,32,4,1,63,32,0.24209998082369566,132176.79692136508
inproc,onnx-int8,32,4,1,64,32,0.24149997625499964,132505.18901174227
inproc,onnx-int8,32,4,1,65,32,0.2413999754935503,132560.07973726979
inproc,onnx-int8,32,4,1,66,32,0.2747999969869852,116448.32733209801
inproc,onnx-int8,32,4,1,67,32,0.25209999876096845,126933.75706971412
inproc,onnx-int8,32,4,1,68,32,0.24179997853934765,132340.78924780674
inproc,onnx-int8,32,4,1,69,32,0.24140003370121121,132560.04777367786
inproc,onnx-int8,32,4,1,70,32,0.24120003217831254,132669.96571685065
inproc,onnx-int8,32,4,1,71,32,0.24199998006224632,132231.41585288182
inproc,onnx-int8,32,4,1,72,32,0.24079997092485428,132890.38149421598
inproc,onnx-int8,32,4,1,73,32,0.24120003217831254,132669.96571685065
inproc,onnx-int8,32,4,1,74,32,0.26870000874623656,119091.92020243354
inproc,onnx-int8,32,4,2,0,32,0.24289998691529036,131741.46448661512
inproc,onnx-int8,32,4,2,1,32,0.2749999985098839,116363.63699416484
inproc,onnx-int8,32,4,2,2,32,0.2500000409781933,127999.97901916847
inproc,onnx-int8,32,4,2,3,32,0.24320004740729928,131578.92171956695
inproc,onnx-int8,32,4,2,4,32,0.24240004131570458,132013.17881923474
inproc,onnx-int8,32,4,2,5,32,0.2449000021442771,130665.5766427799
inproc,onnx-int8,32,4,2,6,32,0.2419000375084579,132286.04811142758
inproc,onnx-int8,32,4,2,7,32,0.24200003826990724,132231.38404759174
inproc,onnx-int8,32,4,2,8,32,0.24179997853934765,132340.78924780674
inproc,onnx-int8,32,4,2,9,32,0.2671999973244965,119760.48024109125
inproc,onnx-int8,32,4,2,10,32,0.25020004250109196,127897.66012873616
inproc,onnx-int8,32,4,2,11,32,0.24330004816874862,131524.84038065362
inproc,onnx-int8,32,4,2,12,32,0.2430000458844006,131687.2179325553
inproc,onnx-int8,32,4,2,13,32,0.24339999072253704,131470.83492077157
inproc,onnx-int8,32,4,2,14,32,0.24280004436150193,131795.6925590821
inproc,onnx-int8,32,4,2,15,32,0.2432999899610877,131524.87184696528
inproc,onnx-int8,32,4,2,16,32,0.24240004131570458,132013.17881923474
inproc,onnx-int8,32,4,2,17,32,0.2772000152617693,115440.10908434232
inproc,onnx-int8,32,4,2,18,32,0.2518999972380698,127034.53890774328
inproc,onnx-int8,32,4,2,19,32,0.24580000899732113,130187.13925412734
inproc,onnx-int8,32,4,2,20,32,0.24759996449574828,129240.72935620107
inproc,onnx-int8,32,4,2,21,32,0.24259998463094234,131904.3776885655
inproc,onnx-int8,32,4,2,22,32,0.24919997667893767,128410.92694494073
inproc,onnx-int8,32,4,2,23,32,0.2452000044286251,130505.70726769636
inproc,onnx-int8,32,4,2,24,32,0.24259998463094234,131904.3776885655
inproc,onnx-int8,32,4,2,25,32,0.28849998489022255,110918.55000330886
inproc,onnx-int8,32,4,2,26,32,0.2627999638207257,121765.61798094252
inproc,onnx-int8,32,4,2,27,32,0.24590000975877047,130134.1957301759
inproc,onnx-int8,32,4,2,28,32,0.24239998310804367,132013.2105196427
inproc,onnx-int8,32,4,2,29,32,0.248699972871691,128669.09324718505
inproc,onnx-int8,32,4,2,30,32,0.24359999224543571,131362.89416527917
inproc,onnx-int8,32,4,2,31,32,0.24530000519007444,130452.50437399834
inproc,onnx-int8,32,4,2,32,32,0.24269998539239168,131850.02853734477
inproc,onnx-int8,32,4,2,33,32,0.2840999513864517,112636.4149090313
inproc,onnx-int8,32,4,2,34,32,0.25669997557997704,124659.14703614816
inproc,onnx-int8,32,4,2,35,32,0.2949000336229801,108511.34741107197
inproc,onnx-int8,32,4,2,36,32,0.24810002651065588,128980.23611708725
inproc,onnx-int8,32,4,2,37,32,0.24239998310804367,132013.2105196427
inproc,onnx-int8,32,4,2,38,32,0.2413999754935503,132560.07973726979
inproc,onnx-int8,32,4,2,39,32,0.24159997701644897,132450.3437259074
inproc,onnx-int8,32,4,2,40,32,0.24120003217831254,132669.96571685065
inproc,onnx-int8,32,4,2,41,32,0.2668999950401485,119895.09402271212
inproc,onnx-int8,32,4,2,42,32,0.24859997211024165,128720.8511262809
inproc,onnx-int8,32,4,2,43,32,0.24149997625499964,132505.18901174227
inproc,onnx-int8,32,4,2,44,32,0.2416999777778983,132395.54382336466
inproc,onnx-int8,32,4,2,45,32,0.24150003446266055,132505.15707461594
inproc,onnx-int8,32,4,2,46,32,0.24860003031790257,128720.8209873479
inproc,onnx-int8,32,4,2,47,32,0.25539996568113565,125293.67384470084
inproc,onnx-int8,32,4,2,48,32,0.2440999960526824,131093.81613055686
inproc,onnx-int8,32,4,2,49,32,0.2668999950401485,119895.09402271212
inproc,onnx-int8,32,4,2,50,32,0.24940003640949726,128307.92032226594
inproc,onnx-int8,32,4,2,51,32,0.24149997625499964,132505.18901174227
inproc,onnx-int8,32,4,2,52,32,0.24119997397065163,132669.99773347258
inproc,onnx-int8,32,4,2,53,32,0.24129997473210096,132615.01595898397
inproc,onnx-int8,32,4,2,54,32,0.24120003217831254,132669.96571685065
inproc,onnx-int8,32,4,2,55,32,0.24130003293976188,132614.98396889353
inproc,onnx-int8,32,4,2,56,32,0.24129997473210096,132615.01595898397
inproc,onnx-int8,32,4,2,57,32,0.26349996915087104,121442.13945496858
inproc,onnx-int8,32,4,2,58,32,0.24750002194195986,129292.9178305454
inproc,onnx-int8,32,4,2,59,32,0.24140003370121121,132560.04777367786
inproc,onnx-int8,32,4,2,60,32,0.24239998310804367,132013.2105196427
inproc,onnx-int8,32,4,2,61,32,0.24129997473210096,132615.01595898397
inproc,onnx-int8,32,4,2,62,32,0.2416999777778983,132395.54382336466
inproc,onnx-int8,32,4,2,63,32,0.24120003217831254,132669.96571685065
inproc,onnx-int8,32,4,2,64,32,0.24830002803355455,128876.34469246057
inproc,onnx-int8,32,4,2,65,32,0.2639999729581177,121212.13362804639
inproc,onnx-int8,32,4,2,66,32,0.2481999690644443,128928.29971179934
inproc,onnx-int8,32,4,2,67,32,0.24209998082369566,132176.79692136508
inproc,onnx-int8,32,4,2,68,32,0.242499983869493,131958.77166417273
inproc,onnx-int8,32,4,2,69,32,0.24149997625499964,132505.18901174227
inproc,onnx-int8,32,4,2,70,32,0.2416000352241099,132450.31181521382
inproc,onnx-int8,32,4,2,71,32,0.24180003674700856,132340.75738988028
inproc,onnx-int8,32,4,2,72,32,0.2416999777778983,132395.54382336466
inproc,onnx-int8,32,4,2,73,32,0.26599998818710446,120300.75722218149
inproc,onnx-int8,32,4,2,74,32,0.24959997972473502,128205.13861936361
inproc,onnx-int8,64,1,0,0,64,0.47750002704560757,134031.40602102448
inproc,onnx-int8,64,1,0,1,64,0.4726999904960394,135392.4292083019
inproc,onnx-int8,64,1,0,2,64,0.4715999821200967,135708.2324564251
inproc,onnx-int8,64,1,0,3,64,0.4975000047124922,128643.21486184894
inproc,onnx-int8,64,1,0,4,64,0.49349997425451875,129685.92368556539
inproc,onnx-int8,64,1,0,5,64,0.4735999973490834,135135.1358915371
inproc,onnx-int8,64,1,0,6,64,0.46880001900717616,136518.7657959978
inproc,onnx-int8,64,1,0,7,64,0.49209996359422803,130054.87651848847
inproc,onnx-int8,64,1,0,8,64,0.47339999582618475,135192.2276389256
inproc,onnx-int8,64,1,0,9,64,0.4694999661296606,136315.2388009444
inproc,onnx-int8,64,1,0,10,64,0.4689000197686255,136489.6508888616
inproc,onnx-int8,64,1,0,11,64,0.48940000124275684,130772.37400384499
inproc,onnx-int8,64,1,0,12,64,0.48829999286681414,131066.9689431191
inproc,onnx-int8,64,1,0,13,64,0.47580001410096884,134510.29445833236
inproc,onnx-int8,64,1,0,14,64,0.46930002281442285,136373.3153392745
inproc,onnx-int8,64,1,0,15,64,0.4681000136770308,136722.91845767235
inproc,onnx-int8,64,1,0,16,64,0.493000028654933,129817.43667361066
inproc,onnx-int8,64,1,0,17,64,0.4732999950647354,135220.79160648718
inproc,onnx-int8,64,1,0,18,64,0.4705000319518149,136025.49554460903
inproc,onnx-int8,64,1,0,19,64,0.46989996917545795,136199.20025170883
inproc,onnx-int8,64,1,0,20,64,0.4979000077582896,128539.86544035048
inproc,onnx-int8,64,1,0,21,64,0.47560001257807016,134566.8593511535
inproc,onnx-int8,64,1,0,22,64,0.45599997974932194,140350.88342587842
inproc,onnx-int8,64,1,0,23,64,0.45469996985048056,140752.1536037163
inproc,onnx-int8,64,1,0,24,64,0.4778000293299556,133947.25004464862
inproc,onnx-int8,64,1,0,25,64,0.46090001706033945,138858.74947065001
inproc,onnx-int8,64,1,0,26,64,0.4552999744191766,140566.66724316077
inproc,onnx-int8,64,1,0,27,64,0.458099995739758,139707.48874740824
inproc,onnx-int8,64,1,0,28,64,0.477299967315048,134087.58513020384
inproc,onnx-int8,64,1,0,29,64,0.4621999687515199,138468.20494790337
inproc,onnx-int8,64,1,0,30,64,0.45650004176422954,140197.13941900217
inproc,onnx-int8,64,1,0,31,64,0.45819999650120735,139676.99801113238
inproc,onnx-int8,64,1,0,32,64,0.48099999548867345,133056.13430407416
inproc,onnx-int8,64,1,0,33,64,0.46549999387934804,137486.57538454884
inproc,onnx-int8,64,1,0,34,64,0.4592000041157007,139372.82105048603
inproc,onnx-int8,64,1,0,35,64,0.46120001934468746,138768.42436159626
inproc,onnx-int8,64,1,0,36,64,0.4825000069104135,132642.48514691312
inproc,onnx-int8,64,1,0,37,64,0.4917000187560916,130160.66210838866
inproc,onnx-int8,64,1,0,38,64,0.4773000255227089,134087.56877796358
inproc,onnx-int8,64,1,0,39,64,0.46010001096874475,139100.19229351336
inproc,onnx-int8,64,1,0,40,64,0.45769999269396067,139829.58492811985
inproc,onnx-int8,64,1,0,41,64,0.47339999582618475,135192.2276389256
inproc,onnx-int8,64,1,0,42,64,0.45629998203366995,140258.6073195977
inproc,onnx-int8,64,1,0,43,64,0.4555999767035246,140474.10727074536
inproc,onnx-int8,64,1,0,44,64,0.4555999767035246,140474.10727074536
inproc,onnx-int8,64,1,0,45,64,0.4783999756909907,133779.27101179253
inproc,onnx-int8,64,1,0,46,64,0.46169996494427323,138618.16083898715
inproc,onnx-int8,64,1,0,47,64,0.4668000037781894,137103.68355183443
inproc,onnx-int8,64,1,0,48,64,0.46030001249164343,139039.75290715834
inproc,onnx-int8,64,1,0,49,64,0.48610003432258964,131660.14293578058
inproc,onnx-int8,64,1,0,50,64,0.4627000307664275,138318.55574763817
inproc,onnx-int8,64,1,0,51,64,0.4559000371955335,140381.65119199295
inproc,onnx-int8,64,1,0,52,64,0.45579997822642326,140412.46831347444
inproc,onnx-int8,64,1,0,53,64,0.484999967738986,131958.77166417273
inproc,onnx-int8,64,1,0,54,64,0.46339997788891196,138109.6311043466
inproc,onnx-int8,64,1,0,55,64,0.45629998203366995,140258.6073195977
inproc,onnx-int8,64,1,0,56,64,0.458399998024106,139616.0564482254
inproc,onnx-int8,64,1,0,57,64,0.45659998431801796,140166.4524706259
inproc,onnx-int8,64,1,0,58,64,0.4851999692618847,131904.3776885655
inproc,onnx-int8,64,1,0,59,64,0.464299984741956,137841.91708636234
inproc,onnx-int8,64,1,0,60,64,0.47560001257807016,134566.8593511535
inproc,onnx-int8,64,1,0,61,64,0.5471000331453979,116980.43524517807
inproc,onnx-int8,64,1,0,62,64,0.6647999980486929,96269.55503587765
inproc,onnx-int8,64,1,0,63,64,0.5763000226579607,111053.26649966936
inproc,onnx-int8,64,1,0,64,64,0.5577000556513667,114757.02638266925
inproc,onnx-int8,64,1,0,65,64,0.5704999784938991,112182.30046030477
inproc,onnx-int8,64,1,0,66,64,0.5547000328078866,115377.67480566491
inproc,onnx-int8,64,1,0,67,64,0.5499999970197678,116363.63699416484
inproc,onnx-int8,64,1,0,68,64,0.5437000072561204,117711.97194384359
inproc,onnx-int8,64,1,0,69,64,0.5669999518431723,112874.78912820418
inproc,onnx-int8,64,1,0,70,64,0.5549999768845737,115315.32011813115
inproc,onnx-int8,64,1,0,71,64,0.5110000493004918,125244.60631189689
inproc,onnx-int8,64,1,0,72,64,0.49840001156553626,128410.91194795133
inproc,onnx-int8,64,1,0,73,64,0.4659999976865947,137339.05647579592
inproc,onnx-int8,64,1,0,74,64,0.45739999040961266,139921.2972057268
inproc,onnx-int8,64,1,1,0,64,0.5002000252716243,127948.8140074483
inproc,onnx-int8,64,1,1,1,64,0.4702999722212553,136083.35909042077
inproc,onnx-int8,64,1,1,2,64,0.458399998024106,139616.0564482254
inproc,onnx-int8,64,1,1,3,64,0.45730004785582423,139951.87689151012
inproc,onnx-int8,64,1,1,4,64,0.4566000425256789,140166.4346021183
inproc,onnx-int8,64,1,1,5,64,0.48120005521923304,133000.815992928
inproc,onnx-int8,64,1,1,6,64,0.4628999740816653,138258.810938514
inproc,onnx-int8,64,1,1,7,64,0.45900000259280205,139433.55041062398
inproc,onnx-int8,64,1,1,8,64,0.457199988886714,139982.50558981983
inproc,onnx-int8,64,1,1,9,64,0.4822000046260655,132725.0090958221
inproc,onnx-int8,64,1,1,10,64,0.46300003305077553,138228.93181733607
inproc,onnx-int8,64,1,1,11,64,0.4577000509016216,139829.5671453972
inproc,onnx-int8,64,1,1,12,64,0.4569999873638153,140043.76754840024
inproc,onnx-int8,64,1,1,13,64,0.4996000207029283,128102.47667714894
inproc,onnx-int8,64,1,1,14,64,0.4757000133395195,134538.57095926028
inproc,onnx-int8,64,1,1,15,64,0.47039997298270464,136054.42958295645
inproc,onnx-int8,64,1,1,16,64,0.46960002509877086,136286.193738041
inproc,onnx-int8,64,1,1,17,64,0.4959999932907522,129032.25980989801
inproc,onnx-int8,64,1,1,18,64,0.477599969599396,134003.35861344857
inproc,onnx-int8,64,1,1,19,64,0.4706000327132642,135996.59063133787
inproc,onnx-int8,64,1,1,20,64,0.47149998135864735,135737.01491054415
inproc,onnx-int8,64,1,1,21,64,0.4697000258602202,136257.17793561716
inproc,onnx-int8,64,1,1,22,64,0.49780000699684024,128565.68722468145
inproc,onnx-int8,64,1,1,23,64,0.5109999910928309,125244.62057842468
inproc,onnx-int8,64,1,1,24,64,0.4882000503130257,131093.8005003569
inproc,onnx-int8,64,1,1,25,64,0.4944000393152237,129449.82789371168
inproc,onnx-int8,64,1,1,26,64,0.5193999968469143,123219.09970835653
inproc,onnx-int8,64,1,1,27,64,0.48209994565695524,132752.5559306743
inproc,onnx-int8,64,1,1,28,64,0.5095999804325402,125588.70183958375
inproc,onnx-int8,64,1,1,29,64,0.47179998364299536,135650.7041518423
inproc,onnx-int8,64,1,1,30,64,0.4965999978594482,128876.35979836191
inproc,onnx-int8,64,1,1,31,64,0.4762999597005546,134369.10647701126
inproc,onnx-int8,64,1,1,32,64,0.46850001672282815,136606.1850919066
inproc,onnx-int8,64,1,1,33,64,0.4683999577537179,136635.36672146936
inproc,onnx-int8,64,1,1,34,64,0.5002000252716243,127948.8140074483
inproc,onnx-int8,64,1,1,35,64,0.4771000239998102,134143.77862203892
inproc,onnx-int8,64,1,1,36,64,0.4687000182457268,136547.8931269137
inproc,onnx-int8,64,1,1,37,64,0.46820001443848014,136693.71641681012
inproc,onnx-int8,64,1,1,38,64,0.4947000415995717,129371.32528443153
inproc,onnx-int8,64,1,1,39,64,0.4752000095322728,134680.13197851903
inproc,onnx-int8,64,1,1,40,64,0.4676000098697841,136869.11601610645
inproc,onnx-int8,64,1,1,41,64,0.47910003922879696,133583.79202602492
inproc,onnx-int8,64,1,1,42,64,0.49270002637058496,129896.48178314144
inproc,onnx-int8,64,1,1,43,64,0.47639996046200395,134340.90115778762
inproc,onnx-int8,64,1,1,44,64,0.4695000243373215,136315.22190085755
inproc,onnx-int8,64,1,1,45,64,0.47309999354183674,135277.9557675906
inproc,onnx-int8,64,1,1,46,64,0.4949999856762588,129292.93303425962
inproc,onnx-int8,64,1,1,47,64,0.4781000316143036,133863.19968209197
inproc,onnx-int8,64,1,1,48,64,0.4719000426121056,135621.94155724414
inproc,onnx-int8,64,1,1,49,64,0.470799976028502,135938.83444914507
inproc,onnx-int8,64,1,1,50,64,0.4960999940522015,129006.25028684374
inproc,onnx-int8,64,1,1,51,64,0.48010004684329033,133305.54833478338
inproc,onnx-int8,64,1,1,52,64,0.4786000354215503,133723.34990244804
inproc,onnx-int8,64,1,1,53,64,0.47470000572502613,134821.99121158748
inproc,onnx-int8,64,1,1,54,64,0.4715999821200967,135708.2324564251
inproc,onnx-int8,64,1,1,55,64,0.5622999742627144,113818.25169726631
inproc,onnx-int8,64,1,1,56,64,0.6768999737687409,94548.68145978868
inproc,onnx-int8,64,1,1,57,64,0.5318000330589712,120345.98725363948
inproc,onnx-int8,64,1,1,58,64,0.5194999976083636,123195.38074040145
inproc,onnx-int8,64,1,1,59,64,0.4975000047124922,128643.21486184894
inproc,onnx-int8,64,1,1,60,64,0.47179998364299536,135650.7041518423
inproc,onnx-int8,64,1,1,61,64,0.47259998973459005,135421.07784628202
inproc,onnx-int8,64,1,1,62,64,0.5026999861001968,127312.51595309113
inproc,onnx-int8,64,1,1,63,64,0.477599969599396,134003.35861344857
inproc,onnx-int8,64,1,1,64,64,0.4697000258602202,136257.17793561716
inproc,onnx-int8,64,1,1,65,64,0.4790000384673476,133611.68029292912
inproc,onnx-int8,64,1,1,66,64,0.4862999776378274,131606.0105757687
inproc,onnx-int8,64,1,1,67,64,0.4782000323757529,133835.20632995488
inproc,onnx-int8,64,1,1,68,64,0.6098000449128449,104952.43569414158
inproc,onnx-int8,64,1,1,69,64,0.7020999910309911,91155.10727470584
inproc,onnx-int8,64,1,1,70,64,0.568099960219115,112656.230384729
inproc,onnx-int8,64,1,1,71,64,0.5179999861866236,123552.12684685721
inproc,onnx-int8,64,1,1,72,64,0.5936000379733741,107816.70469311984
inproc,onnx-int8,64,1,1,73,64,0.4993999609723687,128153.79455654594
inproc,onnx-int8,64,1,1,74,64,0.47450000420212746,134878.8186158525
inproc,onnx-int8,64,1,2,0,64,0.4721000441350043,135564.48637335483
inproc,onnx-int8,64,1,2,1,64,0.4692000220529735,136402.38063069462
inproc,onnx-int8,64,1,2,2,64,0.46960002509877086,136286.193738041
inproc,onnx-int8,64,1,2,3,64,0.4776999703608453,133975.30661694543
inproc,onnx-int8,64,1,2,4,64,0.47500000800937414,134736.83983335207
inproc,onnx-int8,64,1,2,5,64,0.512500002514571,124878.04816777617
inproc,onnx-int8,64,1,2,6,64,0.48260000767186284,132614.99996393683
inproc,onnx-int8,64,1,2,7,64,0.4827000084333122,132587.52616914854
inproc,onnx-int8,64,1,2,8,64,0.47119997907429934,135823.43557343073
inproc,onnx-int8,64,1,2,9,64,0.5510000046342611,116152.44911382798
inproc,onnx-int8,64,1,2,10,64,0.5373000167310238,119114.08525423302
inproc,onnx-int8,64,1,2,11,64,0.4974000039510429,128669.07818983303
inproc,onnx-int8,64,1,2,12,64,0.47479994827881455,134793.61198754297
inproc,onnx-int8,64,1,2,13,64,0.48809999134391546,131120.67431877
inproc,onnx-int8,64,1,2,14,64,0.478199974168092,133835.22262070086
inproc,onnx-int8,64,1,2,15,64,0.4828000091947615,132560.0637554719
inproc,onnx-int8,64,1,2,16,64,0.5316999740898609,120368.63479173984
inproc,onnx-int8,64,1,2,17,64,0.5874999915249646,108936.17178423474
inproc,onnx-int8,64,1,2,18,64,0.5926000303588808,107998.64448410737
inproc,onnx-int8,64,1,2,19,64,0.6437000120058656,99425.19621922396
inproc,onnx-int8,64,1,2,20,64,0.6594000151380897,97057.92922464114
inproc,onnx-int8,64,1,2,21,64,0.6769999745301902,94534.71552109485
inproc,onnx-int8,64,1,2,22,64,0.5574999959208071,114798.20711799826
inproc,onnx-int8,64,1,2,23,64,0.5058000097051263,126532.22374849503
inproc,onnx-int8,64,1,2,24,64,0.4991000168956816,128230.81112693457
inproc,onnx-int8,64,1,2,25,64,0.5028999876230955,127261.88422173033
inproc,onnx-int8,64,1,2,26,64,0.47989998711273074,133361.1204806432
inproc,onnx-int8,64,1,2,27,64,0.4694000235758722,136344.26243196655
inproc,onnx-int8,64,1,2,28,64,0.507200020365417,126182.96023310606
inproc,onnx-int8,64,1,2,29,64,0.48610003432258964,131660.14293578058
inproc,onnx-int8,64,1,2,30,64,0.4932999727316201,129738.50301593106
inproc,onnx-int8,64,1,2,31,64,0.4829999525099993,132505.18901174227
inproc,onnx-int8,64,1,2,32,64,0.5570999928750098,114880.63331273271
inproc,onnx-int8,64,1,2,33,64,0.5217999569140375,122652.36735261652
inproc,onnx-int8,64,1,2,34,64,0.48510002670809627,131931.55323924834
inproc,onnx-int8,64,1,2,35,64,0.5053000058978796,126657.42975062286
inproc,onnx-int8,64,1,2,36,64,0.5792999872937799,110478.16572373536
inproc,onnx-int8,64,1,2,37,64,0.5863999831490219,109140.52155375945
inproc,onnx-int8,64,1,2,38,64,0.5336000467650592,119940.01947338434
inproc,onnx-int8,64,1,2,39,64,0.4943999811075628,129449.8431343508
inproc,onnx-int8,64,1,2,40,64,0.47070003347471356,135967.6979998306
inproc,onnx-int8,64,1,2,41,64,0.5053000058978796,126657.42975062286
inproc,onnx-int8,64,1,2,42,64,0.47109997831285,135852.266920502
inproc,onnx-int8,64,1,2,43,64,0.46740000834688544,136927.6826210533
inproc,onnx-int8,64,1,2,44,64,0.4765999619849026,134284.52602777872
inproc,onnx-int8,64,1,2,45,64,0.46850001672282815,136606.1850919066
inproc,onnx-int8,64,1,2,46,64,0.4713000380434096,135794.5996900285
inproc,onnx-int8,64,1,2,47,64,0.46900002053007483,136460.54839755807
inproc,onnx-int8,64,1,2,48,64,0.47369999811053276,135106.6080964313
inproc,onnx-int8,64,1,2,49,64,0.4678999539464712,136781.3770020626
inproc,onnx-int8,64,1,2,50,64,0.4676000098697841,136869.11601610645
inproc,onnx-int8,64,1,2,51,64,0.4670000053010881,137044.96632443802
inproc,onnx-int8,64,1,2,52,64,0.5065000150352716,126357.35064201956
inproc,onnx-int8,64,1,2,53,64,0.49669999862089753,128850.4130817353
inproc,onnx-int8,64,1,2,54,64,0.6148999673314393,104081.97007677372
inproc,onnx-int8,64,1,2,55,64,0.5520000122487545,115942.02641278003
inproc,onnx-int8,64,1,2,56,64,0.5102999857626855,125416.42521182263
inproc,onnx-int8,64,1,2,57,64,0.5311999702826142,120481.93445106951
inproc,onnx-int8,64,1,2,58,64,0.5734000005759299,111614.92838457905
inproc,onnx-int8,64,1,2,59,64,0.6091000395826995,105073.05178283527
inproc,onnx-int8,64,1,2,60,64,0.5685999640263617,112557.16505292075
inproc,onnx-int8,64,1,2,61,64,0.5602999590337276,114224.5309287047
inproc,onnx-int8,64,1,2,62,64,0.5552999791689217,115253.02071104753
inproc,onnx-int8,64,1,2,63,64,0.5673000123351812,112815.08656514272
inproc,onnx-int8,64,1,2,64,64,0.5625999765470624,113757.5589547617
inproc,onnx-int8,64,1,2,65,64,0.5706999800167978,112142.98622915012
inproc,onnx-int8,64,1,2,66,64,0.5899000097997487,108492.96310696089
inproc,onnx-int8,64,1,2,67,64,0.5754000158049166,111226.96948569173
inproc,onnx-int8,64,1,2,68,64,0.5647999932989478,113314.44893648378
inproc,onnx-int8,64,1,2,69,64,0.5603000172413886,114224.51906230712
inproc,onnx-int8,64,1,2,70,64,0.5679000169038773,112695.89381053433
inproc,onnx-int8,64,1,2,71,64,0.5628999788314104,113696.9309056736
inproc,onnx-int8,64,1,2,72,64,0.5556999822147191,115170.05947153475
inproc,onnx-int8,64,1,2,73,64,0.5799000500701368,110363.84630809988
inproc,onnx-int8,64,1,2,74,64,0.5849999724887311,109401.71454663244
inproc,onnx-int8,64,4,0,0,64,0.5680000176653266,112676.05283369846
inproc,onnx-int8,64,4,0,1,64,0.5537000251933932,115586.05217264789
inproc,onnx-int8,64,4,0,2,64,0.5473000346682966,116937.68672751616
inproc,onnx-int8,64,4,0,3,64,0.5491999909281731,116533.14103635923
inproc,onnx-int8,64,4,0,4,64,0.5781999789178371,110688.34716975054
inproc,onnx-int8,64,4,0,5,64,0.5522000137716532,115900.03332825958
inproc,onnx-int8,64,4,0,6,64,0.548299984075129,116724.42432759693
inproc,onnx-int8,64,4,0,7,64,0.5505000008270144,116257.94714596367
inproc,onnx-int8,64,4,0,8,64,0.5560999852605164,115087.21758015853
inproc,onnx-int8,64,4,0,9,64,0.5505000008270144,116257.94714596367
inproc,onnx-int8,64,4,0,10,64,0.5480000399984419,116788.31264352091
inproc,onnx-int8,64,4,0,11,64,0.5910000181756914,108291.02881850369
inproc,onnx-int8,64,4,0,12,64,0.5582000012509525,114654.24553309385
inproc,onnx-int8,64,4,0,13,64,0.5559999844990671,115107.91687820162
inproc,onnx-int8,64,4,0,14,64,0.5542000290006399,115481.76948927244
inproc,onnx-int8,64,4,0,15,64,0.5786000401712954,110611.81395883192
inproc,onnx-int8,64,4,0,16,64,0.5621000309474766,113858.73772702256
inproc,onnx-int8,64,4,0,17,64,0.5679000169038773,112695.89381053433
inproc,onnx-int8,64,4,0,18,64,0.595899997279048,107400.57105593523
inproc,onnx-int8,64,4,0,19,64,0.590300012845546,108419.44537911745
inproc,onnx-int8,64,4,0,20,64,0.5709999823011458,112084.06652147032
inproc,onnx-int8,64,4,0,21,64,0.5710999830625951,112064.44037485695
inproc,onnx-int8,64,4,0,22,64,0.5981000140309334,107005.51496173341
inproc,onnx-int8,64,4,0,23,64,0.5670000100508332,112874.77754058983
inproc,onnx-int8,64,4,0,24,64,0.5732999998144805,111634.39738480787
inproc,onnx-int8,64,4,0,25,64,0.6000999710522592,106648.89699590839
inproc,onnx-int8,64,4,0,26,64,0.5898999515920877,108492.97381237219
inproc,onnx-int8,64,4,0,27,64,0.5722999921999872,111829.46159753842
inproc,onnx-int8,64,4,0,28,64,0.577000027988106,110918.53881386512
inproc,onnx-int8,64,4,0,29,64,0.570200034417212,112241.31206062253
inproc,onnx-int8,64,4,0,30,64,0.5636999849230051,113535.57160151718
inproc,onnx-int8,64,4,0,31,64,0.4884999943897128,131013.30754354612
inproc,onnx-int8,64,4,0,32,64,0.486200035084039,131633.063310943
inproc,onnx-int8,64,4,0,33,64,0.5094999796710908,125613.35142999492
inproc,onnx-int8,64,4,0,34,64,0.4692000220529735,136402.38063069462
inproc,onnx-int8,64,4,0,35,64,0.46929996460676193,136373.33225376904
inproc,onnx-int8,64,4,0,36,64,0.4781000316143036,133863.19968209197
inproc,onnx-int8,64,4,0,37,64,0.4759000148624182,134482.0298408738
inproc,onnx-int8,64,4,0,38,64,0.4952999879606068,129214.62054444906
inproc,onnx-int8,64,4,0,39,64,0.5743999499827623,111420.62251558453
inproc,onnx-int8,64,4,0,40,64,0.5639000446535647,113495.2915978554
inproc,onnx-int8,64,4,0,41,64,0.4965999978594482,128876.35979836191
inproc,onnx-int8,64,4,0,42,64,0.5014999769628048,127617.1544166327
inproc,onnx-int8,64,4,0,43,64,0.48909999895840883,130852.58666181742
inproc,onnx-int8,64,4,0,44,64,0.49870001384988427,128333.66397151315
inproc,onnx-int8,64,4,0,45,64,0.485299970023334,131877.19751337048
inproc,onnx-int8,64,4,0,46,64,0.4825000069104135,132642.48514691312
inproc,onnx-int8,64,4,0,47,64,0.48230000538751483,132697.4897057647
inproc,onnx-int8,64,4,0,48,64,0.49160001799464226,130187.13925412734
inproc,onnx-int8,64,4,0,49,64,0.4865999799221754,131524.87184696528
inproc,onnx-int8,64,4,0,50,64,0.4827000084333122,132587.52616914854
inproc,onnx-int8,64,4,0,51,64,0.4844000213779509,132122.20721613942
inproc,onnx-int8,64,4,0,52,64,0.4924999666400254,129949.247380921
inproc,onnx-int8,64,4,0,53,64,0.4839000175707042,132258.72634040305
inproc,onnx-int8,64,4,0,54,64,0.48240000614896417,132669.98172515968
inproc,onnx-int8,64,4,0,55,64,0.48240000614896417,132669.98172515968
inproc,onnx-int8,64,4,0,56,64,0.49239996587857604,129975.638576267
inproc,onnx-int8,64,4,0,57,64,0.541199988219887,118255.7305858571
inproc,onnx-int8,64,4,0,58,64,0.5369000136852264,119202.82802883648
inproc,onnx-int8,64,4,0,59,64,0.491199956741184,130293.17108373028
inproc,onnx-int8,64,4,0,60,64,0.49350003246217966,129685.90838928621
inproc,onnx-int8,64,4,0,61,64,0.4830000107176602,132505.1730431772
inproc,onnx-int8,64,4,0,62,64,0.4819000023417175,132807.63579373737
inproc,onnx-int8,64,4,0,63,64,0.4817000008188188,132862.7774365984
inproc,onnx-int8,64,4,0,64,64,0.48949994379654527,130745.67384751493
inproc,onnx-int8,64,4,0,65,64,0.48320001224055886,132450.3277705587
inproc,onnx-int8,64,4,0,66,64,0.48099999548867345,133056.13430407416
inproc,onnx-int8,64,4,0,67,64,0.48340001376345754,132395.5278812159
inproc,onnx-int8,64,4,0,68,64,0.4819000023417175,132807.63579373737
inproc,onnx-int8,64,4,0,69,64,0.49050000961869955,130479.10039747346
inproc,onnx-int8,64,4,0,70,64,0.4833000130020082,132422.92215649923
inproc,onnx-int8,64,4,0,71,64,0.4822000046260655,132725.0090958221
inproc,onnx-int8,64,4,0,72,64,0.4817000008188188,132862.7774365984
inproc,onnx-int8,64,4,0,73,64,0.4920000210404396,130081.29525006578
inproc,onnx-int8,64,4,0,74,64,0.4857999738305807,131741.46448661512
inproc,onnx-int8,64,4,1,0,64,0.49860001308843493,128359.40296826375
inproc,onnx-int8,64,4,1,1,64,0.4932999727316201,129738.50301593106
inproc,onnx-int8,64,4,1,2,64,0.4896000027656555,130718.95350995997
inproc,onnx-int8,64,4,1,3,64,0.4920000210404396,130081.29525006578
inproc,onnx-int8,64,4,1,4,64,0.485299970023334,131877.19751337048
inproc,onnx-int8,64,4,1,5,64,0.5164000322110951,123934.92642897037
inproc,onnx-int8,64,4,1,6,64,0.47420000191777945,134964.1496017894
inproc,onnx-int8,64,4,1,7,64,0.4699999699369073,136170.22147595318
inproc,onnx-int8,64,4,1,8,64,0.48340001376345754,132395.5278812159
inproc,onnx-int8,64,4,1,9,64,0.4998999647796154,128025.61414105094
inproc,onnx-int8,64,4,1,10,64,0.4810999962501228,133028.4774451059
inproc,onnx-int8,64,4,1,11,64,0.4724000464193523,135478.3948162165
inproc,onnx-int8,64,4,1,12,64,0.4787000361829996,133695.4150041756
inproc,onnx-int8,64,4,1,13,64,0.473200052510947,135249.3510099926
inproc,onnx-int8,64,4,1,14,64,0.47040003119036555,136054.4127474769
inproc,onnx-int8,64,4,1,15,64,0.47280004946514964,135363.77602413401
inproc,onnx-int8,64,4,1,16,64,0.47770002856850624,133975.2902920789
inproc,onnx-int8,64,4,1,17,64,0.4694999661296606,136315.2388009444
inproc,onnx-int8,64,4,1,18,64,0.4678000113926828,136810.59948986798
inproc,onnx-int8,64,4,1,19,64,0.46769995242357254,136839.86852758622
inproc,onnx-int8,64,4,1,20,64,0.4763000179082155,134369.0900560348
inproc,onnx-int8,64,4,1,21,64,0.4692000220529735,136402.38063069462
inproc,onnx-int8,64,4,1,22,64,0.4683000151999295,136664.52684755248
inproc,onnx-int8,64,4,1,23,64,0.4708000342361629,135938.81764226104
inproc,onnx-int8,64,4,1,24,64,0.4688999615609646,136489.66783222687
inproc,onnx-int8,64,4,1,25,64,0.4833999555557966,132395.54382336466
inproc,onnx-int8,64,4,1,26,64,0.4708999767899513,135909.96635055623
inproc,onnx-int8,64,4,1,27,64,0.471699982881546,135679.46220611114
inproc,onnx-int8,64,4,1,28,64,0.48149999929592013,132917.9648880267
inproc,onnx-int8,64,4,1,29,64,0.48019998939707875,133277.803859088
inproc,onnx-int8,64,4,1,30,64,0.4731999943032861,135249.36764682367
inproc,onnx-int8,64,4,1,31,64,0.477599969599396,134003.35861344857
inproc,onnx-int8,64,4,1,32,64,0.47259998973459005,135421.07784628202
inproc,onnx-int8,64,4,1,33,64,0.48909999895840883,130852.58666181742
inproc,onnx-int8,64,4,1,34,64,0.4752000095322728,134680.13197851903
inproc,onnx-int8,64,4,1,35,64,0.47500000800937414,134736.83983335207
inproc,onnx-int8,64,4,1,36,64,0.4722000448964536,135535.77703287647
inproc,onnx-int8,64,4,1,37,64,0.4835000145249069,132368.14493767326
inproc,onnx-int8,64,4,1,38,64,0.47669996274635196,134256.35620209575
inproc,onnx-int8,64,4,1,39,64,0.47740002628415823,134059.48151730074
inproc,onnx-int8,64,4,1,40,64,0.47389999963343143,135049.5886252478
inproc,onnx-int8,64,4,1,41,64,0.48829999286681414,131066.9689431191
inproc,onnx-int8,64,4,1,42,64,0.5763000226579607,111053.26649966936
inproc,onnx-int8,64,4,1,43,64,0.4856999730691314,131768.58873510922
inproc,onnx-int8,64,4,1,44,64,0.4699999699369073,136170.22147595318
inproc,onnx-int8,64,4,1,45,64,0.4807999939657748,133111.48253582502
inproc,onnx-int8,64,4,1,46,64,0.4697000258602202,136257.17793561716
inproc,onnx-int8,64,4,1,47,64,0.4673000075854361,136956.9847231362
inproc,onnx-int8,64,4,1,48,64,0.47109997831285,135852.266920502
inproc,onnx-int8,64,4,1,49,64,0.47090003499761224,135909.9495508097
inproc,onnx-int8,64,4,1,50,64,0.48099999548867345,133056.13430407416
inproc,onnx-int8,64,4,1,51,64,0.4705999745056033,135996.60745251054
inproc,onnx-int8,64,4,1,52,64,0.4678000113926828,136810.59948986798
inproc,onnx-int8,64,4,1,53,64,0.4677999531850219,136810.61651300988
inproc,onnx-int8,64,4,1,54,64,0.47720002476125956,134115.66781040892
inproc,onnx-int8,64,4,1,55,64,0.46900002053007483,136460.54839755807
inproc,onnx-int8,64,4,1,56,64,0.46770001063123345,136839.85149716397
inproc,onnx-int8,64,4,1,57,64,0.47070003347471356,135967.6979998306
inproc,onnx-int8,64,4,1,58,64,0.4759999574162066,134453.79354107683
inproc,onnx-int8,64,4,1,59,64,0.47040003119036555,136054.4127474769
inproc,onnx-int8,64,4,1,60,64,0.4726999904960394,135392.4292083019
inproc,onnx-int8,64,4,1,61,64,0.4687000182457268,136547.8931269137
inproc,onnx-int8,64,4,1,62,64,0.47779997112229466,133947.26636268248
inproc,onnx-int8,64,4,1,63,64,0.4718999844044447,135621.9582858651
inproc,onnx-int8,64,4,1,64,64,0.47149998135864735,135737.01491054415
inproc,onnx-int8,64,4,1,65,64,0.47389999963343143,135049.5886252478
inproc,onnx-int8,64,4,1,66,64,0.47660002019256353,134284.50962746853
inproc,onnx-int8,64,4,1,67,64,0.4697999684140086,136228.1913642028
inproc,onnx-int8,64,4,1,68,64,0.46880001900717616,136518.7657959978
inproc,onnx-int8,64,4,1,69,64,0.4680999554693699,136722.93545900122
inproc,onnx-int8,64,4,1,70,64,0.4751000087708235,134708.47993789875
inproc,onnx-int8,64,4,1,71,64,0.47609995817765594,134425.55266118824
inproc,onnx-int8,64,4,1,72,64,0.4678000113926828,136810.59948986798
inproc,onnx-int8,64,4,1,73,64,0.4668000037781894,137103.68355183443
inproc,onnx-int8,64,4,1,74,64,0.4786000354215503,133723.34990244804
inproc,onnx-int8,64,4,2,0,64,0.4699999699369073,136170.22147595318
inproc,onnx-int8,64,4,2,1,64,0.46960002509877086,136286.193738041
inproc,onnx-int8,64,4,2,2,64,0.4773999680764973,134059.49786269112
inproc,onnx-int8,64,4,2,3,64,0.4732999950647354,135220.79160648718
inproc,onnx-int8,64,4,2,4,64,0.471699982881546,135679.46220611114
inproc,onnx-int8,64,4,2,5,64,0.4803999909199774,133222.31725574864
inproc,onnx-int8,64,4,2,6,64,0.4832999547943473,132422.9381052459
inproc,onnx-int8,64,4,2,7,64,0.4706000327132642,135996.59063133787
inproc,onnx-int8,64,4,2,8,64,0.4692000220529735,136402.38063069462
inproc,onnx-int8,64,4,2,9,64,0.46849995851516724,136606.20206421654
inproc,onnx-int8,64,4,2,10,64,0.47720002476125956,134115.66781040892
inproc,onnx-int8,64,4,2,11,64,0.5266000516712666,121534.3595141772
inproc,onnx-int8,64,4,2,12,64,0.6349000032059848,100803.27559745823
inproc,onnx-int8,64,4,2,13,64,0.6392000359483063,100125.15081456571
inproc,onnx-int8,64,4,2,14,64,0.5954999942332506,107472.71304746969
inproc,onnx-int8,64,4,2,15,64,0.4912000149488449,130293.15564386772
inproc,onnx-int8,64,4,2,16,64,0.4732999950647354,135220.79160648718
inproc,onnx-int8,64,4,2,17,64,0.4689999623224139,136460.5653336987
inproc,onnx-int8,64,4,2,18,64,0.47989998711273074,133361.1204806432
inproc,onnx-int8,64,4,2,19,64,0.46910002129152417,136431.4583141469
inproc,onnx-int8,64,4,2,20,64,0.46770001063123345,136839.85149716397
inproc,onnx-int8,64,4,2,21,64,0.4683000151999295,136664.52684755248
inproc,onnx-int8,64,4,2,22,64,0.47610001638531685,134425.5362264125
inproc,onnx-int8,64,4,2,23,64,0.47229998745024204,135507.09655003445
inproc,onnx-int8,64,4,2,24,64,0.4696999676525593,136257.19482131474
inproc,onnx-int8,64,4,2,25,64,0.46800001291558146,136752.13297813394
inproc,onnx-int8,64,4,2,26,64,0.5564999883063138,115004.4947795624
inproc,onnx-int8,64,4,2,27,64,0.505699950736016,126557.25970874987
inproc,onnx-int8,64,4,2,28,64,0.4839000175707042,132258.72634040305
inproc,onnx-int8,64,4,2,29,64,0.5864000413566828,109140.51072017483
inproc,onnx-int8,64,4,2,30,64,0.6554999854415655,97635.39499835012
inproc,onnx-int8,64,4,2,31,64,0.5833000177517533,109720.55212115176
inproc,onnx-int8,64,4,2,32,64,0.5834000185132027,109701.74489041715
inproc,onnx-int8,64,4,2,33,64,0.5937999812886119,107780.40083651214
inproc,onnx-int8,64,4,2,34,64,0.5839999648742378,109589.04768732676
inproc,onnx-int8,64,4,2,35,64,0.5812000017613173,110116.99897806096
inproc,onnx-int8,64,4,2,36,64,0.5827999557368457,109814.69605481268
inproc,onnx-int8,64,4,2,37,64,0.5919000250287354,108126.36812592286
inproc,onnx-int8,64,4,2,38,64,0.6152000278234482,104031.20465782375
inproc,onnx-int8,64,4,2,39,64,0.6009000353515148,106506.90004130428
inproc,onnx-int8,64,4,2,40,64,0.5967000033706427,107256.57723894152
inproc,onnx-int8,64,4,2,41,64,0.5828000139445066,109814.68508697391
inproc,onnx-int8,64,4,2,42,64,0.5817000055685639,110022.34723626186
inproc,onnx-int8,64,4,2,43,64,0.5913000204600394,108236.08622608728
inproc,onnx-int8,64,4,2,44,64,0.5836000200361013,109664.14976483547
inproc,onnx-int8,64,4,2,45,64,0.5877999938093126,108880.5727697271
inproc,onnx-int8,64,4,2,46,64,0.5806999979540706,110211.8137170408
inproc,onnx-int8,64,4,2,47,64,0.5892000044696033,108621.85932536215
inproc,onnx-int8,64,4,2,48,64,0.58230001013726,109908.97971118684
inproc,onnx-int8,64,4,2,49,64,0.5808999994769692,110173.86823484993
inproc,onnx-int8,64,4,2,50,64,0.590600015129894,108364.37243558843
inproc,onnx-int8,64,4,2,51,64,0.6601999630220234,96940.32654446701
inproc,onnx-int8,64,4,2,52,64,0.5951999919489026,107526.883174915
inproc,onnx-int8,64,4,2,53,64,0.596500001847744,107292.53948323698
inproc,onnx-int8,64,4,2,54,64,0.6324999849312007,101185.77316165708
inproc,onnx-int8,64,4,2,55,64,0.5917000235058367,108162.91610197761
inproc,onnx-int8,64,4,2,56,64,0.5827999557368457,109814.69605481268
inproc,onnx-int8,64,4,2,57,64,0.6297000218182802,101635.69601791949
inproc,onnx-int8,64,4,2,58,64,0.5955999949947,107454.6684651492
inproc,onnx-int8,64,4,2,59,64,0.5831999587826431,109739.37675440167
inproc,onnx-int8,64,4,2,60,64,0.6328999879769981,101121.82211374286
inproc,onnx-int8,64,4,2,61,64,0.5982000147923827,106987.62690972598
inproc,onnx-int8,64,4,2,62,64,0.5848999717272818,109420.41903507039
inproc,onnx-int8,64,4,2,63,64,0.6249999860301614,102400.00228881842
inproc,onnx-int8,64,4,2,64,64,0.588800001423806,108695.65191107079
inproc,onnx-int8,64,4,2,65,64,0.5811000009998679,110135.94887261848
inproc,onnx-int8,64,4,2,66,64,0.5808999994769692,110173.86823484993
inproc,onnx-int8,64,4,2,67,64,0.6080999737605453,105245.85226376218
inproc,onnx-int8,64,4,2,68,64,0.5877999938093126,108880.5727697271
inproc,onnx-int8,64,4,2,69,64,0.5830999580211937,109758.1968916448
inproc,onnx-int8,64,4,2,70,64,0.6104999920353293,104832.10619975954
inproc,onnx-int8,64,4,2,71,64,0.5929999751970172,107925.80552593913
inproc,onnx-int8,64,4,2,72,64,0.5844999686814845,109495.30099098424
inproc,onnx-int8,64,4,2,73,64,0.6131000118330121,104387.53672285273
inproc,onnx-int8,64,4,2,74,64,0.5941999843344092,107707.8453169085
http,torchscript,1,1,0,0,1,2.0169999916106462,495.7858225876662
http,torchscript,1,1,0,1,1,1.9557999912649393,511.2997261817334
http,torchscript,1,1,0,2,1,2.1526999771595,464.5329170855967
http,torchscript,1,1,0,3,1,2.2729000193066895,439.9665588040399
http,torchscript,1,1,0,4,1,2.815700019709766,355.15146961680847
http,torchscript,1,1,0,5,1,1.8670999561436474,535.5899649129786
http,torchscript,1,1,0,6,1,1.626000041142106,615.0061345002167
http,torchscript,1,1,0,7,1,1.5631000278517604,639.7543229362906
http,torchscript,1,1,0,8,1,1.513900002464652,660.5456095990388
http,torchscript,1,1,0,9,1,1.5453000087291002,647.1235322275246
http,torchscript,1,1,0,10,1,1.555000024382025,643.0868066368112
http,torchscript,1,1,0,11,1,1.5381000121124089,650.1527807847888
http,torchscript,1,1,0,12,1,1.8544999766163528,539.228909468395
http,torchscript,1,1,0,13,1,2.1422000136226416,466.8098187101191
http,torchscript,1,1,0,14,1,1.830300025176257,546.3585129458219
http,torchscript,1,1,0,15,1,1.554699963890016,643.210923796447
http,torchscript,1,1,0,16,1,1.4759000041522086,677.5526778146622
http,torchscript,1,1,0,17,1,1.4587999903596938,685.4949318675494
http,torchscript,1,1,0,18,1,1.4616000116802752,684.1817131968864
http,torchscript,1,1,0,19,1,1.4216999989002943,703.3832740898323
http,torchscript,1,1,0,20,1,1.4324999647215009,698.0802964238919
http,torchscript,1,1,0,21,1,1.4199999859556556,704.2253590777349
http,torchscript,1,1,0,22,1,1.584000012371689,631.3131263823171
http,torchscript,1,1,0,23,1,1.7547000315971673,569.8979779978562
http,torchscript,1,1,0,24,1,1.9750999636016786,506.30348763535875
http,torchscript,1,1,0,25,1,1.7286999500356615,578.4693867662638
http,torchscript,1,1,0,26,1,1.5976999420672655,625.8997535582927
http,torchscript,1,1,0,27,1,1.513600000180304,660.6765326908545
http,torchscript,1,1,0,28,1,1.5462000155821443,646.7468567599905
http,torchscript,1,1,0,29,1,1.463299966417253,683.3868809881834
http,torchscript,1,1,0,30,1,1.4452000032179058,691.9457499123885
http,torchscript,1,1,0,31,1,1.514800009317696,660.1531514714111
http,torchscript,1,1,0,32,1,1.9905000226572156,502.38632937318494
http,torchscript,1,1,0,33,1,1.7965000006370246,556.6379068440901
http,torchscript,1,1,0,34,1,1.9494000007398427,512.9783521188451
http,torchscript,1,1,0,35,1,1.7165999743156135,582.5469037413258
http,torchscript,1,1,0,36,1,1.5736999921500683,635.4451324828118
http,torchscript,1,1,0,37,1,1.5962000470608473,626.4878903125856
http,torchscript,1,1,0,38,1,1.685699971858412,593.2253762201484
http,torchscript,1,1,0,39,1,1.6140000079758465,619.5786834314347
http,torchscript,1,1,0,40,1,3.350099956151098,298.49855618901944
http,torchscript,1,1,0,41,1,2.215299988165498,451.40613250673357
http,torchscript,1,1,0,42,1,2.1641000057570636,462.0858543226941
http,torchscript,1,1,0,43,1,1.8026999896392226,554.7234735382295
http,torchscript,1,1,0,44,1,1.754600030835718,569.9304584667645
http,torchscript,1,1,0,45,1,1.8212999566458166,549.0583779739624
http,torchscript,1,1,0,46,1,1.6332999803125858,612.2574003880273
http,torchscript,1,1,0,47,1,1.5956999850459397,626.6842196976083
http,torchscript,1,1,0,48,1,2.569999953266233,389.1050654413795
http,torchscript,1,1,0,49,1,2.1090999944135547,474.1358886011731
http,torchscript,1,1,0,50,1,1.6550999716855586,604.193110450964
http,torchscript,1,1,0,51,1,1.7695000278763473,565.1313841459177
http,torchscript,1,1,0,52,1,1.5485999756492674,645.7445536125229
http,torchscript,1,1,0,53,1,1.4521999983116984,688.6103850451605
http,torchscript,1,1,0,54,1,1.434299978427589,697.2042215996487
http,torchscript,1,1,0,55,1,1.4341000351123512,697.3014263413343
http,torchscript,1,1,0,56,1,1.4731999835930765,678.7944685968836
http,torchscript,1,1,0,57,1,1.463000022340566,683.5269888787561
http,torchscript,1,1,0,58,1,1.8183999927714467,549.9340101051624
http,torchscript,1,1,0,59,1,2.0466000423766673,488.61525422364605
http,torchscript,1,1,0,60,1,1.8547000363469124,539.1707448119955
http,torchscript,1,1,0,61,1,2.2822999744676054,438.1544981760214
http,torchscript,1,1,0,62,1,1.589899999089539,628.970375855496
http,torchscript,1,1,0,63,1,1.4312000130303204,698.7143592059307
http,torchscript,1,1,0,64,1,1.3888999819755554,719.9942493898023
http,torchscript,1,1,0,65,1,1.4271000400185585,700.7217237461472
http,torchscript,1,1,0,66,1,1.3885999796912074,720.1498016890198
http,torchscript,1,1,0,67,1,1.3858000165782869,721.6048405520479
http,torchscript,1,1,0,68,1,1.888300001155585,529.5768677583164
http,torchscript,1,1,0,69,1,1.6861999756656587,593.0494688835655
http,torchscript,1,1,1,0,1,2.0466999849304557,488.5913946171152
http,torchscript,1,1,1,1,1,1.6769000212661922,596.3384741595512
http,torchscript,1,1,1,2,1,1.6793999820947647,595.4507625709693
http,torchscript,1,1,1,3,1,2.4021000135689974,416.30239971324835
http,torchscript,1,1,1,4,1,2.037299971561879,490.845734039528
http,torchscript,1,1,1,5,1,1.6027999809011817,623.9081681531749
http,torchscript,1,1,1,6,1,2.4818999809212983,402.9171230457051
http,torchscript,1,1,1,7,1,1.7605000175535679,568.0204430725445
http,torchscript,1,1,1,8,1,1.80020002881065,555.4938251282423
http,torchscript,1,1,1,9,1,1.5897999983280897,629.0099390185233
http,torchscript,1,1,1,10,1,1.6217000083997846,616.6368593577007
http,torchscript,1,1,1,11,1,1.582800003234297,631.7917601444262
http,torchscript,1,1,1,12,1,2.086399996187538,479.29447940341834
http,torchscript,1,1,1,13,1,2.4544000043533742,407.4315507766859
http,torchscript,1,1,1,14,1,3.6355999764055014,275.0577639151309
http,torchscript,1,1,1,15,1,3.118900000117719,320.6258616699016
http,torchscript,1,1,1,16,1,2.5603999965824187,390.5639749003219
http,torchscript,1,1,1,17,1,3.160299966111779,316.4256591852364
http,torchscript,1,1,1,18,1,2.9187999898567796,342.6065518278518
http,torchscript,1,1,1,19,1,4.041200038045645,247.4512497737201
http,torchscript,1,1,1,20,1,3.631300001870841,275.38347134216434
http,torchscript,1,1,1,21,1,9.631599998101592,103.82490969279269
http,torchscript,1,1,1,22,1,16.963700007181615,58.94940370182496
http,torchscript,1,1,1,23,1,7.366500038187951,135.74967689078912
http,torchscript,1,1,1,24,1,19.61629994912073,50.97801331513711
http,torchscript,1,1,1,25,1,7.91609997395426,126.32483208779875
http,torchscript,1,1,1,26,1,6.210499966982752,161.0176322866692
http,torchscript,1,1,1,27,1,6.8913999712094665,145.10839657801725
http,torchscript,1,1,1,28,1,13.412500033155084,74.55731575232403
http,torchscript,1,1,1,29,1,5.808499990962446,172.16148774312109
http,torchscript,1,1,1,30,1,7.127299963030964,140.30558629312114
http,torchscript,1,1,1,31,1,4.123099963180721,242.53595812131627
http,torchscript,1,1,1,32,1,5.04640000872314,198.16106497134857
http,torchscript,1,1,1,33,1,4.351300012785941,229.81637603970796
http,torchscript,1,1,1,34,1,3.9337000343948603,254.2135880357829
http,torchscript,1,1,1,35,1,5.823700048495084,171.7121403356638
http,torchscript,1,1,1,36,1,5.2970999968238175,188.78254150376767
http,torchscript,1,1,1,37,1,5.202300031669438,192.22266957161565
http,torchscript,1,1,1,38,1,31.971999967936426,31.277367728101595
http,torchscript,1,1,1,39,1,21.546499978285283,46.41125013379468
http,torchscript,1,1,1,40,1,4.737599985674024,211.07733937518765
http,torchscript,1,1,1,41,1,5.957300018053502,167.86127892997098
http,torchscript,1,1,1,42,1,5.286700034048408,189.1539133220365
http,torchscript,1,1,1,43,1,4.240700043737888,235.81012325468984
http,torchscript,1,1,1,44,1,5.8663999661803246,170.4622947233362
http,torchscript,1,1,1,45,1,5.249899986665696,190.47981914701535
http,torchscript,1,1,1,46,1,4.279899992980063,233.65031931592105
http,torchscript,1,1,1,47,1,6.688399997074157,149.51258902539476
http,torchscript,1,1,1,48,1,5.517099983990192,181.25464517624332
http,torchscript,1,1,1,49,1,4.334299999754876,230.71776297361845
http,torchscript,1,1,1,50,1,5.582000012509525,179.14725864545915
http,torchscript,1,1,1,51,1,5.150499986484647,194.1559077029581
http,torchscript,1,1,1,52,1,3.94989998312667,253.17096743508372
http,torchscript,1,1,1,53,1,2.9708999791182578,336.59833957008306
http,torchscript,1,1,1,54,1,4.252400016412139,235.1613197583717
http,torchscript,1,1,1,55,1,3.8336999714374542,260.8446168063193
http,torchscript,1,1,1,56,1,3.424900001846254,291.97932770619053
http,torchscript,1,1,1,57,1,3.7520999903790653,266.517417596585
http,torchscript,1,1,1,58,1,3.5383000504225492,282.62159391501535
http,torchscript,1,1,1,59,1,5.778399994596839,173.05828619255533
http,torchscript,1,1,1,60,1,3.201399988029152,312.36334220630164
http,torchscript,1,1,1,61,1,3.3540999866090715,298.1425729681303
http,torchscript,1,1,1,62,1,3.7773000076413155,264.7393635604911
http,torchscript,1,1,1,63,1,7.353499997407198,135.98966483342548
http,torchscript,1,1,1,64,1,3.894300025422126,256.78555670389164
http,torchscript,1,1,1,65,1,2.806900010909885,356.2649172087323
http,torchscript,1,1,1,66,1,2.695099974516779,371.04374956602345
http,torchscript,1,1,1,67,1,4.8408000147901475,206.57742458781388
http,torchscript,1,1,1,68,1,4.4720000005327165,223.61359567998153
http,torchscript,1,1,1,69,1,5.116200016345829,195.45756553791566
http,torchscript,1,1,2,0,1,2.564299968071282,389.96997716774223
http,torchscript,1,1,2,1,1,2.8704999713227153,348.3713673542396
http,torchscript,1,1,2,2,1,3.9048000471666455,256.0950593937859
http,torchscript,1,1,2,3,1,5.183300003409386,192.92728557911687
http,torchscript,1,1,2,4,1,3.234500007238239,309.16679479430417
http,torchscript,1,1,2,5,1,2.7404999709688127,364.8969204865502
http,torchscript,1,1,2,6,1,3.2124000135809183,311.29373545397374
http,torchscript,1,1,2,7,1,3.132399986498058,319.24403151271054
http,torchscript,1,1,2,8,1,2.626399975270033,380.749318236338
http,torchscript,1,1,2,9,1,2.244099974632263,445.61294563708924
http,torchscript,1,1,2,10,1,2.372400020249188,421.51407497246765
http,torchscript,1,1,2,11,1,2.3409000132232904,427.18612258156855
http,torchscript,1,1,2,12,1,2.2874000133015215,437.1775789913758
http,torchscript,1,1,2,13,1,3.4118000185117126,293.1004146122895
http,torchscript,1,1,2,14,1,2.6409999700263143,378.6444571561416
http,torchscript,1,1,2,15,1,2.3205000325106084,430.9416013746289
http,torchscript,1,1,2,16,1,2.411400026176125,414.6968520962277
http,torchscript,1,1,2,17,1,2.2936000023037195,435.9958140022619
http,torchscript,1,1,2,18,1,2.130199980456382,469.43949355672993
http,torchscript,1,1,2,19,1,2.6148000033572316,382.43842692216066
http,torchscript,1,1,2,20,1,2.4335000198334455,410.93075481809217
http,torchscript,1,1,2,21,1,2.4400000111199915,409.83606370599443
http,torchscript,1,1,2,22,1,3.022999968379736,330.79722476344546
http,torchscript,1,1,2,23,1,3.1155000324361026,320.9757629878983
http,torchscript,1,1,2,24,1,3.2806999515742064,304.8130017254889
http,torchscript,1,1,2,25,1,2.7876999811269343,358.718659385917
http,torchscript,1,1,2,26,1,2.4293999886140227,411.6242712960997
http,torchscript,1,1,2,27,1,2.4499999708496034,408.16327016249846
http,torchscript,1,1,2,28,1,2.4825999862514436,402.803514677341
http,torchscript,1,1,2,29,1,2.302899956703186,434.2351030444207
http,torchscript,1,1,2,30,1,2.5642000255174935,389.98517668222286
http,torchscript,1,1,2,31,1,2.912700001616031,343.32406339313275
http,torchscript,1,1,2,32,1,7.856799988076091,127.2782814272547
http,torchscript,1,1,2,33,1,2.53499997779727,394.47732100925975
http,torchscript,1,1,2,34,1,2.9915000195614994,334.28045912116767
http,torchscript,1,1,2,35,1,2.305599977262318,433.7265830421309
http,torchscript,1,1,2,36,1,4.352400021161884,229.75829315731127
http,torchscript,1,1,2,37,1,3.160500025842339,316.40562943310823
http,torchscript,1,1,2,38,1,2.7846000157296658,359.1180041482417
http,torchscript,1,1,2,39,1,2.1816000225953758,458.37916650291095
http,torchscript,1,1,2,40,1,2.574399986770004,388.44002685637815
http,torchscript,1,1,2,41,1,2.7357000508345664,365.5371500596109
http,torchscript,1,1,2,42,1,2.792700019199401,358.0764110449197
http,torchscript,1,1,2,43,1,3.8877000333741307,257.2214912198617
http,torchscript,1,1,2,44,1,2.3527000448666513,425.0435588599137
http,torchscript,1,1,2,45,1,2.1544000483117998,464.16634681363183
http,torchscript,1,1,2,46,1,2.0620000432245433,484.96604221026394
http,torchscript,1,1,2,47,1,2.0948000019416213,477.37254108894564
http,torchscript,1,1,2,48,1,3.6008000024594367,277.7160629074025
http,torchscript,1,1,2,49,1,4.120800003875047,242.67132572792593
http,torchscript,1,1,2,50,1,3.017399983946234,331.4111504342802
http,torchscript,1,1,2,51,1,2.730200008954853,366.2735318731501
http,torchscript,1,1,2,52,1,2.4902000441215932,401.57416363420936
http,torchscript,1,1,2,53,1,4.807700053788722,207.9996648734247
http,torchscript,1,1,2,54,1,3.481400024611503,287.2407631787709
http,torchscript,1,1,2,55,1,2.5736000388860703,388.56076503357116
http,torchscript,1,1,2,56,1,2.519100031349808,396.9671658747789
http,torchscript,1,1,2,57,1,2.5974000454880297,385.00037825790844
http,torchscript,1,1,2,58,1,2.422999998088926,412.7115149767735
http,torchscript,1,1,2,59,1,2.368300047237426,422.2437951502301
http,torchscript,1,1,2,60,1,1.9836000283248723,504.13389076450494
http,torchscript,1,1,2,61,1,1.9314999808557332,517.7323375157163
http,torchscript,1,1,2,62,1,2.0682000322267413,483.5122253253924
http,torchscript,1,1,2,63,1,1.976099971216172,506.0472721856068
http,torchscript,1,1,2,64,1,1.8846000311896205,530.616567680288
http,torchscript,1,1,2,65,1,1.9189000013284385,521.131898122731
http,torchscript,1,1,2,66,1,2.0105000003241003,497.3887091961185
http,torchscript,1,1,2,67,1,2.092400041874498,477.9200821962036
http,torchscript,1,1,2,68,1,1.8836999661289155,530.8701056331402
http,torchscript,1,1,2,69,1,1.789200003258884,558.9090085952272
http,torchscript,1,4,0,0,1,8.493600005749613,117.73570680548475
http,torchscript,1,4,0,1,1,9.28830000339076,107.66232783555041
http,torchscript,1,4,0,2,1,12.356900027953088,80.92644577020579
http,torchscript,1,4,0,3,1,8.065700007136911,123.9817993621326
http,torchscript,1,4,0,4,1,6.456899980548769,154.87308197625362
http,torchscript,1,4,0,5,1,15.313400013837963,65.30228421489345
http,torchscript,1,4,0,6,1,10.584199975710362,94.48045221130515
http,torchscript,1,4,0,7,1,8.649900031741709,115.60827250377413
http,torchscript,1,4,0,8,1,10.479599994141608,95.42348949950649
http,torchscript,1,4,0,9,1,9.343500016257167,107.02627476428063
http,torchscript,1,4,0,10,1,6.838499975856394,146.23089910514605
http,torchscript,1,4,0,11,1,9.00659995386377,111.02968990767785
http,torchscript,1,4,0,12,1,8.67490004748106,115.27510340483647
http,torchscript,1,4,0,13,1,7.54880002932623,132.4713856659487
http,torchscript,1,4,0,14,1,6.793299980927259,147.20386304264218
http,torchscript,1,4,0,15,1,5.334600049536675,187.45547758296385
http,torchscript,1,4,0,16,1,7.723999966401607,129.46659818097743
http,torchscript,1,4,0,17,1,7.809699978679419,128.04589199713342
http,torchscript,1,4,0,18,1,7.039499992970377,142.0555438594498
http,torchscript,1,4,0,19,1,7.537400000728667,132.6717435592282
http,torchscript,1,4,0,20,1,8.544800046365708,117.03023997914639
http,torchscript,1,4,0,21,1,9.65109997196123,103.61513225489746
http,torchscript,1,4,0,22,1,8.758199983276427,114.17871273885913
http,torchscript,1,4,0,23,1,8.979700040072203,111.36229445721656
http,torchscript,1,4,0,24,1,7.239600003231317,138.12917834599438
http,torchscript,1,4,0,25,1,9.584199986420572,104.3383904151474
http,torchscript,1,4,0,26,1,5.7410000008530915,174.18568191106144
http,torchscript,1,4,0,27,1,4.698799981269985,212.8202953916164
http,torchscript,1,4,0,28,1,7.553599949460477,132.38720698617698
http,torchscript,1,4,0,29,1,10.2199999964796,97.8473581550354
http,torchscript,1,4,0,30,1,10.057400038931519,99.42927557112846
http,torchscript,1,4,0,31,1,8.927799994125962,112.00967770984442
http,torchscript,1,4,0,32,1,5.90409996220842,169.37382605323495
http,torchscript,1,4,0,33,1,6.685999978799373,149.56625832648797
http,torchscript,1,4,0,34,1,6.475900008808821,154.41869062829156
http,torchscript,1,4,0,35,1,9.300399979110807,107.5222573487219
http,torchscript,1,4,0,36,1,8.347499999217689,119.79634622266762
http,torchscript,1,4,0,37,1,9.728799981530756,102.78759989910465
http,torchscript,1,4,0,38,1,10.985400003846735,91.02991239734848
http,torchscript,1,4,0,39,1,5.649700004141778,177.0005485719424
http,torchscript,1,4,0,40,1,12.322900001890957,81.14972935320009
http,torchscript,1,4,0,41,1,8.075800025835633,123.82674122698157
http,torchscript,1,4,0,42,1,7.312000030651689,136.76148739168895
http,torchscript,1,4,0,43,1,6.6213000100106,151.02774356819984
http,torchscript,1,4,0,44,1,7.882700010668486,126.86008583944523
http,torchscript,1,4,0,45,1,6.617299979552627,151.11903693197942
http,torchscript,1,4,0,46,1,7.386999961454421,135.37295319047365
http,torchscript,1,4,0,47,1,10.173499991651624,98.29458896354255
http,torchscript,1,4,0,48,1,5.884399986825883,169.9408609609851
http,torchscript,1,4,0,49,1,11.566300003323704,86.45807213306234
http,torchscript,1,4,0,50,1,8.640600019134581,115.73270349113524
http,torchscript,1,4,0,51,1,10.95500000519678,91.28251935423322
http,torchscript,1,4,0,52,1,9.340000047814101,107.06638060821383
http,torchscript,1,4,0,53,1,8.623300003819168,115.96488578121028
http,torchscript,1,4,0,54,1,6.564000039361417,152.34612949473498
http,torchscript,1,4,0,55,1,5.261199956294149,190.07070788170037
http,torchscript,1,4,0,56,1,6.452500005252659,154.9786903039054
http,torchscript,1,4,0,57,1,8.2717000041157,120.89413294757256
http,torchscript,1,4,0,58,1,6.235899985767901,160.36177653302406
http,torchscript,1,4,0,59,1,7.708199962507933,129.73197437325445
http,torchscript,1,4,0,60,1,9.451900026760995,105.79883379730191
http,torchscript,1,4,0,61,1,7.663999975193292,130.4801674369498
http,torchscript,1,4,0,62,1,7.04339996445924,141.97688687934328
http,torchscript,1,4,0,63,1,10.442600003443658,95.7615919091251
http,torchscript,1,4,0,64,1,10.456399992108345,95.63520913074481
http,torchscript,1,4,0,65,1,10.813000029884279,92.48127228671635
http,torchscript,1,4,0,66,1,5.395799991674721,185.3293305057486
http,torchscript,1,4,0,67,1,4.599600040819496,217.41020765401882
http,torchscript,1,4,0,68,1,6.566800002474338,152.28117189852057
http,torchscript,1,4,0,69,1,6.1095000128261745,163.67951516500827
http,torchscript,1,4,1,0,1,5.875899980310351,170.1866953744816
http,torchscript,1,4,1,1,1,5.686999997124076,175.83963434248312
http,torchscript,1,4,1,2,1,8.248500002082437,121.23416375674819
http,torchscript,1,4,1,3,1,4.855100007262081,205.96898076336979
http,torchscript,1,4,1,4,1,8.896200044546276,112.40754423154408
http,torchscript,1,4,1,5,1,5.302299978211522,188.59740190280638
http,torchscript,1,4,1,6,1,5.146600014995784,194.30303444726107
http,torchscript,1,4,1,7,1,5.502299987711012,181.74218094859012
http,torchscript,1,4,1,8,1,6.003300019074231,166.57504985969533
http,torchscript,1,4,1,9,1,2.8959999908693135,345.30386849201017
http,torchscript,1,4,1,10,1,6.294400023762137,158.87137713282866
http,torchscript,1,4,1,11,1,6.306900002527982,158.55650154579462
http,torchscript,1,4,1,12,1,5.300199962221086,188.67212692498924
http,torchscript,1,4,1,13,1,6.017900013830513,166.17092302992256
http,torchscript,1,4,1,14,1,7.020000019110739,142.45014206234652
http,torchscript,1,4,1,15,1,4.682799975853413,213.54745134458915
http,torchscript,1,4,1,16,1,3.8449999992735684,260.07802345615835
http,torchscript,1,4,1,17,1,4.980200028512627,200.79514763961345
http,torchscript,1,4,1,18,1,5.799600039608777,172.42568335237425
http,torchscript,1,4,1,19,1,5.233300034888089,191.08401836956486
http,torchscript,1,4,1,20,1,5.369900027289987,186.2232061896816
http,torchscript,1,4,1,21,1,5.212000047322363,191.8649253492898
http,torchscript,1,4,1,22,1,5.618700000923127,177.97711211413753
http,torchscript,1,4,1,23,1,4.154000023845583,240.73182336533685
http,torchscript,1,4,1,24,1,6.110399961471558,163.6554082065639
http,torchscript,1,4,1,25,1,4.349499999079853,229.91148412726804
http,torchscript,1,4,1,26,1,5.732799996621907,174.43483124987043
http,torchscript,1,4,1,27,1,4.4997999793849885,222.23210022252485
http,torchscript,1,4,1,28,1,4.770999948959798,209.59966688283575
http,torchscript,1,4,1,29,1,7.632799970451742,131.01352110250775
http,torchscript,1,4,1,30,1,7.08800001302734,141.0835211853918
http,torchscript,1,4,1,31,1,5.490100011229515,182.1460443260757
http,torchscript,1,4,1,32,1,5.471800046507269,182.75521610814613
http,torchscript,1,4,1,33,1,4.885200003627688,204.69990978003207
http,torchscript,1,4,1,34,1,6.037799990735948,165.62324050719505
http,torchscript,1,4,1,35,1,5.563700047787279,179.73650473801274
http,torchscript,1,4,1,36,1,5.458800005726516,183.19044459422528
http,torchscript,1,4,1,37,1,5.328100000042468,187.68416508549564
http,torchscript,1,4,1,38,1,5.256599979475141,190.2370360888385
http,torchscript,1,4,1,39,1,3.892500011716038,256.9043023738213
http,torchscript,1,4,1,40,1,4.9702999531291425,201.1951007846985
http,torchscript,1,4,1,41,1,5.814999982248992,171.9690460967539
http,torchscript,1,4,1,42,1,7.070399995427579,141.4347138276051
http,torchscript,1,4,1,43,1,4.303699999582022,232.358203428938
http,torchscript,1,4,1,44,1,3.762899956200272,265.75248123518736
http,torchscript,1,4,1,45,1,4.791999992448837,208.68113555421232
http,torchscript,1,4,1,46,1,5.8019999996759,172.35436057495002
http,torchscript,1,4,1,47,1,2.8948999824933708,345.4350775665494
http,torchscript,1,4,1,48,1,5.8391999918967485,171.25633672210802
http,torchscript,1,4,1,49,1,4.967999993823469,201.2882450167599
http,torchscript,1,4,1,50,1,6.7001000279560685,149.25150308615017
http,torchscript,1,4,1,51,1,6.718499993439764,148.84274778245793
http,torchscript,1,4,1,52,1,4.204299999400973,237.85172326962385
http,torchscript,1,4,1,53,1,4.976099997293204,200.96059173729614
http,torchscript,1,4,1,54,1,4.7960999654605985,208.50274331259982
http,torchscript,1,4,1,55,1,6.324399961158633,158.11776708328225
http,torchscript,1,4,1,56,1,3.706499992404133,269.7963043435416
http,torchscript,1,4,1,57,1,3.031300031580031,329.8914622709786
http,torchscript,1,4,1,58,1,3.709200012963265,269.5999127858042
http,torchscript,1,4,1,59,1,5.9578000218607485,167.84719130060338
http,torchscript,1,4,1,60,1,6.35770004009828,157.28958486448846
http,torchscript,1,4,1,61,1,8.053600031416863,124.16807342046148
http,torchscript,1,4,1,62,1,6.492600019555539,154.021500937687
http,torchscript,1,4,1,63,1,6.375599943567067,156.8479843232624
http,torchscript,1,4,1,64,1,6.902299995999783,144.8792432347983
http,torchscript,1,4,1,65,1,9.550300019327551,104.70875239272443
http,torchscript,1,4,1,66,1,5.890099972020835,169.77640528177827
http,torchscript,1,4,1,67,1,8.603000023867935,116.23852112351814
http,torchscript,1,4,1,68,1,7.251799979712814,137.89679842212112
http,torchscript,1,4,1,69,1,8.019100001547486,124.70227329837824
http,torchscript,1,4,2,0,1,2.8540000203065574,350.38542147332805
http,torchscript,1,4,2,1,1,5.044699995778501,198.22784324872018
http,torchscript,1,4,2,2,1,5.777499987743795,173.0852448500854
http,torchscript,1,4,2,3,1,8.685999957378954,115.1277924138691
http,torchscript,1,4,2,4,1,8.373600023332983,119.42294798097669
http,torchscript,1,4,2,5,1,5.262400023639202,190.0273630867864
http,torchscript,1,4,2,6,1,2.6985000004060566,370.57624600686495
http,torchscript,1,4,2,7,1,6.061699998099357,164.97022292649743
http,torchscript,1,4,2,8,1,6.1579999746754766,162.3903871569437
http,torchscript,1,4,2,9,1,6.173099973239005,161.9931645907402
http,torchscript,1,4,2,10,1,5.936600035056472,168.44658459300896
http,torchscript,1,4,2,11,1,4.521499969996512,221.1655438760893
http,torchscript,1,4,2,12,1,4.747600003611296,210.63274059300335
http,torchscript,1,4,2,13,1,4.459200019482523,224.2554708537266
http,torchscript,1,4,2,14,1,5.709899996872991,175.13441575993394
http,torchscript,1,4,2,15,1,5.539799982216209,180.51193241817148
http,torchscript,1,4,2,16,1,5.836200027260929,171.3443671102761
http,torchscript,1,4,2,17,1,7.041300006676465,142.01922926900053
http,torchscript,1,4,2,18,1,6.273799983318895,159.3930317604724
http,torchscript,1,4,2,19,1,5.310800042934716,188.29554717096937
http,torchscript,1,4,2,20,1,7.896099996287376,126.64479939086189
http,torchscript,1,4,2,21,1,5.632799991872162,177.53160088108012
http,torchscript,1,4,2,22,1,6.68059999588877,149.68715394057395
http,torchscript,1,4,2,23,1,4.319200001191348,231.52435629842887
http,torchscript,1,4,2,24,1,4.42850001854822,225.81009276541147
http,torchscript,1,4,2,25,1,5.410599987953901,184.82238609884092
http,torchscript,1,4,2,26,1,7.661200012080371,130.5278544383615
http,torchscript,1,4,2,27,1,5.611100001260638,178.2181746494148
http,torchscript,1,4,2,28,1,4.422300029546022,226.12667465320223
http,torchscript,1,4,2,29,1,4.79600002290681,208.5070882451559
http,torchscript,1,4,2,30,1,6.83909998042509,146.21807004755092
http,torchscript,1,4,2,31,1,2.9363000066950917,340.56465542345416
http,torchscript,1,4,2,32,1,3.9889999898150563,250.68939647863058
http,torchscript,1,4,2,33,1,4.969299945514649,201.23558870754263
http,torchscript,1,4,2,34,1,4.187000042293221,238.83448528753772
http,torchscript,1,4,2,35,1,5.331899970769882,187.5504051992949
http,torchscript,1,4,2,36,1,3.068600024562329,325.8815068746631
http,torchscript,1,4,2,37,1,3.8702000165358186,258.3845785043149
http,torchscript,1,4,2,38,1,3.7752999924123287,264.8796127486079
http,torchscript,1,4,2,39,1,5.18420001026243,192.893792295907
http,torchscript,1,4,2,40,1,6.464899983257055,154.68143398812398
http,torchscript,1,4,2,41,1,5.057699978351593,197.71833131270873
http,torchscript,1,4,2,42,1,4.379499994684011,228.33656837854429
http,torchscript,1,4,2,43,1,4.40630002412945,226.94777807318496
http,torchscript,1,4,2,44,1,6.14870002027601,162.6360038223349
http,torchscript,1,4,2,45,1,2.613399992696941,382.6433009851024
http,torchscript,1,4,2,46,1,3.915899957064539,255.36913888617985
http,torchscript,1,4,2,47,1,4.23000002047047,236.40661824128733
http,torchscript,1,4,2,48,1,3.724200010765344,268.5140425082847
http,torchscript,1,4,2,49,1,4.989699984434992,200.41285109714565
http,torchscript,1,4,2,50,1,3.965199983213097,252.19408963824213
http,torchscript,1,4,2,51,1,3.7712999619543552,265.1605573908743
http,torchscript,1,4,2,52,1,3.731000004336238,268.02465795705746
http,torchscript,1,4,2,53,1,3.6549000069499016,273.6052964782812
http,torchscript,1,4,2,54,1,4.4228999759070575,226.0960015933704
http,torchscript,1,4,2,55,1,6.42569997580722,155.62506867189614
http,torchscript,1,4,2,56,1,5.120700050611049,195.28579883929558
http,torchscript,1,4,2,57,1,6.943900021724403,144.01129003462617
http,torchscript,1,4,2,58,1,5.0829999963752925,196.73421221977256
http,torchscript,1,4,2,59,1,5.2559999749064445,190.25875281093388
http,torchscript,1,4,2,60,1,5.535400006920099,180.6554176301345
http,torchscript,1,4,2,61,1,5.304999998770654,188.50141380428528
http,torchscript,1,4,2,62,1,5.119699984788895,195.32394534271404
http,torchscript,1,4,2,63,1,4.1452000150457025,241.2428824593099
http,torchscript,1,4,2,64,1,5.739999993238598,174.2160280797813
http,torchscript,1,4,2,65,1,5.583500023931265,179.09913060158166
http,torchscript,1,4,2,66,1,5.238100013229996,190.9089168733464
http,torchscript,1,4,2,67,1,4.2854000348597765,233.35044380115175
http,torchscript,1,4,2,68,1,4.44180000340566,225.1339545304314
http,torchscript,1,4,2,69,1,4.008400021120906,249.47609887507204
http,torchscript,8,1,0,0,8,2.6169000193476677,3057.0522147782376
http,torchscript,8,1,0,1,8,2.4998000008054078,3200.256019450552
http,torchscript,8,1,0,2,8,2.4839999969117343,3220.6119202681584
http,torchscript,8,1,0,3,8,2.5324999587610364,3158.9339112620573
http,torchscript,8,1,0,4,8,2.6962999836541712,2967.028909430904
http,torchscript,8,1,0,5,8,2.5810999795794487,3099.453745803167
http,torchscript,8,1,0,6,8,2.9335999861359596,2727.0248288136017
http,torchscript,8,1,0,7,8,2.67730001360178,2988.0849958378685
http,torchscript,8,1,0,8,8,2.646300010383129,3023.0888291618026
http,torchscript,8,1,0,9,8,2.541899972129613,3147.252090056703
http,torchscript,8,1,0,10,8,2.7088000206276774,2953.337248626518
http,torchscript,8,1,0,11,8,2.6089000166393816,3066.4264437029246
http,torchscript,8,1,0,12,8,3.3454999793320894,2391.2718724921815
http,torchscript,8,1,0,13,8,3.2644999446347356,2450.605034669443
http,torchscript,8,1,0,14,8,3.0586000066250563,2615.575747947317
http,torchscript,8,1,0,15,8,2.896999998483807,2761.477391849131
http,torchscript,8,1,0,16,8,2.999599964823574,2667.022300912226
http,torchscript,8,1,0,17,8,4.484599980060011,1783.8826284552913
http,torchscript,8,1,0,18,8,3.0476999818347394,2624.9302909349813
http,torchscript,8,1,0,19,8,2.759800001513213,2898.760778177244
http,torchscript,8,1,0,20,8,2.765399985946715,2892.8907357541834
http,torchscript,8,1,0,21,8,4.50699997600168,1775.016650232398
http,torchscript,8,1,0,22,8,3.735399979632348,2141.6715863417094
http,torchscript,8,1,0,23,8,3.3445999724790454,2391.915345879266
http,torchscript,8,1,0,24,8,2.648600027896464,3020.46360935579
http,torchscript,8,1,0,25,8,2.4815999786369503,3223.726655733653
http,torchscript,8,1,0,26,8,2.700700017157942,2962.1949676657277
http,torchscript,8,1,0,27,8,2.6400999631732702,3030.1882927131264
http,torchscript,8,1,0,28,8,2.7583000482991338,2900.337113409067
http,torchscript,8,1,0,29,8,2.8871000395156443,2770.9465867147865
http,torchscript,8,1,0,30,8,2.819199988152832,2837.6844614140628
http,torchscript,8,1,0,31,8,2.597399987280369,3080.0030950860487
http,torchscript,8,1,0,32,8,2.890500007197261,2767.687244449138
http,torchscript,8,1,0,33,8,3.9482999709434807,2026.1885010951512
http,torchscript,8,1,0,34,8,4.124299972318113,1939.7231175460554
http,torchscript,8,1,0,35,8,3.234500007238239,2473.3343583544333
http,torchscript,8,1,0,36,8,2.6957999798469245,2967.579219454651
http,torchscript,8,1,0,37,8,2.88169999839738,2776.1390861120503
http,torchscript,8,1,0,38,8,2.739100018516183,2920.6673527510457
http,torchscript,8,1,0,39,8,5.991000041831285,1335.336328516302
http,torchscript,8,1,0,40,8,3.9762999513186514,2011.9206543628525
http,torchscript,8,1,0,41,8,3.3718000049702823,2372.6199620995935
http,torchscript,8,1,0,42,8,2.994399983435869,2671.6537684523187
http,torchscript,8,1,0,43,8,2.7549999649636447,2903.811289197446
http,torchscript,8,1,0,44,8,2.7754000038839877,2882.4673880538057
http,torchscript,8,1,0,45,8,2.981900004670024,2682.8532101918277
http,torchscript,8,1,0,46,8,2.75569997029379,2903.073660499806
http,torchscript,8,1,0,47,8,4.070099967066199,1965.5536878045145
http,torchscript,8,1,0,48,8,2.8187999851070344,2838.0871442697367
http,torchscript,8,1,0,49,8,2.6279999874532223,3044.140044974942
http,torchscript,8,1,0,50,8,2.5739999837242067,3108.003127655484
http,torchscript,8,1,0,51,8,2.4908000486902893,3211.819432959524
http,torchscript,8,1,0,52,8,2.9141000122763216,2745.2729715171567
http,torchscript,8,1,0,53,8,2.722900011576712,2938.0439847174375
http,torchscript,8,1,0,54,8,2.472899970598519,3235.06817708593
http,torchscript,8,1,0,55,8,2.497499983292073,3203.2032246321864
http,torchscript,8,1,0,56,8,2.4616000009700656,3249.9187507504735
http,torchscript,8,1,0,57,8,2.40320002194494,3328.8947765261332
http,torchscript,8,1,0,58,8,2.5784000172279775,3102.6993277019724
http,torchscript,8,1,0,59,8,2.812399994581938,2844.5455893229714
http,torchscript,8,1,0,60,8,2.6683000032790005,2998.1636210954616
http,torchscript,8,1,0,61,8,2.441300021018833,3276.9425843290423
http,torchscript,8,1,0,62,8,2.385700005106628,3353.3134857173472
http,torchscript,8,1,0,63,8,2.357600023970008,3393.2812685201143
http,torchscript,8,1,0,64,8,2.648899971973151,3020.1215918473677
http,torchscript,8,1,0,65,8,3.759399987757206,2127.9991557303442
http,torchscript,8,1,0,66,8,3.198999969754368,2500.781517861118
http,torchscript,8,1,0,67,8,2.732600027229637,2927.6146967291643
http,torchscript,8,1,0,68,8,3.9529999485239387,2023.7794343982277
http,torchscript,8,1,0,69,8,3.3038000110536814,2421.454075075373
http,torchscript,8,1,1,0,8,2.6571000344119966,3010.8012104897516
http,torchscript,8,1,1,1,8,4.41380002303049,1812.49715851586
http,torchscript,8,1,1,2,8,2.417100011371076,3309.7513393589697
http,torchscript,8,1,1,3,8,2.288400020916015,3495.8922945638283
http,torchscript,8,1,1,4,8,2.8045999933965504,2852.4566850303268
http,torchscript,8,1,1,5,8,2.9325999785214663,2727.954735931415
http,torchscript,8,1,1,6,8,3.767399990465492,2123.480389724038
http,torchscript,8,1,1,7,8,2.7937000268138945,2863.585897990518
http,torchscript,8,1,1,8,8,2.3668999783694744,3379.9484866745797
http,torchscript,8,1,1,9,8,2.239299996290356,3572.5449976567993
http,torchscript,8,1,1,10,8,2.2229000460356474,3598.9022602556142
http,torchscript,8,1,1,11,8,2.2361999726854265,3577.4975841685987
http,torchscript,8,1,1,12,8,3.8817000458948314,2060.9526510067562
http,torchscript,8,1,1,13,8,2.492799947503954,3209.2426863256383
http,torchscript,8,1,1,14,8,2.2140999790281057,3613.206303137067
http,torchscript,8,1,1,15,8,2.279600012116134,3509.3875932092424
http,torchscript,8,1,1,16,8,2.168599981814623,3689.0159859292385
http,torchscript,8,1,1,17,8,2.1593000274151564,3704.9043201173845
http,torchscript,8,1,1,18,8,2.1843999857082963,3662.3329300224214
http,torchscript,8,1,1,19,8,2.6769000105559826,2988.531498544254
http,torchscript,8,1,1,20,8,2.23869999172166,3573.5024923315623
http,torchscript,8,1,1,21,8,2.154999994672835,3712.2969929355077
http,torchscript,8,1,1,22,8,2.1416000090539455,3735.5248254476846
http,torchscript,8,1,1,23,8,2.1631999989040196,3698.224853944703
http,torchscript,8,1,1,24,8,2.096800017170608,3815.337626139037
http,torchscript,8,1,1,25,8,2.1695999894291162,3687.315652183898
http,torchscript,8,1,1,26,8,2.4570999667048454,3255.870786050515
http,torchscript,8,1,1,27,8,3.043400007300079,2628.639015841075
http,torchscript,8,1,1,28,8,3.1026999931782484,2578.399464205112
http,torchscript,8,1,1,29,8,2.737100003287196,2922.8015017325556
http,torchscript,8,1,1,30,8,2.6983999996446073,2964.7198343661576
http,torchscript,8,1,1,31,8,2.7984000043943524,2858.776439192942
http,torchscript,8,1,1,32,8,2.8677000082097948,2789.6920797493462
http,torchscript,8,1,1,33,8,3.005600010510534,2661.6981541203522
http,torchscript,8,1,1,34,8,2.990200009662658,2675.4063186905437
http,torchscript,8,1,1,35,8,3.485799999907613,2295.0255322198723
http,torchscript,8,1,1,36,8,2.856799983419478,2800.336056577651
http,torchscript,8,1,1,37,8,2.586800022982061,3092.6240640656893
http,torchscript,8,1,1,38,8,3.5602999851107597,2247.0016665607245
http,torchscript,8,1,1,39,8,2.763999975286424,2894.3560316678318
http,torchscript,8,1,1,40,8,2.2151999874040484,3611.4120826513054
http,torchscript,8,1,1,41,8,2.079000056255609,3848.0037438808113
http,torchscript,8,1,1,42,8,2.112499962095171,3786.9823164709665
http,torchscript,8,1,1,43,8,2.1634000004269183,3697.8829612745244
http,torchscript,8,1,1,44,8,2.2506999666802585,3554.44977937235
http,torchscript,8,1,1,45,8,2.370700007304549,3374.5307189229234
http,torchscript,8,1,1,46,8,2.1372000337578356,3743.2153629221184
http,torchscript,8,1,1,47,8,2.0593999652191997,3884.626655875704
http,torchscript,8,1,1,48,8,2.017799997702241,3964.7140495143017
http,torchscript,8,1,1,49,8,2.065700013190508,3872.779178446084
http,torchscript,8,1,1,50,8,2.0616999827325344,3880.292994617464
http,torchscript,8,1,1,51,8,2.2829000372439623,3504.314630288422
http,torchscript,8,1,1,52,8,2.1217999747022986,3770.383681488378
http,torchscript,8,1,1,53,8,2.261499990709126,3537.475141660949
http,torchscript,8,1,1,54,8,2.09939997876063,3810.6125945198683
http,torchscript,8,1,1,55,8,2.0170999923720956,3966.08994608743
http,torchscript,8,1,1,56,8,2.065100008621812,3873.904395235061
http,torchscript,8,1,1,57,8,2.1083999890834093,3794.3464434743537
http,torchscript,8,1,1,58,8,2.388699969742447,3349.1020644432674
http,torchscript,8,1,1,59,8,2.7774000191129744,2880.3917134540025
http,torchscript,8,1,1,60,8,2.7174000279046595,2943.9905489986554
http,torchscript,8,1,1,61,8,2.778699970804155,2879.0441875899264
http,torchscript,8,1,1,62,8,3.0353000038303435,2635.6538035464505
http,torchscript,8,1,1,63,8,2.945300017017871,2716.191883263571
http,torchscript,8,1,1,64,8,3.02389997523278,2645.590153617485
http,torchscript,8,1,1,65,8,2.923999971244484,2735.9781390815538
http,torchscript,8,1,1,66,8,3.1169000430963933,2566.652728475897
http,torchscript,8,1,1,67,8,3.0897000106051564,2589.2481381819007
http,torchscript,8,1,1,68,8,3.773300035391003,2120.160052199775
http,torchscript,8,1,1,69,8,2.971300040371716,2692.424154848792
http,torchscript,8,1,2,0,8,2.4121999740600586,3316.4746231776626
http,torchscript,8,1,2,1,8,2.804499992635101,2852.5583957956155
http,torchscript,8,1,2,2,8,2.4378999951295555,3281.512783946194
http,torchscript,8,1,2,3,8,2.241100009996444,3569.6755898067636
http,torchscript,8,1,2,4,8,4.113400005735457,1944.8631275454177
http,torchscript,8,1,2,5,8,2.9013000312261283,2757.3845910100836
http,torchscript,8,1,2,6,8,3.861999954096973,2071.4655865060954
http,torchscript,8,1,2,7,8,3.9983000024221838,2000.8503601914745
http,torchscript,8,1,2,8,8,4.077400022652,1962.0346190111325
http,torchscript,8,1,2,9,8,3.4575999598018825,2313.7436641046215
http,torchscript,8,1,2,10,8,3.416999999899417,2341.2350015321886
http,torchscript,8,1,2,11,8,3.128300013486296,2557.299480712049
http,torchscript,8,1,2,12,8,3.2038000063039362,2497.034766295915
http,torchscript,8,1,2,13,8,4.162200028076768,1922.060435835557
http,torchscript,8,1,2,14,8,3.4011999960057437,2352.1110224023682
http,torchscript,8,1,2,15,8,2.915999968536198,2743.484254568054
http,torchscript,8,1,2,16,8,3.5274000256322324,2267.9593870463054
http,torchscript,8,1,2,17,8,3.944500000216067,2028.1404486149793
http,torchscript,8,1,2,18,8,2.868300012778491,2789.108518760033
http,torchscript,8,1,2,19,8,2.4311000015586615,3290.691454432531
http,torchscript,8,1,2,20,8,2.3837999906390905,3355.9862536349874
http,torchscript,8,1,2,21,8,2.453799999784678,3260.2494093658825
http,torchscript,8,1,2,22,8,2.4205000372603536,3305.10220072329
http,torchscript,8,1,2,23,8,2.4203999782912433,3305.2388331484985
http,torchscript,8,1,2,24,8,2.732899971306324,2927.293382119656
http,torchscript,8,1,2,25,8,2.5436999858357012,3145.0249811483563
http,torchscript,8,1,2,26,8,2.3261000169441104,3439.233025977067
http,torchscript,8,1,2,27,8,2.3314999998547137,3431.2674246187075
http,torchscript,8,1,2,28,8,2.3434999748133123,3413.6974977511127
http,torchscript,8,1,2,29,8,2.251500030979514,3553.18671548923
http,torchscript,8,1,2,30,8,2.372399962041527,3372.1126825157007
http,torchscript,8,1,2,31,8,2.701300021726638,2961.5370139028455
http,torchscript,8,1,2,32,8,2.374199975747615,3369.5560954088837
http,torchscript,8,1,2,33,8,2.23719998029992,3575.898475972415
http,torchscript,8,1,2,34,8,2.266600029543042,3529.515527983488
http,torchscript,8,1,2,35,8,2.2379999863915145,3574.6202183401106
http,torchscript,8,1,2,36,8,2.238099987152964,3574.460500389269
http,torchscript,8,1,2,37,8,2.5391000090166926,3150.72268582998
http,torchscript,8,1,2,38,8,2.72019999101758,2940.960233224373
http,torchscript,8,1,2,39,8,2.918100042734295,2741.5098464218186
http,torchscript,8,1,2,40,8,2.703599981032312,2959.017626914382
http,torchscript,8,1,2,41,8,2.7079000137746334,2954.318829833207
http,torchscript,8,1,2,42,8,2.57349997991696,3108.6069797669625
http,torchscript,8,1,2,43,8,2.8226000140421093,2834.266265216794
http,torchscript,8,1,2,44,8,2.8614000184461474,2795.8341890080487
http,torchscript,8,1,2,45,8,2.70979997003451,2952.2474309785007
http,torchscript,8,1,2,46,8,2.804799994919449,2852.2532852577788
http,torchscript,8,1,2,47,8,3.846400009933859,2079.8668831475916
http,torchscript,8,1,2,48,8,3.357500012498349,2382.7252331257987
http,torchscript,8,1,2,49,8,4.052800009958446,1973.943935141775
http,torchscript,8,1,2,50,8,2.7921999571844935,2865.1243186991437
http,torchscript,8,1,2,51,8,2.368899993598461,3377.0948632777254
http,torchscript,8,1,2,52,8,2.3014999460428953,3475.993998502964
http,torchscript,8,1,2,53,8,2.301200001966208,3476.4470681229714
http,torchscript,8,1,2,54,8,2.5196000351570547,3175.10711556302
http,torchscript,8,1,2,55,8,2.2779999999329448,3511.8525022982826
http,torchscript,8,1,2,56,8,2.39869998767972,3335.139884558243
http,torchscript,8,1,2,57,8,2.418600022792816,3307.69863747963
http,torchscript,8,1,2,58,8,2.2965000243857503,3483.5619050950268
http,torchscript,8,1,2,59,8,2.243999973870814,3565.062430103467
http,torchscript,8,1,2,60,8,2.5722000282257795,3110.1780235645756
http,torchscript,8,1,2,61,8,2.6390000130049884,3031.4512923743882
http,torchscript,8,1,2,62,8,2.369699999690056,3375.9547626477433
http,torchscript,8,1,2,63,8,2.6527000009082258,3015.795226471511
http,torchscript,8,1,2,64,8,2.4358000373467803,3284.341849634784
http,torchscript,8,1,2,65,8,2.2887999657541513,3495.281422447955
http,torchscript,8,1,2,66,8,2.2470999974757433,3560.144189838778
http,torchscript,8,1,2,67,8,2.89199996041134,2766.2517667746197
http,torchscript,8,1,2,68,8,2.643599989823997,3026.1764377342943
http,torchscript,8,1,2,69,8,2.4901999859139323,3212.593384167058
http,torchscript,8,4,0,0,8,6.481599994003773,1234.263146044329
http,torchscript,8,4,0,1,8,10.90320001821965,733.7295460627802
http,torchscript,8,4,0,2,8,10.929099982604384,731.990741482229
http,torchscript,8,4,0,3,8,7.275099982507527,1099.641244688794
http,torchscript,8,4,0,4,8,13.876199955120683,576.5267166712879
http,torchscript,8,4,0,5,8,8.093099982943386,988.4963755372356
http,torchscript,8,4,0,6,8,6.917600054293871,1156.4704431032067
http,torchscript,8,4,0,7,8,8.530599996447563,937.800389577694
http,torchscript,8,4,0,8,8,5.714699975214899,1399.898513429686
http,torchscript,8,4,0,9,8,8.506899990607053,940.4130774821909
http,torchscript,8,4,0,10,8,9.118099987972528,877.3757702320235
http,torchscript,8,4,0,11,8,11.04969996958971,724.0015585958982
http,torchscript,8,4,0,12,8,9.221700020134449,867.5190021940622
http,torchscript,8,4,0,13,8,6.211899977643043,1287.8507427344973
http,torchscript,8,4,0,14,8,8.20659997407347,974.8251438200757
http,torchscript,8,4,0,15,8,8.46879999153316,944.6438702057137
http,torchscript,8,4,0,16,8,8.80820001475513,908.2445887467057
http,torchscript,8,4,0,17,8,5.338399962056428,1498.5763631165405
http,torchscript,8,4,0,18,8,8.373300021048635,955.4178137520164
http,torchscript,8,4,0,19,8,8.724799961782992,916.9264665140962
http,torchscript,8,4,0,20,8,8.707600005436689,918.7376538891439
http,torchscript,8,4,0,21,8,8.947899972554296,894.0645318497335
http,torchscript,8,4,0,22,8,9.13700001547113,875.5609047230035
http,torchscript,8,4,0,23,8,8.367899979930371,956.0343717285406
http,torchscript,8,4,0,24,8,10.768699983600527,742.8937580379309
http,torchscript,8,4,0,25,8,10.864800016861409,736.3228027745158
http,torchscript,8,4,0,26,8,9.504899964667857,841.6711411732944
http,torchscript,8,4,0,27,8,8.036600018385798,995.4458330261472
http,torchscript,8,4,0,28,8,7.997699955012649,1000.2875883066743
http,torchscript,8,4,0,29,8,10.252400010358542,780.3050985054404
http,torchscript,8,4,0,30,8,9.918800031300634,806.5491767909928
http,torchscript,8,4,0,31,8,9.590699977707118,834.1414097610619
http,torchscript,8,4,0,32,8,9.272800001781434,862.7383312983229
http,torchscript,8,4,0,33,8,9.36670001829043,854.0894855582367
http,torchscript,8,4,0,34,8,7.999999972525984,1000.000003434252
http,torchscript,8,4,0,35,8,8.47619998967275,943.8191653980624
http,torchscript,8,4,0,36,8,11.31650002207607,706.932354031168
http,torchscript,8,4,0,37,8,11.071500019170344,722.5759821296093
http,torchscript,8,4,0,38,8,7.1561000077053905,1117.927361465873
http,torchscript,8,4,0,39,8,10.141899983864278,788.8068323221455
http,torchscript,8,4,0,40,8,10.389900009613484,769.9785361358457
http,torchscript,8,4,0,41,8,10.60369994957,754.4536376969451
http,torchscript,8,4,0,42,8,6.859000015538186,1166.3507773548658
http,torchscript,8,4,0,43,8,5.849799956195056,1367.5681322278103
http,torchscript,8,4,0,44,8,7.233899959828705,1105.9041518994736
http,torchscript,8,4,0,45,8,9.113000007346272,877.8667830078955
http,torchscript,8,4,0,46,8,11.034099967218935,725.0251514638345
http,torchscript,8,4,0,47,8,8.064099994953722,992.0511904621925
http,torchscript,8,4,0,48,8,6.785599980503321,1178.9672280986126
http,torchscript,8,4,0,49,8,8.573099970817566,933.1513719928181
http,torchscript,8,4,0,50,8,10.439499979838729,766.3202275444216
http,torchscript,8,4,0,51,8,7.992699975147843,1000.9133365289396
http,torchscript,8,4,0,52,8,7.788400049321353,1027.1686032225687
http,torchscript,8,4,0,53,8,7.621800003107637,1049.6208240491956
http,torchscript,8,4,0,54,8,7.617499970365316,1050.2133286672452
http,torchscript,8,4,0,55,8,7.593100017402321,1053.588123647143
http,torchscript,8,4,0,56,8,9.232299984432757,866.5229697355344
http,torchscript,8,4,0,57,8,9.508699993602931,841.3347781907175
http,torchscript,8,4,0,58,8,10.882899980060756,735.0981828976929
http,torchscript,8,4,0,59,8,8.346699993126094,958.4626267373192
http,torchscript,8,4,0,60,8,11.25119999051094,711.0352679489349
http,torchscript,8,4,0,61,8,10.197099996730685,784.5367803164525
http,torchscript,8,4,0,62,8,11.99219998670742,667.1002825893067
http,torchscript,8,4,0,63,8,9.591599984560162,834.0631399222027
http,torchscript,8,4,0,64,8,9.389099956024438,852.0518513456517
http,torchscript,8,4,0,65,8,9.115200024098158,877.6549037706395
http,torchscript,8,4,0,66,8,9.16380004491657,873.0002794460619
http,torchscript,8,4,0,67,8,6.083099986426532,1315.118939003259
http,torchscript,8,4,0,68,8,8.397300029173493,952.6871699482914
http,torchscript,8,4,0,69,8,6.798700022045523,1176.6955409209306
http,torchscript,8,4,1,0,8,6.124200008343905,1306.293065069791
http,torchscript,8,4,1,1,8,6.798100017476827,1176.7993968069432
http,torchscript,8,4,1,2,8,6.3529000035487115,1259.2674204743066
http,torchscript,8,4,1,3,8,13.007300032768399,615.0392456425352
http,torchscript,8,4,1,4,8,12.931899982504547,618.6252608528623
http,torchscript,8,4,1,5,8,9.952799999155104,803.7939073104174
http,torchscript,8,4,1,6,8,6.9543999852612615,1150.350859449373
http,torchscript,8,4,1,7,8,7.908499974291772,1011.5698332181411
http,torchscript,8,4,1,8,8,7.136499974876642,1120.9976918886325
http,torchscript,8,4,1,9,8,8.330399985425174,960.338040669927
http,torchscript,8,4,1,10,8,7.848700042814016,1019.2770721725451
http,torchscript,8,4,1,11,8,6.794299988541752,1177.4575767174838
http,torchscript,8,4,1,12,8,6.95180002367124,1150.7810887481783
http,torchscript,8,4,1,13,8,8.783800003584474,910.7675489805525
http,torchscript,8,4,1,14,8,6.529300007969141,1225.2461964124548
http,torchscript,8,4,1,15,8,7.957900001201779,1005.2903402646256
http,torchscript,8,4,1,16,8,7.416000007651746,1078.7486504511446
http,torchscript,8,4,1,17,8,8.492199995089322,942.0409322232235
http,torchscript,8,4,1,18,8,5.091200000606477,1571.338780453924
http,torchscript,8,4,1,19,8,8.23490001494065,971.4750616869096
http,torchscript,8,4,1,20,8,7.223799999337643,1107.4503724817307
http,torchscript,8,4,1,21,8,9.133399988058954,875.9060164297232
http,torchscript,8,4,1,22,8,10.094699973706156,792.495073735499
http,torchscript,8,4,1,23,8,6.400000012945384,1249.9999974716047
http,torchscript,8,4,1,24,8,8.468999993056059,944.621561761648
http,torchscript,8,4,1,25,8,8.945800014771521,894.2744066254786
http,torchscript,8,4,1,26,8,10.0273999851197,797.813990852236
http,torchscript,8,4,1,27,8,6.838899978902191,1169.7787691996914
http,torchscript,8,4,1,28,8,8.316399995237589,961.9546924848761
http,torchscript,8,4,1,29,8,10.398799960967153,769.3195397573501
http,torchscript,8,4,1,30,8,9.228400012943894,866.8891670039312
http,torchscript,8,4,1,31,8,8.639600011520088,925.9687936169219
http,torchscript,8,4,1,32,8,9.213200013618916,868.3193665799539
http,torchscript,8,4,1,33,8,7.980800000950694,1002.4057737378482
http,torchscript,8,4,1,34,8,9.595100011210889,833.7588967965755
http,torchscript,8,4,1,35,8,12.12990004569292,659.5272813349056
http,torchscript,8,4,1,36,8,6.859000015538186,1166.3507773548658
http,torchscript,8,4,1,37,8,10.201900033280253,784.1676524865665
http,torchscript,8,4,1,38,8,10.071500029880553,794.3206052986408
http,torchscript,8,4,1,39,8,5.9624999994412065,1341.7190776938774
http,torchscript,8,4,1,40,8,9.869600005913526,810.5698301052398
http,torchscript,8,4,1,41,8,6.608599971514195,1210.5438420366365
http,torchscript,8,4,1,42,8,8.186599996406585,977.2066552062528
http,torchscript,8,4,1,43,8,9.580500016454607,835.0294855445873
http,torchscript,8,4,1,44,8,11.212499986868352,713.4894099771943
http,torchscript,8,4,1,45,8,6.352199998218566,1259.4061903346162
http,torchscript,8,4,1,46,8,8.219000010285527,973.3544214610704
http,torchscript,8,4,1,47,8,7.451000041328371,1073.6813790936114
http,torchscript,8,4,1,48,8,7.0887000183574855,1128.5567141059062
http,torchscript,8,4,1,49,8,6.572200043592602,1217.2484018954042
http,torchscript,8,4,1,50,8,9.500800049863756,842.0343505823726
http,torchscript,8,4,1,51,8,8.491799992043525,942.0853067071384
http,torchscript,8,4,1,52,8,9.651000029407442,828.9296420705937
http,torchscript,8,4,1,53,8,6.613600009586662,1209.6286422528879
http,torchscript,8,4,1,54,8,6.588199990801513,1214.2922211180066
http,torchscript,8,4,1,55,8,9.068800020031631,882.1453756096936
http,torchscript,8,4,1,56,8,9.322799975052476,858.1112993315047
http,torchscript,8,4,1,57,8,6.340599968098104,1261.7102545896207
http,torchscript,8,4,1,58,8,8.919899992179126,896.871041941537
http,torchscript,8,4,1,59,8,11.005000036675483,726.942296532398
http,torchscript,8,4,1,60,8,10.083400004077703,793.3831839225677
http,torchscript,8,4,1,61,8,7.318200019653887,1093.1649829896778
http,torchscript,8,4,1,62,8,9.309299988672137,859.3556991110678
http,torchscript,8,4,1,63,8,8.044600021094084,994.4559057035606
http,torchscript,8,4,1,64,8,9.677399997599423,826.6683202083701
http,torchscript,8,4,1,65,8,8.280899957753718,966.0785712680056
http,torchscript,8,4,1,66,8,8.499399991706014,941.2429121828195
http,torchscript,8,4,1,67,8,7.615199952851981,1050.5305244156993
http,torchscript,8,4,1,68,8,6.72349997330457,1189.8564782871615
http,torchscript,8,4,1,69,8,7.5656999833881855,1057.4038116189377
http,torchscript,8,4,2,0,8,5.637999973259866,1418.9428942785958
http,torchscript,8,4,2,1,8,10.795800015330315,741.0289176012702
http,torchscript,8,4,2,2,8,10.062700021080673,795.01525268969
http,torchscript,8,4,2,3,8,11.503399990033358,695.4465642272082
http,torchscript,8,4,2,4,8,8.3341000135988,959.911686558399
http,torchscript,8,4,2,5,8,7.4625000124797225,1072.02679887724
http,torchscript,8,4,2,6,8,8.074999961536378,990.7120790224614
http,torchscript,8,4,2,7,8,9.788499970454723,817.2855927003044
http,torchscript,8,4,2,8,8,11.561100021936,691.9756757419988
http,torchscript,8,4,2,9,8,6.776200025342405,1180.6026932618117
http,torchscript,8,4,2,10,8,6.208500009961426,1288.5560098516783
http,torchscript,8,4,2,11,8,9.253300027921796,864.5564259085983
http,torchscript,8,4,2,12,8,8.115600037854165,985.7558236834044
http,torchscript,8,4,2,13,8,8.632000011857599,926.7840580410758
http,torchscript,8,4,2,14,8,7.33100000070408,1091.2563087207295
http,torchscript,8,4,2,15,8,8.885499963071197,900.343259608193
http,torchscript,8,4,2,16,8,10.462399979587644,764.6429132520419
http,torchscript,8,4,2,17,8,5.572599999140948,1435.5955929428367
http,torchscript,8,4,2,18,8,4.773099964950234,1676.0595962258276
http,torchscript,8,4,2,19,8,7.885000028181821,1014.5846507808697
http,torchscript,8,4,2,20,8,7.0665000239387155,1132.102168385895
http,torchscript,8,4,2,21,8,5.76779997209087,1387.0106520181457
http,torchscript,8,4,2,22,8,9.791699994821101,817.0184956883131
http,torchscript,8,4,2,23,8,9.524599998258054,839.9302859398939
http,torchscript,8,4,2,24,8,10.858399968128651,736.7567987439617
http,torchscript,8,4,2,25,8,7.5872999732382596,1054.3935297427815
http,torchscript,8,4,2,26,8,7.131299993488938,1121.8150978509118
http,torchscript,8,4,2,27,8,7.03620002605021,1136.9773415169411
http,torchscript,8,4,2,28,8,6.824599986430258,1172.2298766091576
http,torchscript,8,4,2,29,8,9.179499989841133,871.5071636639823
http,torchscript,8,4,2,30,8,4.371399991214275,1830.0773244449274
http,torchscript,8,4,2,31,8,7.315299997571856,1093.5983490294882
http,torchscript,8,4,2,32,8,9.190900018438697,870.4261806733264
http,torchscript,8,4,2,33,8,10.460700024850667,764.7671743760003
http,torchscript,8,4,2,34,8,11.668299965094775,685.6183012034024
http,torchscript,8,4,2,35,8,6.760900025255978,1183.2744117077973
http,torchscript,8,4,2,36,8,8.265300013590604,967.901949940792
http,torchscript,8,4,2,37,8,9.367900027427822,853.9800784142856
http,torchscript,8,4,2,38,8,9.19780001277104,869.7732054286994
http,torchscript,8,4,2,39,8,6.874000013340265,1163.8056421987962
http,torchscript,8,4,2,40,8,10.450600006151944,765.5062862697498
http,torchscript,8,4,2,41,8,9.029899956658483,885.9455850450421
http,torchscript,8,4,2,42,8,11.51059998665005,695.0115553731664
http,torchscript,8,4,2,43,8,6.339200015645474,1261.9888913830744
http,torchscript,8,4,2,44,8,7.530399947427213,1062.3605725925922
http,torchscript,8,4,2,45,8,9.117299981880933,877.4527563970282
http,torchscript,8,4,2,46,8,11.2068000016734,713.8523038517185
http,torchscript,8,4,2,47,8,6.98130001546815,1145.9183794242851
http,torchscript,8,4,2,48,8,7.197500031907111,1111.4970426586092
http,torchscript,8,4,2,49,8,9.144900017417967,874.8045341953092
http,torchscript,8,4,2,50,8,5.824000050779432,1373.626361649731
http,torchscript,8,4,2,51,8,9.88820003112778,809.0451219449668
http,torchscript,8,4,2,52,8,4.389799956697971,1822.406505743747
http,torchscript,8,4,2,53,8,7.173400023020804,1115.2312675058522
http,torchscript,8,4,2,54,8,7.211599964648485,1109.323872540945
http,torchscript,8,4,2,55,8,7.129400037229061,1122.1140570349185
http,torchscript,8,4,2,56,8,6.5463000210002065,1222.0643683204858
http,torchscript,8,4,2,57,8,7.380500028375536,1083.937398447625
http,torchscript,8,4,2,58,8,7.164200011175126,1116.6634079898865
http,torchscript,8,4,2,59,8,7.221700041554868,1107.7724017844364
http,torchscript,8,4,2,60,8,5.3415000438690186,1497.7066244120715
http,torchscript,8,4,2,61,8,5.7836000341922045,1383.221514749396
http,torchscript,8,4,2,62,8,8.304499962832779,963.3331369503782
http,torchscript,8,4,2,63,8,8.370700001250952,955.7145756990989
http,torchscript,8,4,2,64,8,5.141899979207665,1555.8451219101214
http,torchscript,8,4,2,65,8,9.370199986733496,853.7704650195886
http,torchscript,8,4,2,66,8,7.659299997612834,1044.4818720370467
http,torchscript,8,4,2,67,8,9.3209000187926,858.2862152657544
http,torchscript,8,4,2,68,8,10.27639996027574,778.4827401545922
http,torchscript,8,4,2,69,8,8.954000019002706,893.4554370138407
http,torchscript,32,1,0,0,32,7.1013999986462295,4506.153717027671
http,torchscript,32,1,0,1,32,5.658299953211099,5655.408915153026
http,torchscript,32,1,0,2,32,4.44779999088496,7194.568115827775
http,torchscript,32,1,0,3,32,4.3762000277638435,7312.280013935149
http,torchscript,32,1,0,4,32,4.258899949491024,7513.677329711462
http,torchscript,32,1,0,5,32,4.574500024318695,6995.299995602455
http,torchscript,32,1,0,6,32,4.380099999252707,7305.769275920538
http,torchscript,32,1,0,7,32,4.244499956257641,7539.168413189071
http,torchscript,32,1,0,8,32,4.2375000193715096,7551.62238435721
http,torchscript,32,1,0,9,32,4.58700000308454,6976.237187373341
http,torchscript,32,1,0,10,32,4.194199980702251,7629.5837459429185
http,torchscript,32,1,0,11,32,4.126399988308549,7754.943798629931
http,torchscript,32,1,0,12,32,4.093300027307123,7817.653186065615
http,torchscript,32,1,0,13,32,4.894500016234815,6537.950739372271
http,torchscript,32,1,0,14,32,6.675200012978166,4793.863844946135
http,torchscript,32,1,0,15,32,6.270800018683076,5103.017143691386
http,torchscript,32,1,0,16,32,6.6423999960534275,4817.535833285071
http,torchscript,32,1,0,17,32,6.131400004960597,5219.036431175664
http,torchscript,32,1,0,18,32,6.059700041078031,5280.789442229082
http,torchscript,32,1,0,19,32,6.386699969880283,5010.412286613149
http,torchscript,32,1,0,20,32,7.327100029215217,4367.348592540973
http,torchscript,32,1,0,21,32,6.24489999609068,5124.181335174632
http,torchscript,32,1,0,22,32,5.071699968539178,6309.521501370888
http,torchscript,32,1,0,23,32,6.246200005989522,5123.114848918542
http,torchscript,32,1,0,24,32,5.864700011443347,5456.374569468313
http,torchscript,32,1,0,25,32,4.915800003800541,6509.62203003782
http,torchscript,32,1,0,26,32,5.143800051882863,6221.081627830101
http,torchscript,32,1,0,27,32,5.112799990456551,6258.801451206883
http,torchscript,32,1,0,28,32,4.887500021141022,6547.314549684517
http,torchscript,32,1,0,29,32,5.7400999940000474,5574.815775587294
http,torchscript,32,1,0,30,32,6.476400012616068,4941.016604543233
http,torchscript,32,1,0,31,32,6.2951999716460705,5083.238045515595
http,torchscript,32,1,0,32,32,6.23299996368587,5133.964413033123
http,torchscript,32,1,0,33,32,5.714099970646203,5600.182034683784
http,torchscript,32,1,0,34,32,7.651199994143099,4182.350484171844
http,torchscript,32,1,0,35,32,6.772299995645881,4725.130313272268
http,torchscript,32,1,0,36,32,5.861000041477382,5459.819104852584
http,torchscript,32,1,0,37,32,4.967699991539121,6441.612829780725
http,torchscript,32,1,0,38,32,4.863900016061962,6579.08260743992
http,torchscript,32,1,0,39,32,4.650799965020269,6880.536733611276
http,torchscript,32,1,0,40,32,4.803500021807849,6661.809067288492
http,torchscript,32,1,0,41,32,4.617400001734495,6930.307096630012
http,torchscript,32,1,0,42,32,4.695400013588369,6815.180795543044
http,torchscript,32,1,0,43,32,5.764800007455051,5550.9297735598
http,torchscript,32,1,0,44,32,5.986299947835505,5345.539027253452
http,torchscript,32,1,0,45,32,5.594999995082617,5719.3923195932875
http,torchscript,32,1,0,46,32,7.52349995309487,4253.339562637529
http,torchscript,32,1,0,47,32,5.965800024569035,5363.907584601222
http,torchscript,32,1,0,48,32,6.55759999062866,4879.834092614766
http,torchscript,32,1,0,49,32,6.682200008071959,4788.841992359502
http,torchscript,32,1,0,50,32,6.051500036846846,5287.945105371544
http,torchscript,32,1,0,51,32,4.995500028599054,6405.765151997033
http,torchscript,32,1,0,52,32,4.615899990312755,6932.559212105418
http,torchscript,32,1,0,53,32,4.815299995243549,6645.484192388619
http,torchscript,32,1,0,54,32,4.952500050421804,6461.383074044505
http,torchscript,32,1,0,55,32,4.625400004442781,6918.320571034595
http,torchscript,32,1,0,56,32,4.715499992016703,6786.130856574213
http,torchscript,32,1,0,57,32,5.213299999013543,6138.146664503293
http,torchscript,32,1,0,58,32,5.980600020848215,5350.633697028532
http,torchscript,32,1,0,59,32,6.896000006236136,4640.371225502032
http,torchscript,32,1,0,60,32,6.0072000487707555,5326.940960880454
http,torchscript,32,1,0,61,32,6.678400037344545,4791.566815563775
http,torchscript,32,1,0,62,32,9.20059997588396,3478.0340503745847
http,torchscript,32,1,0,63,32,7.410800026264042,4318.0223304624715
http,torchscript,32,1,0,64,32,7.500100007746369,4266.609774129581
http,torchscript,32,1,0,65,32,5.937999987509102,5389.019883346868
http,torchscript,32,1,0,66,32,5.375100008677691,5953.377601968043
http,torchscript,32,1,0,67,32,8.068100025411695,3966.2373916053575
http,torchscript,32,1,0,68,32,8.712399983778596,3672.925951469172
http,torchscript,32,1,0,69,32,5.875199974980205,5446.623116876599
http,torchscript,32,1,1,0,32,5.819900019560009,5498.376242281089
http,torchscript,32,1,1,1,32,4.982100042980164,6422.994264253759
http,torchscript,32,1,1,2,32,4.296400002203882,7448.096076618862
http,torchscript,32,1,1,3,32,3.91150003997609,8181.00464603232
http,torchscript,32,1,1,4,32,4.671100003179163,6850.634749463878
http,torchscript,32,1,1,5,32,4.516399989370257,7085.289185040033
http,torchscript,32,1,1,6,32,5.435099999886006,5887.656161003691
http,torchscript,32,1,1,7,32,4.926799971144646,6495.088127672742
http,torchscript,32,1,1,8,32,4.090100002940744,7823.769584360357
http,torchscript,32,1,1,9,32,4.048999981023371,7903.1860088851145
http,torchscript,32,1,1,10,32,4.005199996754527,7989.613508920921
http,torchscript,32,1,1,11,32,4.470899992156774,7157.3956152311775
http,torchscript,32,1,1,12,32,4.3268000008538365,7395.765922549049
http,torchscript,32,1,1,13,32,3.97949997568503,8041.211256570376
http,torchscript,32,1,1,14,32,4.013199999462813,7973.686834516934
http,torchscript,32,1,1,15,32,3.834600036498159,8345.06850660313
http,torchscript,32,1,1,16,32,4.2628999799489975,7506.626979407304
http,torchscript,32,1,1,17,32,4.818100016564131,6641.622193393101
http,torchscript,32,1,1,18,32,4.789100028574467,6681.839971825601
http,torchscript,32,1,1,19,32,5.131600017193705,6235.871831939797
http,torchscript,32,1,1,20,32,4.268599965143949,7496.603162934448
http,torchscript,32,1,1,21,32,4.383100022096187,7300.768825415995
http,torchscript,32,1,1,22,32,5.862899997737259,5458.049772697838
http,torchscript,32,1,1,23,32,7.1217999793589115,4493.246102494522
http,torchscript,32,1,1,24,32,4.507399979047477,7099.436515230755
http,torchscript,32,1,1,25,32,4.121600009966642,7763.975136505057
http,torchscript,32,1,1,26,32,5.071299965493381,6310.019170180709
http,torchscript,32,1,1,27,32,4.681600024923682,6835.269956775441
http,torchscript,32,1,1,28,32,4.475099965929985,7150.6782515750965
http,torchscript,32,1,1,29,32,4.73809998948127,6753.762071514108
http,torchscript,32,1,1,30,32,4.024000023491681,7952.286235881568
http,torchscript,32,1,1,31,32,4.898299986962229,6532.878771241895
http,torchscript,32,1,1,32,32,4.728299973066896,6767.760121455234
http,torchscript,32,1,1,33,32,7.434899976942688,4304.025622300133
http,torchscript,32,1,1,34,32,6.293100013863295,5084.934281912897
http,torchscript,32,1,1,35,32,5.914800043683499,5410.157530882767
http,torchscript,32,1,1,36,32,6.956600002013147,4599.948249251018
http,torchscript,32,1,1,37,32,6.448300031479448,4962.54824430962
http,torchscript,32,1,1,38,32,6.328499992378056,5056.490485666475
http,torchscript,32,1,1,39,32,5.374200001824647,5954.374602570683
http,torchscript,32,1,1,40,32,5.16050000442192,6200.949515081853
http,torchscript,32,1,1,41,32,5.461299966555089,5859.4107988880805
http,torchscript,32,1,1,42,32,4.7639000113122165,6717.185483325373
http,torchscript,32,1,1,43,32,4.43440000526607,7216.308849449398
http,torchscript,32,1,1,44,32,5.432399979326874,5890.582453754649
http,torchscript,32,1,1,45,32,7.126199954655021,4490.471808764888
http,torchscript,32,1,1,46,32,7.386300014331937,4332.345008720077
http,torchscript,32,1,1,47,32,7.553500006906688,4236.446676473182
http,torchscript,32,1,1,48,32,7.035299960989505,4548.491205412547
http,torchscript,32,1,1,49,32,6.911199947353452,4630.16556368825
http,torchscript,32,1,1,50,32,5.771299998741597,5544.677976708444
http,torchscript,32,1,1,51,32,4.960499994922429,6450.9626111793605
http,torchscript,32,1,1,52,32,5.56200003484264,5753.326105634471
http,torchscript,32,1,1,53,32,4.68630000250414,6828.414737191535
http,torchscript,32,1,1,54,32,4.484599980060011,7135.530513821165
http,torchscript,32,1,1,55,32,5.060199997387826,6323.860720232208
http,torchscript,32,1,1,56,32,4.577499988954514,6990.7154729035165
http,torchscript,32,1,1,57,32,4.502800002228469,7106.689167665223
http,torchscript,32,1,1,58,32,4.372499999590218,7318.467696512059
http,torchscript,32,1,1,59,32,4.851099976804107,6596.4420756138525
http,torchscript,32,1,1,60,32,4.303199995774776,7436.32646203294
http,torchscript,32,1,1,61,32,4.609099996741861,6942.787100002292
http,torchscript,32,1,1,62,32,5.553399969357997,5762.235779264314
http,torchscript,32,1,1,63,32,6.381399987731129,5014.573614179201
http,torchscript,32,1,1,64,32,6.7254999885335565,4758.010564947953
http,torchscript,32,1,1,65,32,6.251400045584887,5118.853339517172
http,torchscript,32,1,1,66,32,6.8577000056393445,4666.287526967525
http,torchscript,32,1,1,67,32,6.512099993415177,4913.929459369076
http,torchscript,32,1,1,68,32,6.119800033047795,5228.9290217319885
http,torchscript,32,1,1,69,32,5.537400022149086,5778.8853743639565
http,torchscript,32,1,2,0,32,4.472399945370853,7154.995168337197
http,torchscript,32,1,2,1,32,5.479399987962097,5840.055493357306
http,torchscript,32,1,2,2,32,6.9284000201150775,4618.670964016956
http,torchscript,32,1,2,3,32,6.6704999771900475,4797.241602492295
http,torchscript,32,1,2,4,32,6.974899966735393,4587.879418000833
http,torchscript,32,1,2,5,32,5.640999996103346,5672.753061887033
http,torchscript,32,1,2,6,32,5.376900022383779,5951.384602054254
http,torchscript,32,1,2,7,32,7.148500008042902,4476.463588724382
http,torchscript,32,1,2,8,32,7.6472999644465744,4184.483431900503
http,torchscript,32,1,2,9,32,6.563799979630858,4875.224732518381
http,torchscript,32,1,2,10,32,5.311999993864447,6024.096392500219
http,torchscript,32,1,2,11,32,4.537699976935983,7052.030800327955
http,torchscript,32,1,2,12,32,4.841700021643192,6609.248788019655
http,torchscript,32,1,2,13,32,4.302199988160282,7438.05496910057
http,torchscript,32,1,2,14,32,4.732900008093566,6761.182350203454
http,torchscript,32,1,2,15,32,4.654599993955344,6874.919443465931
http,torchscript,32,1,2,16,32,4.675999982282519,6843.455971182378
http,torchscript,32,1,2,17,32,4.769099992699921,6709.861409696277
http,torchscript,32,1,2,18,32,6.636300007812679,4821.964040553854
http,torchscript,32,1,2,19,32,7.286699954420328,4391.562737613184
http,torchscript,32,1,2,20,32,5.656099994666874,5657.608604899619
http,torchscript,32,1,2,21,32,5.741100001614541,5573.844732020136
http,torchscript,32,1,2,22,32,5.578599986620247,5736.206230371244
http,torchscript,32,1,2,23,32,6.968700035940856,4591.961174244979
http,torchscript,32,1,2,24,32,6.969299982301891,4591.565879107232
http,torchscript,32,1,2,25,32,5.5798000539653,5734.972524196295
http,torchscript,32,1,2,26,32,5.476400023326278,5843.25466797506
http,torchscript,32,1,2,27,32,6.671499984804541,4796.522532097034
http,torchscript,32,1,2,28,32,5.355099972803146,5975.61206373697
http,torchscript,32,1,2,29,32,5.703400005586445,5610.688355832695
http,torchscript,32,1,2,30,32,7.76220002444461,4122.542565152412
http,torchscript,32,1,2,31,32,7.6081000152044,4206.043550433043
http,torchscript,32,1,2,32,32,6.448500033002347,4962.394329879715
http,torchscript,32,1,2,33,32,6.126499967649579,5223.210669872368
http,torchscript,32,1,2,34,32,7.7395999687723815,4134.580615162684
http,torchscript,32,1,2,35,32,7.750499993562698,4128.765889501079
http,torchscript,32,1,2,36,32,7.392600004095584,4328.6529749035035
http,torchscript,32,1,2,37,32,8.4256999543868,3797.9040522727555
http,torchscript,32,1,2,38,32,7.151499972678721,4474.585768335511
http,torchscript,32,1,2,39,32,7.207399990875274,4439.881238798
http,torchscript,32,1,2,40,32,6.227299978490919,5138.663644039621
http,torchscript,32,1,2,41,32,8.504699973855168,3762.6253834201334
http,torchscript,32,1,2,42,32,7.5523999985307455,4237.063715669897
http,torchscript,32,1,2,43,32,6.838000030256808,4679.73089476547
http,torchscript,32,1,2,44,32,5.719900014810264,5594.503385923517
http,torchscript,32,1,2,45,32,6.897699960973114,4639.227594858374
http,torchscript,32,1,2,46,32,7.87780003156513,4062.0477635610114
http,torchscript,32,1,2,47,32,5.050499981734902,6336.006358920459
http,torchscript,32,1,2,48,32,8.052299963310361,3974.019863368895
http,torchscript,32,1,2,49,32,6.554800027515739,4881.918573514127
http,torchscript,32,1,2,50,32,4.825500014703721,6631.437136564749
http,torchscript,32,1,2,51,32,4.684199986513704,6831.476045457348
http,torchscript,32,1,2,52,32,4.606099973898381,6947.309042646928
http,torchscript,32,1,2,53,32,4.349099996034056,7357.84415837318
http,torchscript,32,1,2,54,32,4.392300033941865,7285.476800928291
http,torchscript,32,1,2,55,32,4.652800038456917,6877.579035314116
http,torchscript,32,1,2,56,32,4.254499974194914,7521.447924336963
http,torchscript,32,1,2,57,32,4.211099992971867,7598.9646537499775
http,torchscript,32,1,2,58,32,5.937799985986203,5389.201400438407
http,torchscript,32,1,2,59,32,8.261899987701327,3873.2010854204523
http,torchscript,32,1,2,60,32,5.565700004808605,5749.501405457161
http,torchscript,32,1,2,61,32,6.609199976082891,4841.735779791854
http,torchscript,32,1,2,62,32,5.0959999789483845,6279.434876803816
http,torchscript,32,1,2,63,32,6.2327999621629715,5134.129154514855
http,torchscript,32,1,2,64,32,7.069199986290187,4526.679123813151
http,torchscript,32,1,2,65,32,6.9404999958351254,4610.618834263043
http,torchscript,32,1,2,66,32,4.955600015819073,6457.341169152242
http,torchscript,32,1,2,67,32,4.481100011616945,7141.103728335049
http,torchscript,32,1,2,68,32,4.202499985694885,7614.515195461396
http,torchscript,32,1,2,69,32,4.410299996379763,7255.742245712879
http,torchscript,32,4,0,0,32,10.734600014984608,2981.0146587046247
http,torchscript,32,4,0,1,32,13.04099999833852,2453.7995555614552
http,torchscript,32,4,0,2,32,15.658400021493435,2043.6315304293757
http,torchscript,32,4,0,3,32,17.147300008218735,1866.183013341012
http,torchscript,32,4,0,4,32,11.197299987543374,2857.831801916439
http,torchscript,32,4,0,5,32,14.220300014130771,2250.304140433146
http,torchscript,32,4,0,6,32,14.984299952629954,2135.5685685125086
http,torchscript,32,4,0,7,32,10.766199964564294,2972.2650615188563
http,torchscript,32,4,0,8,32,12.953300029039383,2470.412939425531
http,torchscript,32,4,0,9,32,14.554199995473027,2198.678045509431
http,torchscript,32,4,0,10,32,12.478400021791458,2564.431332872588
http,torchscript,32,4,0,11,32,15.464199997950345,2069.295534475844
http,torchscript,32,4,0,12,32,15.830399992410094,2021.4271285212276
http,torchscript,32,4,0,13,32,11.71350001823157,2731.8905493826223
http,torchscript,32,4,0,14,32,13.23380001122132,2418.0507467897564
http,torchscript,32,4,0,15,32,17.28280005045235,1851.5518264740006
http,torchscript,32,4,0,16,32,17.903200001455843,1787.3899636600072
http,torchscript,32,4,0,17,32,11.39500003773719,2808.2492228191804
http,torchscript,32,4,0,18,32,16.48900000145659,1940.6877310433147
http,torchscript,32,4,0,19,32,17.0279000303708,1879.2687262037657
http,torchscript,32,4,0,20,32,16.990499978419393,1883.4054348397653
http,torchscript,32,4,0,21,32,15.358600008767098,2083.5232366057808
http,torchscript,32,4,0,22,32,11.16519997594878,2866.0480841303292
http,torchscript,32,4,0,23,32,16.919200017582625,1891.342378288881
http,torchscript,32,4,0,24,32,14.996999991126359,2133.7600866129374
http,torchscript,32,4,0,25,32,18.199599988292903,1758.2804028981054
http,torchscript,32,4,0,26,32,14.961900014895946,2138.7657963320876
http,torchscript,32,4,0,27,32,12.171600013971329,2629.0709490345052
http,torchscript,32,4,0,28,32,16.35209994856268,1956.935201023691
http,torchscript,32,4,0,29,32,24.03919998323545,1331.1591077205683
http,torchscript,32,4,0,30,32,14.120300009381026,2266.2408007436343
http,torchscript,32,4,0,31,32,14.30350000737235,2237.214666585554
http,torchscript,32,4,0,32,32,13.33589997375384,2399.538093640374
http,torchscript,32,4,0,33,32,16.086800023913383,1989.2085406936926
http,torchscript,32,4,0,34,32,13.011800008825958,2459.3061665791256
http,torchscript,32,4,0,35,32,16.328500001691282,1959.7636033123365
http,torchscript,32,4,0,36,32,14.270999992731959,2242.3095800082124
http,torchscript,32,4,0,37,32,19.907800015062094,1607.4101596253247
http,torchscript,32,4,0,38,32,20.593699999153614,1553.8732719868299
http,torchscript,32,4,0,39,32,26.546899985987693,1205.4138154319573
http,torchscript,32,4,0,40,32,28.942400007508695,1105.6443139372705
http,torchscript,32,4,0,41,32,22.608300030697137,1415.4093831270368
http,torchscript,32,4,0,42,32,16.868899983819574,1896.9820219868502
http,torchscript,32,4,0,43,32,24.838299956172705,1288.3329397126272
http,torchscript,32,4,0,44,32,23.378800018690526,1368.7614408959025
http,torchscript,32,4,0,45,32,11.797299957834184,2712.4850698358223
http,torchscript,32,4,0,46,32,17.987700004596263,1778.9934228291154
http,torchscript,32,4,0,47,32,16.44460001261905,1945.9275370300431
http,torchscript,32,4,0,48,32,19.159299961756915,1670.2071612153823
http,torchscript,32,4,0,49,32,21.824900002684444,1466.215194390995
http,torchscript,32,4,0,50,32,13.91959999455139,2298.9166364353787
http,torchscript,32,4,0,51,32,21.08629996655509,1517.5730237526307
http,torchscript,32,4,0,52,32,21.309700037818402,1501.6635589993987
http,torchscript,32,4,0,53,32,13.21880001341924,2420.7946233784287
http,torchscript,32,4,0,54,32,23.60030001727864,1355.9149661899057
http,torchscript,32,4,0,55,32,15.617199998814613,2049.0228723733376
http,torchscript,32,4,0,56,32,16.096999985165894,1987.9480666887887
http,torchscript,32,4,0,57,32,19.277399987913668,1659.974893920498
http,torchscript,32,4,0,58,32,16.792799986433238,1905.5785828362473
http,torchscript,32,4,0,59,32,19.638400000985712,1629.4606484435506
http,torchscript,32,4,0,60,32,18.778400029987097,1704.0855423731214
http,torchscript,32,4,0,61,32,18.418500025290996,1737.3836064858615
http,torchscript,32,4,0,62,32,21.25220000743866,1505.7264654388446
http,torchscript,32,4,0,63,32,14.945500006433576,2141.1127085895414
http,torchscript,32,4,0,64,32,11.915900046005845,2685.4874475660154
http,torchscript,32,4,0,65,32,15.400500036776066,2077.8546101480265
http,torchscript,32,4,0,66,32,18.406900053378195,1738.4785003016889
http,torchscript,32,4,0,67,32,13.60559999011457,2351.972718825356
http,torchscript,32,4,0,68,32,11.315300012938678,2828.029302219918
http,torchscript,32,4,0,69,32,10.6229999801144,3012.331738670999
http,torchscript,32,4,1,0,32,13.621099991723895,2349.296313766364
http,torchscript,32,4,1,1,32,15.163999982178211,2110.261147296797
http,torchscript,32,4,1,2,32,15.85320004960522,2018.5199139524434
http,torchscript,32,4,1,3,32,22.743299952708185,1407.007781040568
http,torchscript,32,4,1,4,32,15.50209999550134,2064.2364588853316
http,torchscript,32,4,1,5,32,12.684700021054596,2522.724222637119
http,torchscript,32,4,1,6,32,16.93899999372661,1889.131590521947
http,torchscript,32,4,1,7,32,13.686799968127161,2338.0191187508626
http,torchscript,32,4,1,8,32,13.857800047844648,2309.1688355668743
http,torchscript,32,4,1,9,32,12.639199965633452,2531.805817378428
http,torchscript,32,4,1,10,32,15.263599983882159,2096.4910004055996
http,torchscript,32,4,1,11,32,16.849200008437037,1899.199961064999
http,torchscript,32,4,1,12,32,14.13740002317354,2263.4996496913645
http,torchscript,32,4,1,13,32,17.297099984716624,1850.0211034378347
http,torchscript,32,4,1,14,32,17.285400012042373,1851.2733276468161
http,torchscript,32,4,1,15,32,11.423400021158159,2801.2675683886005
http,torchscript,32,4,1,16,32,18.40170001378283,1738.9697677949362
http,torchscript,32,4,1,17,32,15.69749996997416,2038.5411728752292
http,torchscript,32,4,1,18,32,15.745599986985326,2032.3137909288882
http,torchscript,32,4,1,19,32,19.893200020305812,1608.5898682633401
http,torchscript,32,4,1,20,32,13.926599989645183,2297.761120718115
http,torchscript,32,4,1,21,32,16.725299996323884,1913.2691196590436
http,torchscript,32,4,1,22,32,19.992199959233403,1600.6242467188206
http,torchscript,32,4,1,23,32,10.681199957616627,2995.918073528921
http,torchscript,32,4,1,24,32,14.712600037455559,2175.0064515132553
http,torchscript,32,4,1,25,32,15.111799992155284,2117.5505245312656
http,torchscript,32,4,1,26,32,13.463000010233372,2376.8847935583785
http,torchscript,32,4,1,27,32,20.880599971860647,1532.523013856125
http,torchscript,32,4,1,28,32,21.027300041168928,1521.831140343641
http,torchscript,32,4,1,29,32,11.32689998485148,2825.133094032488
http,torchscript,32,4,1,30,32,15.995700028724968,2000.5376408994055
http,torchscript,32,4,1,31,32,17.61189999524504,1816.953310468464
http,torchscript,32,4,1,32,32,14.942499983590096,2141.542582241426
http,torchscript,32,4,1,33,32,9.279699996113777,3448.3873415521193
http,torchscript,32,4,1,34,32,20.0003000209108,1599.975998687181
http,torchscript,32,4,1,35,32,13.616799958981574,2350.03819519967
http,torchscript,32,4,1,36,32,13.857200043275952,2309.268820545579
http,torchscript,32,4,1,37,32,17.138499999418855,1867.1412317930437
http,torchscript,32,4,1,38,32,15.606100030709058,2050.4802568887603
http,torchscript,32,4,1,39,32,15.14660002430901,2112.685351738523
http,torchscript,32,4,1,40,32,19.0934999845922,1675.9630254182264
http,torchscript,32,4,1,41,32,19.71279998542741,1623.3107434588615
http,torchscript,32,4,1,42,32,23.39290000963956,1367.9364245909526
http,torchscript,32,4,1,43,32,21.2226000148803,1507.8265611924594
http,torchscript,32,4,1,44,32,19.030799972824752,1681.4847534362593
http,torchscript,32,4,1,45,32,19.620199978817254,1630.9721631047832
http,torchscript,32,4,1,46,32,23.678100027609617,1351.4597861604907
http,torchscript,32,4,1,47,32,12.141600018367171,2635.56697235884
http,torchscript,32,4,1,48,32,14.681500033475459,2179.6137947101065
http,torchscript,32,4,1,49,32,19.898300000932068,1608.1775829342744
http,torchscript,32,4,1,50,32,19.52169998548925,1639.2015051858211
http,torchscript,32,4,1,51,32,18.98960000835359,1685.1329141173637
http,torchscript,32,4,1,52,32,12.943999958224595,2472.1878942580847
http,torchscript,32,4,1,53,32,17.040900012943894,1877.8350894432513
http,torchscript,32,4,1,54,32,18.576800008304417,1722.5786995443234
http,torchscript,32,4,1,55,32,19.291499978862703,1658.761632587499
http,torchscript,32,4,1,56,32,11.01880002534017,2904.1274845181797
http,torchscript,32,4,1,57,32,20.703300018794835,1545.6473108610614
http,torchscript,32,4,1,58,32,20.208800036925822,1583.4685850485491
http,torchscript,32,4,1,59,32,18.01459997659549,1776.3369734312332
http,torchscript,32,4,1,60,32,21.06699999421835,1518.9633079594682
http,torchscript,32,4,1,61,32,13.73439998133108,2329.916126186584
http,torchscript,32,4,1,62,32,18.233399954624474,1755.0210097751929
http,torchscript,32,4,1,63,32,18.5230000060983,1727.5819246053386
http,torchscript,32,4,1,64,32,22.70710002630949,1409.250849422574
http,torchscript,32,4,1,65,32,14.803300029598176,2161.6801615868226
http,torchscript,32,4,1,66,32,13.841399981174618,2311.904868259171
http,torchscript,32,4,1,67,32,15.609199996106327,2050.0730343632163
http,torchscript,32,4,1,68,32,19.489699974656105,1641.8928994090193
http,torchscript,32,4,1,69,32,6.165699975099415,5190.002778149133
http,torchscript,32,4,2,0,32,11.23370003188029,2848.571700257859
http,torchscript,32,4,2,1,32,12.16260000364855,2631.0163937316534
http,torchscript,32,4,2,2,32,16.489900008309633,1940.5818097062129
http,torchscript,32,4,2,3,32,18.522400001529604,1727.6378869561934
http,torchscript,32,4,2,4,32,10.400500032119453,3076.77514553874
http,torchscript,32,4,2,5,32,9.355799993500113,3420.3381883143943
http,torchscript,32,4,2,6,32,10.858699970413,2946.9457750183064
http,torchscript,32,4,2,7,32,10.798199975397438,2963.4568791936276
http,torchscript,32,4,2,8,32,15.4088000417687,2076.735366365808
http,torchscript,32,4,2,9,32,15.537300030700862,2059.5598937247614
http,torchscript,32,4,2,10,32,12.19510001828894,2624.0047192732927
http,torchscript,32,4,2,11,32,10.216199967544526,3132.28011409914
http,torchscript,32,4,2,12,32,12.432700023055077,2573.8576448124313
http,torchscript,32,4,2,13,32,15.48120001098141,2067.0232267073075
http,torchscript,32,4,2,14,32,13.015000033192337,2458.7014920007646
http,torchscript,32,4,2,15,32,12.525800033472478,2554.727036555506
http,torchscript,32,4,2,16,32,15.236600011121482,2100.206081188887
http,torchscript,32,4,2,17,32,13.906500011216849,2301.082225879201
http,torchscript,32,4,2,18,32,15.58070001192391,2053.8229973948796
http,torchscript,32,4,2,19,32,14.709800016134977,2175.4204656011393
http,torchscript,32,4,2,20,32,13.570700015407056,2358.021322678258
http,torchscript,32,4,2,21,32,16.058299981523305,1992.738959716734
http,torchscript,32,4,2,22,32,14.460999984294176,2212.848353139797
http,torchscript,32,4,2,23,32,14.517700008582324,2204.205899080625
http,torchscript,32,4,2,24,32,13.504100032150745,2369.6506930350015
http,torchscript,32,4,2,25,32,13.745600008405745,2328.017691510831
http,torchscript,32,4,2,26,32,10.913599980995059,2932.1213949315343
http,torchscript,32,4,2,27,32,9.785500005818903,3270.14459976203
http,torchscript,32,4,2,28,32,12.361700006294996,2588.640719618217
http,torchscript,32,4,2,29,32,14.820599986705929,2159.1568511871305
http,torchscript,32,4,2,30,32,13.487500022165477,2372.5671879452025
http,torchscript,32,4,2,31,32,12.201800011098385,2622.563881631708
http,torchscript,32,4,2,32,32,14.660899993032217,2182.6763715193756
http,torchscript,32,4,2,33,32,17.219999979715794,1858.304299517667
http,torchscript,32,4,2,34,32,12.243500037584454,2613.631714931848
http,torchscript,32,4,2,35,32,11.632199981249869,2750.98434101729
http,torchscript,32,4,2,36,32,15.358599950559437,2083.5232445021397
http,torchscript,32,4,2,37,32,11.502299981657416,2782.0522896316415
http,torchscript,32,4,2,38,32,13.329599983990192,2400.6721910960796
http,torchscript,32,4,2,39,32,13.829500006977469,2313.89421048157
http,torchscript,32,4,2,40,32,16.221400001086295,1972.702725896474
http,torchscript,32,4,2,41,32,16.22380001936108,1972.4109001474376
http,torchscript,32,4,2,42,32,11.844199965707958,2701.744321494768
http,torchscript,32,4,2,43,32,10.679800005163997,2996.3107908881307
http,torchscript,32,4,2,44,32,15.423899982124567,2074.7022502146797
http,torchscript,32,4,2,45,32,18.47250002902001,1732.3047746503448
http,torchscript,32,4,2,46,32,18.308600003365427,1747.812503092419
http,torchscript,32,4,2,47,32,20.177400030661374,1585.9327738644781
http,torchscript,32,4,2,48,32,13.712599989958107,2333.620175855342
http,torchscript,32,4,2,49,32,15.467399964109063,2068.867429190012
http,torchscript,32,4,2,50,32,18.66979995975271,1713.9980111722555
http,torchscript,32,4,2,51,32,19.016200036276132,1682.7757353706527
http,torchscript,32,4,2,52,32,12.717799982056022,2516.1584586288423
http,torchscript,32,4,2,53,32,10.75049996143207,2976.605749946656
http,torchscript,32,4,2,54,32,13.10029998421669,2442.6921550310885
http,torchscript,32,4,2,55,32,13.558599981479347,2360.125679916147
http,torchscript,32,4,2,56,32,14.056999993044883,2276.4458999667745
http,torchscript,32,4,2,57,32,20.064899988938123,1594.8247944241814
http,torchscript,32,4,2,58,32,14.585700002498925,2193.9296704661097
http,torchscript,32,4,2,59,32,14.494000002741814,2207.810127911315
http,torchscript,32,4,2,60,32,20.173900004010648,1586.2079218018469
http,torchscript,32,4,2,61,32,23.943299951497465,1336.49079553876
http,torchscript,32,4,2,62,32,15.357600001152605,2083.6589048808646
http,torchscript,32,4,2,63,32,19.523800001479685,1639.0251896441655
http,torchscript,32,4,2,64,32,18.823400023393333,1700.0116854676128
http,torchscript,32,4,2,65,32,17.060200043488294,1875.7107137330477
http,torchscript,32,4,2,66,32,21.511099999770522,1487.6040741915278
http,torchscript,32,4,2,67,32,14.147599984426051,2261.86773977397
http,torchscript,32,4,2,68,32,13.654900016263127,2343.481091907496
http,torchscript,32,4,2,69,32,9.764799964614213,3277.0768593275793
http,torchscript,64,1,0,0,64,6.304299982730299,10151.801179404307
http,torchscript,64,1,0,1,64,5.898799980059266,10849.664375186525
http,torchscript,64,1,0,2,64,5.882900033611804,10878.988191935538
http,torchscript,64,1,0,3,64,6.112199975177646,10470.861598100755
http,torchscript,64,1,0,4,64,5.773100012447685,11085.898366909672
http,torchscript,64,1,0,5,64,5.820799968205392,10995.052286555692
http,torchscript,64,1,0,6,64,6.022899993695319,10626.110356637872
http,torchscript,64,1,0,7,64,5.828200024552643,10981.091886068627
http,torchscript,64,1,0,8,64,7.229099981486797,8853.107601762234
http,torchscript,64,1,0,9,64,6.41239999094978,9980.662480557543
http,torchscript,64,1,0,10,64,6.517199974041432,9820.168209494492
http,torchscript,64,1,0,11,64,8.860300004016608,7223.231715741805
http,torchscript,64,1,0,12,64,9.201500040944666,6955.387677575827
http,torchscript,64,1,0,13,64,7.293100003153086,8775.417856923716
http,torchscript,64,1,0,14,64,6.105399981606752,10482.523699152825
http,torchscript,64,1,0,15,64,6.427799991797656,9956.75037830497
http,torchscript,64,1,0,16,64,6.005299976095557,10657.252802483754
http,torchscript,64,1,0,17,64,6.413700000848621,9978.639473553785
http,torchscript,64,1,0,18,64,6.6426999983377755,9634.636520694135
http,torchscript,64,1,0,19,64,6.397999997716397,10003.125980438132
http,torchscript,64,1,0,20,64,9.397600020747632,6810.249410349818
http,torchscript,64,1,0,21,64,7.738499960396439,8270.336670870942
http,torchscript,64,1,0,22,64,9.621899982448667,6651.492960511185
http,torchscript,64,1,0,23,64,9.699199988972396,6598.482356561928
http,torchscript,64,1,0,24,64,8.739000011701137,7323.492380627854
http,torchscript,64,1,0,25,64,6.576999963726848,9730.880394248092
http,torchscript,64,1,0,26,64,6.663199979811907,9604.994626291651
http,torchscript,64,1,0,27,64,6.298399996012449,10161.310815527553
http,torchscript,64,1,0,28,64,5.942300020251423,10770.240442570605
http,torchscript,64,1,0,29,64,6.504999997559935,9838.585706995664
http,torchscript,64,1,0,30,64,6.19599997298792,10329.244719014587
http,torchscript,64,1,0,31,64,6.1858000117354095,10346.276937272818
http,torchscript,64,1,0,32,64,6.133199960459024,10435.009524002227
http,torchscript,64,1,0,33,64,9.992100007366389,6405.059992675998
http,torchscript,64,1,0,34,64,9.191100019961596,6963.257919182934
http,torchscript,64,1,0,35,64,8.805599994957447,7268.102120996842
http,torchscript,64,1,0,36,64,7.941999996546656,8058.423574392912
http,torchscript,64,1,0,37,64,7.293500006198883,8774.936579914334
http,torchscript,64,1,0,38,64,6.15460000699386,10398.726144229156
http,torchscript,64,1,0,39,64,5.974900035653263,10711.476278783062
http,torchscript,64,1,0,40,64,6.0180999571457505,10634.58574230026
http,torchscript,64,1,0,41,64,8.182600024156272,7821.474813758747
http,torchscript,64,1,0,42,64,7.98880000365898,8011.215698313529
http,torchscript,64,1,0,43,64,9.902400022838265,6463.079642550743
http,torchscript,64,1,0,44,64,6.52350002201274,9810.684415427293
http,torchscript,64,1,0,45,64,9.287099994253367,6891.279305660718
http,torchscript,64,1,0,46,64,8.140099991578609,7862.311281951278
http,torchscript,64,1,0,47,64,7.12070002919063,8987.880368171403
http,torchscript,64,1,0,48,64,8.281800022814423,7727.788623692309
http,torchscript,64,1,0,49,64,9.11060004727915,7024.784280714132
http,torchscript,64,1,0,50,64,8.154100039973855,7848.812215480889
http,torchscript,64,1,0,51,64,6.577900028787553,9729.54890161147
http,torchscript,64,1,0,52,64,6.497700000181794,9849.639102791663
http,torchscript,64,1,0,53,64,6.70140003785491,9550.243178809862
http,torchscript,64,1,0,54,64,6.3522999989800155,10075.0909135709
http,torchscript,64,1,0,55,64,7.346500002313405,8711.631386353565
http,torchscript,64,1,0,56,64,6.626299989875406,9658.48212392862
http,torchscript,64,1,0,57,64,9.8852000082843,6474.32524848913
http,torchscript,64,1,0,58,64,7.829300011508167,8174.421711510275
http,torchscript,64,1,0,59,64,10.81730000441894,5916.448649279911
http,torchscript,64,1,0,60,64,7.388600031845272,8661.992762384822
http,torchscript,64,1,0,61,64,6.9123999564908445,9258.723511781616
http,torchscript,64,1,0,62,64,6.301400018855929,10156.473134301943
http,torchscript,64,1,0,63,64,6.237699999473989,10260.192058835304
http,torchscript,64,1,0,64,64,6.5398000297136605,9786.231950398365
http,torchscript,64,1,0,65,64,6.282899994403124,10186.378910536838
http,torchscript,64,1,0,66,64,7.417799963150173,8627.895106087579
http,torchscript,64,1,0,67,64,9.974299988243729,6416.490387840149
http,torchscript,64,1,0,68,64,9.647700004279613,6633.705439805374
http,torchscript,64,1,0,69,64,10.109200025908649,6330.866916865409
http,torchscript,64,1,1,0,64,6.978300050832331,9171.28806927218
http,torchscript,64,1,1,1,64,6.440100027248263,9937.73384407292
http,torchscript,64,1,1,2,64,7.101800001692027,9011.799823249288
http,torchscript,64,1,1,3,64,6.752500019501895,9477.971094433411
http,torchscript,64,1,1,4,64,7.085299992468208,9032.786200730112
http,torchscript,64,1,1,5,64,9.542300016619265,6706.978389752465
http,torchscript,64,1,1,6,64,8.961800020188093,7141.422466003291
http,torchscript,64,1,1,7,64,8.637999999336898,7409.122482624797
http,torchscript,64,1,1,8,64,6.742099998518825,9492.59133119654
http,torchscript,64,1,1,9,64,7.084799988660961,9033.42368202777
http,torchscript,64,1,1,10,64,6.486899976152927,9866.037743032284
http,torchscript,64,1,1,11,64,7.105200027581304,9007.487438997037
http,torchscript,64,1,1,12,64,6.606900016777217,9686.842518803332
http,torchscript,64,1,1,13,64,6.3304000068455935,10109.94564810935
http,torchscript,64,1,1,14,64,6.693699979223311,9561.229245208284
http,torchscript,64,1,1,15,64,6.519299990031868,9817.004908173762
http,torchscript,64,1,1,16,64,7.660800009034574,8354.218870682329
http,torchscript,64,1,1,17,64,10.260199953336269,6237.695200003327
http,torchscript,64,1,1,18,64,10.265599994454533,6234.413968455106
http,torchscript,64,1,1,19,64,10.75350004248321,5951.550634412891
http,torchscript,64,1,1,20,64,10.775499977171421,5939.399576408338
http,torchscript,64,1,1,21,64,7.225500012282282,8857.518495773227
http,torchscript,64,1,1,22,64,6.342099979519844,10091.29471415955
http,torchscript,64,1,1,23,64,6.469300016760826,9892.878647486928
http,torchscript,64,1,1,24,64,7.146099989768118,8955.934018784521
http,torchscript,64,1,1,25,64,10.141399980057031,6310.765784394207
http,torchscript,64,1,1,26,64,8.471399953123182,7554.831592670215
http,torchscript,64,1,1,27,64,10.724099993240088,5967.86677113625
http,torchscript,64,1,1,28,64,8.01710004452616,7982.936428951927
http,torchscript,64,1,1,29,64,6.9696000427939,9182.736399080994
http,torchscript,64,1,1,30,64,6.993599992711097,9151.22398574445
http,torchscript,64,1,1,31,64,6.493599968962371,9855.858122752012
http,torchscript,64,1,1,32,64,7.265300024300814,8808.996157892203
http,torchscript,64,1,1,33,64,7.206299982499331,8881.117932285015
http,torchscript,64,1,1,34,64,7.391099992673844,8659.062935616843
http,torchscript,64,1,1,35,64,10.158499993849546,6300.142741423315
http,torchscript,64,1,1,36,64,9.466900024563074,6760.396733243604
http,torchscript,64,1,1,37,64,9.491299977526069,6743.017305484192
http,torchscript,64,1,1,38,64,10.592199978418648,6042.181995279399
http,torchscript,64,1,1,39,64,8.73120001051575,7330.03480883718
http,torchscript,64,1,1,40,64,6.228399986866862,10275.512191726562
http,torchscript,64,1,1,41,64,6.086700013838708,10514.728811094637
http,torchscript,64,1,1,42,64,6.746000028215349,9487.103429042108
http,torchscript,64,1,1,43,64,6.245099997613579,10248.034462931919
http,torchscript,64,1,1,44,64,6.05229998473078,10574.492368432539
http,torchscript,64,1,1,45,64,6.316000013612211,10132.99554497586
http,torchscript,64,1,1,46,64,6.216300011146814,10295.51338983605
http,torchscript,64,1,1,47,64,7.467200048267841,8570.816314857671
http,torchscript,64,1,1,48,64,9.621400036849082,6651.838584289798
http,torchscript,64,1,1,49,64,9.655900008510798,6628.07195016413
http,torchscript,64,1,1,50,64,7.394400017801672,8655.198507779265
http,torchscript,64,1,1,51,64,9.657399961724877,6627.042501465287
http,torchscript,64,1,1,52,64,7.100699993316084,9013.195890580288
http,torchscript,64,1,1,53,64,6.629500014241785,9653.820026021927
http,torchscript,64,1,1,54,64,6.291300000157207,10172.778280864171
http,torchscript,64,1,1,55,64,6.211399973835796,10303.63529471398
http,torchscript,64,1,1,56,64,6.443199992645532,9932.952581489257
http,torchscript,64,1,1,57,64,6.16639998042956,10378.827225466757
http,torchscript,64,1,1,58,64,6.229699996765703,10273.367904269408
http,torchscript,64,1,1,59,64,6.057800026610494,10564.891498376146
http,torchscript,64,1,1,60,64,7.489400042686611,8545.41079862544
http,torchscript,64,1,1,61,64,9.43340000230819,6784.404348839264
http,torchscript,64,1,1,62,64,9.349300002213567,6845.432276731645
http,torchscript,64,1,1,63,64,7.358799979556352,8697.070198646497
http,torchscript,64,1,1,64,64,9.750599972903728,6563.698662426083
http,torchscript,64,1,1,65,64,7.4127999832853675,8633.71467519822
http,torchscript,64,1,1,66,64,6.387499975971878,10019.569509315294
http,torchscript,64,1,1,67,64,8.755899965763092,7309.35714778033
http,torchscript,64,1,1,68,64,7.835500000510365,8167.953544232195
http,torchscript,64,1,1,69,64,6.783700024243444,9434.379434715296
http,torchscript,64,1,2,0,64,7.061799988150597,9062.845182161675
http,torchscript,64,1,2,1,64,7.3167000082321465,8747.112759576377
http,torchscript,64,1,2,2,64,7.299599994439632,8767.603710991165
http,torchscript,64,1,2,3,64,7.351999985985458,8705.11427121847
http,torchscript,64,1,2,4,64,11.408100021071732,5610.048989909498
http,torchscript,64,1,2,5,64,9.34300001244992,6850.0481552731935
http,torchscript,64,1,2,6,64,8.612699981313199,7430.886962144218
http,torchscript,64,1,2,7,64,8.235400018747896,7771.328636654435
http,torchscript,64,1,2,8,64,8.448999957181513,7574.8609686760665
http,torchscript,64,1,2,9,64,8.168999978806823,7834.496286698232
http,torchscript,64,1,2,10,64,8.705599990207702,7351.589789559474
http,torchscript,64,1,2,11,64,8.30450002104044,7706.665041585692
http,torchscript,64,1,2,12,64,9.261900035198778,6910.029233394381
http,torchscript,64,1,2,13,64,10.1208999985829,6323.548301925827
http,torchscript,64,1,2,14,64,11.281999992206693,5672.753061887033
http,torchscript,64,1,2,15,64,8.146999985910952,7855.652400967063
http,torchscript,64,1,2,16,64,7.958900008816272,8041.312232733871
http,torchscript,64,1,2,17,64,8.96070001181215,7142.299141320888
http,torchscript,64,1,2,18,64,7.946499972604215,8053.860217786676
http,torchscript,64,1,2,19,64,7.875099952798337,8126.880977206931
http,torchscript,64,1,2,20,64,7.964999997057021,8035.153800834562
http,torchscript,64,1,2,21,64,8.819699985906482,7256.482658397606
http,torchscript,64,1,2,22,64,8.71920003555715,7340.122917126128
http,torchscript,64,1,2,23,64,7.889800006523728,8111.739200877236
http,torchscript,64,1,2,24,64,12.405999994371086,5158.7941342123495
http,torchscript,64,1,2,25,64,8.745400002226233,7318.132959465333
http,torchscript,64,1,2,26,64,7.622700009960681,8395.975168427245
http,torchscript,64,1,2,27,64,7.817199977580458,8187.0746793673525
http,torchscript,64,1,2,28,64,7.6021000277251005,8418.72637384275
http,torchscript,64,1,2,29,64,7.581000041682273,8442.157980228421
http,torchscript,64,1,2,30,64,8.287300006486475,7722.659967650158
http,torchscript,64,1,2,31,64,7.996500004082918,8003.501527833722
http,torchscript,64,1,2,32,64,10.422700026538223,6140.443439516012
http,torchscript,64,1,2,33,64,12.087900016922504,5294.5507416840765
http,torchscript,64,1,2,34,64,8.064800000283867,7935.720662353351
http,torchscript,64,1,2,35,64,7.630000007338822,8387.942324828622
http,torchscript,64,1,2,36,64,7.4279000400565565,8616.163337533646
http,torchscript,64,1,2,37,64,8.197899966035038,7806.87740337895
http,torchscript,64,1,2,38,64,7.081800024025142,9037.250385901716
http,torchscript,64,1,2,39,64,7.521599996834993,8508.827912535962
http,torchscript,64,1,2,40,64,7.860700017772615,8141.768526377992
http,torchscript,64,1,2,41,64,7.49990000622347,8533.447105547053
http,torchscript,64,1,2,42,64,11.13420003093779,5748.055524614958
http,torchscript,64,1,2,43,64,11.603699997067451,5515.482132093593
http,torchscript,64,1,2,44,64,8.347700000740588,7666.782466346667
http,torchscript,64,1,2,45,64,7.581999991089106,8441.044589187188
http,torchscript,64,1,2,46,64,6.9494000053964555,9209.428144919235
http,torchscript,64,1,2,47,64,6.9905000273138285,9155.28213288523
http,torchscript,64,1,2,48,64,6.819100002758205,9385.40276196465
http,torchscript,64,1,2,49,64,6.667700014077127,9598.512210339477
http,torchscript,64,1,2,50,64,7.609700027387589,8410.318379129487
http,torchscript,64,1,2,51,64,8.246299985330552,7761.05648761874
http,torchscript,64,1,2,52,64,7.967199955601245,8032.935078402992
http,torchscript,64,1,2,53,64,8.155799994710833,7847.176247762945
http,torchscript,64,1,2,54,64,9.275599964894354,6899.823218144676
http,torchscript,64,1,2,55,64,7.210200012195855,8876.314095551546
http,torchscript,64,1,2,56,64,7.281599973794073,8789.277113591952
http,torchscript,64,1,2,57,64,8.335200021974742,7678.280045022528
http,torchscript,64,1,2,58,64,9.054599970113486,7068.2305359977
http,torchscript,64,1,2,59,64,8.496799971908331,7532.2474592309345
http,torchscript,64,1,2,60,64,9.46299999486655,6763.182926631984
http,torchscript,64,1,2,61,64,8.077999984379858,7922.753172041907
http,torchscript,64,1,2,62,64,12.295199965592474,5205.283377179788
http,torchscript,64,1,2,63,64,10.127799992915243,6319.240115797141
http,torchscript,64,1,2,64,64,9.521299973130226,6721.771205677005
http,torchscript,64,1,2,65,64,7.000300043728203,9142.46526580524
http,torchscript,64,1,2,66,64,6.942200008779764,9218.979562539185
http,torchscript,64,1,2,67,64,7.538900012150407,8489.302139151803
http,torchscript,64,1,2,68,64,6.6942000412382185,9560.515013853992
http,torchscript,64,1,2,69,64,6.961100036278367,9193.949184246532
http,torchscript,64,4,0,0,64,17.982799967285246,3558.9563425289934
http,torchscript,64,4,0,1,64,20.694800012279302,3092.564313838523
http,torchscript,64,4,0,2,64,23.675100004766136,2703.2620764903163
http,torchscript,64,4,0,3,64,29.47660000063479,2171.213776304653
http,torchscript,64,4,0,4,64,22.583800018765032,2833.8897770446943
http,torchscript,64,4,0,5,64,18.21619999827817,3513.3562436759257
http,torchscript,64,4,0,6,64,21.085500018671155,3035.261195766198
http,torchscript,64,4,0,7,64,29.861999966669828,2143.1920190018404
http,torchscript,64,4,0,8,64,23.071200004778802,2774.0212900388146
http,torchscript,64,4,0,9,64,32.213599944952875,1986.7385237714582
http,torchscript,64,4,0,10,64,19.329700036905706,3310.967054729583
http,torchscript,64,4,0,11,64,35.916200024075806,1781.925703640661
http,torchscript,64,4,0,12,64,26.040199969429523,2457.738422713122
http,torchscript,64,4,0,13,64,17.7036999957636,3615.06351866078
http,torchscript,64,4,0,14,64,20.877700007986277,3065.471770143181
http,torchscript,64,4,0,15,64,24.1575000109151,2649.2807604711925
http,torchscript,64,4,0,16,64,13.157900015357882,4863.998048723527
http,torchscript,64,4,0,17,64,31.84419998433441,2009.7851423959298
http,torchscript,64,4,0,18,64,17.19420001609251,3722.1853846122935
http,torchscript,64,4,0,19,64,23.977099976036698,2669.213543921624
http,torchscript,64,4,0,20,64,23.52019998943433,2721.065298286149
http,torchscript,64,4,0,21,64,25.614399986807257,2498.5945418578344
http,torchscript,64,4,0,22,64,25.08950000628829,2550.867892303928
http,torchscript,64,4,0,23,64,29.188100015744567,2192.6744106494525
http,torchscript,64,4,0,24,64,34.999099967535585,1828.6184518849063
http,torchscript,64,4,0,25,64,19.80609999736771,3231.3277226968353
http,torchscript,64,4,0,26,64,28.713999956380576,2228.8779026684674
http,torchscript,64,4,0,27,64,24.236299970652908,2640.667101723279
http,torchscript,64,4,0,28,64,27.084100001957268,2363.010031545259
http,torchscript,64,4,0,29,64,12.388999981340021,5165.872959592791
http,torchscript,64,4,0,30,64,20.262000034563243,3158.6220457421664
http,torchscript,64,4,0,31,64,29.264000011608005,2186.9874239548058
http,torchscript,64,4,0,32,64,26.905499980784953,2378.6958073890746
http,torchscript,64,4,0,33,64,31.488000007811934,2032.5203246989993
http,torchscript,64,4,0,34,64,16.993500001262873,3766.145879026912
http,torchscript,64,4,0,35,64,26.77850000327453,2389.9770335221892
http,torchscript,64,4,0,36,64,26.537600031588227,2411.672492004535
http,torchscript,64,4,0,37,64,25.758100033272058,2484.655309100066
http,torchscript,64,4,0,38,64,32.956100010778755,1941.9773571225935
http,torchscript,64,4,0,39,64,26.441599999088794,2420.4284159130125
http,torchscript,64,4,0,40,64,25.538899993989617,2505.981072601479
http,torchscript,64,4,0,41,64,25.245699973311275,2535.085185503202
http,torchscript,64,4,0,42,64,25.57270001852885,2502.668859902491
http,torchscript,64,4,0,43,64,19.986400031484663,3202.177475642463
http,torchscript,64,4,0,44,64,21.376799966674298,2993.899933562265
http,torchscript,64,4,0,45,64,21.98560000397265,2910.9962879537347
http,torchscript,64,4,0,46,64,34.427300037350506,1858.9898112999215
http,torchscript,64,4,0,47,64,24.521099985577166,2609.9971060696116
http,torchscript,64,4,0,48,64,11.830900039058179,5409.563075396827
http,torchscript,64,4,0,49,64,24.032399989664555,2663.0715212598006
http,torchscript,64,4,0,50,64,37.88199997507036,1689.45673518076
http,torchscript,64,4,0,51,64,24.149400007445365,2650.1693615687564
http,torchscript,64,4,0,52,64,20.869600004516542,3066.6615549003955
http,torchscript,64,4,0,53,64,24.28939996752888,2634.894237221091
http,torchscript,64,4,0,54,64,11.711600003764033,5464.6675073799315
http,torchscript,64,4,0,55,64,19.381700025405735,3302.083920198338
http,torchscript,64,4,0,56,64,20.432399993296713,3132.280105175925
http,torchscript,64,4,0,57,64,20.6892000278458,3093.401384000433
http,torchscript,64,4,0,58,64,26.202800043392926,2442.487058406481
http,torchscript,64,4,0,59,64,20.740500011015683,3085.7501008176446
http,torchscript,64,4,0,60,64,21.198500005993992,3019.08153793446
http,torchscript,64,4,0,61,64,25.24930000072345,2534.7237348427975
http,torchscript,64,4,0,62,64,28.001400001812726,2285.600005566037
http,torchscript,64,4,0,63,64,19.56450002035126,3271.2310528470607
http,torchscript,64,4,0,64,64,30.64549999544397,2088.397970648702
http,torchscript,64,4,0,65,64,30.339099990669638,2109.489075802588
http,torchscript,64,4,0,66,64,23.964499996509403,2670.6169546338147
http,torchscript,64,4,0,67,64,19.17909999610856,3336.965760279971
http,torchscript,64,4,0,68,64,21.57649997388944,2966.1900714874464
http,torchscript,64,4,0,69,64,19.27570003317669,3320.242579509192
http,torchscript,64,4,1,0,64,20.2417999971658,3161.7741509629136
http,torchscript,64,4,1,1,64,29.77259998442605,2149.6275109825206
http,torchscript,64,4,1,2,64,28.411700041033328,2252.593118594403
http,torchscript,64,4,1,3,64,33.45039999112487,1913.2805591855588
http,torchscript,64,4,1,4,64,18.000400043092668,3555.476536453914
http,torchscript,64,4,1,5,64,30.909000022802502,2070.5943237498873
http,torchscript,64,4,1,6,64,27.108500013127923,2360.883116697955
http,torchscript,64,4,1,7,64,31.173399998806417,2053.0323930803333
http,torchscript,64,4,1,8,64,27.944000030402094,2290.2948729734553
http,torchscript,64,4,1,9,64,20.048700040206313,3192.226921029908
http,torchscript,64,4,1,10,64,26.552900031674653,2410.282866415914
http,torchscript,64,4,1,11,64,24.976300017442554,2562.4291810758473
http,torchscript,64,4,1,12,64,28.260799997951835,2264.6209592311016
http,torchscript,64,4,1,13,64,12.065799965057522,5304.2483867910605
http,torchscript,64,4,1,14,64,18.240700010210276,3508.6372762106635
http,torchscript,64,4,1,15,64,24.93999997386709,2566.15878376348
http,torchscript,64,4,1,16,64,25.457700015977025,2513.974159481578
http,torchscript,64,4,1,17,64,31.34759998647496,2041.6236020496956
http,torchscript,64,4,1,18,64,13.175999978557229,4857.3163406310205
http,torchscript,64,4,1,19,64,30.850899987854064,2074.493775714701
http,torchscript,64,4,1,20,64,29.62019998813048,2160.6876397069
http,torchscript,64,4,1,21,64,29.431700007990003,2174.5261056148825
http,torchscript,64,4,1,22,64,34.30070000467822,1865.8511339789316
http,torchscript,64,4,1,23,64,20.50689997849986,3120.9007732567966
http,torchscript,64,4,1,24,64,25.857499975245446,2475.1039373980507
http,torchscript,64,4,1,25,64,26.291799964383245,2434.219037369027
http,torchscript,64,4,1,26,64,26.40380000229925,2423.8935302656005
http,torchscript,64,4,1,27,64,21.636699966620654,2957.9372131024606
http,torchscript,64,4,1,28,64,25.599899992812425,2500.009766365064
http,torchscript,64,4,1,29,64,23.962699982803315,2670.817564211429
http,torchscript,64,4,1,30,64,27.534599998034537,2324.3482747005014
http,torchscript,64,4,1,31,64,17.027400026563555,3758.647820580767
http,torchscript,64,4,1,32,64,23.63920002244413,2707.367421030978
http,torchscript,64,4,1,33,64,26.97279996937141,2372.7607097770465
http,torchscript,64,4,1,34,64,30.81889997702092,2076.6477728835052
http,torchscript,64,4,1,35,64,26.16380003746599,2446.127852542574
http,torchscript,64,4,1,36,64,19.310100004076958,3314.327734526886
http,torchscript,64,4,1,37,64,24.53509997576475,2608.507813834785
http,torchscript,64,4,1,38,64,25.608600000850856,2499.1604382072264
http,torchscript,64,4,1,39,64,26.01120003964752,2460.4785593301394
http,torchscript,64,4,1,40,64,21.302799985278398,3004.2999063141046
http,torchscript,64,4,1,41,64,20.438100036699325,3131.406534123989
http,torchscript,64,4,1,42,64,20.973899983800948,3051.4115185745127
http,torchscript,64,4,1,43,64,20.91120003024116,3060.560843349262
http,torchscript,64,4,1,44,64,22.429700009524822,2853.3596068080383
http,torchscript,64,4,1,45,64,20.14370000688359,3177.172017957458
http,torchscript,64,4,1,46,64,28.658299997914582,2233.2099253848683
http,torchscript,64,4,1,47,64,30.646700004581362,2088.3161968640234
http,torchscript,64,4,1,48,64,26.979199959896505,2372.197844826141
http,torchscript,64,4,1,49,64,33.61469996161759,1903.9289380264404
http,torchscript,64,4,1,50,64,30.75069998158142,2081.2534361277544
http,torchscript,64,4,1,51,64,31.052499951329082,2061.0256855426137
http,torchscript,64,4,1,52,64,27.476900024339557,2329.229277804541
http,torchscript,64,4,1,53,64,27.795700007118285,2302.5144171080437
http,torchscript,64,4,1,54,64,26.33990003960207,2429.7738375535187
http,torchscript,64,4,1,55,64,24.701899965293705,2590.893821524673
http,torchscript,64,4,1,56,64,18.33320001605898,3490.9344764656007
http,torchscript,64,4,1,57,64,24.6968999854289,2591.4183576788914
http,torchscript,64,4,1,58,64,26.162899972405285,2446.212005072164
http,torchscript,64,4,1,59,64,31.999099999666214,2000.0562516029386
http,torchscript,64,4,1,60,64,36.276099970564246,1764.246984982728
http,torchscript,64,4,1,61,64,26.89839998492971,2379.3236785778
http,torchscript,64,4,1,62,64,17.887900001369417,3577.8375323598884
http,torchscript,64,4,1,63,64,25.03889997024089,2556.0228315167583
http,torchscript,64,4,1,64,64,23.244399984832853,2753.3513466366303
http,torchscript,64,4,1,65,64,34.71689997240901,1843.4825704732712
http,torchscript,64,4,1,66,64,30.868100002408028,2073.3378470008633
http,torchscript,64,4,1,67,64,12.667600007262081,5052.2593043125835
http,torchscript,64,4,1,68,64,19.573099969420582,3269.793752649728
http,torchscript,64,4,1,69,64,10.345000016968697,6186.563547126349
http,torchscript,64,4,2,0,64,27.930799988098443,2291.3772619212828
http,torchscript,64,4,2,1,64,33.806499966885895,1893.1270632182925
http,torchscript,64,4,2,2,64,32.31179999420419,1980.7005493807142
http,torchscript,64,4,2,3,64,31.339199980720878,2042.1708288460222
http,torchscript,64,4,2,4,64,27.107800007797778,2360.944081835851
http,torchscript,64,4,2,5,64,27.898099971935153,2294.063038858651
http,torchscript,64,4,2,6,64,26.64350002305582,2402.086810840089
http,torchscript,64,4,2,7,64,24.800000013783574,2580.6451598560275
http,torchscript,64,4,2,8,64,23.823700030334294,2686.4005137115537
http,torchscript,64,4,2,9,64,19.46380001027137,3288.155445813569
http,torchscript,64,4,2,10,64,31.64989996002987,2022.1232952023397
http,torchscript,64,4,2,11,64,34.69230001792312,1844.7897650756975
http,torchscript,64,4,2,12,64,18.814499955624342,3401.6317282388395
http,torchscript,64,4,2,13,64,31.048899982124567,2061.264651464174
http,torchscript,64,4,2,14,64,26.829299982637167,2385.451727828091
http,torchscript,64,4,2,15,64,31.670399999711663,2020.8143882168422
http,torchscript,64,4,2,16,64,35.28870001900941,1813.6117217558117
http,torchscript,64,4,2,17,64,16.466900007799268,3886.5846012113684
http,torchscript,64,4,2,18,64,27.612099947873503,2317.8244364180946
http,torchscript,64,4,2,19,64,34.21419998630881,1870.5683612538157
http,torchscript,64,4,2,20,64,32.16359997168183,1989.8270111662953
http,torchscript,64,4,2,21,64,35.22660001181066,1816.8088881283543
http,torchscript,64,4,2,22,64,26.2968999450095,2433.74694864539
http,torchscript,64,4,2,23,64,24.93680000770837,2566.4880810776267
http,torchscript,64,4,2,24,64,29.07930000219494,2200.8782878256766
http,torchscript,64,4,2,25,64,27.45110000250861,2331.41841289243
http,torchscript,64,4,2,26,64,21.14959998289123,3026.0619610665067
http,torchscript,64,4,2,27,64,26.32489998359233,2431.1583345004024
http,torchscript,64,4,2,28,64,33.089199976529926,1934.1658319147944
http,torchscript,64,4,2,29,64,31.72129997983575,2017.5717905849642
http,torchscript,64,4,2,30,64,24.6478000190109,2596.5806258829048
http,torchscript,64,4,2,31,64,23.917100043036044,2675.909699956911
http,torchscript,64,4,2,32,64,20.836299983784556,3071.562611874793
http,torchscript,64,4,2,33,64,25.18589998362586,2541.1043497198193
http,torchscript,64,4,2,34,64,13.016399985644966,4916.874102715182
http,torchscript,64,4,2,35,64,16.117299965117127,3970.8884328340355
http,torchscript,64,4,2,36,64,24.226000008638948,2641.7898116559777
http,torchscript,64,4,2,37,64,21.17220003856346,3022.8318211347496
http,torchscript,64,4,2,38,64,24.523000000044703,2609.794886428387
http,torchscript,64,4,2,39,64,25.109499983955175,2548.8360995199278
http,torchscript,64,4,2,40,64,22.94870000332594,2788.8289964453115
http,torchscript,64,4,2,41,64,29.1268999571912,2197.281553960874
http,torchscript,64,4,2,42,64,29.274599975906312,2186.195543326758
http,torchscript,64,4,2,43,64,26.7013999982737,2396.878066473583
http,torchscript,64,4,2,44,64,26.103399985004216,2451.7878911086864
http,torchscript,64,4,2,45,64,31.74960002070293,2015.7734257523744
http,torchscript,64,4,2,46,64,28.05549994809553,2281.192640245374
http,torchscript,64,4,2,47,64,25.730599998496473,2487.3108284975765
http,torchscript,64,4,2,48,64,21.143699996173382,3026.9063603618483
http,torchscript,64,4,2,49,64,25.86870000232011,2474.0323245567024
http,torchscript,64,4,2,50,64,24.086999997962266,2657.0349153242137
http,torchscript,64,4,2,51,64,18.928500008769333,3381.144832942368
http,torchscript,64,4,2,52,64,21.697300020605326,2949.675763307922
http,torchscript,64,4,2,53,64,20.425099995918572,3133.3995923049947
http,torchscript,64,4,2,54,64,25.15780000248924,2543.9426338418907
http,torchscript,64,4,2,55,64,34.84690003097057,1836.6052631114758
http,torchscript,64,4,2,56,64,28.25999999186024,2264.685067885138
http,torchscript,64,4,2,57,64,16.864400007762015,3794.9763982438353
http,torchscript,64,4,2,58,64,29.050400014966726,2203.0677707373147
http,torchscript,64,4,2,59,64,42.121100006625056,1519.4285047145895
http,torchscript,64,4,2,60,64,18.744400003924966,3414.3530860736423
http,torchscript,64,4,2,61,64,16.946899995673448,3776.5018980662676
http,torchscript,64,4,2,62,64,19.78540001437068,3234.708419011748
http,torchscript,64,4,2,63,64,23.613199999090284,2710.348449276915
http,torchscript,64,4,2,64,64,21.55870001297444,2968.6391091060023
http,torchscript,64,4,2,65,64,20.716400002129376,3089.3398463739663
http,torchscript,64,4,2,66,64,19.378199998755008,3302.680331718726
http,torchscript,64,4,2,67,64,20.129400014411658,3179.4290914870367
http,torchscript,64,4,2,68,64,24.975100008305162,2562.5523012407393
http,torchscript,64,4,2,69,64,21.999399992637336,2909.1702510713585
http,onnx-fp32,1,1,0,0,1,1.900700037367642,526.1219447256608
http,onnx-fp32,1,1,0,1,1,1.7324999789707363,577.2005842066974
http,onnx-fp32,1,1,0,2,1,2.530900004785508,395.116361021442
http,onnx-fp32,1,1,0,3,1,2.2680999827571213,440.8976710031943
http,onnx-fp32,1,1,0,4,1,2.1120000164955854,473.4848447867378
http,onnx-fp32,1,1,0,5,1,1.5334999770857394,652.103042023123
http,onnx-fp32,1,1,0,6,1,1.4751999988220632,677.8741870922539
http,onnx-fp32,1,1,0,7,1,1.373099978081882,728.2790881672908
http,onnx-fp32,1,1,0,8,1,1.8560999887995422,538.7640784625852
http,onnx-fp32,1,1,0,9,1,1.5803000424057245,632.7912251889069
http,onnx-fp32,1,1,0,10,1,1.4649999793618917,682.5938662712942
http,onnx-fp32,1,1,0,11,1,1.427499984856695,700.5254014768966
http,onnx-fp32,1,1,0,12,1,1.4806999824941158,675.3562584066377
http,onnx-fp32,1,1,0,13,1,2.3530999897047877,424.97131629559726
http,onnx-fp32,1,1,0,14,1,1.7313000280410051,577.6006375576143
http,onnx-fp32,1,1,0,15,1,1.5205999952740967,657.635146065974
http,onnx-fp32,1,1,0,16,1,1.5323000261560082,652.6137068003853
http,onnx-fp32,1,1,0,17,1,1.9827999640256166,504.3373099370707
http,onnx-fp32,1,1,0,18,1,1.577500021085143,633.9144130800786
http,onnx-fp32,1,1,0,19,1,1.4675999991595745,681.384573843454
http,onnx-fp32,1,1,0,20,1,1.426299975719303,701.1147844237228
http,onnx-fp32,1,1,0,21,1,1.5500999870710075,645.1196750795093
http,onnx-fp32,1,1,0,22,1,1.4438999933190644,692.5687406517121
http,onnx-fp32,1,1,0,23,1,1.9391999812796712,515.676572634919
http,onnx-fp32,1,1,0,24,1,2.6165999588556588,382.1753480563911
http,onnx-fp32,1,1,0,25,1,1.9966000108979642,500.8514447269052
http,onnx-fp32,1,1,0,26,1,1.5291000017896295,653.9794642793925
http,onnx-fp32,1,1,0,27,1,1.4233000110834837,702.5925610994357
http,onnx-fp32,1,1,0,28,1,1.7615999677218497,567.665768802907
http,onnx-fp32,1,1,0,29,1,1.868200022727251,535.2745893558933
http,onnx-fp32,1,1,0,30,1,1.6769000212661922,596.3384741595512
http,onnx-fp32,1,1,0,31,1,1.5169999678619206,659.1957951122523
http,onnx-fp32,1,1,0,32,1,2.1593000274151564,463.11304001467306
http,onnx-fp32,1,1,0,33,1,1.9028999959118664,525.5136907606128
http,onnx-fp32,1,1,0,34,1,1.9755999674089253,506.17534748774983
http,onnx-fp32,1,1,0,35,1,4.2760000214912,233.863422585125
http,onnx-fp32,1,1,0,36,1,2.101800055243075,475.7826499744521
http,onnx-fp32,1,1,0,37,1,1.9656000076793134,508.7505067628945
http,onnx-fp32,1,1,0,38,1,2.9565999866463244,338.22634259506356
http,onnx-fp32,1,1,0,39,1,2.161799988243729,462.577484243772
http,onnx-fp32,1,1,0,40,1,2.040299994405359,490.1240027163005
http,onnx-fp32,1,1,0,41,1,1.8315999768674374,545.970742864
http,onnx-fp32,1,1,0,42,1,1.8476999830454588,541.2134054099827
http,onnx-fp32,1,1,0,43,1,2.1779999951831996,459.1368237885998
http,onnx-fp32,1,1,0,44,1,1.8283000099472702,546.9561858334404
http,onnx-fp32,1,1,0,45,1,2.343699976336211,426.6757733911189
http,onnx-fp32,1,1,0,46,1,2.0064999698661268,498.38027162627856
http,onnx-fp32,1,1,0,47,1,2.0428000134415925,489.52417927355367
http,onnx-fp32,1,1,0,48,1,2.0661000162363052,484.0036746244464
http,onnx-fp32,1,1,0,49,1,1.7826000112108886,560.9783427078056
http,onnx-fp32,1,1,0,50,1,1.8854999798350036,530.3633045318346
http,onnx-fp32,1,1,0,51,1,1.9812000100500882,504.7445966723563
http,onnx-fp32,1,1,0,52,1,1.6069000121206045,622.3162564298655
http,onnx-fp32,1,1,0,53,1,1.4404000248759985,694.2515847888077
http,onnx-fp32,1,1,0,54,1,1.5293000033125281,653.8939369868292
http,onnx-fp32,1,1,0,55,1,1.4170000213198364,705.716291428542
http,onnx-fp32,1,1,0,56,1,1.4240999589674175,702.197899594827
http,onnx-fp32,1,1,0,57,1,2.642099978402257,378.4868128286064
http,onnx-fp32,1,1,0,58,1,1.6974000027403235,589.1363251947542
http,onnx-fp32,1,1,0,59,1,1.4671999961137772,681.5703398641864
http,onnx-fp32,1,1,0,60,1,1.425200025551021,701.6558953634405
http,onnx-fp32,1,1,0,61,1,1.433999976143241,697.3500813364803
http,onnx-fp32,1,1,0,62,1,1.426299975719303,701.1147844237228
http,onnx-fp32,1,1,0,63,1,1.5121999895200133,661.2881939758573
http,onnx-fp32,1,1,0,64,1,1.3867999659851193,721.0845287911769
http,onnx-fp32,1,1,0,65,1,1.3727000332437456,728.4912768865895
http,onnx-fp32,1,1,0,66,1,1.3633000198751688,733.5142561587915
http,onnx-fp32,1,1,0,67,1,1.7867999849840999,559.6597315893187
http,onnx-fp32,1,1,0,68,1,1.7143000150099397,583.3284671552674
http,onnx-fp32,1,1,0,69,1,1.4644000330008566,682.8735164330709
http,onnx-fp32,1,1,1,0,1,1.7983000143431127,556.0807384886122
http,onnx-fp32,1,1,1,1,1,1.8742000102065504,533.5609831150266
http,onnx-fp32,1,1,1,2,1,2.5827999925240874,387.17670856996256
http,onnx-fp32,1,1,1,3,1,1.6485999803990126,606.5752832036119
http,onnx-fp32,1,1,1,4,1,1.6486000386066735,606.5752617870598
http,onnx-fp32,1,1,1,5,1,1.495799981057644,668.538583141928
http,onnx-fp32,1,1,1,6,1,1.3848000089637935,722.125934089408
http,onnx-fp32,1,1,1,7,1,2.1793999476358294,458.84189411162487
http,onnx-fp32,1,1,1,8,1,1.5297000063583255,653.7229494955983
http,onnx-fp32,1,1,1,9,1,1.7873999895527959,559.4718618355806
http,onnx-fp32,1,1,1,10,1,1.8687999690882862,535.1027485771314
http,onnx-fp32,1,1,1,11,1,2.1529000368900597,464.48975004177873
http,onnx-fp32,1,1,1,12,1,1.6767000197432935,596.4096071002028
http,onnx-fp32,1,1,1,13,1,1.350899983663112,740.2472515310803
http,onnx-fp32,1,1,1,14,1,1.3593999901786447,735.6186606037754
http,onnx-fp32,1,1,1,15,1,2.0192000083625317,495.2456397872884
http,onnx-fp32,1,1,1,16,1,1.5631999704055488,639.7134205040734
http,onnx-fp32,1,1,1,17,1,1.601999974809587,624.2197351587721
http,onnx-fp32,1,1,1,18,1,2.1736000198870897,460.0662453306134
http,onnx-fp32,1,1,1,19,1,2.2054999717511237,453.41193054109164
http,onnx-fp32,1,1,1,20,1,1.9329999922774732,517.3305763037243
http,onnx-fp32,1,1,1,21,1,1.496699987910688,668.1365725110653
http,onnx-fp32,1,1,1,22,1,1.3783000176772475,725.5314424832047
http,onnx-fp32,1,1,1,23,1,1.3343000318855047,749.4566260235308
http,onnx-fp32,1,1,1,24,1,1.3672999921254814,731.3683944702509
http,onnx-fp32,1,1,1,25,1,1.3547000125981867,738.1708058613615
http,onnx-fp32,1,1,1,26,1,1.8937999848276377,528.0388678908
http,onnx-fp32,1,1,1,27,1,1.3909999979659915,718.9072620145676
http,onnx-fp32,1,1,1,28,1,1.4380000066012144,695.4102888800053
http,onnx-fp32,1,1,1,29,1,1.3966999831609428,715.9733744227941
http,onnx-fp32,1,1,1,30,1,1.3859999598935246,721.5007423786809
http,onnx-fp32,1,1,1,31,1,1.7387999687343836,575.1092811025685
http,onnx-fp32,1,1,1,32,1,1.400900015141815,713.8268178966139
http,onnx-fp32,1,1,1,33,1,1.3146999990567565,760.6298020213426
http,onnx-fp32,1,1,1,34,1,1.3042999780736864,766.6947916973016
http,onnx-fp32,1,1,1,35,1,1.3656000373885036,732.2788317378371
http,onnx-fp32,1,1,1,36,1,1.3877000310458243,720.6168319001632
http,onnx-fp32,1,1,1,37,1,1.2874000240117311,776.7593454626872
http,onnx-fp32,1,1,1,38,1,1.3072000001557171,764.9938799578315
http,onnx-fp32,1,1,1,39,1,1.333800028078258,749.7375760598852
http,onnx-fp32,1,1,1,40,1,1.3269000337459147,753.6362759573852
http,onnx-fp32,1,1,1,41,1,1.3373999972827733,747.7194571793954
http,onnx-fp32,1,1,1,42,1,1.7378000193275511,575.4402053620382
http,onnx-fp32,1,1,1,43,1,1.9653000053949654,508.8281673306313
http,onnx-fp32,1,1,1,44,1,1.680999994277954,594.8839996454215
http,onnx-fp32,1,1,1,45,1,1.6229000175371766,616.18090405689
http,onnx-fp32,1,1,1,46,1,1.693699974566698,590.423342396183
http,onnx-fp32,1,1,1,47,1,1.6715999809093773,598.2292482774401
http,onnx-fp32,1,1,1,48,1,1.677700027357787,596.0541119945632
http,onnx-fp32,1,1,1,49,1,1.6482999781146646,606.685684206467
http,onnx-fp32,1,1,1,50,1,1.895699999295175,527.5096272468228
http,onnx-fp32,1,1,1,51,1,1.6197999939322472,617.36017023459
http,onnx-fp32,1,1,1,52,1,1.914299966301769,522.3841705079781
http,onnx-fp32,1,1,1,53,1,1.7266999930143356,579.1394011963129
http,onnx-fp32,1,1,1,54,1,1.7338000470772386,576.7677776256579
http,onnx-fp32,1,1,1,55,1,1.602599979378283,623.9860307423332
http,onnx-fp32,1,1,1,56,1,1.5995000139810145,625.195368089487
http,onnx-fp32,1,1,1,57,1,1.5971000539138913,626.1348483142157
http,onnx-fp32,1,1,1,58,1,1.7963999998755753,556.6688933807968
http,onnx-fp32,1,1,1,59,1,2.635899989400059,379.37706438839655
http,onnx-fp32,1,1,1,60,1,2.0877000060863793,478.99602293655624
http,onnx-fp32,1,1,1,61,1,1.9343000021763146,516.9828872847452
http,onnx-fp32,1,1,1,62,1,1.803400053177029,554.5081349189891
http,onnx-fp32,1,1,1,63,1,2.000899985432625,499.7751048430264
http,onnx-fp32,1,1,1,64,1,2.245199983008206,445.3946230037652
http,onnx-fp32,1,1,1,65,1,1.6839000163599849,593.859487074332
http,onnx-fp32,1,1,1,66,1,1.4177999692037702,705.3181137827188
http,onnx-fp32,1,1,1,67,1,1.3190999743528664,758.0926536599982
http,onnx-fp32,1,1,1,68,1,1.3513000449165702,740.0280964704182
http,onnx-fp32,1,1,1,69,1,1.4476000214926898,690.7985528826201
http,onnx-fp32,1,1,2,0,1,2.3310999968089163,428.98202624036617
http,onnx-fp32,1,1,2,1,1,2.0077000372111797,498.08237359454466
http,onnx-fp32,1,1,2,2,1,2.9706000350415707,336.6323261980322
http,onnx-fp32,1,1,2,3,1,2.1146999788470566,472.8803187226607
http,onnx-fp32,1,1,2,4,1,1.7537000239826739,570.2229493781883
http,onnx-fp32,1,1,2,5,1,1.6622000257484615,601.6123117010038
http,onnx-fp32,1,1,2,6,1,1.636899949517101,610.9108869451724
http,onnx-fp32,1,1,2,7,1,1.6638999804854393,600.9976631577651
http,onnx-fp32,1,1,2,8,1,1.6438000020571053,608.346513413169
http,onnx-fp32,1,1,2,9,1,1.6315000248141587,612.9328745268688
http,onnx-fp32,1,1,2,10,1,1.9865999929606915,503.3725981795002
http,onnx-fp32,1,1,2,11,1,1.9969000131823123,500.7761998090098
http,onnx-fp32,1,1,2,12,1,1.6864999779500067,592.9439745475307
http,onnx-fp32,1,1,2,13,1,1.5503999893553555,644.9948444696471
http,onnx-fp32,1,1,2,14,1,1.5427999896928668,648.1721588545481
http,onnx-fp32,1,1,2,15,1,1.5915000112727284,628.3380414181062
http,onnx-fp32,1,1,2,16,1,1.8155000288970768,550.8124395941231
http,onnx-fp32,1,1,2,17,1,3.183900029398501,314.0802131871329
http,onnx-fp32,1,1,2,18,1,1.6888999962247908,592.1013690776875
http,onnx-fp32,1,1,2,19,1,1.5781000256538391,633.6733944261103
http,onnx-fp32,1,1,2,20,1,1.725599984638393,579.5085818858271
http,onnx-fp32,1,1,2,21,1,1.7105000442825258,584.6243637014654
http,onnx-fp32,1,1,2,22,1,1.5607000095769763,640.7381263943527
http,onnx-fp32,1,1,2,23,1,1.4814999885857105,674.9915678059731
http,onnx-fp32,1,1,2,24,1,1.5548000228591263,643.1695300345424
http,onnx-fp32,1,1,2,25,1,1.6869999817572534,592.7682340330294
http,onnx-fp32,1,1,2,26,1,1.592799962963909,627.8252280588852
http,onnx-fp32,1,1,2,27,1,1.664699986577034,600.708841270676
http,onnx-fp32,1,1,2,28,1,2.023999986704439,494.0711494905895
http,onnx-fp32,1,1,2,29,1,1.8408999894745648,543.21256218021
http,onnx-fp32,1,1,2,30,1,2.2001999896019697,454.50413813560033
http,onnx-fp32,1,1,2,31,1,2.453699999023229,407.5477851400256
http,onnx-fp32,1,1,2,32,1,2.3380000493489206,427.7159875503326
http,onnx-fp32,1,1,2,33,1,2.1802999544888735,458.6524885904653
http,onnx-fp32,1,1,2,34,1,1.9887000089511275,502.8410496801959
http,onnx-fp32,1,1,2,35,1,1.8518000142648816,540.0151162634994
http,onnx-fp32,1,1,2,36,1,1.8322999821975827,545.7621621546066
http,onnx-fp32,1,1,2,37,1,1.8880999996326864,529.6329644587371
http,onnx-fp32,1,1,2,38,1,2.3845999967306852,419.3575448171651
http,onnx-fp32,1,1,2,39,1,2.092399983666837,477.9200954912764
http,onnx-fp32,1,1,2,40,1,1.8382000271230936,544.0104369735361
http,onnx-fp32,1,1,2,41,1,1.8031999934464693,554.5696559640579
http,onnx-fp32,1,1,2,42,1,1.5941999736241996,627.273878148821
http,onnx-fp32,1,1,2,43,1,1.6829000087454915,594.2123684136436
http,onnx-fp32,1,1,2,44,1,1.5720000374130905,636.1323003818859
http,onnx-fp32,1,1,2,45,1,1.8375999643467367,544.188081955856
http,onnx-fp32,1,1,2,46,1,1.5862000291235745,630.4375120661998
http,onnx-fp32,1,1,2,47,1,2.689199987798929,371.8578032638195
http,onnx-fp32,1,1,2,48,1,1.9984000246040523,500.4003140953385
http,onnx-fp32,1,1,2,49,1,1.983499969355762,504.15932213238125
http,onnx-fp32,1,1,2,50,1,2.695699979085475,370.96116324460303
http,onnx-fp32,1,1,2,51,1,1.9063000218011439,524.5763985540757
http,onnx-fp32,1,1,2,52,1,1.6165999695658684,618.5822212210892
http,onnx-fp32,1,1,2,53,1,1.545800012536347,646.9142139281013
http,onnx-fp32,1,1,2,54,1,1.5617000171914697,640.3278408092613
http,onnx-fp32,1,1,2,55,1,1.6258999821729958,615.0439823878417
http,onnx-fp32,1,1,2,56,1,1.7674999544396996,565.7708773842666
http,onnx-fp32,1,1,2,57,1,1.5842999564483762,631.1936044243555
http,onnx-fp32,1,1,2,58,1,1.7284999485127628,578.5363203860207
http,onnx-fp32,1,1,2,59,1,1.5854999655857682,630.7158761940096
http,onnx-fp32,1,1,2,60,1,1.5722000389359891,636.0513772005537
http,onnx-fp32,1,1,2,61,1,1.6761000151745975,596.623107777868
http,onnx-fp32,1,1,2,62,1,1.734499994199723,576.535026430708
http,onnx-fp32,1,1,2,63,1,1.734499994199723,576.535026430708
http,onnx-fp32,1,1,2,64,1,1.7517000087536871,570.8740052536094
http,onnx-fp32,1,1,2,65,1,1.7890999442897737,558.9402666920176
http,onnx-fp32,1,1,2,66,1,1.7736000008881092,563.8249884411715
http,onnx-fp32,1,1,2,67,1,1.62980001186952,613.5722129814654
http,onnx-fp32,1,1,2,68,1,1.5258000348694623,655.3938767510604
http,onnx-fp32,1,1,2,69,1,1.5255999751389027,655.4798219034791
http,onnx-fp32,1,4,0,0,1,4.04769997112453,247.053884214195
http,onnx-fp32,1,4,0,1,1,6.905999965965748,144.80162249177744
http,onnx-fp32,1,4,0,2,1,7.955399982165545,125.7007821406598
http,onnx-fp32,1,4,0,3,1,6.237800000235438,160.3129308349508
http,onnx-fp32,1,4,0,4,1,10.307400021702051,97.01767641641126
http,onnx-fp32,1,4,0,5,1,4.642100015189499,215.41974466898216
http,onnx-fp32,1,4,0,6,1,5.089700047392398,196.47523246725103
http,onnx-fp32,1,4,0,7,1,5.97369996830821,167.4004394772452
http,onnx-fp32,1,4,0,8,1,6.083400046918541,164.3817589320853
http,onnx-fp32,1,4,0,9,1,5.859899974893779,170.65137703449057
http,onnx-fp32,1,4,0,10,1,4.536500026006252,220.43425421962556
http,onnx-fp32,1,4,0,11,1,6.885299982968718,145.23695444985282
http,onnx-fp32,1,4,0,12,1,5.005699989851564,199.7722600290421
http,onnx-fp32,1,4,0,13,1,6.315800012089312,158.33306914181293
http,onnx-fp32,1,4,0,14,1,6.66569999884814,150.02175318013173
http,onnx-fp32,1,4,0,15,1,5.357699992600828,186.64725560987645
http,onnx-fp32,1,4,0,16,1,7.1118000196293,140.61137788462796
http,onnx-fp32,1,4,0,17,1,9.48540004901588,105.42517920514602
http,onnx-fp32,1,4,0,18,1,4.718200012575835,211.94523278678557
http,onnx-fp32,1,4,0,19,1,3.5821000346913934,279.16584972930616
http,onnx-fp32,1,4,0,20,1,4.779100010637194,209.24441793940838
http,onnx-fp32,1,4,0,21,1,6.337999948300421,157.77848030247412
http,onnx-fp32,1,4,0,22,1,4.843799979425967,206.44948268869453
http,onnx-fp32,1,4,0,23,1,6.708200031425804,149.07128519056008
http,onnx-fp32,1,4,0,24,1,6.49830000475049,153.88640094624196
http,onnx-fp32,1,4,0,25,1,5.457200051750988,183.24415277375468
http,onnx-fp32,1,4,0,26,1,4.408299981150776,226.84481643169673
http,onnx-fp32,1,4,0,27,1,4.388700006529689,227.8579074696741
http,onnx-fp32,1,4,0,28,1,5.759700026828796,173.6201530187302
http,onnx-fp32,1,4,0,29,1,5.615500034764409,178.07853153044343
http,onnx-fp32,1,4,0,30,1,5.251900001894683,190.4072811057405
http,onnx-fp32,1,4,0,31,1,4.641400009859353,215.45223378200117
http,onnx-fp32,1,4,0,32,1,5.726900009904057,174.6145381044907
http,onnx-fp32,1,4,0,33,1,5.342399992514402,187.18179121764894
http,onnx-fp32,1,4,0,34,1,6.172199966385961,162.01678582126934
http,onnx-fp32,1,4,0,35,1,5.83159999223426,171.4795255730272
http,onnx-fp32,1,4,0,36,1,5.598700023256242,178.61289153663088
http,onnx-fp32,1,4,0,37,1,5.69229997927323,175.67591371522835
http,onnx-fp32,1,4,0,38,1,5.530400027055293,180.81874640313464
http,onnx-fp32,1,4,0,39,1,6.0628000064753,164.9402914382731
http,onnx-fp32,1,4,0,40,1,7.662600022740662,130.50400608569578
http,onnx-fp32,1,4,0,41,1,6.257500033825636,159.80822925998962
http,onnx-fp32,1,4,0,42,1,4.9165000091306865,203.3967249349839
http,onnx-fp32,1,4,0,43,1,4.786000004969537,208.94274946963043
http,onnx-fp32,1,4,0,44,1,5.039299954660237,198.44026134527306
http,onnx-fp32,1,4,0,45,1,6.560599955264479,152.4250841110288
http,onnx-fp32,1,4,0,46,1,3.2395999878644943,308.680085117295
http,onnx-fp32,1,4,0,47,1,4.33080003131181,230.90421925971435
http,onnx-fp32,1,4,0,48,1,5.459100008010864,183.18037744913389
http,onnx-fp32,1,4,0,49,1,5.505400011315942,181.63984414294586
http,onnx-fp32,1,4,0,50,1,5.156200029887259,193.94127345790056
http,onnx-fp32,1,4,0,51,1,5.954100051894784,167.95149414423565
http,onnx-fp32,1,4,0,52,1,5.9083999949507415,169.25055867148293
http,onnx-fp32,1,4,0,53,1,6.096499972045422,164.02854171825618
http,onnx-fp32,1,4,0,54,1,8.33250000141561,120.01200117973114
http,onnx-fp32,1,4,0,55,1,3.8314000121317804,261.00119977908616
http,onnx-fp32,1,4,0,56,1,7.123399991542101,140.3824018288093
http,onnx-fp32,1,4,0,57,1,6.253400002606213,159.9130072573692
http,onnx-fp32,1,4,0,58,1,5.960799986496568,167.7627167939492
http,onnx-fp32,1,4,0,59,1,2.230799989774823,448.2696810936152
http,onnx-fp32,1,4,0,60,1,6.230300001334399,160.5059146085776
http,onnx-fp32,1,4,0,61,1,4.886699956841767,204.6370779527646
http,onnx-fp32,1,4,0,62,1,6.678599980659783,149.73198018983754
http,onnx-fp32,1,4,0,63,1,7.021599973086268,142.4176831253548
http,onnx-fp32,1,4,0,64,1,7.098000030964613,140.8847556547701
http,onnx-fp32,1,4,0,65,1,7.051899970974773,141.80575506118126
http,onnx-fp32,1,4,0,66,1,7.058099959976971,141.68118979194264
http,onnx-fp32,1,4,0,67,1,6.549599987920374,152.68108004219042
http,onnx-fp32,1,4,0,68,1,4.0889999945648015,244.55857210301403
http,onnx-fp32,1,4,0,69,1,2.9810999985784292,335.4466473707226
http,onnx-fp32,1,4,1,0,1,6.2185999704524875,160.80789964806763
http,onnx-fp32,1,4,1,1,1,8.994599978905171,111.17781806253497
http,onnx-fp32,1,4,1,2,1,10.675900033675134,93.66891754753104
http,onnx-fp32,1,4,1,3,1,13.302199949976057,75.175535156634
http,onnx-fp32,1,4,1,4,1,17.677799973171204,56.568125078779865
http,onnx-fp32,1,4,1,5,1,11.467400006949902,87.2037252902962
http,onnx-fp32,1,4,1,6,1,11.609099979978055,86.13932188754312
http,onnx-fp32,1,4,1,7,1,5.303999991156161,188.53695355720032
http,onnx-fp32,1,4,1,8,1,7.658099988475442,130.58069253533967
http,onnx-fp32,1,4,1,9,1,9.055100032128394,110.43500308686825
http,onnx-fp32,1,4,1,10,1,11.292300012428313,88.55591853735726
http,onnx-fp32,1,4,1,11,1,12.49450002796948,80.03521531565542
http,onnx-fp32,1,4,1,12,1,9.112700005061924,109.7369604447112
http,onnx-fp32,1,4,1,13,1,8.581199974287301,116.5338184631985
http,onnx-fp32,1,4,1,14,1,11.60850003361702,86.14377370927365
http,onnx-fp32,1,4,1,15,1,10.40239998837933,96.1316620315614
http,onnx-fp32,1,4,1,16,1,10.691499977838248,93.53224543542426
http,onnx-fp32,1,4,1,17,1,11.638999974820763,85.91803438124843
http,onnx-fp32,1,4,1,18,1,6.082200037781149,164.41419121177253
http,onnx-fp32,1,4,1,19,1,11.544799956027418,86.61908424648887
http,onnx-fp32,1,4,1,20,1,10.513999965041876,95.1112805140681
http,onnx-fp32,1,4,1,21,1,17.072999966330826,58.57201440707968
http,onnx-fp32,1,4,1,22,1,10.33419999293983,96.76607774991629
http,onnx-fp32,1,4,1,23,1,9.81419999152422,101.89317528312284
http,onnx-fp32,1,4,1,24,1,8.901899971533567,112.33556917037856
http,onnx-fp32,1,4,1,25,1,8.002799993846565,124.95626540322264
http,onnx-fp32,1,4,1,26,1,10.220100055448711,97.84640018928809
http,onnx-fp32,1,4,1,27,1,7.100099988747388,140.84308694030403
http,onnx-fp32,1,4,1,28,1,10.530599975027144,94.96135095544946
http,onnx-fp32,1,4,1,29,1,8.636699989438057,115.78496430614867
http,onnx-fp32,1,4,1,30,1,11.635600007139146,85.94313996583239
http,onnx-fp32,1,4,1,31,1,10.856200009584427,92.11326238620762
http,onnx-fp32,1,4,1,32,1,9.238200029358268,108.24619480224278
http,onnx-fp32,1,4,1,33,1,10.860999987926334,92.07255327425221
http,onnx-fp32,1,4,1,34,1,12.784199963789433,78.22155495318025
http,onnx-fp32,1,4,1,35,1,10.471799992956221,95.49456642340787
http,onnx-fp32,1,4,1,36,1,9.005500003695488,111.04325130083183
http,onnx-fp32,1,4,1,37,1,11.525599984452128,86.76337903007096
http,onnx-fp32,1,4,1,38,1,11.846399982459843,84.4138304869523
http,onnx-fp32,1,4,1,39,1,8.397299970965832,119.0858970690055
http,onnx-fp32,1,4,1,40,1,11.984499986283481,83.44111153110447
http,onnx-fp32,1,4,1,41,1,9.076500020455569,110.1746265351529
http,onnx-fp32,1,4,1,42,1,12.58330000564456,79.47040915748846
http,onnx-fp32,1,4,1,43,1,9.270099981222302,107.87370168882966
http,onnx-fp32,1,4,1,44,1,7.907499966677278,126.46221994487074
http,onnx-fp32,1,4,1,45,1,10.403199994470924,96.1242695066401
http,onnx-fp32,1,4,1,46,1,8.038799976930022,124.39667647781118
http,onnx-fp32,1,4,1,47,1,6.705300009343773,149.1357580729437
http,onnx-fp32,1,4,1,48,1,10.203199984971434,98.00846807598859
http,onnx-fp32,1,4,1,49,1,7.550399983301759,132.4433145544038
http,onnx-fp32,1,4,1,50,1,10.45409997459501,95.65624993353288
http,onnx-fp32,1,4,1,51,1,5.781000014394522,172.9804527780711
http,onnx-fp32,1,4,1,52,1,9.324399987235665,107.24550656009154
http,onnx-fp32,1,4,1,53,1,7.375699991825968,135.5803518456876
http,onnx-fp32,1,4,1,54,1,11.078200011979789,90.26737185811919
http,onnx-fp32,1,4,1,55,1,10.263600037433207,97.43170002268396
http,onnx-fp32,1,4,1,56,1,22.831300040706992,43.79952075514987
http,onnx-fp32,1,4,1,57,1,22.29819999774918,44.846669242402605
http,onnx-fp32,1,4,1,58,1,25.164299993775785,39.73883637722262
http,onnx-fp32,1,4,1,59,1,25.420899968594313,39.33771035783264
http,onnx-fp32,1,4,1,60,1,9.521599975414574,105.02436592401159
http,onnx-fp32,1,4,1,61,1,9.90750000346452,100.9336360989466
http,onnx-fp32,1,4,1,62,1,14.728100039064884,67.89742039690083
http,onnx-fp32,1,4,1,63,1,10.316699976101518,96.93022015920644
http,onnx-fp32,1,4,1,64,1,9.728699980769306,102.78865644707896
http,onnx-fp32,1,4,1,65,1,10.150299989618361,98.51925568926941
http,onnx-fp32,1,4,1,66,1,9.661900054197758,103.49931114900478
http,onnx-fp32,1,4,1,67,1,10.949900024570525,91.32503472690125
http,onnx-fp32,1,4,1,68,1,7.725599978584796,129.4397849710028
http,onnx-fp32,1,4,1,69,1,6.138800003100187,162.89828622776193
http,onnx-fp32,1,4,2,0,1,4.372299998067319,228.71257700570143
http,onnx-fp32,1,4,2,1,1,9.710899961646646,102.97706741388707
http,onnx-fp32,1,4,2,2,1,17.246799950953573,57.981770696233426
http,onnx-fp32,1,4,2,3,1,17.778299981728196,56.248347762595905
http,onnx-fp32,1,4,2,4,1,16.82820002315566,59.42406190941376
http,onnx-fp32,1,4,2,5,1,16.30369998747483,61.33577045506486
http,onnx-fp32,1,4,2,6,1,9.575899981427938,104.42882673581164
http,onnx-fp32,1,4,2,7,1,8.461699995677918,118.1795620869071
http,onnx-fp32,1,4,2,8,1,9.602100006304681,104.14388512340071
http,onnx-fp32,1,4,2,9,1,5.081100040115416,196.80777628957787
http,onnx-fp32,1,4,2,10,1,6.871500052511692,145.52863164637202
http,onnx-fp32,1,4,2,11,1,10.42310002958402,95.94074672234623
http,onnx-fp32,1,4,2,12,1,9.205499954987317,108.63071043286728
http,onnx-fp32,1,4,2,13,1,5.459400010295212,183.1703114104522
http,onnx-fp32,1,4,2,14,1,8.356100006494671,119.67305312559243
http,onnx-fp32,1,4,2,15,1,9.053200017660856,110.45818031736998
http,onnx-fp32,1,4,2,16,1,6.304899987298995,158.6067982068654
http,onnx-fp32,1,4,2,17,1,9.771799959708005,102.33529177053286
http,onnx-fp32,1,4,2,18,1,5.015000002458692,199.4017945183913
http,onnx-fp32,1,4,2,19,1,7.867200009059161,127.110026292517
http,onnx-fp32,1,4,2,20,1,6.36360002681613,157.14375444497026
http,onnx-fp32,1,4,2,21,1,6.499100010842085,153.86745831449832
http,onnx-fp32,1,4,2,22,1,4.028900002595037,248.20670638533952
http,onnx-fp32,1,4,2,23,1,7.3367999866604805,136.29920426046314
http,onnx-fp32,1,4,2,24,1,9.1416000504978,109.39004052638964
http,onnx-fp32,1,4,2,25,1,9.296200005337596,107.57083533334377
http,onnx-fp32,1,4,2,26,1,8.410399954300374,118.90040966347668
http,onnx-fp32,1,4,2,27,1,7.037300034426153,142.09995241186894
http,onnx-fp32,1,4,2,28,1,4.436899966094643,225.38258866363387
http,onnx-fp32,1,4,2,29,1,6.4138000016100705,155.91381080622529
http,onnx-fp32,1,4,2,30,1,7.6009000185877085,131.56336717422127
http,onnx-fp32,1,4,2,31,1,5.934300017543137,168.51187116319923
http,onnx-fp32,1,4,2,32,1,5.294900038279593,188.86097806766486
http,onnx-fp32,1,4,2,33,1,4.328099952545017,231.04826851606748
http,onnx-fp32,1,4,2,34,1,5.201999971177429,192.2337573127011
http,onnx-fp32,1,4,2,35,1,5.0614000065252185,197.57379355727423
http,onnx-fp32,1,4,2,36,1,4.3539999751374125,229.67386442588116
http,onnx-fp32,1,4,2,37,1,5.69530000211671,175.58337570072533
http,onnx-fp32,1,4,2,38,1,7.192099990788847,139.04144843379987
http,onnx-fp32,1,4,2,39,1,4.56339999800548,219.1348556859072
http,onnx-fp32,1,4,2,40,1,5.058599985204637,197.6831540198462
http,onnx-fp32,1,4,2,41,1,5.623999983072281,177.8093888708939
http,onnx-fp32,1,4,2,42,1,5.557099997531623,179.94997398718476
http,onnx-fp32,1,4,2,43,1,4.299800028093159,232.5689551761485
http,onnx-fp32,1,4,2,44,1,3.8482999661937356,259.85500319224775
http,onnx-fp32,1,4,2,45,1,4.66849998338148,214.2015644339109
http,onnx-fp32,1,4,2,46,1,4.317600047215819,231.6101512563315
http,onnx-fp32,1,4,2,47,1,5.950899969320744,168.0418096683523
http,onnx-fp32,1,4,2,48,1,4.924599954392761,203.06217951937322
http,onnx-fp32,1,4,2,49,1,5.347500031348318,187.00327146101208
http,onnx-fp32,1,4,2,50,1,3.4776999964378774,287.5463671461815
http,onnx-fp32,1,4,2,51,1,5.88339997921139,169.9697459858984
http,onnx-fp32,1,4,2,52,1,5.563200043980032,179.7526589183334
http,onnx-fp32,1,4,2,53,1,5.378200032282621,185.9358138405981
http,onnx-fp32,1,4,2,54,1,6.592100020498037,151.69672742988044
http,onnx-fp32,1,4,2,55,1,5.260500009171665,190.09599814780026
http,onnx-fp32,1,4,2,56,1,6.826099997851998,146.4965354030376
http,onnx-fp32,1,4,2,57,1,3.2810000120662153,304.78512536494884
http,onnx-fp32,1,4,2,58,1,6.72649999614805,148.66572520220814
http,onnx-fp32,1,4,2,59,1,5.654499982483685,176.85029677208692
http,onnx-fp32,1,4,2,60,1,5.198099999688566,192.37798427500684
http,onnx-fp32,1,4,2,61,1,8.135700016282499,122.91505316059292
http,onnx-fp32,1,4,2,62,1,5.1071000052616,195.80583872838753
http,onnx-fp32,1,4,2,63,1,5.249999987427145,190.4761909323485
http,onnx-fp32,1,4,2,64,1,5.371099978219718,186.18160228911916
http,onnx-fp32,1,4,2,65,1,8.368699986021966,119.49287244975629
http,onnx-fp32,1,4,2,66,1,6.413399998564273,155.92353513329337
http,onnx-fp32,1,4,2,67,1,8.30290000885725,120.43984619027498
http,onnx-fp32,1,4,2,68,1,6.059100036509335,165.04101169719306
http,onnx-fp32,1,4,2,69,1,7.052699977066368,141.7896696657666
http,onnx-fp32,8,1,0,0,8,2.285199996549636,3500.7876825131243
http,onnx-fp32,8,1,0,1,8,2.1369000314734876,3743.740877987467
http,onnx-fp32,8,1,0,2,8,2.5138999917544425,3182.306386984323
http,onnx-fp32,8,1,0,3,8,2.622900006826967,3050.0590869561734
http,onnx-fp32,8,1,0,4,8,3.0180999892763793,2650.674274684346
http,onnx-fp32,8,1,0,5,8,2.5717999669723213,3110.661833244397
http,onnx-fp32,8,1,0,6,8,2.9115000506863,2747.724492779671
http,onnx-fp32,8,1,0,7,8,2.346100052818656,3409.9142491338444
http,onnx-fp32,8,1,0,8,8,2.6140999980270863,3060.326692183834
http,onnx-fp32,8,1,0,9,8,3.3026000019162893,2422.33391732517
http,onnx-fp32,8,1,0,10,8,2.985699975397438,2679.438679680161
http,onnx-fp32,8,1,0,11,8,2.3884999682195485,3349.3825021749585
http,onnx-fp32,8,1,0,12,8,3.272100002504885,2444.9130509079105
http,onnx-fp32,8,1,0,13,8,2.952000009827316,2710.0270912492238
http,onnx-fp32,8,1,0,14,8,3.45509999897331,2315.417788885189
http,onnx-fp32,8,1,0,15,8,5.383400013670325,1486.0497045891475
http,onnx-fp32,8,1,0,16,8,3.069499973207712,2606.2876917505814
http,onnx-fp32,8,1,0,17,8,2.590999996755272,3087.610964885549
http,onnx-fp32,8,1,0,18,8,2.938399964477867,2722.5701390932136
http,onnx-fp32,8,1,0,19,8,2.909500035457313,2749.613302115862
http,onnx-fp32,8,1,0,20,8,3.92920000012964,2036.0378702372107
http,onnx-fp32,8,1,0,21,8,2.809799974784255,2847.1777606212927
http,onnx-fp32,8,1,0,22,8,2.4121999740600586,3316.4746231776626
http,onnx-fp32,8,1,0,23,8,2.7580000460147858,2900.6525984507225
http,onnx-fp32,8,1,0,24,8,2.752400003373623,2906.554276338607
http,onnx-fp32,8,1,0,25,8,2.44749995181337,3268.6415352420104
http,onnx-fp32,8,1,0,26,8,2.122200035955757,3769.672917000545
http,onnx-fp32,8,1,0,27,8,2.435399976093322,3284.881365907285
http,onnx-fp32,8,1,0,28,8,2.338999998755753,3420.2650723624
http,onnx-fp32,8,1,0,29,8,2.751799998804927,2907.188023647904
http,onnx-fp32,8,1,0,30,8,2.4838000535964966,3220.8711761706213
http,onnx-fp32,8,1,0,31,8,2.4916999973356724,3210.6593926051487
http,onnx-fp32,8,1,0,32,8,2.9351000557653606,2725.6311021785286
http,onnx-fp32,8,1,0,33,8,2.4476999533362687,3268.3744545959667
http,onnx-fp32,8,1,0,34,8,2.7623000205494463,2896.13725536183
http,onnx-fp32,8,1,0,35,8,2.142600016668439,3733.78135805269
http,onnx-fp32,8,1,0,36,8,2.523500006645918,3170.20011053343
http,onnx-fp32,8,1,0,37,8,2.8286000015214086,2828.2542585367564
http,onnx-fp32,8,1,0,38,8,2.958900004159659,2703.707455052046
http,onnx-fp32,8,1,0,39,8,2.7620000182650983,2896.4518273338244
http,onnx-fp32,8,1,0,40,8,3.5161999985575676,2275.183437597918
http,onnx-fp32,8,1,0,41,8,3.231900045648217,2475.3240777888764
http,onnx-fp32,8,1,0,42,8,3.424599999561906,2336.039245758163
http,onnx-fp32,8,1,0,43,8,2.8202999965287745,2836.5776725335604
http,onnx-fp32,8,1,0,44,8,2.8941999771632254,2764.1490094410365
http,onnx-fp32,8,1,0,45,8,4.043599998112768,1978.4350587926021
http,onnx-fp32,8,1,0,46,8,2.1788000012747943,3671.7459130343673
http,onnx-fp32,8,1,0,47,8,2.963599981740117,2699.419641412838
http,onnx-fp32,8,1,0,48,8,3.1485999934375286,2540.811794662391
http,onnx-fp32,8,1,0,49,8,4.183600016403943,1912.2286950549549
http,onnx-fp32,8,1,0,50,8,3.675999992992729,2176.2785678046175
http,onnx-fp32,8,1,0,51,8,4.163700039498508,1921.3679957991285
http,onnx-fp32,8,1,0,52,8,2.294900012202561,3485.990656439055
http,onnx-fp32,8,1,0,53,8,2.4500000290572643,3265.3060837220974
http,onnx-fp32,8,1,0,54,8,2.92459997581318,2735.4168317585427
http,onnx-fp32,8,1,0,55,8,2.2025000071153045,3632.2360836120474
http,onnx-fp32,8,1,0,56,8,2.658399986103177,3009.3289353822265
http,onnx-fp32,8,1,0,57,8,2.5178000214509666,3177.37704815402
http,onnx-fp32,8,1,0,58,8,2.1643999498337507,3696.174545104054
http,onnx-fp32,8,1,0,59,8,2.075500029604882,3854.492838298335
http,onnx-fp32,8,1,0,60,8,2.7325000264681876,2927.721838063498
http,onnx-fp32,8,1,0,61,8,2.5074000004678965,3190.555953779672
http,onnx-fp32,8,1,0,62,8,2.814300009049475,2842.6251551987116
http,onnx-fp32,8,1,0,63,8,2.5328000192530453,3158.55967276852
http,onnx-fp32,8,1,0,64,8,2.2182000102475286,3606.5277986845203
http,onnx-fp32,8,1,0,65,8,2.7469000197015703,2912.37392792663
http,onnx-fp32,8,1,0,66,8,2.382499980740249,3357.8174458219214
http,onnx-fp32,8,1,0,67,8,2.634500036947429,3036.6292988439377
http,onnx-fp32,8,1,0,68,8,2.9101999825797975,2748.951978519449
http,onnx-fp32,8,1,0,69,8,2.925099979620427,2734.9492515596385
http,onnx-fp32,8,1,1,0,8,3.1898999586701393,2507.9156411335166
http,onnx-fp32,8,1,1,1,8,3.19429999217391,2504.461077419196
http,onnx-fp32,8,1,1,2,8,2.8556999750435352,2801.414738912844
http,onnx-fp32,8,1,1,3,8,2.9846999677829444,2680.336411147702
http,onnx-fp32,8,1,1,4,8,3.2038000063039362,2497.034766295915
http,onnx-fp32,8,1,1,5,8,2.8093999717384577,2847.5831424777857
http,onnx-fp32,8,1,1,6,8,2.210100006777793,3619.745701762867
http,onnx-fp32,8,1,1,7,8,4.052700009196997,1973.9926423977092
http,onnx-fp32,8,1,1,8,8,2.4612999986857176,3250.3148759890432
http,onnx-fp32,8,1,1,9,8,2.265599963720888,3531.073502870856
http,onnx-fp32,8,1,1,10,8,2.563200017903,3121.0986049168896
http,onnx-fp32,8,1,1,11,8,2.265000017359853,3532.008802951367
http,onnx-fp32,8,1,1,12,8,2.153599984012544,3714.7102801768046
http,onnx-fp32,8,1,1,13,8,2.175500034354627,3677.315501570764
http,onnx-fp32,8,1,1,14,8,2.1241999929770827,3766.1237296154673
http,onnx-fp32,8,1,1,15,8,2.0161999855190516,3967.8603598146915
http,onnx-fp32,8,1,1,16,8,1.999199972487986,4001.6006953241767
http,onnx-fp32,8,1,1,17,8,2.3184000165201724,3450.655599980407
http,onnx-fp32,8,1,1,18,8,2.4468000046908855,3269.5765835633442
http,onnx-fp32,8,1,1,19,8,3.0592000111937523,2615.062751937642
http,onnx-fp32,8,1,1,20,8,2.8722999850288033,2785.224399156823
http,onnx-fp32,8,1,1,21,8,2.7384000131860375,2921.4139502914572
http,onnx-fp32,8,1,1,22,8,2.8229000163264573,2833.9650549900425
http,onnx-fp32,8,1,1,23,8,3.028100007213652,2641.920670038012
http,onnx-fp32,8,1,1,24,8,2.973900001961738,2690.070276311506
http,onnx-fp32,8,1,1,25,8,2.9149999609217048,2744.4254227264037
http,onnx-fp32,8,1,1,26,8,2.9577999957837164,2704.712966192385
http,onnx-fp32,8,1,1,27,8,3.1578000052832067,2533.4093313748417
http,onnx-fp32,8,1,1,28,8,2.987499989103526,2677.8242775494036
http,onnx-fp32,8,1,1,29,8,5.084099946543574,1573.5331885909916
http,onnx-fp32,8,1,1,30,8,5.317899980582297,1504.3532276295314
http,onnx-fp32,8,1,1,31,8,4.57819999428466,1747.4116486800604
http,onnx-fp32,8,1,1,32,8,5.480099993292242,1459.827377199717
http,onnx-fp32,8,1,1,33,8,4.653199983295053,1719.246975999297
http,onnx-fp32,8,1,1,34,8,3.496200020890683,2288.19860196727
http,onnx-fp32,8,1,1,35,8,5.949300015345216,1344.69601118877
http,onnx-fp32,8,1,1,36,8,5.598999967332929,1428.8265845107303
http,onnx-fp32,8,1,1,37,8,3.921199997421354,2040.1917793687983
http,onnx-fp32,8,1,1,38,8,3.562400001101196,2245.6770709429234
http,onnx-fp32,8,1,1,39,8,4.406699968967587,1815.4174453302435
http,onnx-fp32,8,1,1,40,8,4.511700011789799,1773.1675375345683
http,onnx-fp32,8,1,1,41,8,4.682999977376312,1708.3066492949383
http,onnx-fp32,8,1,1,42,8,3.052899963222444,2620.459267049064
http,onnx-fp32,8,1,1,43,8,3.403100010473281,2350.7977947693084
http,onnx-fp32,8,1,1,44,8,4.163899982813746,1921.2757350127365
http,onnx-fp32,8,1,1,45,8,3.514599986374378,2276.2192087335407
http,onnx-fp32,8,1,1,46,8,3.4425000194460154,2323.892506843733
http,onnx-fp32,8,1,1,47,8,3.4890000242739916,2292.920591671443
http,onnx-fp32,8,1,1,48,8,2.9283000039868057,2731.960519450946
http,onnx-fp32,8,1,1,49,8,2.7803999837487936,2877.2838608687002
http,onnx-fp32,8,1,1,50,8,2.695299976039678,2968.1297336538955
http,onnx-fp32,8,1,1,51,8,2.6806999812833965,2984.2951676263174
http,onnx-fp32,8,1,1,52,8,2.397200034465641,3337.226716577817
http,onnx-fp32,8,1,1,53,8,3.9019000250846148,2050.2831821854575
http,onnx-fp32,8,1,1,54,8,3.5619999980553985,2245.929254454643
http,onnx-fp32,8,1,1,55,8,3.451799973845482,2317.6313982897423
http,onnx-fp32,8,1,1,56,8,3.3457999816164374,2391.057458292831
http,onnx-fp32,8,1,1,57,8,3.5862000077031553,2230.773515926609
http,onnx-fp32,8,1,1,58,8,2.642699982970953,3027.2070426270298
http,onnx-fp32,8,1,1,59,8,2.6114999782294035,3063.373565648658
http,onnx-fp32,8,1,1,60,8,2.4575000279583037,3255.340756454199
http,onnx-fp32,8,1,1,61,8,2.4151999969035387,3312.3550887117335
http,onnx-fp32,8,1,1,62,8,2.477700007148087,3228.8008947492635
http,onnx-fp32,8,1,1,63,8,2.484800003003329,3219.575012206438
http,onnx-fp32,8,1,1,64,8,2.6622999575920403,3004.92060527835
http,onnx-fp32,8,1,1,65,8,2.564300026278943,3119.7597465257622
http,onnx-fp32,8,1,1,66,8,2.4589000386185944,3253.487280635607
http,onnx-fp32,8,1,1,67,8,2.428899984806776,3293.672053209888
http,onnx-fp32,8,1,1,68,8,2.351699979044497,3401.7944768832394
http,onnx-fp32,8,1,1,69,8,2.26679997285828,3529.204206718137
http,onnx-fp32,8,1,2,0,8,7.241199957206845,1104.7892679773267
http,onnx-fp32,8,1,2,1,8,3.856100025586784,2074.6349801397173
http,onnx-fp32,8,1,2,2,8,3.708600008394569,2157.148245130688
http,onnx-fp32,8,1,2,3,8,2.821900008711964,2834.969338141624
http,onnx-fp32,8,1,2,4,8,3.873499983455986,2065.315614862169
http,onnx-fp32,8,1,2,5,8,4.118699987884611,1942.360459254729
http,onnx-fp32,8,1,2,6,8,3.011499997228384,2656.4834824382374
http,onnx-fp32,8,1,2,7,8,4.063699976541102,1968.649271890726
http,onnx-fp32,8,1,2,8,8,3.7739999825134873,2119.7668354709404
http,onnx-fp32,8,1,2,9,8,3.5531999892555177,2251.4916200020016
http,onnx-fp32,8,1,2,10,8,2.8928000247105956,2765.4867020406446
http,onnx-fp32,8,1,2,11,8,2.707699954044074,2954.537111119581
http,onnx-fp32,8,1,2,12,8,4.364399996120483,1833.0125577653753
http,onnx-fp32,8,1,2,13,8,4.104499996174127,1949.0802795607099
http,onnx-fp32,8,1,2,14,8,3.2782000489532948,2440.363577736612
http,onnx-fp32,8,1,2,15,8,3.1169999856501818,2566.570432091697
http,onnx-fp32,8,1,2,16,8,3.188100003171712,2509.331574304797
http,onnx-fp32,8,1,2,17,8,3.8420999771915376,2082.1946455041925
http,onnx-fp32,8,1,2,18,8,3.2330999965779483,2474.4053720786683
http,onnx-fp32,8,1,2,19,8,3.00620001507923,2661.166908346634
http,onnx-fp32,8,1,2,20,8,2.770699968095869,2887.357018846724
http,onnx-fp32,8,1,2,21,8,3.9396999636664987,2030.6114866053824
http,onnx-fp32,8,1,2,22,8,4.270699981134385,1873.2292212844784
http,onnx-fp32,8,1,2,23,8,3.130699973553419,2555.3390831379506
http,onnx-fp32,8,1,2,24,8,2.9725999920628965,2691.2467272289255
http,onnx-fp32,8,1,2,25,8,3.286799998022616,2433.97833905711
http,onnx-fp32,8,1,2,26,8,3.8447999977506697,2080.7324190283643
http,onnx-fp32,8,1,2,27,8,3.748199960682541,2134.35784747813
http,onnx-fp32,8,1,2,28,8,3.5718000144697726,2239.7670551517667
http,onnx-fp32,8,1,2,29,8,4.1034999885596335,1949.5552631421046
http,onnx-fp32,8,1,2,30,8,3.7962999776937068,2107.3150296358
http,onnx-fp32,8,1,2,31,8,4.087599983904511,1957.1386709807966
http,onnx-fp32,8,1,2,32,8,3.9189999806694686,2041.3370858535675
http,onnx-fp32,8,1,2,33,8,3.5945999552495778,2225.560590773598
http,onnx-fp32,8,1,2,34,8,4.468900035135448,1790.1496871942288
http,onnx-fp32,8,1,2,35,8,4.443800018634647,1800.261030301267
http,onnx-fp32,8,1,2,36,8,4.028800001833588,1985.702937936616
http,onnx-fp32,8,1,2,37,8,3.396800020709634,2355.157781213361
http,onnx-fp32,8,1,2,38,8,3.4508000244386494,2318.3029857841098
http,onnx-fp32,8,1,2,39,8,3.118900000117719,2565.006893359213
http,onnx-fp32,8,1,2,40,8,4.490400024224073,1781.5784689210122
http,onnx-fp32,8,1,2,41,8,3.3116000122390687,2415.7506856001514
http,onnx-fp32,8,1,2,42,8,3.3162000472657382,2412.39970025214
http,onnx-fp32,8,1,2,43,8,3.896299982443452,2053.229996675726
http,onnx-fp32,8,1,2,44,8,4.16909996420145,1918.8793909220453
http,onnx-fp32,8,1,2,45,8,3.911100036930293,2045.4603371073486
http,onnx-fp32,8,1,2,46,8,4.245799966156483,1884.2150039494236
http,onnx-fp32,8,1,2,47,8,4.324600042309612,1849.8820519197632
http,onnx-fp32,8,1,2,48,8,4.364399996120483,1833.0125577653753
http,onnx-fp32,8,1,2,49,8,4.171099979430437,1917.9593007723586
http,onnx-fp32,8,1,2,50,8,3.9643000345677137,2018.0107283106684
http,onnx-fp32,8,1,2,51,8,4.019299987703562,1990.3963437600542
http,onnx-fp32,8,1,2,52,8,5.019200034439564,1593.8794917730884
http,onnx-fp32,8,1,2,53,8,4.501399991568178,1777.224866704857
http,onnx-fp32,8,1,2,54,8,4.261599970050156,1877.2292228793697
http,onnx-fp32,8,1,2,55,8,4.996199975721538,1601.216932643826
http,onnx-fp32,8,1,2,56,8,3.9920000126585364,2004.0080096774027
http,onnx-fp32,8,1,2,57,8,2.959700010251254,2702.9766436770956
http,onnx-fp32,8,1,2,58,8,3.1337999971583486,2552.811285740698
http,onnx-fp32,8,1,2,59,8,2.855599974282086,2801.5128421519353
http,onnx-fp32,8,1,2,60,8,3.2851999858394265,2435.1637752597453
http,onnx-fp32,8,1,2,61,8,3.057900001294911,2616.1744977312164
http,onnx-fp32,8,1,2,62,8,3.1076999730430543,2574.251076163705
http,onnx-fp32,8,1,2,63,8,3.2615999807603657,2452.7839242061154
http,onnx-fp32,8,1,2,64,8,3.0851999763399363,2593.0247832721157
http,onnx-fp32,8,1,2,65,8,3.0761000234633684,2600.695666258873
http,onnx-fp32,8,1,2,66,8,3.6194000276736915,2210.3110843876148
http,onnx-fp32,8,1,2,67,8,3.2505999552085996,2461.084141461701
http,onnx-fp32,8,1,2,68,8,4.551999969407916,1757.4692560994392
http,onnx-fp32,8,1,2,69,8,4.758399969432503,1681.2374015196744
http,onnx-fp32,8,4,0,0,8,9.72979998914525,822.2162849107847
http,onnx-fp32,8,4,0,1,8,12.275599990971386,651.6993064195592
http,onnx-fp32,8,4,0,2,8,16.24569995328784,492.43800039412537
http,onnx-fp32,8,4,0,3,8,21.101199963595718,379.1253584536323
http,onnx-fp32,8,4,0,4,8,17.489699996076524,457.4120769249698
http,onnx-fp32,8,4,0,5,8,26.39320003800094,303.10837596356623
http,onnx-fp32,8,4,0,6,8,11.977399990428239,667.9245918474138
http,onnx-fp32,8,4,0,7,8,17.52709998982027,456.43603360775
http,onnx-fp32,8,4,0,8,8,16.61470002727583,481.50132032878423
http,onnx-fp32,8,4,0,9,8,14.840500021819025,539.065394578223
http,onnx-fp32,8,4,0,10,8,12.540500028990209,637.9330952917496
http,onnx-fp32,8,4,0,11,8,12.840299983508885,623.0384033297196
http,onnx-fp32,8,4,0,12,8,16.73010003287345,478.18004580250994
http,onnx-fp32,8,4,0,13,8,17.451299994718283,458.4185706750349
http,onnx-fp32,8,4,0,14,8,8.383899985346943,954.2098562700046
http,onnx-fp32,8,4,0,15,8,12.727299996186048,628.5700818239011
http,onnx-fp32,8,4,0,16,8,13.506200048141181,592.3205617779233
http,onnx-fp32,8,4,0,17,8,16.237799951341003,492.6775809514341
http,onnx-fp32,8,4,0,18,8,13.06339999428019,612.3979977266869
http,onnx-fp32,8,4,0,19,8,16.64600003277883,480.5959380179399
http,onnx-fp32,8,4,0,20,8,13.21740000275895,605.2627595692126
http,onnx-fp32,8,4,0,21,8,10.216099966783077,783.0776936415493
http,onnx-fp32,8,4,0,22,8,17.620099999476224,454.0269351614241
http,onnx-fp32,8,4,0,23,8,17.25019997684285,463.7627396053045
http,onnx-fp32,8,4,0,24,8,15.720599971245974,508.8864302019346
http,onnx-fp32,8,4,0,25,8,11.693799984641373,684.1232114887541
http,onnx-fp32,8,4,0,26,8,17.240400018636137,464.0263561954677
http,onnx-fp32,8,4,0,27,8,13.337999989744276,599.7900739354687
http,onnx-fp32,8,4,0,28,8,16.490900015924126,485.1160332228654
http,onnx-fp32,8,4,0,29,8,16.733800002839416,478.07431657140324
http,onnx-fp32,8,4,0,30,8,17.54540001275018,455.959966383578
http,onnx-fp32,8,4,0,31,8,17.099999997299165,467.83625738383324
http,onnx-fp32,8,4,0,32,8,17.665599996689707,452.85753110560023
http,onnx-fp32,8,4,0,33,8,15.031499962788075,532.215681722035
http,onnx-fp32,8,4,0,34,8,21.09659998677671,379.20802427947524
http,onnx-fp32,8,4,0,35,8,17.443799995817244,458.61566871428687
http,onnx-fp32,8,4,0,36,8,11.757300002500415,680.4283294887982
http,onnx-fp32,8,4,0,37,8,11.425699980463833,700.1759203968907
http,onnx-fp32,8,4,0,38,8,14.481999969575554,552.4098892975255
http,onnx-fp32,8,4,0,39,8,14.988699986133724,533.7354145056557
http,onnx-fp32,8,4,0,40,8,7.173100020736456,1115.2779100909074
http,onnx-fp32,8,4,0,41,8,17.07280002301559,468.5816028545592
http,onnx-fp32,8,4,0,42,8,17.79969997005537,449.4457779321273
http,onnx-fp32,8,4,0,43,8,28.33280002232641,282.35825593291
http,onnx-fp32,8,4,0,44,8,32.44580002501607,246.56504058558926
http,onnx-fp32,8,4,0,45,8,27.590800018515438,289.95172284353544
http,onnx-fp32,8,4,0,46,8,28.597099997568876,279.7486458654935
http,onnx-fp32,8,4,0,47,8,27.56969997426495,290.1736329182992
http,onnx-fp32,8,4,0,48,8,18.22209998499602,439.0273353009344
http,onnx-fp32,8,4,0,49,8,17.932700051460415,446.11240789411914
http,onnx-fp32,8,4,0,50,8,34.737100009806454,230.30132042518116
http,onnx-fp32,8,4,0,51,8,17.45169999776408,458.4080634565666
http,onnx-fp32,8,4,0,52,8,17.753199965227395,450.6229871611504
http,onnx-fp32,8,4,0,53,8,18.36449996335432,435.6230780017808
http,onnx-fp32,8,4,0,54,8,18.259599979501218,438.12569875468483
http,onnx-fp32,8,4,0,55,8,25.989399990066886,307.81780276026336
http,onnx-fp32,8,4,0,56,8,29.271200008224696,273.30618484217047
http,onnx-fp32,8,4,0,57,8,21.512000006623566,371.8854591640383
http,onnx-fp32,8,4,0,58,8,29.56680004717782,270.57375120861644
http,onnx-fp32,8,4,0,59,8,24.183300032746047,330.8067959776947
http,onnx-fp32,8,4,0,60,8,29.606600000988692,270.2100207295956
http,onnx-fp32,8,4,0,61,8,33.978299994487315,235.4443866025649
http,onnx-fp32,8,4,0,62,8,29.124799999408424,274.67999780813926
http,onnx-fp32,8,4,0,63,8,21.181599993724376,377.6862938762991
http,onnx-fp32,8,4,0,64,8,14.50340001611039,551.5947978483385
http,onnx-fp32,8,4,0,65,8,12.56100001046434,636.8919666694806
http,onnx-fp32,8,4,0,66,8,27.93420001398772,286.3872957161506
http,onnx-fp32,8,4,0,67,8,32.42030000546947,246.75897504496746
http,onnx-fp32,8,4,0,68,8,20.204300002660602,395.9553163903981
http,onnx-fp32,8,4,0,69,8,9.207899973262101,868.8191686736823
http,onnx-fp32,8,4,1,0,8,11.489299999084324,696.3000357408707
http,onnx-fp32,8,4,1,1,8,21.9115000218153,365.10508144285524
http,onnx-fp32,8,4,1,2,8,23.044600035063922,347.1529116507753
http,onnx-fp32,8,4,1,3,8,23.416400013957173,341.64090104506494
http,onnx-fp32,8,4,1,4,8,17.120499978773296,467.27607312395844
http,onnx-fp32,8,4,1,5,8,11.881899961736053,673.292994029814
http,onnx-fp32,8,4,1,6,8,10.79799997387454,740.8779421518594
http,onnx-fp32,8,4,1,7,8,10.062400018796325,795.0389554237746
http,onnx-fp32,8,4,1,8,8,10.055000020656735,795.6240659935361
http,onnx-fp32,8,4,1,9,8,12.586100026965141,635.6218354264123
http,onnx-fp32,8,4,1,10,8,14.963000023271888,534.6521411186015
http,onnx-fp32,8,4,1,11,8,14.033599989488721,570.0604268321788
http,onnx-fp32,8,4,1,12,8,14.177400036714971,564.2783570529531
http,onnx-fp32,8,4,1,13,8,11.613500013481826,688.8534886737846
http,onnx-fp32,8,4,1,14,8,12.373399978969246,646.548241679522
http,onnx-fp32,8,4,1,15,8,12.048200005665421,663.9996012880067
http,onnx-fp32,8,4,1,16,8,13.547300011850893,590.5235724463006
http,onnx-fp32,8,4,1,17,8,13.351699977647513,599.1746379407149
http,onnx-fp32,8,4,1,18,8,12.800200027413666,624.9902331890694
http,onnx-fp32,8,4,1,19,8,16.663899994455278,480.0796933888171
http,onnx-fp32,8,4,1,20,8,13.938700023572892,573.9416148184936
http,onnx-fp32,8,4,1,21,8,11.824499990325421,676.5613773559513
http,onnx-fp32,8,4,1,22,8,9.03780001681298,885.1711683283138
http,onnx-fp32,8,4,1,23,8,9.267300018109381,863.2503517062219
http,onnx-fp32,8,4,1,24,8,14.332899998407811,558.156409441822
http,onnx-fp32,8,4,1,25,8,12.249500025063753,653.0878798017197
http,onnx-fp32,8,4,1,26,8,12.017000000923872,665.7235582412379
http,onnx-fp32,8,4,1,27,8,10.305600007995963,776.276975022601
http,onnx-fp32,8,4,1,28,8,12.680599989835173,630.8849744028545
http,onnx-fp32,8,4,1,29,8,10.6851999880746,748.6991360880972
http,onnx-fp32,8,4,1,30,8,11.235999991185963,711.9971525699153
http,onnx-fp32,8,4,1,31,8,11.079899966716766,722.0281793185347
http,onnx-fp32,8,4,1,32,8,11.82930002687499,676.2868455297269
http,onnx-fp32,8,4,1,33,8,9.015099960379303,887.4000327405585
http,onnx-fp32,8,4,1,34,8,11.187299969606102,715.0965846749951
http,onnx-fp32,8,4,1,35,8,11.081799981184304,721.9043849900859
http,onnx-fp32,8,4,1,36,8,13.724500022362918,582.8991939207019
http,onnx-fp32,8,4,1,37,8,13.911599991843104,575.0596627771573
http,onnx-fp32,8,4,1,38,8,11.94640004541725,669.6578023158428
http,onnx-fp32,8,4,1,39,8,13.798400002997369,579.7773653657086
http,onnx-fp32,8,4,1,40,8,15.800900000613183,506.3002740153754
http,onnx-fp32,8,4,1,41,8,10.313699953258038,775.667319803389
http,onnx-fp32,8,4,1,42,8,9.231299976818264,866.6168383748425
http,onnx-fp32,8,4,1,43,8,5.493499978911132,1456.266502359336
http,onnx-fp32,8,4,1,44,8,7.9483999870717525,1006.4918742152101
http,onnx-fp32,8,4,1,45,8,11.782000015955418,679.0018663356171
http,onnx-fp32,8,4,1,46,8,14.031600032467395,570.1416788882939
http,onnx-fp32,8,4,1,47,8,12.149500020314008,658.4633101464234
http,onnx-fp32,8,4,1,48,8,10.477700037881732,763.5263436704906
http,onnx-fp32,8,4,1,49,8,10.703300009481609,747.43303400943
http,onnx-fp32,8,4,1,50,8,11.253699951339513,710.8773145358092
http,onnx-fp32,8,4,1,51,8,14.663700014352798,545.5648978204421
http,onnx-fp32,8,4,1,52,8,8.343999972566962,958.772774005519
http,onnx-fp32,8,4,1,53,8,8.090599963907152,988.8018238064758
http,onnx-fp32,8,4,1,54,8,8.481000026222318,943.2849870610636
http,onnx-fp32,8,4,1,55,8,12.647400028072298,632.5410742321045
http,onnx-fp32,8,4,1,56,8,7.509299961384386,1065.3456435538567
http,onnx-fp32,8,4,1,57,8,10.135999997146428,789.2659828583492
http,onnx-fp32,8,4,1,58,8,14.351400022860616,557.436904222351
http,onnx-fp32,8,4,1,59,8,14.03670001309365,569.9345282393637
http,onnx-fp32,8,4,1,60,8,11.359800002537668,704.2377505073046
http,onnx-fp32,8,4,1,61,8,9.452099970076233,846.3727664039379
http,onnx-fp32,8,4,1,62,8,9.534300013910979,839.0757568282553
http,onnx-fp32,8,4,1,63,8,11.388100043404847,702.4876818353043
http,onnx-fp32,8,4,1,64,8,9.667199978139251,827.5405513582688
http,onnx-fp32,8,4,1,65,8,9.520100022200495,840.327305526656
http,onnx-fp32,8,4,1,66,8,7.85400002496317,1018.5892506458853
http,onnx-fp32,8,4,1,67,8,9.287399996537715,861.3820878806071
http,onnx-fp32,8,4,1,68,8,7.6979000004939735,1039.244469204152
http,onnx-fp32,8,4,1,69,8,6.587900046724826,1214.3475072875763
http,onnx-fp32,8,4,2,0,8,8.190499967895448,976.7413505106945
http,onnx-fp32,8,4,2,1,8,13.285900000482798,602.142120572132
http,onnx-fp32,8,4,2,2,8,11.50169997708872,695.5493549593474
http,onnx-fp32,8,4,2,3,8,7.970199978444725,1003.7389302195514
http,onnx-fp32,8,4,2,4,8,13.98330001393333,572.1110175730041
http,onnx-fp32,8,4,2,5,8,8.059999963734299,992.5558357314806
http,onnx-fp32,8,4,2,6,8,7.519399980083108,1063.914676861169
http,onnx-fp32,8,4,2,7,8,9.638599993195385,829.9960581046837
http,onnx-fp32,8,4,2,8,8,10.520599957089871,760.412907308463
http,onnx-fp32,8,4,2,9,8,8.758699987083673,913.377557376949
http,onnx-fp32,8,4,2,10,8,8.82899999851361,906.1048817925955
http,onnx-fp32,8,4,2,11,8,10.65280003240332,750.9762668656011
http,onnx-fp32,8,4,2,12,8,9.172999998554587,872.1247139715011
http,onnx-fp32,8,4,2,13,8,9.475900034885854,844.2469813471779
http,onnx-fp32,8,4,2,14,8,7.952999963890761,1005.9097241698271
http,onnx-fp32,8,4,2,15,8,7.707899960223585,1037.896189790188
http,onnx-fp32,8,4,2,16,8,7.538900012150407,1061.1627673939754
http,onnx-fp32,8,4,2,17,8,8.439600002020597,947.912223101172
http,onnx-fp32,8,4,2,18,8,8.394200005568564,953.0390024889736
http,onnx-fp32,8,4,2,19,8,7.799800019711256,1025.667322211186
http,onnx-fp32,8,4,2,20,8,9.655199944972992,828.5690659534423
http,onnx-fp32,8,4,2,21,8,6.66280003497377,1200.6963976116829
http,onnx-fp32,8,4,2,22,8,9.52359999064356,840.0184812318432
http,onnx-fp32,8,4,2,23,8,8.201200049370527,975.4669989563332
http,onnx-fp32,8,4,2,24,8,7.874500006437302,1015.9375190120139
http,onnx-fp32,8,4,2,25,8,7.726199983153492,1035.4378630430888
http,onnx-fp32,8,4,2,26,8,10.778900003060699,742.1907613697481
http,onnx-fp32,8,4,2,27,8,10.015600011684,798.7539429157872
http,onnx-fp32,8,4,2,28,8,9.188700001686811,870.634583622428
http,onnx-fp32,8,4,2,29,8,8.574799983762205,932.9663683292108
http,onnx-fp32,8,4,2,30,8,9.118399990256876,877.3469039028887
http,onnx-fp32,8,4,2,31,8,8.643400040455163,925.5616959247809
http,onnx-fp32,8,4,2,32,8,10.583800030872226,755.8721798091937
http,onnx-fp32,8,4,2,33,8,4.766100028064102,1678.5212129191182
http,onnx-fp32,8,4,2,34,8,11.056100018322468,723.5824555441958
http,onnx-fp32,8,4,2,35,8,8.988500048872083,890.0261396787638
http,onnx-fp32,8,4,2,36,8,11.936199967749417,670.230058277786
http,onnx-fp32,8,4,2,37,8,14.023999974597245,570.4506570515557
http,onnx-fp32,8,4,2,38,8,10.28669998049736,777.703249357643
http,onnx-fp32,8,4,2,39,8,11.23220002045855,712.2380286523248
http,onnx-fp32,8,4,2,40,8,10.418000048957765,767.9017049726674
http,onnx-fp32,8,4,2,41,8,10.294499981682748,777.1139942915725
http,onnx-fp32,8,4,2,42,8,7.053300039842725,1134.220854750195
http,onnx-fp32,8,4,2,43,8,8.88229999691248,900.6676201863064
http,onnx-fp32,8,4,2,44,8,8.964199980255216,892.4388141296503
http,onnx-fp32,8,4,2,45,8,10.911699966527522,733.1579886306089
http,onnx-fp32,8,4,2,46,8,9.45700000738725,845.9342279529313
http,onnx-fp32,8,4,2,47,8,11.367300001438707,703.7731034623417
http,onnx-fp32,8,4,2,48,8,8.830700011458248,905.9304460144297
http,onnx-fp32,8,4,2,49,8,11.780700006056577,679.0767947479453
http,onnx-fp32,8,4,2,50,8,13.948599982541054,573.534262220818
http,onnx-fp32,8,4,2,51,8,9.265100001357496,863.455332249826
http,onnx-fp32,8,4,2,52,8,10.11189998826012,791.1470652684433
http,onnx-fp32,8,4,2,53,8,11.03649998549372,724.8674861156283
http,onnx-fp32,8,4,2,54,8,11.075999995227903,722.282412734453
http,onnx-fp32,8,4,2,55,8,7.91459996253252,1010.790190012352
http,onnx-fp32,8,4,2,56,8,11.445099953562021,698.9890898689955
http,onnx-fp32,8,4,2,57,8,11.262000014539808,710.3533998998045
http,onnx-fp32,8,4,2,58,8,11.52239996008575,694.2998010581525
http,onnx-fp32,8,4,2,59,8,11.402899981476367,701.5759160385284
http,onnx-fp32,8,4,2,60,8,10.796800022944808,740.9602829540983
http,onnx-fp32,8,4,2,61,8,14.619700028561056,547.2068499607512
http,onnx-fp32,8,4,2,62,8,13.04839999647811,613.1019896814381
http,onnx-fp32,8,4,2,63,8,11.737699969671667,681.5645331428403
http,onnx-fp32,8,4,2,64,8,10.106900008395314,791.538453270022
http,onnx-fp32,8,4,2,65,8,9.719899971969426,823.0537374942817
http,onnx-fp32,8,4,2,66,8,8.912699995562434,897.5955663248106
http,onnx-fp32,8,4,2,67,8,10.13419998344034,789.4061704991315
http,onnx-fp32,8,4,2,68,8,8.380800019949675,954.5628079606699
http,onnx-fp32,8,4,2,69,8,6.6071999608539045,1210.8003461978003
http,onnx-fp32,32,1,0,0,32,4.196599998977035,7625.220418386391
http,onnx-fp32,32,1,0,1,32,4.291199962608516,7457.1216160591075
http,onnx-fp32,32,1,0,2,32,5.953600048087537,5374.8991772262725
http,onnx-fp32,32,1,0,3,32,6.1561000184156,5198.096181717961
http,onnx-fp32,32,1,0,4,32,6.074399978388101,5268.010027961889
http,onnx-fp32,32,1,0,5,32,5.249700043350458,6095.586364126243
http,onnx-fp32,32,1,0,6,32,5.9779000002890825,5353.0504020563285
http,onnx-fp32,32,1,0,7,32,6.606400012969971,4843.787832582982
http,onnx-fp32,32,1,0,8,32,5.721300025470555,5593.134402590279
http,onnx-fp32,32,1,0,9,32,5.621800024528056,5692.127051902093
http,onnx-fp32,32,1,0,10,32,4.119599994737655,7767.744451130341
http,onnx-fp32,32,1,0,11,32,4.374500014819205,7315.121703416554
http,onnx-fp32,32,1,0,12,32,3.9171999669633806,8169.100446716906
http,onnx-fp32,32,1,0,13,32,4.476200032513589,7148.920907815318
http,onnx-fp32,32,1,0,14,32,4.068000009283423,7866.273335047703
http,onnx-fp32,32,1,0,15,32,4.47300000814721,7154.035310018908
http,onnx-fp32,32,1,0,16,32,4.12319996394217,7760.962427203013
http,onnx-fp32,32,1,0,17,32,4.09509998280555,7814.217023848298
http,onnx-fp32,32,1,0,18,32,4.183000011835247,7650.011931498976
http,onnx-fp32,32,1,0,19,32,5.813599971588701,5504.33469044745
http,onnx-fp32,32,1,0,20,32,4.5819999650120735,6983.849900556619
http,onnx-fp32,32,1,0,21,32,5.347499973140657,5984.104751889504
http,onnx-fp32,32,1,0,22,32,4.030400014016777,7939.658567068175
http,onnx-fp32,32,1,0,23,32,4.038999963086098,7922.753229130907
http,onnx-fp32,32,1,0,24,32,5.418799992185086,5905.3665103251515
http,onnx-fp32,32,1,0,25,32,5.7625999907031655,5553.0489799093775
http,onnx-fp32,32,1,0,26,32,4.572199948597699,6998.819027985521
http,onnx-fp32,32,1,0,27,32,5.844999977853149,5474.764776945903
http,onnx-fp32,32,1,0,28,32,5.225799977779388,6123.464375993556
http,onnx-fp32,32,1,0,29,32,5.139699962455779,6226.044367132708
http,onnx-fp32,32,1,0,30,32,4.912400036118925,6514.127466150298
http,onnx-fp32,32,1,0,31,32,5.389500001911074,5937.471006336961
http,onnx-fp32,32,1,0,32,32,4.016100021544844,7967.929042686241
http,onnx-fp32,32,1,0,33,32,4.242700000759214,7542.366887659681
http,onnx-fp32,32,1,0,34,32,5.091400002129376,6285.108219078572
http,onnx-fp32,32,1,0,35,32,5.560800025705248,5754.567661501476
http,onnx-fp32,32,1,0,36,32,5.1784999668598175,6179.3956174155255
http,onnx-fp32,32,1,0,37,32,5.349699989892542,5981.643841796589
http,onnx-fp32,32,1,0,38,32,4.936999990604818,6481.6690421098765
http,onnx-fp32,32,1,0,39,32,5.230900016613305,6117.494102041371
http,onnx-fp32,32,1,0,40,32,5.069199949502945,6312.633219989227
http,onnx-fp32,32,1,0,41,32,5.0737999845296144,6306.910027508047
http,onnx-fp32,32,1,0,42,32,4.946800007019192,6468.828324289248
http,onnx-fp32,32,1,0,43,32,5.9621999971568584,5367.146357931561
http,onnx-fp32,32,1,0,44,32,6.182600045576692,5175.815961586296
http,onnx-fp32,32,1,0,45,32,6.943100015632808,4608.892271168508
http,onnx-fp32,32,1,0,46,32,6.052199983969331,5287.333545613082
http,onnx-fp32,32,1,0,47,32,6.625999987591058,4829.459713240037
http,onnx-fp32,32,1,0,48,32,7.952699961606413,4023.790681716619
http,onnx-fp32,32,1,0,49,32,8.185600046999753,3909.3041214161058
http,onnx-fp32,32,1,0,50,32,5.784799985121936,5531.738363003312
http,onnx-fp32,32,1,0,51,32,4.241199989337474,7545.034443188042
http,onnx-fp32,32,1,0,52,32,4.951599985361099,6462.557576259136
http,onnx-fp32,32,1,0,53,32,6.155500013846904,5198.602863782869
http,onnx-fp32,32,1,0,54,32,5.1382000092417,6227.861885960836
http,onnx-fp32,32,1,0,55,32,6.537900015246123,4894.537990085084
http,onnx-fp32,32,1,0,56,32,6.133700022473931,5217.079394615275
http,onnx-fp32,32,1,0,57,32,5.705500021576881,5608.623237049058
http,onnx-fp32,32,1,0,58,32,7.407100056298077,4320.179254604665
http,onnx-fp32,32,1,0,59,32,6.164699967484921,5190.844675131105
http,onnx-fp32,32,1,0,60,32,8.155199990142137,3923.876795011899
http,onnx-fp32,32,1,0,61,32,7.907499966677278,4046.7910382358637
http,onnx-fp32,32,1,0,62,32,6.936800025869161,4613.078059143055
http,onnx-fp32,32,1,0,63,32,6.118700024671853,5229.869068751441
http,onnx-fp32,32,1,0,64,32,4.48780000442639,7130.442526056839
http,onnx-fp32,32,1,0,65,32,5.890600034035742,5432.383766527142
http,onnx-fp32,32,1,0,66,32,5.395199987106025,5931.198116191563
http,onnx-fp32,32,1,0,67,32,6.612099998164922,4839.61222741354
http,onnx-fp32,32,1,0,68,32,5.987999960780144,5344.021411087467
http,onnx-fp32,32,1,0,69,32,6.111299968324602,5236.201817266176
http,onnx-fp32,32,1,1,0,32,4.22399997478351,7575.757620983432
http,onnx-fp32,32,1,1,1,32,4.635300021618605,6903.544506451578
http,onnx-fp32,32,1,1,2,32,4.645199980586767,6888.8315107496965
http,onnx-fp32,32,1,1,3,32,4.599300038535148,6957.580443086689
http,onnx-fp32,32,1,1,4,32,6.089999980758876,5254.515615944629
http,onnx-fp32,32,1,1,5,32,4.505400022026151,7102.587970781135
http,onnx-fp32,32,1,1,6,32,5.19160000840202,6163.803056516605
http,onnx-fp32,32,1,1,7,32,4.432499990798533,7219.402158246834
http,onnx-fp32,32,1,1,8,32,4.9412999651394784,6476.028621164012
http,onnx-fp32,32,1,1,9,32,4.2292000143788755,7566.442800341214
http,onnx-fp32,32,1,1,10,32,4.285199975129217,7467.562817540403
http,onnx-fp32,32,1,1,11,32,4.125599982216954,7756.4475804569665
http,onnx-fp32,32,1,1,12,32,4.479800001718104,7143.176031904835
http,onnx-fp32,32,1,1,13,32,4.24040004145354,7546.457807558864
http,onnx-fp32,32,1,1,14,32,4.476799978874624,7147.962864323491
http,onnx-fp32,32,1,1,15,32,4.778000002261251,6697.362910183252
http,onnx-fp32,32,1,1,16,32,4.558999964501709,7019.083186919382
http,onnx-fp32,32,1,1,17,32,4.206000012345612,7608.1787698698
http,onnx-fp32,32,1,1,18,32,4.277899977751076,7480.305796402149
http,onnx-fp32,32,1,1,19,32,4.778300004545599,6696.942420852266
http,onnx-fp32,32,1,1,20,32,6.599699961952865,4848.705272130452
http,onnx-fp32,32,1,1,21,32,5.386299977544695,5940.998483821349
http,onnx-fp32,32,1,1,22,32,5.173199984710664,6185.726454530204
http,onnx-fp32,32,1,1,23,32,5.138700013048947,6227.255904944999
http,onnx-fp32,32,1,1,24,32,5.88640000205487,5436.259851323252
http,onnx-fp32,32,1,1,25,32,4.813100036699325,6648.521692049561
http,onnx-fp32,32,1,1,26,32,4.207099962513894,7606.189604508196
http,onnx-fp32,32,1,1,27,32,5.1663999911397696,6193.8680812324055
http,onnx-fp32,32,1,1,28,32,4.801600007340312,6664.445174750269
http,onnx-fp32,32,1,1,29,32,4.542300011962652,7044.889134518733
http,onnx-fp32,32,1,1,30,32,4.416899988427758,7244.900288401308
http,onnx-fp32,32,1,1,31,32,4.431599983945489,7220.8683355734975
http,onnx-fp32,32,1,1,32,32,4.771800013259053,6706.06477871745
http,onnx-fp32,32,1,1,33,32,4.6108000096865,6940.227277863601
http,onnx-fp32,32,1,1,34,32,4.2631999822333455,7506.098736479232
http,onnx-fp32,32,1,1,35,32,4.348999995272607,7358.013344397385
http,onnx-fp32,32,1,1,36,32,4.477099981158972,7147.483892400425
http,onnx-fp32,32,1,1,37,32,4.203499993309379,7612.703711415182
http,onnx-fp32,32,1,1,38,32,4.896300029940903,6535.547209999349
http,onnx-fp32,32,1,1,39,32,6.562600028701127,4876.116152142439
http,onnx-fp32,32,1,1,40,32,6.659099948592484,4805.4542276038
http,onnx-fp32,32,1,1,41,32,6.669799971859902,4797.7450800637225
http,onnx-fp32,32,1,1,42,32,6.280299974605441,5095.298015921667
http,onnx-fp32,32,1,1,43,32,5.697100015822798,5616.8927895113375
http,onnx-fp32,32,1,1,44,32,6.341200030874461,5046.363439758445
http,onnx-fp32,32,1,1,45,32,7.239700003992766,4420.072652506552
http,onnx-fp32,32,1,1,46,32,5.616899987217039,5697.092715345781
http,onnx-fp32,32,1,1,47,32,4.05659998068586,7888.379468608506
http,onnx-fp32,32,1,1,48,32,4.135399998631328,7738.066453206672
http,onnx-fp32,32,1,1,49,32,4.325499990954995,7397.988687299698
http,onnx-fp32,32,1,1,50,32,3.9419999811798334,8117.706786599846
http,onnx-fp32,32,1,1,51,32,3.8254999672062695,8364.919690058012
http,onnx-fp32,32,1,1,52,32,4.086100030690432,7831.428442683752
http,onnx-fp32,32,1,1,53,32,4.229799960739911,7565.369591237668
http,onnx-fp32,32,1,1,54,32,4.080000042449683,7843.137173299341
http,onnx-fp32,32,1,1,55,32,3.7527999957092106,8526.966541405729
http,onnx-fp32,32,1,1,56,32,3.9392999606207013,8123.270713042597
http,onnx-fp32,32,1,1,57,32,4.439799988176674,7207.531889998874
http,onnx-fp32,32,1,1,58,32,4.526900011114776,7068.855049024997
http,onnx-fp32,32,1,1,59,32,4.119699995499104,7767.555898478277
http,onnx-fp32,32,1,1,60,32,4.5909000327810645,6970.310782527564
http,onnx-fp32,32,1,1,61,32,5.472399992868304,5847.525773280969
http,onnx-fp32,32,1,1,62,32,4.284000024199486,7469.654486283427
http,onnx-fp32,32,1,1,63,32,4.350600007455796,7355.3073013286285
http,onnx-fp32,32,1,1,64,32,4.751100030262023,6735.282312764777
http,onnx-fp32,32,1,1,65,32,4.807599994819611,6656.127804825969
http,onnx-fp32,32,1,1,66,32,4.60039998870343,6955.916893874012
http,onnx-fp32,32,1,1,67,32,4.6054000267758965,6948.364922471729
http,onnx-fp32,32,1,1,68,32,4.313700017519295,7418.2256230238345
http,onnx-fp32,32,1,1,69,32,6.085200002416968,5258.660354185562
http,onnx-fp32,32,1,2,0,32,5.218499980401248,6132.030299929126
http,onnx-fp32,32,1,2,1,32,5.3616000222973526,5968.367626626605
http,onnx-fp32,32,1,2,2,32,5.9356000274419785,5391.1988429231815
http,onnx-fp32,32,1,2,3,32,5.176100006792694,6182.260767374238
http,onnx-fp32,32,1,2,4,32,5.573400005232543,5741.558109943132
http,onnx-fp32,32,1,2,5,32,6.578900036402047,4864.034994138712
http,onnx-fp32,32,1,2,6,32,6.820900016464293,4691.462992091715
http,onnx-fp32,32,1,2,7,32,6.9080000394023955,4632.310338372304
http,onnx-fp32,32,1,2,8,32,7.031400047708303,4551.013991933163
http,onnx-fp32,32,1,2,9,32,5.392000020947307,5934.718077834502
http,onnx-fp32,32,1,2,10,32,6.289000040851533,5088.249291165084
http,onnx-fp32,32,1,2,11,32,7.645499950740486,4185.468603253436
http,onnx-fp32,32,1,2,12,32,5.776599980890751,5539.5907810576155
http,onnx-fp32,32,1,2,13,32,5.428999953437597,5894.271555434048
http,onnx-fp32,32,1,2,14,32,4.363999993074685,7332.722284780341
http,onnx-fp32,32,1,2,15,32,4.2366000125184655,7553.226621688428
http,onnx-fp32,32,1,2,16,32,4.725700011476874,6771.483573287456
http,onnx-fp32,32,1,2,17,32,4.59299999056384,6967.123898485282
http,onnx-fp32,32,1,2,18,32,4.961099999491125,6450.182419883158
http,onnx-fp32,32,1,2,19,32,5.743200017604977,5571.806641229362
http,onnx-fp32,32,1,2,20,32,5.527300003450364,5789.445114255479
http,onnx-fp32,32,1,2,21,32,5.561799975112081,5753.53305462143
http,onnx-fp32,32,1,2,22,32,5.849499953910708,5470.553081824757
http,onnx-fp32,32,1,2,23,32,5.879500007722527,5442.639673096193
http,onnx-fp32,32,1,2,24,32,5.8176000020466745,5500.550053070367
http,onnx-fp32,32,1,2,25,32,6.595699989702553,4851.645776787842
http,onnx-fp32,32,1,2,26,32,6.4833000069484115,4935.758019173002
http,onnx-fp32,32,1,2,27,32,6.5805999911390245,4862.7784765962015
http,onnx-fp32,32,1,2,28,32,7.154199993237853,4472.897043729053
http,onnx-fp32,32,1,2,29,32,6.296899984590709,5081.865692373699
http,onnx-fp32,32,1,2,30,32,5.739799991715699,5575.107154637071
http,onnx-fp32,32,1,2,31,32,5.500599974766374,5817.547203359236
http,onnx-fp32,32,1,2,32,32,4.60919999750331,6942.636469958693
http,onnx-fp32,32,1,2,33,32,4.995199968107045,6406.149944809227
http,onnx-fp32,32,1,2,34,32,6.061399995815009,5279.308414243221
http,onnx-fp32,32,1,2,35,32,5.334499990567565,5998.687797653432
http,onnx-fp32,32,1,2,36,32,6.167099985759705,5188.824581065718
http,onnx-fp32,32,1,2,37,32,7.224500004667789,4429.372272036076
http,onnx-fp32,32,1,2,38,32,6.384900014381856,5011.824762787304
http,onnx-fp32,32,1,2,39,32,6.755199981853366,4737.091438589866
http,onnx-fp32,32,1,2,40,32,5.3949999855831265,5931.417995461075
http,onnx-fp32,32,1,2,41,32,6.877400039229542,4652.921135526221
http,onnx-fp32,32,1,2,42,32,5.662899988237768,5650.814965206201
http,onnx-fp32,32,1,2,43,32,4.964599967934191,6445.635138114753
http,onnx-fp32,32,1,2,44,32,5.324800033122301,6009.615347233269
http,onnx-fp32,32,1,2,45,32,6.648699985817075,4812.970966995354
http,onnx-fp32,32,1,2,46,32,4.9866000190377235,6417.198066384141
http,onnx-fp32,32,1,2,47,32,4.9662000383250415,6443.558405430784
http,onnx-fp32,32,1,2,48,32,7.063600001856685,4530.2678508959625
http,onnx-fp32,32,1,2,49,32,7.222999993246049,4430.292126529417
http,onnx-fp32,32,1,2,50,32,7.527000037953258,4251.3617428785665
http,onnx-fp32,32,1,2,51,32,7.858099997974932,4072.231201975865
http,onnx-fp32,32,1,2,52,32,8.643499983008951,3702.203975577524
http,onnx-fp32,32,1,2,53,32,6.1570999678224325,5197.251980191149
http,onnx-fp32,32,1,2,54,32,8.131999988108873,3935.0713289218434
http,onnx-fp32,32,1,2,55,32,7.951500010676682,4024.397906939921
http,onnx-fp32,32,1,2,56,32,5.369500024244189,5959.58652677431
http,onnx-fp32,32,1,2,57,32,7.635299989487976,4191.05995102439
http,onnx-fp32,32,1,2,58,32,7.340199954342097,4359.554262696944
http,onnx-fp32,32,1,2,59,32,8.96519998786971,3569.357074387335
http,onnx-fp32,32,1,2,60,32,6.898300023749471,4638.8240421307255
http,onnx-fp32,32,1,2,61,32,6.704700004775077,4772.771336108945
http,onnx-fp32,32,1,2,62,32,8.06580000789836,3967.3683910665145
http,onnx-fp32,32,1,2,63,32,5.325300036929548,6009.051091598306
http,onnx-fp32,32,1,2,64,32,9.568399982526898,3344.3417978383036
http,onnx-fp32,32,1,2,65,32,5.978100001811981,5352.871312005604
http,onnx-fp32,32,1,2,66,32,7.945300021674484,4027.538282091952
http,onnx-fp32,32,1,2,67,32,8.022500027436763,3988.7815382437825
http,onnx-fp32,32,1,2,68,32,8.045000024139881,3977.625842632764
http,onnx-fp32,32,1,2,69,32,5.636800022330135,5676.979824232237
http,onnx-fp32,32,4,0,0,32,17.472099978476763,1831.4913513212277
http,onnx-fp32,32,4,0,1,32,27.13590004714206,1179.2496266719638
http,onnx-fp32,32,4,0,2,32,28.360299998894334,1128.337852605493
http,onnx-fp32,32,4,0,3,32,17.372500034980476,1841.9916497663696
http,onnx-fp32,32,4,0,4,32,31.13579994533211,1027.755832712994
http,onnx-fp32,32,4,0,5,32,20.391999976709485,1569.2428421218358
http,onnx-fp32,32,4,0,6,32,17.746300029102713,1803.192775255811
http,onnx-fp32,32,4,0,7,32,21.757799957413226,1470.73693400224
http,onnx-fp32,32,4,0,8,32,28.594299976248294,1119.1041580518017
http,onnx-fp32,32,4,0,9,32,17.924099985975772,1785.3058187042884
http,onnx-fp32,32,4,0,10,32,17.80159998452291,1797.5912293176727
http,onnx-fp32,32,4,0,11,32,23.69239996187389,1350.6440905731292
http,onnx-fp32,32,4,0,12,32,19.780299975536764,1617.7712188175062
http,onnx-fp32,32,4,0,13,32,17.756499990355223,1802.156957586315
http,onnx-fp32,32,4,0,14,32,19.19999998062849,1666.6666683482213
http,onnx-fp32,32,4,0,15,32,19.361299986485392,1652.7815809029712
http,onnx-fp32,32,4,0,16,32,24.049700004979968,1330.577927931482
http,onnx-fp32,32,4,0,17,32,20.774099975824356,1540.3796090920746
http,onnx-fp32,32,4,0,18,32,23.685899970587343,1351.0147404040772
http,onnx-fp32,32,4,0,19,32,27.823999989777803,1150.0862568917628
http,onnx-fp32,32,4,0,20,32,25.869900011457503,1236.958781666243
http,onnx-fp32,32,4,0,21,32,24.56499997060746,1302.6663968365021
http,onnx-fp32,32,4,0,22,32,18.161799991503358,1761.9398966495928
http,onnx-fp32,32,4,0,23,32,23.699500015936792,1350.2394556206466
http,onnx-fp32,32,4,0,24,32,24.29809997556731,1316.9754026931016
http,onnx-fp32,32,4,0,25,32,16.763499996159226,1908.9092377684665
http,onnx-fp32,32,4,0,26,32,20.994000020436943,1524.2450209035483
http,onnx-fp32,32,4,0,27,32,27.332299971021712,1170.7759696010612
http,onnx-fp32,32,4,0,28,32,33.73950003879145,948.4432182814954
http,onnx-fp32,32,4,0,29,32,33.235899987630546,962.8143065754045
http,onnx-fp32,32,4,0,30,32,20.80160001059994,1538.343203584996
http,onnx-fp32,32,4,0,31,32,22.13380002649501,1445.752648062907
http,onnx-fp32,32,4,0,32,32,28.38019997579977,1127.5466708228585
http,onnx-fp32,32,4,0,33,32,32.38079999573529,988.2399447887192
http,onnx-fp32,32,4,0,34,32,17.212099977768958,1859.1572231936257
http,onnx-fp32,32,4,0,35,32,21.644000022206455,1478.4697822569037
http,onnx-fp32,32,4,0,36,32,26.943599979858845,1187.6660885672652
http,onnx-fp32,32,4,0,37,32,17.075200041290373,1874.0629639839792
http,onnx-fp32,32,4,0,38,32,15.117999981157482,2116.6821034451395
http,onnx-fp32,32,4,0,39,32,10.884999996051192,2939.8254489305286
http,onnx-fp32,32,4,0,40,32,16.89450000412762,1894.1075493315482
http,onnx-fp32,32,4,0,41,32,15.221500012557954,2102.289522951059
http,onnx-fp32,32,4,0,42,32,18.305899982806295,1748.070295918573
http,onnx-fp32,32,4,0,43,32,16.329200007021427,1959.679591543998
http,onnx-fp32,32,4,0,44,32,14.882299990858883,2150.205278730793
http,onnx-fp32,32,4,0,45,32,18.437699996866286,1735.57439406427
http,onnx-fp32,32,4,0,46,32,23.53850001236424,1359.474902104685
http,onnx-fp32,32,4,0,47,32,15.576900041196495,2054.324025664224
http,onnx-fp32,32,4,0,48,32,15.421300020534545,2075.052035651323
http,onnx-fp32,32,4,0,49,32,21.37940004467964,1496.7679136516902
http,onnx-fp32,32,4,0,50,32,24.473899975419044,1307.5153544036698
http,onnx-fp32,32,4,0,51,32,15.186799981165677,2107.0930044305364
http,onnx-fp32,32,4,0,52,32,19.69659997848794,1624.645879743178
http,onnx-fp32,32,4,0,53,32,22.759299958124757,1406.018641121536
http,onnx-fp32,32,4,0,54,32,20.658199966419488,1549.0216985031097
http,onnx-fp32,32,4,0,55,32,15.09149995399639,2120.3989065067094
http,onnx-fp32,32,4,0,56,32,19.445699988864362,1645.6080273955113
http,onnx-fp32,32,4,0,57,32,16.59529999596998,1928.2567960670137
http,onnx-fp32,32,4,0,58,32,21.515399974305183,1487.3067680924396
http,onnx-fp32,32,4,0,59,32,14.214900031220168,2251.158990194686
http,onnx-fp32,32,4,0,60,32,16.69339998625219,1916.9252534746383
http,onnx-fp32,32,4,0,61,32,14.553499990142882,2198.783799201132
http,onnx-fp32,32,4,0,62,32,21.004100039135665,1523.512073375024
http,onnx-fp32,32,4,0,63,32,19.231799989938736,1663.910815250837
http,onnx-fp32,32,4,0,64,32,18.112199963070452,1766.764946568933
http,onnx-fp32,32,4,0,65,32,23.346500005573034,1370.6551299921312
http,onnx-fp32,32,4,0,66,32,22.445099952165037,1425.7009355359678
http,onnx-fp32,32,4,0,67,32,12.516000017058104,2556.7273854575806
http,onnx-fp32,32,4,0,68,32,12.313999992329627,2598.6681841751465
http,onnx-fp32,32,4,0,69,32,16.508500033523887,1938.3953681447408
http,onnx-fp32,32,4,1,0,32,13.352799986023456,2396.5011108902104
http,onnx-fp32,32,4,1,1,32,16.836499969940633,1900.6325576652994
http,onnx-fp32,32,4,1,2,32,20.25810000486672,1579.6150671737457
http,onnx-fp32,32,4,1,3,32,19.59000003989786,1633.4864693633174
http,onnx-fp32,32,4,1,4,32,18.740400031674653,1707.5409247355572
http,onnx-fp32,32,4,1,5,32,20.03010001499206,1597.5956173982534
http,onnx-fp32,32,4,1,6,32,19.617600017227232,1631.1883192591927
http,onnx-fp32,32,4,1,7,32,19.329800037667155,1655.4749628885434
http,onnx-fp32,32,4,1,8,32,12.358199979644269,2589.3738612992665
http,onnx-fp32,32,4,1,9,32,19.62249999633059,1630.7809915140276
http,onnx-fp32,32,4,1,10,32,20.537099975626916,1558.1557297757258
http,onnx-fp32,32,4,1,11,32,24.0021999925375,1333.2111227282953
http,onnx-fp32,32,4,1,12,32,21.636999968905002,1478.9481002906082
http,onnx-fp32,32,4,1,13,32,40.10839998954907,797.8378596089135
http,onnx-fp32,32,4,1,14,32,45.10399996070191,709.4714443925344
http,onnx-fp32,32,4,1,15,32,49.38879999099299,647.9201763524487
http,onnx-fp32,32,4,1,16,32,50.01710000215098,639.781194803854
http,onnx-fp32,32,4,1,17,32,29.355700011365116,1090.0779060833547
http,onnx-fp32,32,4,1,18,32,22.630599967669696,1414.0146547469146
http,onnx-fp32,32,4,1,19,32,18.251100031193346,1753.3189750375657
http,onnx-fp32,32,4,1,20,32,23.67770002456382,1351.4826172644482
http,onnx-fp32,32,4,1,21,32,13.967299950309098,2291.065568423755
http,onnx-fp32,32,4,1,22,32,22.80909998808056,1402.9488237906082
http,onnx-fp32,32,4,1,23,32,25.736299983691424,1243.3799738221016
http,onnx-fp32,32,4,1,24,32,29.96680000796914,1067.8484186329592
http,onnx-fp32,32,4,1,25,32,20.756500016432256,1541.6857357775457
http,onnx-fp32,32,4,1,26,32,24.296200019307435,1317.0783898128348
http,onnx-fp32,32,4,1,27,32,20.99429996451363,1524.2232441228882
http,onnx-fp32,32,4,1,28,32,24.005699960980564,1333.0167440238595
http,onnx-fp32,32,4,1,29,32,14.269899984356016,2242.4824305062657
http,onnx-fp32,32,4,1,30,32,13.058300013653934,2450.548690606003
http,onnx-fp32,32,4,1,31,32,13.378399948123842,2391.9153354723567
http,onnx-fp32,32,4,1,32,32,21.550800011027604,1484.8636701944017
http,onnx-fp32,32,4,1,33,32,13.580799975898117,2356.267676189215
http,onnx-fp32,32,4,1,34,32,16.951999976299703,1887.682871917098
http,onnx-fp32,32,4,1,35,32,20.932800020091236,1528.7013667204817
http,onnx-fp32,32,4,1,36,32,13.285199995152652,2408.695391238053
http,onnx-fp32,32,4,1,37,32,20.928599988110363,1529.0081523933445
http,onnx-fp32,32,4,1,38,32,20.299699972383678,1576.3779781737544
http,onnx-fp32,32,4,1,39,32,18.10660003684461,1767.3113635295472
http,onnx-fp32,32,4,1,40,32,21.522700029890984,1486.8023043371888
http,onnx-fp32,32,4,1,41,32,6.550699996296316,4884.9741276645855
http,onnx-fp32,32,4,1,42,32,16.161499952431768,1980.0142371800746
http,onnx-fp32,32,4,1,43,32,25.50559997325763,1254.6264362944485
http,onnx-fp32,32,4,1,44,32,23.775999958161265,1345.8950225568028
http,onnx-fp32,32,4,1,45,32,26.994099956937134,1185.4442285924933
http,onnx-fp32,32,4,1,46,32,9.843999985605478,3250.7110978050014
http,onnx-fp32,32,4,1,47,32,22.36200001789257,1430.9990150431872
http,onnx-fp32,32,4,1,48,32,24.756900034844875,1292.5689385569517
http,onnx-fp32,32,4,1,49,32,23.408900015056133,1367.0014387441634
http,onnx-fp32,32,4,1,50,32,29.25449999747798,1093.8488096791505
http,onnx-fp32,32,4,1,51,32,22.063200012780726,1450.3789106504544
http,onnx-fp32,32,4,1,52,32,19.077600038144737,1677.3598322649364
http,onnx-fp32,32,4,1,53,32,20.41950001148507,1567.1294587037592
http,onnx-fp32,32,4,1,54,32,20.86079999571666,1533.9776042419537
http,onnx-fp32,32,4,1,55,32,19.64610000140965,1628.8220052684212
http,onnx-fp32,32,4,1,56,32,18.418299965560436,1737.402477961342
http,onnx-fp32,32,4,1,57,32,22.860600030981004,1399.7882801253315
http,onnx-fp32,32,4,1,58,32,19.18199995998293,1668.2306363652226
http,onnx-fp32,32,4,1,59,32,20.23880003252998,1581.1214078189494
http,onnx-fp32,32,4,1,60,32,18.900400027632713,1693.0858581413856
http,onnx-fp32,32,4,1,61,32,23.87309999903664,1340.4208084116142
http,onnx-fp32,32,4,1,62,32,24.58549995208159,1301.5802022480589
http,onnx-fp32,32,4,1,63,32,12.729599955491722,2513.8260520272493
http,onnx-fp32,32,4,1,64,32,18.57039995957166,1723.1723640667406
http,onnx-fp32,32,4,1,65,32,14.55219998024404,2198.9802259069393
http,onnx-fp32,32,4,1,66,32,18.99300003424287,1684.831250582138
http,onnx-fp32,32,4,1,67,32,17.409200023394078,1838.108583794726
http,onnx-fp32,32,4,1,68,32,10.264699987601489,3117.480300315851
http,onnx-fp32,32,4,1,69,32,8.769300009589642,3649.0939943902586
http,onnx-fp32,32,4,2,0,32,23.70859996881336,1349.7211999904368
http,onnx-fp32,32,4,2,1,32,27.258199988864362,1173.9586624602057
http,onnx-fp32,32,4,2,2,32,25.69109998876229,1245.567531713213
http,onnx-fp32,32,4,2,3,32,17.50050002010539,1828.5191830654499
http,onnx-fp32,32,4,2,4,32,22.206599998753518,1441.0130322424952
http,onnx-fp32,32,4,2,5,32,26.731499994639307,1197.0895762084892
http,onnx-fp32,32,4,2,6,32,47.94629995012656,667.4133360298125
http,onnx-fp32,32,4,2,7,32,22.01790001709014,1453.3629444752598
http,onnx-fp32,32,4,2,8,32,22.562900034245104,1418.2574027022956
http,onnx-fp32,32,4,2,9,32,21.068100002594292,1518.883999793981
http,onnx-fp32,32,4,2,10,32,20.36170003702864,1571.578008801161
http,onnx-fp32,32,4,2,11,32,15.144100005272776,2113.034118162086
http,onnx-fp32,32,4,2,12,32,18.196600023657084,1758.5702800741542
http,onnx-fp32,32,4,2,13,32,25.849799974821508,1237.920604073106
http,onnx-fp32,32,4,2,14,32,26.154200022574514,1223.5128572993933
http,onnx-fp32,32,4,2,15,32,17.488700046669692,1829.752921292377
http,onnx-fp32,32,4,2,16,32,15.816400002222508,2023.2164080007703
http,onnx-fp32,32,4,2,17,32,14.490799978375435,2208.2976818224997
http,onnx-fp32,32,4,2,18,32,24.043999961577356,1330.8933642961422
http,onnx-fp32,32,4,2,19,32,16.212299990002066,1973.8100096675994
http,onnx-fp32,32,4,2,20,32,15.777099994011223,2028.2561441676082
http,onnx-fp32,32,4,2,21,32,21.09349996317178,1517.055019597053
http,onnx-fp32,32,4,2,22,32,18.44760001404211,1734.6429874694786
http,onnx-fp32,32,4,2,23,32,20.3526999684982,1572.2729686739071
http,onnx-fp32,32,4,2,24,32,22.476099955383688,1423.7345475203342
http,onnx-fp32,32,4,2,25,32,26.71340003143996,1197.900677650095
http,onnx-fp32,32,4,2,26,32,31.857900030445307,1004.4604311463999
http,onnx-fp32,32,4,2,27,32,23.62859999993816,1354.2909863505984
http,onnx-fp32,32,4,2,28,32,22.38550002221018,1429.496771046017
http,onnx-fp32,32,4,2,29,32,23.258799978066236,1375.8233455800378
http,onnx-fp32,32,4,2,30,32,16.092700010631233,1988.4792470412058
http,onnx-fp32,32,4,2,31,32,16.852299973834306,1898.850604943227
http,onnx-fp32,32,4,2,32,32,15.753099985886365,2031.346213041857
http,onnx-fp32,32,4,2,33,32,19.46229999884963,1644.2044363662797
http,onnx-fp32,32,4,2,34,32,25.498800037894398,1254.9610159083568
http,onnx-fp32,32,4,2,35,32,17.956099996808916,1782.124180957274
http,onnx-fp32,32,4,2,36,32,17.774399952031672,1800.3420698509879
http,onnx-fp32,32,4,2,37,32,16.479099984280765,1941.8536224990717
http,onnx-fp32,32,4,2,38,32,15.358800010289997,2083.496105070763
http,onnx-fp32,32,4,2,39,32,13.486000010743737,2372.8310821968653
http,onnx-fp32,32,4,2,40,32,19.201899995096028,1666.501752856357
http,onnx-fp32,32,4,2,41,32,16.93149999482557,1889.96840266837
http,onnx-fp32,32,4,2,42,32,19.12139996420592,1673.5176325949994
http,onnx-fp32,32,4,2,43,32,11.633200047072023,2750.7478484438275
http,onnx-fp32,32,4,2,44,32,16.944100032560527,1888.5629769953784
http,onnx-fp32,32,4,2,45,32,15.591199975460768,2052.4398410876197
http,onnx-fp32,32,4,2,46,32,17.53950002603233,1824.4533739562262
http,onnx-fp32,32,4,2,47,32,15.894200012553483,2013.3130308367774
http,onnx-fp32,32,4,2,48,32,16.48729998851195,1940.8878362313428
http,onnx-fp32,32,4,2,49,32,15.76559996465221,2029.7356314854283
http,onnx-fp32,32,4,2,50,32,17.456799978390336,1833.0965606303905
http,onnx-fp32,32,4,2,51,32,19.026199996005744,1681.8912871050395
http,onnx-fp32,32,4,2,52,32,16.01920003304258,1997.6028724277146
http,onnx-fp32,32,4,2,53,32,20.13499999884516,1589.2724113153888
http,onnx-fp32,32,4,2,54,32,20.53629996953532,1558.2164288343354
http,onnx-fp32,32,4,2,55,32,19.47140000993386,1643.4360130075054
http,onnx-fp32,32,4,2,56,32,20.66090004518628,1548.8192639243507
http,onnx-fp32,32,4,2,57,32,20.05669998470694,1595.4768244227478
http,onnx-fp32,32,4,2,58,32,19.597600039560348,1632.8529991123285
http,onnx-fp32,32,4,2,59,32,10.1831000065431,3142.4615273775726
http,onnx-fp32,32,4,2,60,32,19.29080003174022,1658.8218190717146
http,onnx-fp32,32,4,2,61,32,18.466099980287254,1732.9051631996101
http,onnx-fp32,32,4,2,62,32,14.023600029759109,2281.867703877296
http,onnx-fp32,32,4,2,63,32,21.400599973276258,1495.2851807874367
http,onnx-fp32,32,4,2,64,32,14.51400003861636,2204.767804523901
http,onnx-fp32,32,4,2,65,32,13.988299993798137,2287.626088530239
http,onnx-fp32,32,4,2,66,32,16.766099957749248,1908.61321837758
http,onnx-fp32,32,4,2,67,32,16.052099992521107,1993.5086384279464
http,onnx-fp32,32,4,2,68,32,7.174700032919645,4460.116778844347
http,onnx-fp32,32,4,2,69,32,10.15360001474619,3151.591549157544
http,onnx-fp32,64,1,0,0,64,15.639100049156696,4092.3070892081837
http,onnx-fp32,64,1,0,1,64,20.66069998545572,3097.6685226083023
http,onnx-fp32,64,1,0,2,64,24.312200024724007,2632.423225167445
http,onnx-fp32,64,1,0,3,64,16.971000004559755,3771.1390008134185
http,onnx-fp32,64,1,0,4,64,13.011800008825958,4918.612333158251
http,onnx-fp32,64,1,0,5,64,10.112699994351715,6328.675827004278
http,onnx-fp32,64,1,0,6,64,15.156599984038621,4222.582905625156
http,onnx-fp32,64,1,0,7,64,15.704100020229816,4075.3688474701535
http,onnx-fp32,64,1,0,8,64,15.735300024971366,4067.2881926899554
http,onnx-fp32,64,1,0,9,64,12.11509999120608,5282.663787047183
http,onnx-fp32,64,1,0,10,64,9.996200038585812,6402.432899797616
http,onnx-fp32,64,1,0,11,64,16.67859998997301,3837.2525294974457
http,onnx-fp32,64,1,0,12,64,24.563100014347583,2605.534316214846
http,onnx-fp32,64,1,0,13,64,19.144300022162497,3343.031603449072
http,onnx-fp32,64,1,0,14,64,20.102099981158972,3183.7469746934435
http,onnx-fp32,64,1,0,15,64,15.43680002214387,4145.9369758105895
http,onnx-fp32,64,1,0,16,64,23.86129996739328,2682.1673625266303
http,onnx-fp32,64,1,0,17,64,15.057799988426268,4250.288890089635
http,onnx-fp32,64,1,0,18,64,15.283900022041053,4187.4128925015875
http,onnx-fp32,64,1,0,19,64,16.21450000675395,3947.084398121532
http,onnx-fp32,64,1,0,20,64,17.55109999794513,3646.495091902677
http,onnx-fp32,64,1,0,21,64,16.898799978662282,3787.2511705453226
http,onnx-fp32,64,1,0,22,64,16.486099979374558,3882.0582235986176
http,onnx-fp32,64,1,0,23,64,28.35790003882721,2256.8666901418005
http,onnx-fp32,64,1,0,24,64,15.699400042649359,4076.5889031514644
http,onnx-fp32,64,1,0,25,64,15.184600022621453,4214.796563930244
http,onnx-fp32,64,1,0,26,64,13.599900004919618,4705.9169535694145
http,onnx-fp32,64,1,0,27,64,14.582899981178343,4388.701841376039
http,onnx-fp32,64,1,0,28,64,16.925600008107722,3781.254429346235
http,onnx-fp32,64,1,0,29,64,18.15999997779727,3524.229079198651
http,onnx-fp32,64,1,0,30,64,21.647299989126623,2956.488801473949
http,onnx-fp32,64,1,0,31,64,20.2224999666214,3164.79169764551
http,onnx-fp32,64,1,0,32,64,18.092599988449365,3537.3578170555215
http,onnx-fp32,64,1,0,33,64,25.74429998639971,2485.9871907105708
http,onnx-fp32,64,1,0,34,64,14.69300000462681,4355.815693176783
http,onnx-fp32,64,1,0,35,64,16.303999989759177,3925.417078029901
http,onnx-fp32,64,1,0,36,64,16.763199993874878,3817.8868010514116
http,onnx-fp32,64,1,0,37,64,16.063200018834323,3984.262159778819
http,onnx-fp32,64,1,0,38,64,16.938100045081228,3778.463926276395
http,onnx-fp32,64,1,0,39,64,15.795799961779267,4051.7099580179115
http,onnx-fp32,64,1,0,40,64,25.339199986774474,2525.730884692655
http,onnx-fp32,64,1,0,41,64,145.4665000201203,439.9638404110073
http,onnx-fp32,64,1,0,42,64,38.060099992435426,1681.5510209568608
http,onnx-fp32,64,1,0,43,64,17.410899978131056,3675.8582313600755
http,onnx-fp32,64,1,0,44,64,18.53320002555847,3453.262248923008
http,onnx-fp32,64,1,0,45,64,23.117900011129677,2768.41754524366
http,onnx-fp32,64,1,0,46,64,19.380600017029792,3302.271340606741
http,onnx-fp32,64,1,0,47,64,21.433499990962446,2985.979892550725
http,onnx-fp32,64,1,0,48,64,18.04170000832528,3547.3375552452057
http,onnx-fp32,64,1,0,49,64,24.478200008161366,2614.5713319877086
http,onnx-fp32,64,1,0,50,64,17.746100027579814,3606.426195081479
http,onnx-fp32,64,1,0,51,64,21.482499956618994,2979.169097136709
http,onnx-fp32,64,1,0,52,64,19.07249999931082,3355.616725773371
http,onnx-fp32,64,1,0,53,64,26.88389999093488,2380.6069811887596
http,onnx-fp32,64,1,0,54,64,18.270000000484288,3503.0103994692686
http,onnx-fp32,64,1,0,55,64,18.85069999843836,3395.099386510948
http,onnx-fp32,64,1,0,56,64,25.902500026859343,2470.803973888074
http,onnx-fp32,64,1,0,57,64,18.96920002764091,3373.89030147516
http,onnx-fp32,64,1,0,58,64,19.245800038333982,3325.400860059033
http,onnx-fp32,64,1,0,59,64,19.166800018865615,3339.1072029241027
http,onnx-fp32,64,1,0,60,64,14.126800000667572,4530.396126297224
http,onnx-fp32,64,1,0,61,64,29.63639999506995,2159.5065531119326
http,onnx-fp32,64,1,0,62,64,21.426199993584305,2986.9972285876015
http,onnx-fp32,64,1,0,63,64,16.523599973879755,3873.24796661564
http,onnx-fp32,64,1,0,64,64,18.38850002968684,3480.4361365351638
http,onnx-fp32,64,1,0,65,64,13.603699975647032,4704.602432762486
http,onnx-fp32,64,1,0,66,64,12.629500008188188,5067.500689536906
http,onnx-fp32,64,1,0,67,64,15.702300006523728,4075.8360223285986
http,onnx-fp32,64,1,0,68,64,11.12099998863414,5754.8781643205775
http,onnx-fp32,64,1,0,69,64,16.40870003029704,3900.3699185084943
http,onnx-fp32,64,1,1,0,64,11.262300016824156,5682.675821492393
http,onnx-fp32,64,1,1,1,64,12.559099995996803,5095.906555437883
http,onnx-fp32,64,1,1,2,64,13.317200005985796,4805.815034033683
http,onnx-fp32,64,1,1,3,64,13.52550002047792,4731.802883671769
http,onnx-fp32,64,1,1,4,64,14.544399979058653,4400.319029464853
http,onnx-fp32,64,1,1,5,64,13.113899971358478,4880.3178413576225
http,onnx-fp32,64,1,1,6,64,10.696199955418706,5983.433393798658
http,onnx-fp32,64,1,1,7,64,9.916600014548749,6453.824890194716
http,onnx-fp32,64,1,1,8,64,11.805800022557378,5421.064212312169
http,onnx-fp32,64,1,1,9,64,12.542099982965738,5102.813730310129
http,onnx-fp32,64,1,1,10,64,10.47929999185726,6107.278162637769
http,onnx-fp32,64,1,1,11,64,13.890400005038828,4607.498702469591
http,onnx-fp32,64,1,1,12,64,11.211499979253858,5708.424396238485
http,onnx-fp32,64,1,1,13,64,13.560899998992682,4719.450774266751
http,onnx-fp32,64,1,1,14,64,10.962499945890158,5838.084407379505
http,onnx-fp32,64,1,1,15,64,13.398599985521287,4776.618457835841
http,onnx-fp32,64,1,1,16,64,13.345499988645315,4795.623997186527
http,onnx-fp32,64,1,1,17,64,12.37880002008751,5170.129567982758
http,onnx-fp32,64,1,1,18,64,12.984500033780932,4928.953739727779
http,onnx-fp32,64,1,1,19,64,8.894500031601638,7195.457841656276
http,onnx-fp32,64,1,1,20,64,7.757199986372143,8250.399643226327
http,onnx-fp32,64,1,1,21,64,6.840799993369728,9355.6309294279
http,onnx-fp32,64,1,1,22,64,6.855400046333671,9335.706095551313
http,onnx-fp32,64,1,1,23,64,6.337700004223734,10098.300638614555
http,onnx-fp32,64,1,1,24,64,6.5389000228606164,9787.578916369712
http,onnx-fp32,64,1,1,25,64,9.233000047970563,6931.658146592056
http,onnx-fp32,64,1,1,26,64,9.220600011758506,6940.979970759435
http,onnx-fp32,64,1,1,27,64,8.726199972443283,7334.234856192551
http,onnx-fp32,64,1,1,28,64,10.04530000500381,6371.13873832738
http,onnx-fp32,64,1,1,29,64,11.658900009933859,5489.368632158213
http,onnx-fp32,64,1,1,30,64,8.24380002450198,7763.410054802529
http,onnx-fp32,64,1,1,31,64,10.112399992067367,6328.863578399248
http,onnx-fp32,64,1,1,32,64,9.134699997957796,7006.250891031801
http,onnx-fp32,64,1,1,33,64,11.990899976808578,5337.380857465366
http,onnx-fp32,64,1,1,34,64,11.450799996964633,5589.12914529684
http,onnx-fp32,64,1,1,35,64,12.09129998460412,5293.061960375753
http,onnx-fp32,64,1,1,36,64,11.760400026105344,5441.991756907497
http,onnx-fp32,64,1,1,37,64,12.078899948392063,5298.495746586563
http,onnx-fp32,64,1,1,38,64,12.8825000138022,4967.97981225934
http,onnx-fp32,64,1,1,39,64,11.216200015041977,5706.032338418537
http,onnx-fp32,64,1,1,40,64,15.010499977506697,4263.682095593371
http,onnx-fp32,64,1,1,41,64,12.654899968765676,5057.329584426765
http,onnx-fp32,64,1,1,42,64,9.762600006069988,6555.630668080983
http,onnx-fp32,64,1,1,43,64,10.140400030650198,6311.388091845953
http,onnx-fp32,64,1,1,44,64,7.079900009557605,9039.675689430975
http,onnx-fp32,64,1,1,45,64,7.644500001333654,8372.032178538113
http,onnx-fp32,64,1,1,46,64,7.245799992233515,8832.703092632844
http,onnx-fp32,64,1,1,47,64,8.799100003670901,7273.471147424147
http,onnx-fp32,64,1,1,48,64,7.707700016908348,8303.384908546452
http,onnx-fp32,64,1,1,49,64,8.155199990142137,7847.753590023798
http,onnx-fp32,64,1,1,50,64,7.161299989093095,8936.924873622693
http,onnx-fp32,64,1,1,51,64,7.463300018571317,8575.295089403544
http,onnx-fp32,64,1,1,52,64,9.202699991874397,6954.480756355129
http,onnx-fp32,64,1,1,53,64,7.428000040818006,8616.047340914127
http,onnx-fp32,64,1,1,54,64,7.053699984680861,9073.252355358807
http,onnx-fp32,64,1,1,55,64,6.786599988117814,9430.348055293247
http,onnx-fp32,64,1,1,56,64,7.378000009339303,8674.437505961887
http,onnx-fp32,64,1,1,57,64,7.244199980050325,8834.653954370182
http,onnx-fp32,64,1,1,58,64,7.26000004215166,8815.42694606269
http,onnx-fp32,64,1,1,59,64,6.996500014793128,9147.430838945314
http,onnx-fp32,64,1,1,60,64,7.337199989706278,8722.673511665047
http,onnx-fp32,64,1,1,61,64,11.483500013127923,5573.21373508384
http,onnx-fp32,64,1,1,62,64,9.171799989417195,6977.910559960516
http,onnx-fp32,64,1,1,63,64,10.356899991165847,6179.4552476696945
http,onnx-fp32,64,1,1,64,64,10.921599983703345,5859.94726921857
http,onnx-fp32,64,1,1,65,64,10.111300041899085,6329.552059062392
http,onnx-fp32,64,1,1,66,64,6.625300040468574,9659.939868243855
http,onnx-fp32,64,1,1,67,64,6.468200008384883,9894.56107062788
http,onnx-fp32,64,1,1,68,64,6.706799962557852,9542.553879241026
http,onnx-fp32,64,1,1,69,64,6.154300004709512,10399.233048604177
http,onnx-fp32,64,1,2,0,64,5.4240000317804515,11799.409960363095
http,onnx-fp32,64,1,2,1,64,5.334600049536675,11997.150565309686
http,onnx-fp32,64,1,2,2,64,5.508099973667413,11619.251703121758
http,onnx-fp32,64,1,2,3,64,5.617299990262836,11393.374060658884
http,onnx-fp32,64,1,2,4,64,8.60800000373274,7434.944234694154
http,onnx-fp32,64,1,2,5,64,8.614399994257838,7429.420510152877
http,onnx-fp32,64,1,2,6,64,8.386900008190423,7630.948257103257
http,onnx-fp32,64,1,2,7,64,8.008300035726279,7991.708566672825
http,onnx-fp32,64,1,2,8,64,6.045199988875538,10586.911949608566
http,onnx-fp32,64,1,2,9,64,5.839400051627308,10960.030043183058
http,onnx-fp32,64,1,2,10,64,5.569599976297468,11490.950925087014
http,onnx-fp32,64,1,2,11,64,5.2489000372588634,12193.030834213174
http,onnx-fp32,64,1,2,12,64,5.529000016395003,11575.330043447719
http,onnx-fp32,64,1,2,13,64,5.233300034888089,12229.377175652151
http,onnx-fp32,64,1,2,14,64,5.0941999652422965,12563.307376363651
http,onnx-fp32,64,1,2,15,64,5.334500048775226,11997.375464396908
http,onnx-fp32,64,1,2,16,64,5.250699992757291,12188.851027154533
http,onnx-fp32,64,1,2,17,64,5.073099979199469,12615.560557136732
http,onnx-fp32,64,1,2,18,64,5.171799974050373,12374.801871905622
http,onnx-fp32,64,1,2,19,64,8.257500012405217,7750.529809730911
http,onnx-fp32,64,1,2,20,64,8.618899970315397,7425.54156799873
http,onnx-fp32,64,1,2,21,64,8.456099953036755,7568.500887577176
http,onnx-fp32,64,1,2,22,64,8.68949998402968,7365.210900238768
http,onnx-fp32,64,1,2,23,64,5.597499955911189,11433.675838159386
http,onnx-fp32,64,1,2,24,64,6.124600011389703,10449.661999311213
http,onnx-fp32,64,1,2,25,64,5.366199999116361,11926.502927684156
http,onnx-fp32,64,1,2,26,64,5.1855999627150595,12341.86988201286
http,onnx-fp32,64,1,2,27,64,5.354900029487908,11951.670366873377
http,onnx-fp32,64,1,2,28,64,5.501899984665215,11632.345222264947
http,onnx-fp32,64,1,2,29,64,5.182199995033443,12349.967207235695
http,onnx-fp32,64,1,2,30,64,5.116200016345829,12509.284194426602
http,onnx-fp32,64,1,2,31,64,5.4979000124149024,11640.80828234062
http,onnx-fp32,64,1,2,32,64,5.139399960171431,12452.815600260306
http,onnx-fp32,64,1,2,33,64,5.78120001591742,11070.365983496216
http,onnx-fp32,64,1,2,34,64,5.867500032763928,10907.541481487191
http,onnx-fp32,64,1,2,35,64,5.999600049108267,10667.37773787312
http,onnx-fp32,64,1,2,36,64,7.052100030705333,9075.310860784668
http,onnx-fp32,64,1,2,37,64,6.377499958034605,10035.280348276678
http,onnx-fp32,64,1,2,38,64,5.50570001360029,11624.316588609247
http,onnx-fp32,64,1,2,39,64,6.611499993596226,9680.102860468758
http,onnx-fp32,64,1,2,40,64,5.451499950140715,11739.888211564237
http,onnx-fp32,64,1,2,41,64,5.197899998165667,12312.664734332235
http,onnx-fp32,64,1,2,42,64,5.844700033776462,10950.091472640965
http,onnx-fp32,64,1,2,43,64,5.339499970432371,11986.141090814079
http,onnx-fp32,64,1,2,44,64,5.20940002752468,12285.483867978268
http,onnx-fp32,64,1,2,45,64,5.867999978363514,10906.612173820853
http,onnx-fp32,64,1,2,46,64,5.3813999984413385,11892.815999282133
http,onnx-fp32,64,1,2,47,64,5.174699996132404,12367.866745479721
http,onnx-fp32,64,1,2,48,64,8.294300001580268,7716.142409583259
http,onnx-fp32,64,1,2,49,64,5.7548999902792275,11120.957811274619
http,onnx-fp32,64,1,2,50,64,9.041299985256046,7078.628084939884
http,onnx-fp32,64,1,2,51,64,6.362300016917288,10059.255274008563
http,onnx-fp32,64,1,2,52,64,6.651800009422004,9621.455832909378
http,onnx-fp32,64,1,2,53,64,7.200199994258583,8888.641989254938
http,onnx-fp32,64,1,2,54,64,5.782900028862059,11067.111601546001
http,onnx-fp32,64,1,2,55,64,7.653400010894984,8362.296483770993
http,onnx-fp32,64,1,2,56,64,5.566999956499785,11496.317675604865
http,onnx-fp32,64,1,2,57,64,6.513600004836917,9825.59566944154
http,onnx-fp32,64,1,2,58,64,6.238000001758337,10259.698618461043
http,onnx-fp32,64,1,2,59,64,6.251399987377226,10237.706774359065
http,onnx-fp32,64,1,2,60,64,6.6083999699912965,9684.643830673629
http,onnx-fp32,64,1,2,61,64,6.297899992205203,10162.117543818042
http,onnx-fp32,64,1,2,62,64,6.808999984059483,9399.32444556177
http,onnx-fp32,64,1,2,63,64,8.145299972966313,7857.291961304258
http,onnx-fp32,64,1,2,64,64,9.529399976599962,6716.057690636977
http,onnx-fp32,64,1,2,65,64,8.399799990002066,7619.229038331454
http,onnx-fp32,64,1,2,66,64,9.997599991038442,6401.5363744666465
http,onnx-fp32,64,1,2,67,64,10.416899982374161,6143.862387878421
http,onnx-fp32,64,1,2,68,64,5.799899983685464,11034.673042643075
http,onnx-fp32,64,1,2,69,64,7.890200009569526,8111.327966639431
http,onnx-fp32,64,4,0,0,64,8.49109998671338,7537.30377691292
http,onnx-fp32,64,4,0,1,64,33.24010001961142,1925.3853015556651
http,onnx-fp32,64,4,0,2,64,39.356499968562275,1626.160864180575
http,onnx-fp32,64,4,0,3,64,42.15880000265315,1518.0697741864647
http,onnx-fp32,64,4,0,4,64,45.74699996737763,1398.998842451716
http,onnx-fp32,64,4,0,5,64,30.72249999968335,2083.1638050503584
http,onnx-fp32,64,4,0,6,64,32.667100022081286,1959.1576833186687
http,onnx-fp32,64,4,0,7,64,38.20479998830706,1675.182176574352
http,onnx-fp32,64,4,0,8,64,35.67810001550242,1793.8174951074043
http,onnx-fp32,64,4,0,9,64,21.846799994818866,2929.4908185719687
http,onnx-fp32,64,4,0,10,64,27.331499964930117,2341.620477548629
http,onnx-fp32,64,4,0,11,64,26.793800003360957,2388.612290603497
http,onnx-fp32,64,4,0,12,64,37.93829999631271,1686.9495999088065
http,onnx-fp32,64,4,0,13,64,15.588700014632195,4105.537981995097
http,onnx-fp32,64,4,0,14,64,28.178000007756054,2271.275462502089
http,onnx-fp32,64,4,0,15,64,25.1814000075683,2541.55845110934
http,onnx-fp32,64,4,0,16,64,30.892400012817234,2071.7069561913754
http,onnx-fp32,64,4,0,17,64,37.89189999224618,1689.0153307988335
http,onnx-fp32,64,4,0,18,64,28.98780000396073,2207.8253607122792
http,onnx-fp32,64,4,0,19,64,28.014799987431616,2284.506761737102
http,onnx-fp32,64,4,0,20,64,27.441899990662932,2332.2000306748405
http,onnx-fp32,64,4,0,21,64,27.691800030879676,2311.153479681073
http,onnx-fp32,64,4,0,22,64,25.274200015701354,2532.2265377436524
http,onnx-fp32,64,4,0,23,64,23.777599970344454,2691.6089125824783
http,onnx-fp32,64,4,0,24,64,23.789700004272163,2690.2398932524097
http,onnx-fp32,64,4,0,25,64,30.379200004972517,2106.70458700441
http,onnx-fp32,64,4,0,26,64,29.802999983076006,2147.4348232172324
http,onnx-fp32,64,4,0,27,64,27.973400021437556,2287.887777351101
http,onnx-fp32,64,4,0,28,64,37.023200013209134,1728.6458214623826
http,onnx-fp32,64,4,0,29,64,34.88310001557693,1834.6993234953607
http,onnx-fp32,64,4,0,30,64,23.632500029634684,2708.134980207142
http,onnx-fp32,64,4,0,31,64,25.52090003155172,2507.748548087106
http,onnx-fp32,64,4,0,32,64,31.808300002012402,2012.0534576180098
http,onnx-fp32,64,4,0,33,64,36.17150004720315,1769.3487943956197
http,onnx-fp32,64,4,0,34,64,18.74209998641163,3414.7720931166295
http,onnx-fp32,64,4,0,35,64,19.46400001179427,3288.1216585089915
http,onnx-fp32,64,4,0,36,64,28.174600040074438,2271.5495484929306
http,onnx-fp32,64,4,0,37,64,34.325300017371774,1864.5139290147526
http,onnx-fp32,64,4,0,38,64,26.181699999142438,2444.4554785249343
http,onnx-fp32,64,4,0,39,64,28.12949998769909,2275.1915259065013
http,onnx-fp32,64,4,0,40,64,25.595699960831553,2500.419996246931
http,onnx-fp32,64,4,0,41,64,35.85200000088662,1785.1165903831663
http,onnx-fp32,64,4,0,42,64,29.36109999427572,2179.754846122166
http,onnx-fp32,64,4,0,43,64,25.175899965688586,2542.1136915551583
http,onnx-fp32,64,4,0,44,64,37.2753000119701,1716.9546584319341
http,onnx-fp32,64,4,0,45,64,25.735799979884177,2486.8082612556905
http,onnx-fp32,64,4,0,46,64,21.456000045873225,2982.8486140551413
http,onnx-fp32,64,4,0,47,64,27.48519997112453,2328.5259000202755
http,onnx-fp32,64,4,0,48,64,23.087200010195374,2772.098824098956
http,onnx-fp32,64,4,0,49,64,28.782200010027736,2223.5965276352176
http,onnx-fp32,64,4,0,50,64,19.56599997356534,3270.9802763194957
http,onnx-fp32,64,4,0,51,64,28.022499987855554,2283.879026772645
http,onnx-fp32,64,4,0,52,64,24.986700038425624,2561.362640988127
http,onnx-fp32,64,4,0,53,64,24.009099986869842,2665.6559402476764
http,onnx-fp32,64,4,0,54,64,28.92089996021241,2212.9325189758015
http,onnx-fp32,64,4,0,55,64,26.533600001130253,2412.0360598363504
http,onnx-fp32,64,4,0,56,64,18.978800042532384,3372.1836921498193
http,onnx-fp32,64,4,0,57,64,27.230000006966293,2350.3488793105685
http,onnx-fp32,64,4,0,58,64,25.628100032918155,2497.2588649878394
http,onnx-fp32,64,4,0,59,64,19.393199996557087,3300.1258178826624
http,onnx-fp32,64,4,0,60,64,29.755899973679334,2150.833954160734
http,onnx-fp32,64,4,0,61,64,24.734500038903207,2587.479023199934
http,onnx-fp32,64,4,0,62,64,21.583500027190894,2965.228064001334
http,onnx-fp32,64,4,0,63,64,21.55880001373589,2968.6253390366483
http,onnx-fp32,64,4,0,64,64,21.169899962842464,3023.1602469701406
http,onnx-fp32,64,4,0,65,64,27.198199997656047,2353.0968963209166
http,onnx-fp32,64,4,0,66,64,39.48129998752847,1621.0205849406327
http,onnx-fp32,64,4,0,67,64,21.930999995674938,2918.2435827195104
http,onnx-fp32,64,4,0,68,64,23.285200004465878,2748.52696080452
http,onnx-fp32,64,4,0,69,64,26.36050002183765,2427.875038295211
http,onnx-fp32,64,4,1,0,64,19.36749997548759,3304.5049738480125
http,onnx-fp32,64,4,1,1,64,17.2831000527367,3703.0393739962115
http,onnx-fp32,64,4,1,2,64,28.59499998157844,2238.153524785112
http,onnx-fp32,64,4,1,3,64,17.67140004085377,3621.671166519975
http,onnx-fp32,64,4,1,4,64,17.896600009407848,3576.0982514196335
http,onnx-fp32,64,4,1,5,64,40.140299999620765,1594.4076153044361
http,onnx-fp32,64,4,1,6,64,17.705500009469688,3614.6959964852704
http,onnx-fp32,64,4,1,7,64,17.910700000356883,3573.283009526415
http,onnx-fp32,64,4,1,8,64,22.157699975650758,2888.3864331735704
http,onnx-fp32,64,4,1,9,64,20.35700000124052,3143.8817112590236
http,onnx-fp32,64,4,1,10,64,25.425500003620982,2517.1579709695156
http,onnx-fp32,64,4,1,11,64,14.178099983837456,4514.003997218089
http,onnx-fp32,64,4,1,12,64,19.3678000359796,3304.4537779772136
http,onnx-fp32,64,4,1,13,64,23.763799981679767,2693.1719695225315
http,onnx-fp32,64,4,1,14,64,29.61000002687797,2161.4319467039886
http,onnx-fp32,64,4,1,15,64,26.65580000029877,2400.9783986705584
http,onnx-fp32,64,4,1,16,64,12.28099997388199,5211.302022319749
http,onnx-fp32,64,4,1,17,64,33.37780002038926,1917.4421310243567
http,onnx-fp32,64,4,1,18,64,19.17659997707233,3337.400794537031
http,onnx-fp32,64,4,1,19,64,23.26740004355088,2750.6296311666824
http,onnx-fp32,64,4,1,20,64,19.640600017737597,3258.5562529760314
http,onnx-fp32,64,4,1,21,64,23.11579999513924,2768.669049457853
http,onnx-fp32,64,4,1,22,64,20.36050002789125,3143.341269238392
http,onnx-fp32,64,4,1,23,64,21.52950002346188,2972.665409333969
http,onnx-fp32,64,4,1,24,64,20.934400032274425,3057.169056735881
http,onnx-fp32,64,4,1,25,64,19.922300009056926,3212.48048523036
http,onnx-fp32,64,4,1,26,64,16.040800022892654,3989.8259381491134
http,onnx-fp32,64,4,1,27,64,19.110799999907613,3348.8917261605684
http,onnx-fp32,64,4,1,28,64,20.498900033999234,3122.1187426569404
http,onnx-fp32,64,4,1,29,64,14.804899983573705,4322.89310100096
http,onnx-fp32,64,4,1,30,64,27.720399957615882,2308.7689967624974
http,onnx-fp32,64,4,1,31,64,13.590299990028143,4709.24115339322
http,onnx-fp32,64,4,1,32,64,27.992699993774295,2286.3103599950664
http,onnx-fp32,64,4,1,33,64,22.5870999856852,2833.475746800636
http,onnx-fp32,64,4,1,34,64,29.56399996764958,2164.79502334028
http,onnx-fp32,64,4,1,35,64,30.162899987772107,2121.8118956050407
http,onnx-fp32,64,4,1,36,64,21.80500002577901,2935.106623450395
http,onnx-fp32,64,4,1,37,64,21.80159999988973,2935.56436226349
http,onnx-fp32,64,4,1,38,64,25.76950000366196,2483.5561415978314
http,onnx-fp32,64,4,1,39,64,22.047300008125603,2902.8497809896267
http,onnx-fp32,64,4,1,40,64,12.910100049339235,4957.358948064516
http,onnx-fp32,64,4,1,41,64,15.518900007009506,4124.003632415492
http,onnx-fp32,64,4,1,42,64,20.797699980903417,3077.263354061517
http,onnx-fp32,64,4,1,43,64,20.81799996085465,3074.2626630965074
http,onnx-fp32,64,4,1,44,64,18.661300011444837,3429.557424228177
http,onnx-fp32,64,4,1,45,64,25.315299979411066,2528.1154105245128
http,onnx-fp32,64,4,1,46,64,22.18869997886941,2884.3510462959994
http,onnx-fp32,64,4,1,47,64,25.709099951200187,2489.3909207822057
http,onnx-fp32,64,4,1,48,64,29.575100052170455,2163.982535548622
http,onnx-fp32,64,4,1,49,64,18.72729999013245,3417.4707530568776
http,onnx-fp32,64,4,1,50,64,23.37680000346154,2737.7570920965723
http,onnx-fp32,64,4,1,51,64,20.907400001306087,3061.117116236448
http,onnx-fp32,64,4,1,52,64,25.932200020179152,2467.974176899699
http,onnx-fp32,64,4,1,53,64,20.873900037258863,3066.0298212486987
http,onnx-fp32,64,4,1,54,64,17.385999963153154,3681.122750237994
http,onnx-fp32,64,4,1,55,64,17.453900014515966,3666.8022589090588
http,onnx-fp32,64,4,1,56,64,24.87749996362254,2572.6057720263234
http,onnx-fp32,64,4,1,57,64,20.349300000816584,3145.071329108706
http,onnx-fp32,64,4,1,58,64,19.303300010506064,3315.4952762049597
http,onnx-fp32,64,4,1,59,64,19.65649996418506,3255.920439376827
http,onnx-fp32,64,4,1,60,64,20.95279999775812,3054.484365184977
http,onnx-fp32,64,4,1,61,64,24.41409998573363,2621.43597500618
http,onnx-fp32,64,4,1,62,64,25.46430000802502,2513.3225723789988
http,onnx-fp32,64,4,1,63,64,25.288500008173287,2530.7946291521876
http,onnx-fp32,64,4,1,64,64,27.350899996235967,2339.9595628958346
http,onnx-fp32,64,4,1,65,64,18.864700046833605,3392.5797834639966
http,onnx-fp32,64,4,1,66,64,26.046200015116483,2457.172254027697
http,onnx-fp32,64,4,1,67,64,31.364399997983128,2040.5300278059037
http,onnx-fp32,64,4,1,68,64,17.80910004163161,3593.6683970773256
http,onnx-fp32,64,4,1,69,64,14.31230001617223,4471.678201804251
http,onnx-fp32,64,4,2,0,64,17.854399979114532,3584.5505911632436
http,onnx-fp32,64,4,2,1,64,16.31870004348457,3921.881021739397
http,onnx-fp32,64,4,2,2,64,20.598400034941733,3107.0374345305813
http,onnx-fp32,64,4,2,3,64,27.42030000081286,2334.037191354681
http,onnx-fp32,64,4,2,4,64,20.389099954627454,3138.932083437785
http,onnx-fp32,64,4,2,5,64,22.379999980330467,2859.6961597966438
http,onnx-fp32,64,4,2,6,64,16.416599974036217,3898.492994969703
http,onnx-fp32,64,4,2,7,64,27.69000001717359,2311.3037183209326
http,onnx-fp32,64,4,2,8,64,11.012400034815073,5811.630507216198
http,onnx-fp32,64,4,2,9,64,18.282399978488684,3500.634494120206
http,onnx-fp32,64,4,2,10,64,22.294200025498867,2870.701793596557
http,onnx-fp32,64,4,2,11,64,25.93080000951886,2468.1074234696357
http,onnx-fp32,64,4,2,12,64,29.853800020646304,2143.78068975269
http,onnx-fp32,64,4,2,13,64,20.060099952388555,3190.412817079684
http,onnx-fp32,64,4,2,14,64,19.68729996588081,3250.8266806984993
http,onnx-fp32,64,4,2,15,64,14.038800029084086,4558.794189489959
http,onnx-fp32,64,4,2,16,64,15.014800010249019,4262.4610355325385
http,onnx-fp32,64,4,2,17,64,24.895899987313896,2570.7044144864103
http,onnx-fp32,64,4,2,18,64,16.043700044974685,3989.1047464482176
http,onnx-fp32,64,4,2,19,64,21.818999957758933,2933.2233431368295
http,onnx-fp32,64,4,2,20,64,23.87909998651594,2680.1680145457553
http,onnx-fp32,64,4,2,21,64,24.35159997548908,2628.1640657870003
http,onnx-fp32,64,4,2,22,64,33.933900005649775,1886.0195848206192
http,onnx-fp32,64,4,2,23,64,45.7777000265196,1398.0606269629973
http,onnx-fp32,64,4,2,24,64,21.867600036785007,2926.7043430619347
http,onnx-fp32,64,4,2,25,64,30.531800002790987,2096.1751352409487
http,onnx-fp32,64,4,2,26,64,27.42419997230172,2333.7052699673873
http,onnx-fp32,64,4,2,27,64,26.235500001348555,2439.442739673735
http,onnx-fp32,64,4,2,28,64,30.018300050869584,2132.032789716419
http,onnx-fp32,64,4,2,29,64,23.26119999634102,2751.3627848119263
http,onnx-fp32,64,4,2,30,64,25.087399990297854,2551.0814203445143
http,onnx-fp32,64,4,2,31,64,20.159400010015815,3174.6976580752807
http,onnx-fp32,64,4,2,32,64,25.791199994273484,2481.466547280086
http,onnx-fp32,64,4,2,33,64,21.36319997953251,2995.805874649707
http,onnx-fp32,64,4,2,34,64,18.382699985522777,3481.534271374877
http,onnx-fp32,64,4,2,35,64,41.482699976768345,1542.8118236238738
http,onnx-fp32,64,4,2,36,64,27.004199975635856,2370.0017055770236
http,onnx-fp32,64,4,2,37,64,24.53260001493618,2608.7736302322173
http,onnx-fp32,64,4,2,38,64,33.74240000266582,1896.723410158841
http,onnx-fp32,64,4,2,39,64,26.647099992260337,2401.7622937801425
http,onnx-fp32,64,4,2,40,64,21.964000014122576,2913.859040195265
http,onnx-fp32,64,4,2,41,64,21.198400005232543,3019.0957800684228
http,onnx-fp32,64,4,2,42,64,15.684999991208315,4080.3315292236525
http,onnx-fp32,64,4,2,43,64,21.310599986463785,3003.200287211621
http,onnx-fp32,64,4,2,44,64,24.220199964474887,2642.4224446483663
http,onnx-fp32,64,4,2,45,64,28.62869994714856,2235.51890648721
http,onnx-fp32,64,4,2,46,64,23.177600000053644,2761.2867596235965
http,onnx-fp32,64,4,2,47,64,21.347699977923185,2997.9810502389428
http,onnx-fp32,64,4,2,48,64,29.519999981857836,2168.0216815492076
http,onnx-fp32,64,4,2,49,64,29.773500049486756,2149.5625268653375
http,onnx-fp32,64,4,2,50,64,32.89019997464493,1945.8683756662358
http,onnx-fp32,64,4,2,51,64,27.898899978026748,2293.997256178795
http,onnx-fp32,64,4,2,52,64,21.48160000797361,2979.293906238095
http,onnx-fp32,64,4,2,53,64,29.40420003142208,2176.559808857509
http,onnx-fp32,64,4,2,54,64,32.81800000695512,1950.149307893122
http,onnx-fp32,64,4,2,55,64,19.039599981624633,3361.4151590247293
http,onnx-fp32,64,4,2,56,64,25.42129997164011,2517.5738483633063
http,onnx-fp32,64,4,2,57,64,19.919799990020692,3212.8836651001693
http,onnx-fp32,64,4,2,58,64,19.537600048352033,3275.7349849322104
http,onnx-fp32,64,4,2,59,64,29.07059999415651,2201.5369484243415
http,onnx-fp32,64,4,2,60,64,21.128499996848404,3029.0839392075372
http,onnx-fp32,64,4,2,61,64,24.226900015491992,2641.691671616052
http,onnx-fp32,64,4,2,62,64,23.968600027728826,2670.1601230760075
http,onnx-fp32,64,4,2,63,64,28.022700047586113,2283.862721697761
http,onnx-fp32,64,4,2,64,64,27.75949996430427,2305.5170331705226
http,onnx-fp32,64,4,2,65,64,27.061800006777048,2364.9572454150343
http,onnx-fp32,64,4,2,66,64,27.00100000947714,2370.2825812946376
http,onnx-fp32,64,4,2,67,64,17.579499981366098,3640.6041166039226
http,onnx-fp32,64,4,2,68,64,20.347899990156293,3145.2877216303054
http,onnx-fp32,64,4,2,69,64,9.85849997960031,6491.859829835363
http,onnx-int8,1,1,0,0,1,1.455600024200976,687.001912183212
http,onnx-int8,1,1,0,1,1,1.9209000165574253,520.5893026083511
http,onnx-int8,1,1,0,2,1,2.2481000050902367,444.820069274392
http,onnx-int8,1,1,0,3,1,1.6577999922446907,603.209075086303
http,onnx-int8,1,1,0,4,1,1.5508999931626022,644.7869007728832
http,onnx-int8,1,1,0,5,1,1.4737999881617725,678.5181218838729
http,onnx-int8,1,1,0,6,1,1.4581000432372093,685.8239972202759
http,onnx-int8,1,1,0,7,1,1.4776000170968473,676.7731378108507
http,onnx-int8,1,1,0,8,1,1.589599996805191,629.0890802779438
http,onnx-int8,1,1,0,9,1,2.0506999571807683,487.6383775687817
http,onnx-int8,1,1,0,10,1,2.726700040511787,366.7436773911902
http,onnx-int8,1,1,0,11,1,2.622300002258271,381.34462080571274
http,onnx-int8,1,1,0,12,1,1.788900000974536,559.0027388088947
http,onnx-int8,1,1,0,13,1,1.5681000077165663,637.7144283394135
http,onnx-int8,1,1,0,14,1,1.4893999905325472,671.4113108342654
http,onnx-int8,1,1,0,15,1,1.4574999804608524,686.1063556816009
http,onnx-int8,1,1,0,16,1,1.442000037059188,693.4812581831815
http,onnx-int8,1,1,0,17,1,1.3424999779090285,744.8789694265178
http,onnx-int8,1,1,0,18,1,1.4118999824859202,708.2654666793809
http,onnx-int8,1,1,0,19,1,1.4055999927222729,711.4399581514413
http,onnx-int8,1,1,0,20,1,1.8333999905735254,545.4347142694046
http,onnx-int8,1,1,0,21,1,2.813099999912083,355.4797198930904
http,onnx-int8,1,1,0,22,1,2.166599966585636,461.55267027715723
http,onnx-int8,1,1,0,23,1,1.570100022945553,636.9020988382454
http,onnx-int8,1,1,0,24,1,1.6792999813333154,595.4862211134124
http,onnx-int8,1,1,0,25,1,1.5722999814897776,636.0109468757261
http,onnx-int8,1,1,0,26,1,1.5400999691337347,649.3084994751824
http,onnx-int8,1,1,0,27,1,1.514200004749,660.4147383857419
http,onnx-int8,1,1,0,28,1,1.5824000001884997,631.9514660521216
http,onnx-int8,1,1,0,29,1,1.6420000465586782,609.013381026274
http,onnx-int8,1,1,0,30,1,2.712499990593642,368.663595748491
http,onnx-int8,1,1,0,31,1,1.9223999697715044,520.1831126323101
http,onnx-int8,1,1,0,32,1,1.726799993775785,579.1058626386839
http,onnx-int8,1,1,0,33,1,1.588699989952147,629.4454625319919
http,onnx-int8,1,1,0,34,1,1.5150999533943832,660.0224610657738
http,onnx-int8,1,1,0,35,1,1.5384999569505453,649.9837685937256
http,onnx-int8,1,1,0,36,1,2.73060001200065,366.21987680550916
http,onnx-int8,1,1,0,37,1,2.1607999806292355,462.7915628307231
http,onnx-int8,1,1,0,38,1,2.55419994937256,391.51202717925446
http,onnx-int8,1,1,0,39,1,2.37800000468269,420.5214457656974
http,onnx-int8,1,1,0,40,1,2.4919999996200204,401.2841092104654
http,onnx-int8,1,1,0,41,1,1.6739999991841614,597.3715654046349
http,onnx-int8,1,1,0,42,1,1.4712000265717506,679.7172253525853
http,onnx-int8,1,1,0,43,1,1.3769000070169568,726.2691516477599
http,onnx-int8,1,1,0,44,1,1.3968999846838415,715.8708647465041
http,onnx-int8,1,1,0,45,1,3.40330001199618,293.8324556974504
http,onnx-int8,1,1,0,46,1,2.061599981971085,485.0601517001883
http,onnx-int8,1,1,0,47,1,2.0692000398412347,483.2785524577546
http,onnx-int8,1,1,0,48,1,1.6393999685533345,609.9792724056448
http,onnx-int8,1,1,0,49,1,1.497599994763732,667.735045069738
http,onnx-int8,1,1,0,50,1,1.4260000316426158,701.2622565289115
http,onnx-int8,1,1,0,51,1,1.4260000316426158,701.2622565289115
http,onnx-int8,1,1,0,52,1,1.4232000103220344,702.6419285745544
http,onnx-int8,1,1,0,53,1,1.417500025127083,705.4673596286865
http,onnx-int8,1,1,0,54,1,1.433099969290197,697.7880269548064
http,onnx-int8,1,1,0,55,1,1.4598999987356365,684.9784237729034
http,onnx-int8,1,1,0,56,1,1.6268999897874892,614.6659329259835
http,onnx-int8,1,1,0,57,1,2.276899991557002,439.19364210466466
http,onnx-int8,1,1,0,58,1,2.010099997278303,497.487687853346
http,onnx-int8,1,1,0,59,1,1.9737999537028372,506.636955849556
http,onnx-int8,1,1,0,60,1,1.8254999886266887,547.7951280362885
http,onnx-int8,1,1,0,61,1,1.493800024036318,669.4336483527111
http,onnx-int8,1,1,0,62,1,1.4390000142157078,694.92702579647
http,onnx-int8,1,1,0,63,1,1.408000010997057,710.2272671801068
http,onnx-int8,1,1,0,64,1,1.431400014553219,698.6167317541411
http,onnx-int8,1,1,0,65,1,1.443199987988919,692.904662086013
http,onnx-int8,1,1,0,66,1,2.303199958987534,434.1785419445696
http,onnx-int8,1,1,0,67,1,1.908999984152615,523.8344726565775
http,onnx-int8,1,1,0,68,1,1.4853000175207853,673.2646523960644
http,onnx-int8,1,1,0,69,1,1.4066000003367662,710.934167325879
http,onnx-int8,1,1,1,0,1,1.9147999701090157,522.2477624872048
http,onnx-int8,1,1,1,1,1,4.25810000160709,234.84652770545088
http,onnx-int8,1,1,1,2,1,3.2236999832093716,310.2025638888532
http,onnx-int8,1,1,1,3,1,3.2427000114694238,308.38498672803587
http,onnx-int8,1,1,1,4,1,3.526999964378774,283.52707969934283
http,onnx-int8,1,1,1,5,1,2.418800024315715,413.42814203208167
http,onnx-int8,1,1,1,6,1,2.2874000133015215,437.1775789913758
http,onnx-int8,1,1,1,7,1,3.233900002669543,309.22415633585234
http,onnx-int8,1,1,1,8,1,2.2822999744676054,438.1544981760214
http,onnx-int8,1,1,1,9,1,3.243400016799569,308.31842967885035
http,onnx-int8,1,1,1,10,1,3.100499976426363,322.52862686765775
http,onnx-int8,1,1,1,11,1,2.661100006662309,375.78444909864635
http,onnx-int8,1,1,1,12,1,2.9392000287771225,340.2286303106965
http,onnx-int8,1,1,1,13,1,3.9177999715320766,255.24529257907588
http,onnx-int8,1,1,1,14,1,2.287500014062971,437.15846725781563
http,onnx-int8,1,1,1,15,1,2.184599987231195,457.7497051382023
http,onnx-int8,1,1,1,16,1,2.1099000005051494,473.956111550586
http,onnx-int8,1,1,1,17,1,2.470900013577193,404.710831885209
http,onnx-int8,1,1,1,18,1,2.532700018491596,394.835548110262
http,onnx-int8,1,1,1,19,1,3.671799961011857,272.3459912354334
http,onnx-int8,1,1,1,20,1,2.817199972923845,354.9623773999064
http,onnx-int8,1,1,1,21,1,3.6607999936677516,273.1643361368402
http,onnx-int8,1,1,1,22,1,3.766499983612448,265.4984745389274
http,onnx-int8,1,1,1,23,1,2.9955999925732613,333.8229411400774
http,onnx-int8,1,1,1,24,1,5.178700026590377,193.09865311090311
http,onnx-int8,1,1,1,25,1,2.9233000241219997,342.0791542942451
http,onnx-int8,1,1,1,26,1,2.772500040009618,360.68529686893385
http,onnx-int8,1,1,1,27,1,2.565000031609088,389.863542953906
http,onnx-int8,1,1,1,28,1,2.368599991314113,422.19032494600077
http,onnx-int8,1,1,1,29,1,3.564200014807284,280.5678682019954
http,onnx-int8,1,1,1,30,1,3.0186999938450754,331.26842748167496
http,onnx-int8,1,1,1,31,1,2.515900006983429,397.4720764832791
http,onnx-int8,1,1,1,32,1,3.2361000194214284,309.01393467399276
http,onnx-int8,1,1,1,33,1,3.084499971009791,324.20165647549805
http,onnx-int8,1,1,1,34,1,2.390799985732883,418.2700376307125
http,onnx-int8,1,1,1,35,1,3.5751000395976007,279.71245249756873
http,onnx-int8,1,1,1,36,1,6.106699991505593,163.7545648862721
http,onnx-int8,1,1,1,37,1,2.3484999546781182,425.803712709485
http,onnx-int8,1,1,1,38,1,2.3302999907173216,429.12929836650613
http,onnx-int8,1,1,1,39,1,2.483899996150285,402.59269759244216
http,onnx-int8,1,1,1,40,1,3.1230999738909304,320.1946810412684
http,onnx-int8,1,1,1,41,1,2.251700032502413,444.108889090638
http,onnx-int8,1,1,1,42,1,1.9189000013284385,521.131898122731
http,onnx-int8,1,1,1,43,1,1.9133000168949366,522.6571845344379
http,onnx-int8,1,1,1,44,1,1.976999978069216,505.81689989527626
http,onnx-int8,1,1,1,45,1,2.116899995598942,472.3888715003122
http,onnx-int8,1,1,1,46,1,1.916700042784214,521.730045222617
http,onnx-int8,1,1,1,47,1,2.444499987177551,409.08161392735866
http,onnx-int8,1,1,1,48,1,2.7008000179193914,370.26066105048665
http,onnx-int8,1,1,1,49,1,2.7808999875560403,359.5958159138394
http,onnx-int8,1,1,1,50,1,2.0679000299423933,483.5823712560503
http,onnx-int8,1,1,1,51,1,1.7111999914050102,584.3852296767094
http,onnx-int8,1,1,1,52,1,1.6750000067986548,597.0149229499115
http,onnx-int8,1,1,1,53,1,1.600499963387847,624.804762808777
http,onnx-int8,1,1,1,54,1,1.5393999638035893,649.6037569918958
http,onnx-int8,1,1,1,55,1,1.7530000186525285,570.4506499484614
http,onnx-int8,1,1,1,56,1,2.613699994981289,382.5993809236545
http,onnx-int8,1,1,1,57,1,2.166600024793297,461.5526578771291
http,onnx-int8,1,1,1,58,1,1.9394000410102308,515.6233777736239
http,onnx-int8,1,1,1,59,1,1.9035000004805624,525.3480429459088
http,onnx-int8,1,1,1,60,1,1.8353000050410628,544.8700469968265
http,onnx-int8,1,1,1,61,1,2.231099992059171,448.2094050285304
http,onnx-int8,1,1,1,62,1,2.414099988527596,414.2330494810691
http,onnx-int8,1,1,1,63,1,2.476199995726347,403.84460129468204
http,onnx-int8,1,1,1,64,1,2.65660003060475,376.4209848978882
http,onnx-int8,1,1,1,65,1,2.139699994586408,467.3552378978691
http,onnx-int8,1,1,1,66,1,2.027000009547919,493.3399088750027
http,onnx-int8,1,1,1,67,1,2.1215999731794,471.3423890656513
http,onnx-int8,1,1,1,68,1,1.9296000245958567,518.242116113905
http,onnx-int8,1,1,1,69,1,1.8865999882109463,530.0540688269034
http,onnx-int8,1,1,2,0,1,1.783600018825382,560.663820052304
http,onnx-int8,1,1,2,1,1,1.6254999791271985,615.1953324151647
http,onnx-int8,1,1,2,2,1,1.5447000041604042,647.374893057978
http,onnx-int8,1,1,2,3,1,1.511499984189868,661.5944495268909
http,onnx-int8,1,1,2,4,1,1.5965999918989837,626.3309564536623
http,onnx-int8,1,1,2,5,1,1.5221000066958368,656.9870544648328
http,onnx-int8,1,1,2,6,1,1.824099977966398,548.2155649795316
http,onnx-int8,1,1,2,7,1,2.420599979814142,413.1207173176882
http,onnx-int8,1,1,2,8,1,1.7557000392116606,569.5733768104358
http,onnx-int8,1,1,2,9,1,1.5781999682076275,633.6332658374761
http,onnx-int8,1,1,2,10,1,1.5449000056833029,647.2910844205119
http,onnx-int8,1,1,2,11,1,1.567400002386421,637.9992334295428
http,onnx-int8,1,1,2,12,1,1.6194999916478992,617.474532360117
http,onnx-int8,1,1,2,13,1,1.581599994096905,632.2711202151976
http,onnx-int8,1,1,2,14,1,1.4959999825805426,668.4492056444001
http,onnx-int8,1,1,2,15,1,1.5533000114373863,643.7906345436927
http,onnx-int8,1,1,2,16,1,2.098199969623238,476.5989965101203
http,onnx-int8,1,1,2,17,1,2.097700024023652,476.71258452000893
http,onnx-int8,1,1,2,18,1,1.5916000120341778,628.2985627286652
http,onnx-int8,1,1,2,19,1,1.4807999832555652,675.3106505319389
http,onnx-int8,1,1,2,20,1,1.4856000198051333,673.1286932341118
http,onnx-int8,1,1,2,21,1,1.6302000149153173,613.4216604408178
http,onnx-int8,1,1,2,22,1,1.5700000221841037,636.9426661592342
http,onnx-int8,1,1,2,23,1,1.4738999889232218,678.4720859727829
http,onnx-int8,1,1,2,24,1,1.4852999593131244,673.2646787807421
http,onnx-int8,1,1,2,25,1,1.451500051189214,688.9424490069429
http,onnx-int8,1,1,2,26,1,2.611399977467954,382.93635928174143
http,onnx-int8,1,1,2,27,1,4.549800010863692,219.7898803490858
http,onnx-int8,1,1,2,28,1,2.40609998581931,415.61032620990034
http,onnx-int8,1,1,2,29,1,2.112499962095171,473.3727895588708
http,onnx-int8,1,1,2,30,1,2.2336000110954046,447.70773416569733
http,onnx-int8,1,1,2,31,1,1.9104999955743551,523.4231888597149
http,onnx-int8,1,1,2,32,1,1.9665000145323575,508.5176672311414
http,onnx-int8,1,1,2,33,1,2.571399963926524,388.8932153802326
http,onnx-int8,1,1,2,34,1,2.0394999883137643,490.31625679330784
http,onnx-int8,1,1,2,35,1,1.7597000114619732,568.278680165031
http,onnx-int8,1,1,2,36,1,1.9459999748505652,513.874621235178
http,onnx-int8,1,1,2,37,1,2.0745000219903886,482.0438608819803
http,onnx-int8,1,1,2,38,1,2.009499992709607,497.6362297227986
http,onnx-int8,1,1,2,39,1,2.570300013758242,389.05964076069847
http,onnx-int8,1,1,2,40,1,3.0763999675400555,325.05526282384466
http,onnx-int8,1,1,2,41,1,2.633799973409623,379.6795542925896
http,onnx-int8,1,1,2,42,1,1.9471999839879572,513.5579335574731
http,onnx-int8,1,1,2,43,1,1.9345000036992133,516.9294381430694
http,onnx-int8,1,1,2,44,1,2.294100006110966,435.90078781928645
http,onnx-int8,1,1,2,45,1,2.522700000554323,396.40068172207
http,onnx-int8,1,1,2,46,1,1.7353000002913177,576.2692328889083
http,onnx-int8,1,1,2,47,1,1.5579999890178442,641.8485282727089
http,onnx-int8,1,1,2,48,1,3.1946999952197075,313.01843725430234
http,onnx-int8,1,1,2,49,1,2.373000024817884,421.4074966462527
http,onnx-int8,1,1,2,50,1,1.7514000064693391,570.9717918843153
http,onnx-int8,1,1,2,51,1,1.8906999612227082,528.904649341244
http,onnx-int8,1,1,2,52,1,1.6118999919854105,620.3858831020151
http,onnx-int8,1,1,2,53,1,1.5229000127874315,656.6419276401841
http,onnx-int8,1,1,2,54,1,1.507100008893758,663.5259731263756
http,onnx-int8,1,1,2,55,1,1.597599999513477,625.9389085531633
http,onnx-int8,1,1,2,56,1,1.9732000073418021,506.7909975062035
http,onnx-int8,1,1,2,57,1,2.7121000457555056,368.71796140596706
http,onnx-int8,1,1,2,58,1,2.140800002962351,467.11509651356556
http,onnx-int8,1,1,2,59,1,1.867900020442903,535.3605594815975
http,onnx-int8,1,1,2,60,1,1.68599997414276,593.119819298008
http,onnx-int8,1,1,2,61,1,1.5125999925658107,661.1133180714277
http,onnx-int8,1,1,2,62,1,1.4971999917179346,667.9134421130797
http,onnx-int8,1,1,2,63,1,1.7048000008799136,586.5790705559955
http,onnx-int8,1,1,2,64,1,1.7655999981798232,566.379701535405
http,onnx-int8,1,1,2,65,1,2.6599999982863665,375.9398498662493
http,onnx-int8,1,1,2,66,1,2.4290000437758863,411.6920469237611
http,onnx-int8,1,1,2,67,1,1.8149000243283808,550.9945377680285
http,onnx-int8,1,1,2,68,1,1.5824000001884997,631.9514660521216
http,onnx-int8,1,1,2,69,1,2.876900020055473,347.5963686707186
http,onnx-int8,1,4,0,0,1,4.212800005916506,237.3718188842547
http,onnx-int8,1,4,0,1,1,8.235099958255887,121.43143435647988
http,onnx-int8,1,4,0,2,1,7.570199959445745,132.09690699810992
http,onnx-int8,1,4,0,3,1,5.6933999876491725,175.64197178651133
http,onnx-int8,1,4,0,4,1,9.36949998140335,106.72928139012829
http,onnx-int8,1,4,0,5,1,4.2162000318057835,237.18039762257285
http,onnx-int8,1,4,0,6,1,5.501299980096519,181.77521742460138
http,onnx-int8,1,4,0,7,1,6.505400000605732,153.71844927397052
http,onnx-int8,1,4,0,8,1,5.390000005718321,185.52875676049854
http,onnx-int8,1,4,0,9,1,2.475899993441999,403.89353473433266
http,onnx-int8,1,4,0,10,1,3.5736000281758606,279.8298612367229
http,onnx-int8,1,4,0,11,1,6.282399990595877,159.1748378799344
http,onnx-int8,1,4,0,12,1,6.374099990352988,156.88489379104035
http,onnx-int8,1,4,0,13,1,6.380800041370094,156.72015946534484
http,onnx-int8,1,4,0,14,1,4.518000001553446,221.33687464722556
http,onnx-int8,1,4,0,15,1,5.115900014061481,195.46902739526107
http,onnx-int8,1,4,0,16,1,5.199100007303059,192.3409818228775
http,onnx-int8,1,4,0,17,1,5.307700019329786,188.40552336382265
http,onnx-int8,1,4,0,18,1,3.466300026047975,288.4920498760541
http,onnx-int8,1,4,0,19,1,5.331700027454644,187.55743850004262
http,onnx-int8,1,4,0,20,1,5.138800013810396,194.59796009039565
http,onnx-int8,1,4,0,21,1,4.67450002906844,213.92662183794775
http,onnx-int8,1,4,0,22,1,6.20940001681447,161.04615539216255
http,onnx-int8,1,4,0,23,1,2.3272999678738415,429.6824705899743
http,onnx-int8,1,4,0,24,1,6.102500017732382,163.86726703715576
http,onnx-int8,1,4,0,25,1,3.7805000320076942,264.51527351765003
http,onnx-int8,1,4,0,26,1,5.689300014637411,175.76854752380848
http,onnx-int8,1,4,0,27,1,5.673500010743737,176.25804143938132
http,onnx-int8,1,4,0,28,1,4.721700039226562,211.78812539811508
http,onnx-int8,1,4,0,29,1,4.57230000756681,218.70830836670294
http,onnx-int8,1,4,0,30,1,6.338900013361126,157.75607722036963
http,onnx-int8,1,4,0,31,1,7.443299982696772,134.34901217533508
http,onnx-int8,1,4,0,32,1,3.8187000318430364,261.8692203266266
http,onnx-int8,1,4,0,33,1,5.009200016502291,199.63267521871825
http,onnx-int8,1,4,0,34,1,6.951699964702129,143.84970655776118
http,onnx-int8,1,4,0,35,1,6.8239999818615615,146.54161820897363
http,onnx-int8,1,4,0,36,1,5.065100034698844,197.42946696993658
http,onnx-int8,1,4,0,37,1,4.012899997178465,249.1963419729164
http,onnx-int8,1,4,0,38,1,4.980199970304966,200.7951499864702
http,onnx-int8,1,4,0,39,1,7.119800022337586,140.4533830813521
http,onnx-int8,1,4,0,40,1,3.235700016375631,309.0521355314387
http,onnx-int8,1,4,0,41,1,4.165199992712587,240.08451016748174
http,onnx-int8,1,4,0,42,1,3.798999998252839,263.2271651644907
http,onnx-int8,1,4,0,43,1,3.6770000006072223,271.9608375944681
http,onnx-int8,1,4,0,44,1,6.6524000139907,150.32168809706187
http,onnx-int8,1,4,0,45,1,2.859200001694262,349.74818110220866
http,onnx-int8,1,4,0,46,1,5.512500007171184,181.40589545561994
http,onnx-int8,1,4,0,47,1,4.171800042968243,239.70468136063832
http,onnx-int8,1,4,0,48,1,5.810000002384186,172.11703951628934
http,onnx-int8,1,4,0,49,1,5.5207000114023685,181.13644971373475
http,onnx-int8,1,4,0,50,1,3.6395000061020255,274.76301643725486
http,onnx-int8,1,4,0,51,1,4.661599989049137,214.5186207201742
http,onnx-int8,1,4,0,52,1,2.7754000038839877,360.3084235067257
http,onnx-int8,1,4,0,53,1,5.826500011608005,171.6296229310431
http,onnx-int8,1,4,0,54,1,6.530400016345084,153.1299763409711
http,onnx-int8,1,4,0,55,1,2.749199979007244,363.7421823206572
http,onnx-int8,1,4,0,56,1,4.691899986937642,213.1332728284966
http,onnx-int8,1,4,0,57,1,4.654799995478243,214.83200158361652
http,onnx-int8,1,4,0,58,1,5.875099974218756,170.20986951510992
http,onnx-int8,1,4,0,59,1,5.026899976655841,198.92975882628417
http,onnx-int8,1,4,0,60,1,3.542700025718659,282.27058253320325
http,onnx-int8,1,4,0,61,1,3.683399991132319,271.48829950791975
http,onnx-int8,1,4,0,62,1,5.069000006187707,197.27756929952736
http,onnx-int8,1,4,0,63,1,5.55460003670305,180.0309641364481
http,onnx-int8,1,4,0,64,1,3.151399956550449,317.3192910412454
http,onnx-int8,1,4,0,65,1,4.156699986197054,240.57545729079558
http,onnx-int8,1,4,0,66,1,3.850500041153282,259.706528843585
http,onnx-int8,1,4,0,67,1,3.5942000104114413,278.2260300214974
http,onnx-int8,1,4,0,68,1,4.911900032311678,203.58720524069216
http,onnx-int8,1,4,0,69,1,2.2671999759040773,441.07269346685496
http,onnx-int8,1,4,1,0,1,5.576400028076023,179.327163576
http,onnx-int8,1,4,1,1,1,9.535400022286922,104.87237008019775
http,onnx-int8,1,4,1,2,1,9.140399983152747,109.40440263480413
http,onnx-int8,1,4,1,3,1,10.536000016145408,94.91268018864807
http,onnx-int8,1,4,1,4,1,6.867900025099516,145.6049150898218
http,onnx-int8,1,4,1,5,1,4.972800030373037,201.09394986570263
http,onnx-int8,1,4,1,6,1,4.906499991193414,203.8112711290903
http,onnx-int8,1,4,1,7,1,4.137400013860315,241.69768372649344
http,onnx-int8,1,4,1,8,1,5.221300001721829,191.5231838182502
http,onnx-int8,1,4,1,9,1,3.1039000023156404,322.1753275730397
http,onnx-int8,1,4,1,10,1,5.89100003708154,169.750465745271
http,onnx-int8,1,4,1,11,1,4.650399961974472,215.03526754189525
http,onnx-int8,1,4,1,12,1,3.102299990132451,322.3414895982724
http,onnx-int8,1,4,1,13,1,6.2898999894969165,158.9850397732608
http,onnx-int8,1,4,1,14,1,4.534900013823062,220.51202825902413
http,onnx-int8,1,4,1,15,1,5.534800002351403,180.6750017299921
http,onnx-int8,1,4,1,16,1,6.450000044424087,155.03875862209995
http,onnx-int8,1,4,1,17,1,5.309200030751526,188.35229303998332
http,onnx-int8,1,4,1,18,1,4.854500002693385,205.99443803587963
http,onnx-int8,1,4,1,19,1,4.90709999576211,203.7863505662457
http,onnx-int8,1,4,1,20,1,5.223099957220256,191.45718216968643
http,onnx-int8,1,4,1,21,1,5.313900008331984,188.1857013553209
http,onnx-int8,1,4,1,22,1,3.3674000296741724,296.9650149040236
http,onnx-int8,1,4,1,23,1,3.978000022470951,251.3826029037692
http,onnx-int8,1,4,1,24,1,5.674299958627671,176.23319304428347
http,onnx-int8,1,4,1,25,1,4.138799966312945,241.61592928852062
http,onnx-int8,1,4,1,26,1,2.9051000019535422,344.22222964013196
http,onnx-int8,1,4,1,27,1,2.834999992046505,352.7336870566016
http,onnx-int8,1,4,1,28,1,4.5686999801546335,218.88064533538352
http,onnx-int8,1,4,1,29,1,4.751199972815812,210.47314483110407
http,onnx-int8,1,4,1,30,1,6.18269998813048,161.74163422449666
http,onnx-int8,1,4,1,31,1,3.2155000371858478,310.9936210341902
http,onnx-int8,1,4,1,32,1,5.535299947950989,180.65868325169473
http,onnx-int8,1,4,1,33,1,4.692800051998347,213.0923945021198
http,onnx-int8,1,4,1,34,1,5.591799970716238,178.83329254209943
http,onnx-int8,1,4,1,35,1,3.094899991992861,323.1122177088773
http,onnx-int8,1,4,1,36,1,4.309399984776974,232.050866369452
http,onnx-int8,1,4,1,37,1,4.206900019198656,237.7047221080579
http,onnx-int8,1,4,1,38,1,5.461000022478402,183.1166445493189
http,onnx-int8,1,4,1,39,1,4.0059000020846725,249.63179297526136
http,onnx-int8,1,4,1,40,1,3.7403000169433653,267.3582320856754
http,onnx-int8,1,4,1,41,1,4.9439999856986105,202.26537275337296
http,onnx-int8,1,4,1,42,1,4.987700027413666,200.493212202768
http,onnx-int8,1,4,1,43,1,3.2509000157006085,307.60712269537083
http,onnx-int8,1,4,1,44,1,4.547599994111806,219.89620927407677
http,onnx-int8,1,4,1,45,1,4.49820002540946,222.311145425102
http,onnx-int8,1,4,1,46,1,6.289199984166771,159.002735247333
http,onnx-int8,1,4,1,47,1,2.9129000031389296,343.30049054976274
http,onnx-int8,1,4,1,48,1,3.8164000143297017,262.02704020679977
http,onnx-int8,1,4,1,49,1,5.0487000262364745,198.07078947121454
http,onnx-int8,1,4,1,50,1,2.930500020738691,341.2386940532865
http,onnx-int8,1,4,1,51,1,4.8955000238493085,204.26922584584216
http,onnx-int8,1,4,1,52,1,3.5955000203102827,278.12543299991484
http,onnx-int8,1,4,1,53,1,3.590199979953468,278.5360162619579
http,onnx-int8,1,4,1,54,1,3.819999983534217,261.7801058404226
http,onnx-int8,1,4,1,55,1,4.205400007776916,237.7895082871382
http,onnx-int8,1,4,1,56,1,3.513399977236986,284.6245820228022
http,onnx-int8,1,4,1,57,1,4.006400005891919,249.6006386105664
http,onnx-int8,1,4,1,58,1,4.302999994251877,232.3960030991961
http,onnx-int8,1,4,1,59,1,4.049899987876415,246.91967776822926
http,onnx-int8,1,4,1,60,1,3.3730000141076744,296.4719821575659
http,onnx-int8,1,4,1,61,1,3.492599993478507,286.3196477888197
http,onnx-int8,1,4,1,62,1,3.5167000023648143,284.3574940505438
http,onnx-int8,1,4,1,63,1,3.6909999907948077,270.92928813165975
http,onnx-int8,1,4,1,64,1,5.182199995033443,192.96823761305774
http,onnx-int8,1,4,1,65,1,3.406599978916347,293.54782075649047
http,onnx-int8,1,4,1,66,1,3.1239999807439744,320.1024347515687
http,onnx-int8,1,4,1,67,1,2.908599970396608,343.8080211022085
http,onnx-int8,1,4,1,68,1,2.564300026278943,389.9699683157203
http,onnx-int8,1,4,1,69,1,2.943500003311783,339.73161164426114
http,onnx-int8,1,4,2,0,1,4.52940003015101,220.7797927635595
http,onnx-int8,1,4,2,1,1,6.3661999884061515,157.07957679952827
http,onnx-int8,1,4,2,2,1,5.061500007286668,197.56989006428407
http,onnx-int8,1,4,2,3,1,8.448399952612817,118.36560835294408
http,onnx-int8,1,4,2,4,1,9.288899949751794,107.65537420033475
http,onnx-int8,1,4,2,5,1,4.323800036218017,231.2780405253638
http,onnx-int8,1,4,2,6,1,4.832599952351302,206.9279497288928
http,onnx-int8,1,4,2,7,1,4.4716999982483685,223.62859771266295
http,onnx-int8,1,4,2,8,1,4.174700006842613,239.53817001483532
http,onnx-int8,1,4,2,9,1,5.891599983442575,169.733179918926
http,onnx-int8,1,4,2,10,1,3.605299978516996,277.36942999437736
http,onnx-int8,1,4,2,11,1,5.18859998555854,192.73021677972974
http,onnx-int8,1,4,2,12,1,4.935400036629289,202.61782075986812
http,onnx-int8,1,4,2,13,1,4.810000013094395,207.90020733423543
http,onnx-int8,1,4,2,14,1,3.0196000006981194,331.1696912732826
http,onnx-int8,1,4,2,15,1,3.973499988205731,251.66729658191312
http,onnx-int8,1,4,2,16,1,5.258799996227026,190.15745050533565
http,onnx-int8,1,4,2,17,1,4.498699971009046,222.28643973687866
http,onnx-int8,1,4,2,18,1,4.4778999872505665,223.31896711565474
http,onnx-int8,1,4,2,19,1,3.7601999938488007,265.94330132329935
http,onnx-int8,1,4,2,20,1,4.272199992556125,234.0714390109074
http,onnx-int8,1,4,2,21,1,4.090600006747991,244.46291457252394
http,onnx-int8,1,4,2,22,1,6.185199948959053,161.67626079223137
http,onnx-int8,1,4,2,23,1,3.752599994186312,266.48190629143596
http,onnx-int8,1,4,2,24,1,4.861900000832975,205.68090660619777
http,onnx-int8,1,4,2,25,1,5.930199986323714,168.6283771721375
http,onnx-int8,1,4,2,26,1,3.7091999547556043,269.59991701657646
http,onnx-int8,1,4,2,27,1,5.906999984290451,169.29067253419336
http,onnx-int8,1,4,2,28,1,3.8558999658562243,259.3428275772046
http,onnx-int8,1,4,2,29,1,4.4074999750591815,226.88599107401527
http,onnx-int8,1,4,2,30,1,4.448599996976554,224.7898216696578
http,onnx-int8,1,4,2,31,1,6.2565000262111425,159.83377220659702
http,onnx-int8,1,4,2,32,1,3.485299996100366,286.91934729259475
http,onnx-int8,1,4,2,33,1,5.448599986266345,183.53338518529242
http,onnx-int8,1,4,2,34,1,4.350500006694347,229.8586365845872
http,onnx-int8,1,4,2,35,1,5.417599983047694,184.58358002235627
http,onnx-int8,1,4,2,36,1,5.884799989871681,169.92930969975163
http,onnx-int8,1,4,2,37,1,4.474600020330399,223.4836623288088
http,onnx-int8,1,4,2,38,1,5.600599979516119,178.5522986211199
http,onnx-int8,1,4,2,39,1,7.201300002634525,138.86381620459636
http,onnx-int8,1,4,2,40,1,3.309299994725734,302.17870896980355
http,onnx-int8,1,4,2,41,1,6.200700008776039,161.2721142104391
http,onnx-int8,1,4,2,42,1,5.019899981562048,199.20715625270861
http,onnx-int8,1,4,2,43,1,7.409800018649548,134.95640874019864
http,onnx-int8,1,4,2,44,1,6.916500045917928,144.58179619187501
http,onnx-int8,1,4,2,45,1,5.995000014081597,166.80567100101914
http,onnx-int8,1,4,2,46,1,4.787600017152727,208.87292096609156
http,onnx-int8,1,4,2,47,1,6.0471000033430755,165.36852366376618
http,onnx-int8,1,4,2,48,1,6.951500021386892,143.8538440514153
http,onnx-int8,1,4,2,49,1,4.265399998985231,234.444600796621
http,onnx-int8,1,4,2,50,1,6.314500002190471,158.36566626860474
http,onnx-int8,1,4,2,51,1,6.237299996428192,160.32578208081267
http,onnx-int8,1,4,2,52,1,5.365899996832013,186.362026983431
http,onnx-int8,1,4,2,53,1,4.371799994260073,228.73873491764118
http,onnx-int8,1,4,2,54,1,5.593900044914335,178.76615455600512
http,onnx-int8,1,4,2,55,1,5.052599997725338,197.91790374266643
http,onnx-int8,1,4,2,56,1,5.660600028932095,176.65971714815822
http,onnx-int8,1,4,2,57,1,7.906600018031895,126.47661418553955
http,onnx-int8,1,4,2,58,1,8.761000004597008,114.14222114773283
http,onnx-int8,1,4,2,59,1,9.919799980707467,100.80848423807446
http,onnx-int8,1,4,2,60,1,9.35030000982806,106.94844004458726
http,onnx-int8,1,4,2,61,1,6.104700034484267,163.80821241849623
http,onnx-int8,1,4,2,62,1,4.753799992613494,210.35802969283748
http,onnx-int8,1,4,2,63,1,3.9257999742403626,254.72515323287675
http,onnx-int8,1,4,2,64,1,6.279900029767305,159.2382036752031
http,onnx-int8,1,4,2,65,1,5.01980003900826,199.21112240111574
http,onnx-int8,1,4,2,66,1,5.116500018630177,195.44610502468572
http,onnx-int8,1,4,2,67,1,5.522599967662245,181.07413280982345
http,onnx-int8,1,4,2,68,1,5.038200004491955,198.48358523052295
http,onnx-int8,1,4,2,69,1,3.5715000121854246,279.9943991566987
http,onnx-int8,8,1,0,0,8,3.799099999014288,2105.7618915205376
http,onnx-int8,8,1,0,1,8,4.632399999536574,1726.9665833693812
http,onnx-int8,8,1,0,2,8,2.575599995907396,3106.072376421775
http,onnx-int8,8,1,0,3,8,3.6017000093124807,2221.173329071096
http,onnx-int8,8,1,0,4,8,2.5930999545380473,3085.1105396070916
http,onnx-int8,8,1,0,5,8,3.3819000236690044,2365.534150628393
http,onnx-int8,8,1,0,6,8,2.6138999965041876,3060.5608518685285
http,onnx-int8,8,1,0,7,8,3.2183000002987683,2485.78442011538
http,onnx-int8,8,1,0,8,8,2.8040999895893037,2852.965311401646
http,onnx-int8,8,1,0,9,8,3.1838000286370516,2512.7206256809754
http,onnx-int8,8,1,0,10,8,3.0440999544225633,2628.0345980023917
http,onnx-int8,8,1,0,11,8,3.0448000179603696,2627.430357596683
http,onnx-int8,8,1,0,12,8,2.8609000146389008,2796.3228211628884
http,onnx-int8,8,1,0,13,8,3.209899994544685,2492.2894836587507
http,onnx-int8,8,1,0,14,8,2.8294999501667917,2827.354706095125
http,onnx-int8,8,1,0,15,8,3.028700011782348,2641.3972888956114
http,onnx-int8,8,1,0,16,8,2.3714000126346946,3373.534602925032
http,onnx-int8,8,1,0,17,8,2.133400004822761,3749.8828076850155
http,onnx-int8,8,1,0,18,8,2.100100042298436,3809.3423355415343
http,onnx-int8,8,1,0,19,8,2.1432999637909234,3732.5620002578376
http,onnx-int8,8,1,0,20,8,2.0664000185206532,3871.4672514023896
http,onnx-int8,8,1,0,21,8,2.0588000188581645,3885.7586587923665
http,onnx-int8,8,1,0,22,8,2.45939998421818,3252.8259133672896
http,onnx-int8,8,1,0,23,8,2.651600050739944,3017.0462539279083
http,onnx-int8,8,1,0,24,8,4.054899967741221,1972.9216660445495
http,onnx-int8,8,1,0,25,8,4.011699988041073,1994.1670672902007
http,onnx-int8,8,1,0,26,8,3.850499982945621,2077.6522621563613
http,onnx-int8,8,1,0,27,8,2.5043999776244164,3194.3779234451645
http,onnx-int8,8,1,0,28,8,2.6026999694295228,3073.731161472866
http,onnx-int8,8,1,0,29,8,2.5192000321112573,3175.6112646979714
http,onnx-int8,8,1,0,30,8,2.339499944355339,3419.5341698135585
http,onnx-int8,8,1,0,31,8,4.044500004965812,1977.99480533506
http,onnx-int8,8,1,0,32,8,3.3734000171534717,2371.494622434527
http,onnx-int8,8,1,0,33,8,3.0328999855555594,2637.7394698475623
http,onnx-int8,8,1,0,34,8,6.174899986945093,1295.5675422943714
http,onnx-int8,8,1,0,35,8,2.855400030966848,2801.709012131366
http,onnx-int8,8,1,0,36,8,2.9356000013649464,2725.1669152065315
http,onnx-int8,8,1,0,37,8,2.398400043603033,3335.5569773847565
http,onnx-int8,8,1,0,38,8,3.6533999955281615,2189.741065799575
http,onnx-int8,8,1,0,39,8,2.2486000088974833,3557.7692645845445
http,onnx-int8,8,1,0,40,8,2.06840003374964,3867.7237814086807
http,onnx-int8,8,1,0,41,8,3.611799969803542,2214.9620872927653
http,onnx-int8,8,1,0,42,8,2.2692999918945134,3525.316189386332
http,onnx-int8,8,1,0,43,8,2.6282999897375703,3043.792577421416
http,onnx-int8,8,1,0,44,8,3.3700999920256436,2373.8168063053504
http,onnx-int8,8,1,0,45,8,5.1176000270061195,1563.2327571094163
http,onnx-int8,8,1,0,46,8,4.18399996124208,1912.045906813318
http,onnx-int8,8,1,0,47,8,4.1930999723263085,1907.8963184275437
http,onnx-int8,8,1,0,48,8,4.147799976635724,1928.7333152667575
http,onnx-int8,8,1,0,49,8,5.20940002752468,1535.6854834972835
http,onnx-int8,8,1,0,50,8,3.1290999613702297,2556.6457124293365
http,onnx-int8,8,1,0,51,8,4.8531999927945435,1648.3969364290474
http,onnx-int8,8,1,0,52,8,5.245300009846687,1525.1749156353458
http,onnx-int8,8,1,0,53,8,4.478300048504025,1786.392138390191
http,onnx-int8,8,1,0,54,8,4.2912999633699656,1864.2369604285564
http,onnx-int8,8,1,0,55,8,3.3288999693468213,2403.1962731429617
http,onnx-int8,8,1,0,56,8,3.0082999728620052,2659.3092684134963
http,onnx-int8,8,1,0,57,8,4.961400001775473,1612.4480987497766
http,onnx-int8,8,1,0,58,8,3.4487000084482133,2319.7146694124035
http,onnx-int8,8,1,0,59,8,4.449100000783801,1798.1164726777629
http,onnx-int8,8,1,0,60,8,5.162200017366558,1549.7268554272555
http,onnx-int8,8,1,0,61,8,4.47589997202158,1787.3500413340848
http,onnx-int8,8,1,0,62,8,3.9822999970056117,2008.889336819274
http,onnx-int8,8,1,0,63,8,2.777900022920221,2879.8732618138406
http,onnx-int8,8,1,0,64,8,2.1844999864697456,3662.16527788969
http,onnx-int8,8,1,0,65,8,2.8362000011838973,2820.675550617238
http,onnx-int8,8,1,0,66,8,2.2186999558471143,3605.7151301224717
http,onnx-int8,8,1,0,67,8,2.0628999918699265,3878.0357901637094
http,onnx-int8,8,1,0,68,8,2.38540000282228,3353.7352186362123
http,onnx-int8,8,1,0,69,8,2.124899998307228,3764.883056319398
http,onnx-int8,8,1,1,0,8,2.5709999608807266,3111.629763409061
http,onnx-int8,8,1,1,1,8,2.3024000111036003,3474.635146551008
http,onnx-int8,8,1,1,2,8,2.222699986305088,3599.226188550451
http,onnx-int8,8,1,1,3,8,2.6510999887250364,3017.615342319604
http,onnx-int8,8,1,1,4,8,2.3179000127129257,3451.399955184697
http,onnx-int8,8,1,1,5,8,2.215599990449846,3610.7600805575535
http,onnx-int8,8,1,1,6,8,2.870400028768927,2787.0679765255873
http,onnx-int8,8,1,1,7,8,2.298999985214323,3479.7738370816933
http,onnx-int8,8,1,1,8,8,2.274799975566566,3516.7927228447875
http,onnx-int8,8,1,1,9,8,2.523300005123019,3170.4513865801596
http,onnx-int8,8,1,1,10,8,2.2458999883383512,3562.046414149933
http,onnx-int8,8,1,1,11,8,2.22389999544248,3597.2840579138874
http,onnx-int8,8,1,1,12,8,2.287000010255724,3498.032341112875
http,onnx-int8,8,1,1,13,8,2.6500000385567546,3018.867880604623
http,onnx-int8,8,1,1,14,8,3.0664000078104436,2608.922508356104
http,onnx-int8,8,1,1,15,8,3.103499999269843,2577.734816137313
http,onnx-int8,8,1,1,16,8,2.87730002310127,2780.384365818507
http,onnx-int8,8,1,1,17,8,3.215900040231645,2487.639509909565
http,onnx-int8,8,1,1,18,8,3.8660999853163958,2069.268780006809
http,onnx-int8,8,1,1,19,8,3.0387999722734094,2632.618162759486
http,onnx-int8,8,1,1,20,8,3.456799953710288,2314.2791330500218
http,onnx-int8,8,1,1,21,8,3.5081999958492815,2280.371703285212
http,onnx-int8,8,1,1,22,8,3.135400009341538,2551.508571845693
http,onnx-int8,8,1,1,23,8,2.8759000124409795,2781.737878713605
http,onnx-int8,8,1,1,24,8,3.7985999952070415,2106.0390696820295
http,onnx-int8,8,1,1,25,8,5.691300029866397,1405.6542368207918
http,onnx-int8,8,1,1,26,8,3.201700048521161,2498.672542324861
http,onnx-int8,8,1,1,27,8,2.4031000211834908,3329.03330260058
http,onnx-int8,8,1,1,28,8,2.292599994689226,3489.487925731432
http,onnx-int8,8,1,1,29,8,2.063599997200072,3876.7202998907437
http,onnx-int8,8,1,1,30,8,2.0053000189363956,3989.4279780853803
http,onnx-int8,8,1,1,31,8,2.0834000315517187,3839.877065779629
http,onnx-int8,8,1,1,32,8,2.1581999608315527,3706.792764891723
http,onnx-int8,8,1,1,33,8,2.007799979764968,3984.460643802016
http,onnx-int8,8,1,1,34,8,2.1031000069342554,3803.9085034580985
http,onnx-int8,8,1,1,35,8,2.019300009123981,3961.7689119263587
http,onnx-int8,8,1,1,36,8,2.1159000461921096,3780.896935276901
http,onnx-int8,8,1,1,37,8,2.025800000410527,3949.057161802155
http,onnx-int8,8,1,1,38,8,1.9628999871201813,4075.602451726028
http,onnx-int8,8,1,1,39,8,1.9561999943107367,4089.561406434205
http,onnx-int8,8,1,1,40,8,2.0391999860294163,3923.1071277011065
http,onnx-int8,8,1,1,41,8,2.055699995253235,3891.618435799289
http,onnx-int8,8,1,1,42,8,3.031300031580031,2639.1316981678287
http,onnx-int8,8,1,1,43,8,2.9004999669268727,2758.145178838299
http,onnx-int8,8,1,1,44,8,2.882600005250424,2775.2723185418176
http,onnx-int8,8,1,1,45,8,2.802999981213361,2854.084928155071
http,onnx-int8,8,1,1,46,8,2.6723999762907624,2993.563864307408
http,onnx-int8,8,1,1,47,8,2.678199962247163,2987.080917321626
http,onnx-int8,8,1,1,48,8,2.610200026538223,3064.899210276232
http,onnx-int8,8,1,1,49,8,2.6140999980270863,3060.326692183834
http,onnx-int8,8,1,1,50,8,2.831100020557642,2825.7567524669225
http,onnx-int8,8,1,1,51,8,2.583800000138581,3096.2148771464217
http,onnx-int8,8,1,1,52,8,2.5396000128239393,3150.1023624205695
http,onnx-int8,8,1,1,53,8,3.0578000005334616,2616.2600557931605
http,onnx-int8,8,1,1,54,8,2.960599958896637,2702.1550061027015
http,onnx-int8,8,1,1,55,8,2.524400013498962,3169.069861044544
http,onnx-int8,8,1,1,56,8,2.8882999904453754,2769.7953905288077
http,onnx-int8,8,1,1,57,8,3.054100030567497,2619.4295929833975
http,onnx-int8,8,1,1,58,8,2.742699987720698,2916.8337899940507
http,onnx-int8,8,1,1,59,8,2.1379999816417694,3741.8148122979883
http,onnx-int8,8,1,1,60,8,1.9765000324696302,4047.5587495963896
http,onnx-int8,8,1,1,61,8,1.9629999878816307,4075.3948290306366
http,onnx-int8,8,1,1,62,8,2.078799996525049,3848.3740683918177
http,onnx-int8,8,1,1,63,8,2.169500046875328,3687.4855160856914
http,onnx-int8,8,1,1,64,8,2.0066999713890254,3986.6447969610767
http,onnx-int8,8,1,1,65,8,1.9253999926149845,4154.980799150617
http,onnx-int8,8,1,1,66,8,1.9250999903306365,4155.628299923266
http,onnx-int8,8,1,1,67,8,2.6345999795012176,3036.5141054599717
http,onnx-int8,8,1,1,68,8,2.5671999901533127,3116.2355993629626
http,onnx-int8,8,1,1,69,8,3.5010999999940395,2284.996144072897
http,onnx-int8,8,1,2,0,8,3.215600037947297,2487.8715964647336
http,onnx-int8,8,1,2,1,8,2.291100041475147,3491.77244781032
http,onnx-int8,8,1,2,2,8,2.0454999757930636,3911.024245746231
http,onnx-int8,8,1,2,3,8,1.9725000020116568,4055.7667892730997
http,onnx-int8,8,1,2,4,8,2.056199999060482,3890.6721153853505
http,onnx-int8,8,1,2,5,8,2.031700045336038,3937.5891231408723
http,onnx-int8,8,1,2,6,8,2.01339996419847,3973.37843560794
http,onnx-int8,8,1,2,7,8,4.266300005838275,1875.161144094952
http,onnx-int8,8,1,2,8,8,4.368999972939491,1831.082638944845
http,onnx-int8,8,1,2,9,8,2.5109999696724117,3185.9817190852814
http,onnx-int8,8,1,2,10,8,2.444499987177551,3272.6529114188693
http,onnx-int8,8,1,2,11,8,4.605599970091134,1737.0158181240604
http,onnx-int8,8,1,2,12,8,3.8463000091724098,2079.9209580433435
http,onnx-int8,8,1,2,13,8,3.159400017466396,2532.1263391064376
http,onnx-int8,8,1,2,14,8,2.6843000086955726,2980.2928041145356
http,onnx-int8,8,1,2,15,8,3.1863999902270734,2510.6703566835918
http,onnx-int8,8,1,2,16,8,6.861999980174005,1165.8408660906375
http,onnx-int8,8,1,2,17,8,5.317899980582297,1504.3532276295314
http,onnx-int8,8,1,2,18,8,2.402299956884235,3330.1420070689005
http,onnx-int8,8,1,2,19,8,2.0809000125154853,3844.4903416234984
http,onnx-int8,8,1,2,20,8,1.9688000320456922,4063.3888001756873
http,onnx-int8,8,1,2,21,8,4.1992999613285065,1905.0794355421779
http,onnx-int8,8,1,2,22,8,2.8108999831601977,2846.0635554189575
http,onnx-int8,8,1,2,23,8,2.6177000254392624,3056.1179364536097
http,onnx-int8,8,1,2,24,8,3.0563000473193824,2617.544048731941
http,onnx-int8,8,1,2,25,8,1.9935000455006957,4013.0422961644263
http,onnx-int8,8,1,2,26,8,1.8434000085107982,4339.806858557437
http,onnx-int8,8,1,2,27,8,2.702199970372021,2960.550694883848
http,onnx-int8,8,1,2,28,8,2.376299991738051,3366.57830569141
http,onnx-int8,8,1,2,29,8,1.9808000070042908,4038.7721989657034
http,onnx-int8,8,1,2,30,8,1.8779999809339643,4259.850948465639
http,onnx-int8,8,1,2,31,8,1.8615999724715948,4297.378662602053
http,onnx-int8,8,1,2,32,8,1.9537000334821641,4094.7944223255467
http,onnx-int8,8,1,2,33,8,1.872599998023361,4272.135003975472
http,onnx-int8,8,1,2,34,8,1.8748000147752464,4267.121792699074
http,onnx-int8,8,1,2,35,8,2.592200005892664,3086.1816147728446
http,onnx-int8,8,1,2,36,8,2.1140999742783606,3784.1162184067325
http,onnx-int8,8,1,2,37,8,1.8763000261969864,4263.710434527334
http,onnx-int8,8,1,2,38,8,1.8297000206075609,4372.301420941975
http,onnx-int8,8,1,2,39,8,1.8382000271230936,4352.083495788289
http,onnx-int8,8,1,2,40,8,1.8610000261105597,4298.764045006375
http,onnx-int8,8,1,2,41,8,1.8714999896474183,4274.646029523709
http,onnx-int8,8,1,2,42,8,1.8891000072471797,4234.820797898202
http,onnx-int8,8,1,2,43,8,2.235999971162528,3577.817577448665
http,onnx-int8,8,1,2,44,8,3.2606999739073217,2453.460932933838
http,onnx-int8,8,1,2,45,8,2.6517999940551817,3016.8187713758352
http,onnx-int8,8,1,2,46,8,2.4606999941170216,3251.1074162336713
http,onnx-int8,8,1,2,47,8,2.466199977789074,3243.8569751232935
http,onnx-int8,8,1,2,48,8,2.4350000312551856,3285.420902387499
http,onnx-int8,8,1,2,49,8,3.9923000149428844,2003.857418043882
http,onnx-int8,8,1,2,50,8,3.2204000162892044,2484.16344539031
http,onnx-int8,8,1,2,51,8,2.498999994713813,3201.2805189766177
http,onnx-int8,8,1,2,52,8,2.4352999753318727,3285.016253042828
http,onnx-int8,8,1,2,53,8,2.174499968532473,3679.0067214390638
http,onnx-int8,8,1,2,54,8,2.193499996792525,3647.1392804641478
http,onnx-int8,8,1,2,55,8,2.7620000182650983,2896.4518273338244
http,onnx-int8,8,1,2,56,8,3.9621000178158283,2019.1312596924622
http,onnx-int8,8,1,2,57,8,2.790300000924617,2867.075223936155
http,onnx-int8,8,1,2,58,8,2.941699989605695,2719.5159357743746
http,onnx-int8,8,1,2,59,8,2.096200012601912,3816.4297070440266
http,onnx-int8,8,1,2,60,8,1.845399965532124,4335.103581565954
http,onnx-int8,8,1,2,61,8,1.7670000088401139,4527.4476287361895
http,onnx-int8,8,1,2,62,8,2.411099965684116,3317.987687719166
http,onnx-int8,8,1,2,63,8,2.419200027361512,3306.878269477021
http,onnx-int8,8,1,2,64,8,1.9531999714672565,4095.8427794724716
http,onnx-int8,8,1,2,65,8,1.8191999988630414,4397.537381816082
http,onnx-int8,8,1,2,66,8,1.7995000234805048,4445.679297367717
http,onnx-int8,8,1,2,67,8,1.8421999993734062,4342.633808881265
http,onnx-int8,8,1,2,68,8,1.8171000410802662,4402.619459104739
http,onnx-int8,8,1,2,69,8,1.8023999873548746,4438.526440371573
http,onnx-int8,8,4,0,0,8,7.297899981494993,1096.2057606003502
http,onnx-int8,8,4,0,1,8,5.582899961154908,1432.9470446654893
http,onnx-int8,8,4,0,2,8,12.692400021478534,630.2984452477162
http,onnx-int8,8,4,0,3,8,12.173700029961765,657.1543557267303
http,onnx-int8,8,4,0,4,8,14.116999984253198,566.692640711454
http,onnx-int8,8,4,0,5,8,3.5040000220760703,2283.1050084469216
http,onnx-int8,8,4,0,6,8,7.312800036743283,1093.972207609106
http,onnx-int8,8,4,0,7,8,11.626899999100715,688.0595860133623
http,onnx-int8,8,4,0,8,8,10.780299955513328,742.0943789146229
http,onnx-int8,8,4,0,9,8,11.25729997875169,710.6499795777062
http,onnx-int8,8,4,0,10,8,7.355500012636185,1087.6215058468647
http,onnx-int8,8,4,0,11,8,12.12410000152886,659.842792371491
http,onnx-int8,8,4,0,12,8,8.909299969673157,897.9381126723343
http,onnx-int8,8,4,0,13,8,7.126700016669929,1122.5391810076685
http,onnx-int8,8,4,0,14,8,10.366000002250075,771.7538103669203
http,onnx-int8,8,4,0,15,8,10.756600007880479,743.7294306880478
http,onnx-int8,8,4,0,16,8,7.314099988434464,1093.777773430788
http,onnx-int8,8,4,0,17,8,11.425399978179485,700.1943052565863
http,onnx-int8,8,4,0,18,8,7.013600028585643,1140.641035615667
http,onnx-int8,8,4,0,19,8,5.48340001842007,1458.9488224689171
http,onnx-int8,8,4,0,20,8,5.532699986360967,1445.94863623933
http,onnx-int8,8,4,0,21,8,7.822500017937273,1022.6909532317947
http,onnx-int8,8,4,0,22,8,3.2279000151902437,2478.3915122378726
http,onnx-int8,8,4,0,23,8,10.78010001219809,742.1081428695186
http,onnx-int8,8,4,0,24,8,10.576099972240627,756.4225017726586
http,onnx-int8,8,4,0,25,8,14.043100003618747,569.6747867592263
http,onnx-int8,8,4,0,26,8,13.757599983364344,581.496773396056
http,onnx-int8,8,4,0,27,8,8.411199960391968,951.1128064570698
http,onnx-int8,8,4,0,28,8,9.296200005337596,860.5666826667501
http,onnx-int8,8,4,0,29,8,8.736799994949251,915.6670639850751
http,onnx-int8,8,4,0,30,8,10.45839994912967,764.9353666825244
http,onnx-int8,8,4,0,31,8,8.716900018043816,917.7574577476113
http,onnx-int8,8,4,0,32,8,7.4189999722875655,1078.3124450576443
http,onnx-int8,8,4,0,33,8,5.806100030895323,1377.8612075972742
http,onnx-int8,8,4,0,34,8,7.609299966134131,1051.3450692711176
http,onnx-int8,8,4,0,35,8,5.386499979067594,1485.1944734222025
http,onnx-int8,8,4,0,36,8,5.485399975441396,1458.4168949970253
http,onnx-int8,8,4,0,37,8,7.674799999222159,1042.3724397783394
http,onnx-int8,8,4,0,38,8,9.445399977266788,846.9731318159548
http,onnx-int8,8,4,0,39,8,5.960999988019466,1342.0567045929467
http,onnx-int8,8,4,0,40,8,7.481899985577911,1069.2471184352607
http,onnx-int8,8,4,0,41,8,10.63189998967573,752.4525256791846
http,onnx-int8,8,4,0,42,8,10.501899989321828,761.7669191417057
http,onnx-int8,8,4,0,43,8,8.924799971282482,896.3786332177493
http,onnx-int8,8,4,0,44,8,7.777499966323376,1028.6081690311862
http,onnx-int8,8,4,0,45,8,7.500600011553615,1066.5813385165359
http,onnx-int8,8,4,0,46,8,8.328399970196187,960.5686600822016
http,onnx-int8,8,4,0,47,8,11.32700004382059,706.277034435466
http,onnx-int8,8,4,0,48,8,7.665500044822693,1043.6370691046084
http,onnx-int8,8,4,0,49,8,7.114900043234229,1124.4008983102215
http,onnx-int8,8,4,0,50,8,9.29409998934716,860.7611290140574
http,onnx-int8,8,4,0,51,8,12.036699976306409,664.6339956755229
http,onnx-int8,8,4,0,52,8,10.549300001002848,758.3441554642958
http,onnx-int8,8,4,0,53,8,10.216300026513636,783.0623590965585
http,onnx-int8,8,4,0,54,8,9.985800017602742,801.1376140016605
http,onnx-int8,8,4,0,55,8,10.059599997475743,795.2602491160127
http,onnx-int8,8,4,0,56,8,7.909799984190613,1011.40357733314
http,onnx-int8,8,4,0,57,8,6.104600033722818,1310.487166367441
http,onnx-int8,8,4,0,58,8,7.307699997909367,1094.7356900650943
http,onnx-int8,8,4,0,59,8,9.181900008115917,871.2793640672157
http,onnx-int8,8,4,0,60,8,7.901099976152182,1012.5172474903909
http,onnx-int8,8,4,0,61,8,8.7817000458017,910.9853397719489
http,onnx-int8,8,4,0,62,8,8.87319998582825,901.5913100997527
http,onnx-int8,8,4,0,63,8,11.499700020067394,695.6703206205127
http,onnx-int8,8,4,0,64,8,5.5754000204615295,1434.874622563452
http,onnx-int8,8,4,0,65,8,6.718299991916865,1190.777430246523
http,onnx-int8,8,4,0,66,8,8.649000024888664,924.9624207398451
http,onnx-int8,8,4,0,67,8,8.460799988824874,945.5370663018267
http,onnx-int8,8,4,0,68,8,4.953199997544289,1615.1175005988578
http,onnx-int8,8,4,0,69,8,3.8789999671280384,2062.387230676647
http,onnx-int8,8,4,1,0,8,5.043899989686906,1586.0742711705886
http,onnx-int8,8,4,1,1,8,5.1930000190623105,1540.5353303743188
http,onnx-int8,8,4,1,2,8,8.77710001077503,911.4627827162686
http,onnx-int8,8,4,1,3,8,6.316500017419457,1266.5241792033303
http,onnx-int8,8,4,1,4,8,7.7414000406861305,1033.4048050681733
http,onnx-int8,8,4,1,5,8,11.763399990741163,680.0754889144897
http,onnx-int8,8,4,1,6,8,5.396099993959069,1482.5522152954902
http,onnx-int8,8,4,1,7,8,6.775999965611845,1180.6375502656356
http,onnx-int8,8,4,1,8,8,7.869300025049597,1016.6088438024168
http,onnx-int8,8,4,1,9,8,9.006100008264184,888.2868270015916
http,onnx-int8,8,4,1,10,8,6.241599970962852,1281.7226411845631
http,onnx-int8,8,4,1,11,8,6.831200036685914,1171.0973118979425
http,onnx-int8,8,4,1,12,8,6.47020002361387,1236.4378181204472
http,onnx-int8,8,4,1,13,8,7.421799993608147,1077.9056302904705
http,onnx-int8,8,4,1,14,8,3.4472999977879226,2320.6567473482064
http,onnx-int8,8,4,1,15,8,5.843499966431409,1369.042533748067
http,onnx-int8,8,4,1,16,8,6.03899999987334,1324.7226362258302
http,onnx-int8,8,4,1,17,8,5.301499972119927,1509.0068927796326
http,onnx-int8,8,4,1,18,8,6.8792999954894185,1162.9090176682796
http,onnx-int8,8,4,1,19,8,6.113699986599386,1308.5365682868303
http,onnx-int8,8,4,1,20,8,5.192300013732165,1540.743019248168
http,onnx-int8,8,4,1,21,8,6.454099959228188,1239.5221720360028
http,onnx-int8,8,4,1,22,8,8.948300033807755,894.0245599471449
http,onnx-int8,8,4,1,23,8,5.6319000432267785,1420.4797561386451
http,onnx-int8,8,4,1,24,8,7.102500007022172,1126.3639552397717
http,onnx-int8,8,4,1,25,8,6.317300023511052,1266.3637899460932
http,onnx-int8,8,4,1,26,8,8.887199976015836,900.1710349254939
http,onnx-int8,8,4,1,27,8,7.7108999830670655,1037.4923831936337
http,onnx-int8,8,4,1,28,8,9.40680003259331,850.4486086959503
http,onnx-int8,8,4,1,29,8,9.277499979361892,862.3012684232032
http,onnx-int8,8,4,1,30,8,9.60089999716729,833.2552159027144
http,onnx-int8,8,4,1,31,8,6.126000022049993,1305.9092346073637
http,onnx-int8,8,4,1,32,8,8.782000048086047,910.9542195622652
http,onnx-int8,8,4,1,33,8,6.584899965673685,1214.9007641274836
http,onnx-int8,8,4,1,34,8,8.182299963664263,977.7202052633347
http,onnx-int8,8,4,1,35,8,4.474000015761703,1788.1090683541252
http,onnx-int8,8,4,1,36,8,6.650299998000264,1202.9532505910393
http,onnx-int8,8,4,1,37,8,9.839700011070818,813.0329167554967
http,onnx-int8,8,4,1,38,8,9.779200016055256,818.062825882055
http,onnx-int8,8,4,1,39,8,9.855300013441592,811.7459629933986
http,onnx-int8,8,4,1,40,8,8.718899975065142,917.5469408846188
http,onnx-int8,8,4,1,41,8,7.685300020966679,1040.9483010649906
http,onnx-int8,8,4,1,42,8,10.70169999729842,747.5447827933461
http,onnx-int8,8,4,1,43,8,10.131500021088868,789.616540822966
http,onnx-int8,8,4,1,44,8,8.453699992969632,946.3311930460102
http,onnx-int8,8,4,1,45,8,7.592200010549277,1053.7130197945378
http,onnx-int8,8,4,1,46,8,7.367599988356233,1085.8352805042637
http,onnx-int8,8,4,1,47,8,9.68830002238974,825.7382597062369
http,onnx-int8,8,4,1,48,8,7.261499995365739,1101.7007512367375
http,onnx-int8,8,4,1,49,8,6.903800007421523,1158.7821187462082
http,onnx-int8,8,4,1,50,8,8.553099993150681,935.3333886434622
http,onnx-int8,8,4,1,51,8,10.502899996936321,761.6943893908908
http,onnx-int8,8,4,1,52,8,7.181200024206191,1114.0199372018353
http,onnx-int8,8,4,1,53,8,6.444300001021475,1241.4071347907352
http,onnx-int8,8,4,1,54,8,9.0970000019297,879.4107945809608
http,onnx-int8,8,4,1,55,8,8.791100000962615,910.0112612897145
http,onnx-int8,8,4,1,56,8,4.696400021202862,1703.432408628387
http,onnx-int8,8,4,1,57,8,7.0525999763049185,1134.3334411249928
http,onnx-int8,8,4,1,58,8,7.543200044892728,1060.5578471190827
http,onnx-int8,8,4,1,59,8,9.210699994582683,868.5550506156143
http,onnx-int8,8,4,1,60,8,8.356000005733222,957.3958825408134
http,onnx-int8,8,4,1,61,8,6.673900003079325,1198.6994105858366
http,onnx-int8,8,4,1,62,8,7.104799966327846,1125.9993297369135
http,onnx-int8,8,4,1,63,8,7.630200008861721,1048.465307686403
http,onnx-int8,8,4,1,64,8,7.511999981943518,1064.9627288644144
http,onnx-int8,8,4,1,65,8,7.43609998608008,1075.8327638110711
http,onnx-int8,8,4,1,66,8,6.7523999605327845,1184.7639427106412
http,onnx-int8,8,4,1,67,8,7.4760999996215105,1070.076644293818
http,onnx-int8,8,4,1,68,8,6.722599966451526,1190.015773647579
http,onnx-int8,8,4,1,69,8,4.735899972729385,1689.2248666707915
http,onnx-int8,8,4,2,0,8,7.5950000318698585,1053.3245512087815
http,onnx-int8,8,4,2,1,8,9.529200033284724,839.5248260144239
http,onnx-int8,8,4,2,2,8,11.607999971602112,689.1798776336366
http,onnx-int8,8,4,2,3,8,6.732099980581552,1188.3364809013012
http,onnx-int8,8,4,2,4,8,6.458499992731959,1238.677712936868
http,onnx-int8,8,4,2,5,8,14.22210002783686,562.5048329249289
http,onnx-int8,8,4,2,6,8,5.153400008566678,1552.3731879344355
http,onnx-int8,8,4,2,7,8,7.339100004173815,1090.0519131024682
http,onnx-int8,8,4,2,8,8,7.013499969616532,1140.657308712786
http,onnx-int8,8,4,2,9,8,8.136700023896992,983.1995743365845
http,onnx-int8,8,4,2,10,8,5.696099950000644,1404.4697372276792
http,onnx-int8,8,4,2,11,8,5.319099989719689,1504.0138398341317
http,onnx-int8,8,4,2,12,8,6.823799980338663,1172.367306053857
http,onnx-int8,8,4,2,13,8,5.922699987422675,1350.7353094008877
http,onnx-int8,8,4,2,14,8,3.21499997517094,2488.3359445670426
http,onnx-int8,8,4,2,15,8,5.855099996551871,1366.3302086576289
http,onnx-int8,8,4,2,16,8,5.760699976235628,1388.720126547479
http,onnx-int8,8,4,2,17,8,5.965300020761788,1341.0892951161868
http,onnx-int8,8,4,2,18,8,5.9086999972350895,1353.9357225351619
http,onnx-int8,8,4,2,19,8,6.904000008944422,1158.748550063103
http,onnx-int8,8,4,2,20,8,5.5958000011742115,1429.643661017423
http,onnx-int8,8,4,2,21,8,7.971599989105016,1003.5626487698579
http,onnx-int8,8,4,2,22,8,8.08649999089539,989.3031607008247
http,onnx-int8,8,4,2,23,8,3.7130999844521284,2154.533956397193
http,onnx-int8,8,4,2,24,8,6.112599978223443,1308.772049291717
http,onnx-int8,8,4,2,25,8,6.229299993719906,1284.2534487125733
http,onnx-int8,8,4,2,26,8,6.556400039698929,1220.1817997010692
http,onnx-int8,8,4,2,27,8,9.885500010568649,809.2660959432654
http,onnx-int8,8,4,2,28,8,6.5941999782808125,1213.1873504518278
http,onnx-int8,8,4,2,29,8,7.629700005054474,1048.5340176809327
http,onnx-int8,8,4,2,30,8,7.035600021481514,1137.074304334232
http,onnx-int8,8,4,2,31,8,7.021200028248131,1139.4063646974732
http,onnx-int8,8,4,2,32,8,8.496300026308745,941.5863346666249
http,onnx-int8,8,4,2,33,8,8.027999952901155,996.5122131208987
http,onnx-int8,8,4,2,34,8,7.688899990171194,1040.4609255194487
http,onnx-int8,8,4,2,35,8,7.745500013697892,1032.8577865666548
http,onnx-int8,8,4,2,36,8,6.173399975523353,1295.8823390220714
http,onnx-int8,8,4,2,37,8,5.125999974552542,1560.6710963158628
http,onnx-int8,8,4,2,38,8,5.011900037061423,1596.2010297177753
http,onnx-int8,8,4,2,39,8,7.32360000256449,1092.3589487681818
http,onnx-int8,8,4,2,40,8,7.013999973423779,1140.5759951970629
http,onnx-int8,8,4,2,41,8,8.902500034309924,898.623978564255
http,onnx-int8,8,4,2,42,8,8.182100020349026,977.7440974937804
http,onnx-int8,8,4,2,43,8,7.671899977140129,1042.766462523952
http,onnx-int8,8,4,2,44,8,6.29089999711141,1271.6781388471215
http,onnx-int8,8,4,2,45,8,4.834699968341738,1654.7045426572631
http,onnx-int8,8,4,2,46,8,5.904000019654632,1355.0135456246119
http,onnx-int8,8,4,2,47,8,7.3161000036634505,1093.478765461666
http,onnx-int8,8,4,2,48,8,5.094600026495755,1570.2901029313348
http,onnx-int8,8,4,2,49,8,5.508300033397973,1452.3537119427647
http,onnx-int8,8,4,2,50,8,6.506500008981675,1229.5396893808768
http,onnx-int8,8,4,2,51,8,6.146400002762675,1301.5749050507893
http,onnx-int8,8,4,2,52,8,4.183600016403943,1912.2286950549549
http,onnx-int8,8,4,2,53,8,6.873800011817366,1163.8395045311884
http,onnx-int8,8,4,2,54,8,6.607900024391711,1210.672069866317
http,onnx-int8,8,4,2,55,8,7.878800039179623,1015.3830482075538
http,onnx-int8,8,4,2,56,8,6.5268000471405685,1225.715502576925
http,onnx-int8,8,4,2,57,8,4.644500033464283,1722.467422189442
http,onnx-int8,8,4,2,58,8,5.750800017267466,1391.1107977984007
http,onnx-int8,8,4,2,59,8,6.77390000782907,1181.0035564082493
http,onnx-int8,8,4,2,60,8,4.422399972099811,1808.972515030453
http,onnx-int8,8,4,2,61,8,8.622800000011921,927.7728811973999
http,onnx-int8,8,4,2,62,8,6.033600016962737,1325.9082434216666
http,onnx-int8,8,4,2,63,8,6.184800004120916,1293.4937256935748
http,onnx-int8,8,4,2,64,8,8.03790002828464,995.2848345772811
http,onnx-int8,8,4,2,65,8,9.082100004889071,880.8535466129468
http,onnx-int8,8,4,2,66,8,4.751099972054362,1683.8205988203658
http,onnx-int8,8,4,2,67,8,5.668200028594583,1411.3827951804976
http,onnx-int8,8,4,2,68,8,5.198700004257262,1538.8462487638697
http,onnx-int8,8,4,2,69,8,6.276400003116578,1274.6160212904786
http,onnx-int8,32,1,0,0,32,3.3708999981172383,9493.013740506418
http,onnx-int8,32,1,0,1,32,3.295400005299598,9710.505537579118
http,onnx-int8,32,1,0,2,32,3.3377999789081514,9587.153275274368
http,onnx-int8,32,1,0,3,32,3.3783999970182776,9471.939387947754
http,onnx-int8,32,1,0,4,32,3.221399965696037,9933.569361383497
http,onnx-int8,32,1,0,5,32,3.204600012395531,9985.645595775643
http,onnx-int8,32,1,0,6,32,3.445600043050945,9287.206756494363
http,onnx-int8,32,1,0,7,32,3.3445999724790454,9567.661383517065
http,onnx-int8,32,1,0,8,32,3.3903999719768763,9438.414424402388
http,onnx-int8,32,1,0,9,32,3.2051000162027776,9984.087809500497
http,onnx-int8,32,1,0,10,32,3.160000022035092,10126.582207867034
http,onnx-int8,32,1,0,11,32,3.16909997491166,10097.50410316166
http,onnx-int8,32,1,0,12,32,3.3978999708779156,9417.58152807899
http,onnx-int8,32,1,0,13,32,4.011799988802522,7976.469437488493
http,onnx-int8,32,1,0,14,32,4.967899993062019,6441.353498397711
http,onnx-int8,32,1,0,15,32,5.045300000347197,6342.53661780229
http,onnx-int8,32,1,0,16,32,5.1725999801419675,6186.44397843456
http,onnx-int8,32,1,0,17,32,4.676400043535978,6842.870520504864
http,onnx-int8,32,1,0,18,32,4.9094000132754445,6518.108101492895
http,onnx-int8,32,1,0,19,32,5.822299979627132,5496.109804024443
http,onnx-int8,32,1,0,20,32,5.68189995829016,5631.918941710773
http,onnx-int8,32,1,0,21,32,4.288700001779944,7461.468507174436
http,onnx-int8,32,1,0,22,32,3.562199999578297,8983.212622477191
http,onnx-int8,32,1,0,23,32,3.8457000046037138,8320.981865900247
http,onnx-int8,32,1,0,24,32,3.480600018519908,9193.817109041933
http,onnx-int8,32,1,0,25,32,3.282099962234497,9749.85538777252
http,onnx-int8,32,1,0,26,32,3.1574000022374094,10134.92113046305
http,onnx-int8,32,1,0,27,32,3.552999987732619,9006.473433854726
http,onnx-int8,32,1,0,28,32,3.415699990000576,9368.504287167974
http,onnx-int8,32,1,0,29,32,3.221500024665147,9933.260827252727
http,onnx-int8,32,1,0,30,32,3.189300012309104,10033.549643023858
http,onnx-int8,32,1,0,31,32,3.1205000123009086,10254.766823860615
http,onnx-int8,32,1,0,32,32,4.854700004216284,6591.550450534153
http,onnx-int8,32,1,0,33,32,3.3301999792456627,9609.032550426131
http,onnx-int8,32,1,0,34,32,3.2604000298306346,9814.746567053086
http,onnx-int8,32,1,0,35,32,3.1943999929353595,10017.530700842179
http,onnx-int8,32,1,0,36,32,3.2466999837197363,9856.161690473684
http,onnx-int8,32,1,0,37,32,5.357099988032132,5973.381133726948
http,onnx-int8,32,1,0,38,32,3.534400020726025,9053.870476558752
http,onnx-int8,32,1,0,39,32,3.4100000048056245,9384.164209649041
http,onnx-int8,32,1,0,40,32,3.4013999975286424,9407.890875301424
http,onnx-int8,32,1,0,41,32,3.5930000012740493,8906.206509505442
http,onnx-int8,32,1,0,42,32,3.963099967222661,8074.487210683608
http,onnx-int8,32,1,0,43,32,4.53219999326393,7060.588687074846
http,onnx-int8,32,1,0,44,32,3.6171000101603568,8846.866249236316
http,onnx-int8,32,1,0,45,32,4.246899974532425,7534.907860297118
http,onnx-int8,32,1,0,46,32,3.492599993478507,9162.22872924223
http,onnx-int8,32,1,0,47,32,3.3435000223107636,9570.808968586196
http,onnx-int8,32,1,0,48,32,3.3421999542042613,9574.531876749674
http,onnx-int8,32,1,0,49,32,3.5983999841846526,8892.841301868435
http,onnx-int8,32,1,0,50,32,3.4601999795995653,9248.02040016867
http,onnx-int8,32,1,0,51,32,3.296300012152642,9707.854225047455
http,onnx-int8,32,1,0,52,32,3.2814000151120126,9751.935104720129
http,onnx-int8,32,1,0,53,32,3.3819000236690044,9462.136602513572
http,onnx-int8,32,1,0,54,32,4.000999964773655,7998.000570292509
http,onnx-int8,32,1,0,55,32,3.426400013267994,9339.248154356443
http,onnx-int8,32,1,0,56,32,3.281500015873462,9751.63792326916
http,onnx-int8,32,1,0,57,32,3.2316999859176576,9901.909255018125
http,onnx-int8,32,1,0,58,32,3.0881999991834164,10362.023187766808
http,onnx-int8,32,1,0,59,32,3.138099971693009,10197.253206925705
http,onnx-int8,32,1,0,60,32,3.288000007160008,9732.360076130239
http,onnx-int8,32,1,0,61,32,3.1433000112883747,10180.383636649387
http,onnx-int8,32,1,0,62,32,3.14539996907115,10173.586925242369
http,onnx-int8,32,1,0,63,32,3.7680999957956374,8492.343630929352
http,onnx-int8,32,1,0,64,32,4.932399955578148,6487.713950246587
http,onnx-int8,32,1,0,65,32,4.3323999852873385,7386.206284893074
http,onnx-int8,32,1,0,66,32,4.885900008957833,6549.458634300957
http,onnx-int8,32,1,0,67,32,4.234899999573827,7556.2587081679085
http,onnx-int8,32,1,0,68,32,5.4502999992109835,5871.2364465501905
http,onnx-int8,32,1,0,69,32,4.86260000616312,6580.841516769112
http,onnx-int8,32,1,1,0,32,3.13799997093156,10197.57816967103
http,onnx-int8,32,1,1,1,32,3.4364000312052667,9312.070687176798
http,onnx-int8,32,1,1,2,32,3.1925999792292714,10023.178665723462
http,onnx-int8,32,1,1,3,32,3.316699992865324,9648.144260510864
http,onnx-int8,32,1,1,4,32,3.440600004978478,9300.703352234103
http,onnx-int8,32,1,1,5,32,3.1562999938614666,10138.453271943488
http,onnx-int8,32,1,1,6,32,3.4448999795131385,9289.094078290918
http,onnx-int8,32,1,1,7,32,3.1909000244922936,10028.518522792498
http,onnx-int8,32,1,1,8,32,3.174700017552823,10079.69251364631
http,onnx-int8,32,1,1,9,32,3.9850000175647438,8030.112888068538
http,onnx-int8,32,1,1,10,32,5.083900003228337,6294.38029459266
http,onnx-int8,32,1,1,11,32,5.356400040909648,5974.161704801573
http,onnx-int8,32,1,1,12,32,4.965399974025786,6444.596642242988
http,onnx-int8,32,1,1,13,32,3.96319996798411,8074.283472574024
http,onnx-int8,32,1,1,14,32,4.563700000289828,7011.854415927377
http,onnx-int8,32,1,1,15,32,5.095299973618239,6280.297561612723
http,onnx-int8,32,1,1,16,32,5.718400003388524,5595.970897635339
http,onnx-int8,32,1,1,17,32,5.43589994776994,5886.789732604974
http,onnx-int8,32,1,1,18,32,3.6143999896012247,8853.475014404963
http,onnx-int8,32,1,1,19,32,3.47880000481382,9198.574208267137
http,onnx-int8,32,1,1,20,32,4.19300002977252,7631.767176909863
http,onnx-int8,32,1,1,21,32,5.001500016078353,6398.080555259303
http,onnx-int8,32,1,1,22,32,4.70109999878332,6806.917531701482
http,onnx-int8,32,1,1,23,32,4.39900002675131,7274.380496794907
http,onnx-int8,32,1,1,24,32,3.6244000075384974,8829.047548129965
http,onnx-int8,32,1,1,25,32,3.76630004029721,8496.402213742584
http,onnx-int8,32,1,1,26,32,3.6853000055998564,8683.14654203881
http,onnx-int8,32,1,1,27,32,4.311600001528859,7421.838757921202
http,onnx-int8,32,1,1,28,32,4.264299990609288,7504.162481642808
http,onnx-int8,32,1,1,29,32,5.383400013670325,5944.19881835659
http,onnx-int8,32,1,1,30,32,4.182900011073798,7650.19482064675
http,onnx-int8,32,1,1,31,32,4.360000020824373,7339.449506229488
http,onnx-int8,32,1,1,32,32,3.7891999818384647,8445.054405514396
http,onnx-int8,32,1,1,33,32,4.0203999960795045,7959.407031938319
http,onnx-int8,32,1,1,34,32,4.276099964044988,7483.45461263013
http,onnx-int8,32,1,1,35,32,4.162599972914904,7687.503052951703
http,onnx-int8,32,1,1,36,32,5.209500028286129,6142.624018859573
http,onnx-int8,32,1,1,37,32,5.076300003565848,6303.803947268994
http,onnx-int8,32,1,1,38,32,4.505900025833398,7101.799821686317
http,onnx-int8,32,1,1,39,32,3.598600043915212,8892.3469153256
http,onnx-int8,32,1,1,40,32,3.5390000557526946,9042.102146334682
http,onnx-int8,32,1,1,41,32,3.9542000158689916,8092.660935607109
http,onnx-int8,32,1,1,42,32,3.7749999901279807,8476.821214220752
http,onnx-int8,32,1,1,43,32,3.805599990300834,8408.660942179156
http,onnx-int8,32,1,1,44,32,4.040599975269288,7919.615947101357
http,onnx-int8,32,1,1,45,32,4.684399988036603,6831.184374033851
http,onnx-int8,32,1,1,46,32,3.8019000203348696,8416.844164455817
http,onnx-int8,32,1,1,47,32,4.892400000244379,6540.757092306757
http,onnx-int8,32,1,1,48,32,3.93659999826923,8128.8421516204735
http,onnx-int8,32,1,1,49,32,4.623199987690896,6921.6127541959795
http,onnx-int8,32,1,1,50,32,3.7042999756522477,8638.60924070154
http,onnx-int8,32,1,1,51,32,3.480000013951212,9195.402261986492
http,onnx-int8,32,1,1,52,32,3.371700004208833,9490.761325163856
http,onnx-int8,32,1,1,53,32,3.7847000057809055,8455.0955032425
http,onnx-int8,32,1,1,54,32,4.115699965041131,7775.105151446627
http,onnx-int8,32,1,1,55,32,5.481200001668185,5838.137632317906
http,onnx-int8,32,1,1,56,32,4.436899966094643,7212.242837236284
http,onnx-int8,32,1,1,57,32,4.8254000139422715,6631.5745653294625
http,onnx-int8,32,1,1,58,32,4.491299972869456,7124.885933538626
http,onnx-int8,32,1,1,59,32,5.170300020836294,6189.195959816663
http,onnx-int8,32,1,1,60,32,5.763699999079108,5551.989174508177
http,onnx-int8,32,1,1,61,32,4.9792000208981335,6426.735191535433
http,onnx-int8,32,1,1,62,32,4.226799996104091,7570.739100382064
http,onnx-int8,32,1,1,63,32,3.5099000087939203,9117.068839518284
http,onnx-int8,32,1,1,64,32,3.5484000109136105,9018.148997176033
http,onnx-int8,32,1,1,65,32,3.47729999339208,9202.54221977099
http,onnx-int8,32,1,1,66,32,3.3430999610573053,9571.954285770002
http,onnx-int8,32,1,1,67,32,3.3126999624073505,9659.794235257421
http,onnx-int8,32,1,1,68,32,4.596899962052703,6961.213048828388
http,onnx-int8,32,1,1,69,32,4.729999986011535,6765.327715567981
http,onnx-int8,32,1,2,0,32,3.8677999982610345,8273.437099743322
http,onnx-int8,32,1,2,1,32,4.134799994062632,7739.18933103183
http,onnx-int8,32,1,2,2,32,5.725900002289563,5588.641084756013
http,onnx-int8,32,1,2,3,32,4.1248000343330204,7757.951836124438
http,onnx-int8,32,1,2,4,32,3.2595000229775906,9817.456595925296
http,onnx-int8,32,1,2,5,32,3.248699998948723,9850.093886894812
http,onnx-int8,32,1,2,6,32,3.1832000240683556,10052.777003658643
http,onnx-int8,32,1,2,7,32,3.2260000007227063,9919.404833487657
http,onnx-int8,32,1,2,8,32,3.1080999760888517,10295.679111412603
http,onnx-int8,32,1,2,9,32,3.0870999908074737,10365.71542719287
http,onnx-int8,32,1,2,10,32,3.3559000003151596,9535.445036203348
http,onnx-int8,32,1,2,11,32,3.3061999711208045,9678.785396986128
http,onnx-int8,32,1,2,12,32,3.2489000004716218,9849.487517422749
http,onnx-int8,32,1,2,13,32,3.091600025072694,10350.62742284962
http,onnx-int8,32,1,2,14,32,3.077100031077862,10399.40192935193
http,onnx-int8,32,1,2,15,32,3.2478999928571284,9852.520111572181
http,onnx-int8,32,1,2,16,32,3.0515000107698143,10486.64587483558
http,onnx-int8,32,1,2,17,32,3.2288000220432878,9910.802707362898
http,onnx-int8,32,1,2,18,32,3.0758000211790204,10403.797314408532
http,onnx-int8,32,1,2,19,32,3.049999999348074,10491.803280931108
http,onnx-int8,32,1,2,20,32,3.674000035971403,8709.85293595383
http,onnx-int8,32,1,2,21,32,4.354199976660311,7349.226074027066
http,onnx-int8,32,1,2,22,32,4.968399996869266,6440.705261284143
http,onnx-int8,32,1,2,23,32,5.924400000367314,5401.390857811086
http,onnx-int8,32,1,2,24,32,5.0956999766640365,6279.804569842277
http,onnx-int8,32,1,2,25,32,4.210099985357374,7600.769604355058
http,onnx-int8,32,1,2,26,32,5.091800005175173,6284.614471793086
http,onnx-int8,32,1,2,27,32,5.89690002379939,5426.580045591872
http,onnx-int8,32,1,2,28,32,5.472899996675551,5846.991543685802
http,onnx-int8,32,1,2,29,32,5.321300006471574,6013.568105741595
http,onnx-int8,32,1,2,30,32,3.416099993046373,9367.407296372312
http,onnx-int8,32,1,2,31,32,3.2751000253483653,9770.693948987475
http,onnx-int8,32,1,2,32,32,3.400099987629801,9411.487931655533
http,onnx-int8,32,1,2,33,32,3.26550001045689,9799.418128166762
http,onnx-int8,32,1,2,34,32,3.257500007748604,9823.484243708892
http,onnx-int8,32,1,2,35,32,3.16620001103729,10106.752538831672
http,onnx-int8,32,1,2,36,32,3.234500007238239,9893.337433417733
http,onnx-int8,32,1,2,37,32,3.3817000221461058,9462.696215051048
http,onnx-int8,32,1,2,38,32,3.2546999864280224,9831.935396023844
http,onnx-int8,32,1,2,39,32,3.3769000438041985,9476.14663890106
http,onnx-int8,32,1,2,40,32,3.5710999509319663,8960.824518968957
http,onnx-int8,32,1,2,41,32,3.694400016684085,8661.758297825489
http,onnx-int8,32,1,2,42,32,4.259300010744482,7512.971596101944
http,onnx-int8,32,1,2,43,32,4.469400038942695,7159.797673329347
http,onnx-int8,32,1,2,44,32,4.72780002746731,6768.475784527302
http,onnx-int8,32,1,2,45,32,6.399400008376688,5000.468787403918
http,onnx-int8,32,1,2,46,32,5.544300016481429,5771.69343377419
http,onnx-int8,32,1,2,47,32,5.244800006039441,6101.281262040817
http,onnx-int8,32,1,2,48,32,3.4918999881483614,9164.065439620032
http,onnx-int8,32,1,2,49,32,3.4841999877244234,9184.3178097534
http,onnx-int8,32,1,2,50,32,4.288999945856631,7460.946701786149
http,onnx-int8,32,1,2,51,32,3.3131999662145972,9658.336450051547
http,onnx-int8,32,1,2,52,32,3.308699990157038,9671.472208177209
http,onnx-int8,32,1,2,53,32,3.577800001949072,8944.043820942316
http,onnx-int8,32,1,2,54,32,3.705000039190054,8636.976966671094
http,onnx-int8,32,1,2,55,32,3.372300008777529,9489.072714974762
http,onnx-int8,32,1,2,56,32,3.3437999663874507,9569.950452081594
http,onnx-int8,32,1,2,57,32,3.30389995360747,9685.523305589131
http,onnx-int8,32,1,2,58,32,3.4306999878026545,9327.542517203852
http,onnx-int8,32,1,2,59,32,4.868999996688217,6572.191419545219
http,onnx-int8,32,1,2,60,32,4.830099991522729,6625.121644720181
http,onnx-int8,32,1,2,61,32,4.668299981858581,6854.743723487089
http,onnx-int8,32,1,2,62,32,4.482800024561584,7138.395606466873
http,onnx-int8,32,1,2,63,32,4.884699999820441,6551.067619541896
http,onnx-int8,32,1,2,64,32,5.203799984883517,6149.352414188974
http,onnx-int8,32,1,2,65,32,5.237800010945648,6109.435246311099
http,onnx-int8,32,1,2,66,32,5.126699979882687,6241.832002178572
http,onnx-int8,32,1,2,67,32,5.805199965834618,5512.299350294532
http,onnx-int8,32,1,2,68,32,3.6466000019572675,8775.297532722096
http,onnx-int8,32,1,2,69,32,3.641999966930598,8786.381189061058
http,onnx-int8,32,4,0,0,32,6.5058000036515296,4918.687937231281
http,onnx-int8,32,4,0,1,32,17.373999988194555,1841.8326247118484
http,onnx-int8,32,4,0,2,32,20.65780002158135,1549.0516883002726
http,onnx-int8,32,4,0,3,32,18.899100017733872,1693.2023202148762
http,onnx-int8,32,4,0,4,32,18.107700045220554,1767.2040027218286
http,onnx-int8,32,4,0,5,32,11.518699990119785,2778.0912800444617
http,onnx-int8,32,4,0,6,32,9.78310004575178,3270.9468215952365
http,onnx-int8,32,4,0,7,32,12.142400024458766,2635.3933271463247
http,onnx-int8,32,4,0,8,32,15.505600022152066,2063.770505771026
http,onnx-int8,32,4,0,9,32,11.320699995849282,2826.6803299913217
http,onnx-int8,32,4,0,10,32,12.072400015313178,2650.674261903992
http,onnx-int8,32,4,0,11,32,16.917800006922334,1891.4988938813801
http,onnx-int8,32,4,0,12,32,12.168899993412197,2629.654284062129
http,onnx-int8,32,4,0,13,32,12.696999998297542,2520.2803815303355
http,onnx-int8,32,4,0,14,32,9.581300022546202,3339.8390536460934
http,onnx-int8,32,4,0,15,32,12.541499978397042,2551.528928367466
http,onnx-int8,32,4,0,16,32,12.178000004496425,2627.689274772934
http,onnx-int8,32,4,0,17,32,11.636200011707842,2750.038669651861
http,onnx-int8,32,4,0,18,32,13.494099956005812,2371.4067706870496
http,onnx-int8,32,4,0,19,32,15.489100012928247,2065.968970004109
http,onnx-int8,32,4,0,20,32,13.792899961117655,2320.034227044956
http,onnx-int8,32,4,0,21,32,13.47509998595342,2374.750468149188
http,onnx-int8,32,4,0,22,32,12.339500011876225,2593.2979431258486
http,onnx-int8,32,4,0,23,32,12.503999983891845,2559.1810653569805
http,onnx-int8,32,4,0,24,32,15.239300031680614,2099.8339775105137
http,onnx-int8,32,4,0,25,32,13.419299968518317,2384.625135072024
http,onnx-int8,32,4,0,26,32,16.31570002064109,1961.3010756214328
http,onnx-int8,32,4,0,27,32,18.134200014173985,1764.6215424440163
http,onnx-int8,32,4,0,28,32,17.388499982189387,1840.2967497355617
http,onnx-int8,32,4,0,29,32,13.078899995889515,2446.6889424995284
http,onnx-int8,32,4,0,30,32,15.89609996881336,2013.072392774389
http,onnx-int8,32,4,0,31,32,13.676900009158999,2339.711482760756
http,onnx-int8,32,4,0,32,32,16.068400000222027,1991.4863956310421
http,onnx-int8,32,4,0,33,32,12.198399985209107,2623.2948615228943
http,onnx-int8,32,4,0,34,32,15.693499997723848,2039.0607579342538
http,onnx-int8,32,4,0,35,32,19.363800005521625,1652.5681937881582
http,onnx-int8,32,4,0,36,32,17.879699997138232,1789.7392017272
http,onnx-int8,32,4,0,37,32,9.717700013425201,3292.96026382697
http,onnx-int8,32,4,0,38,32,15.04109997767955,2127.5039756059628
http,onnx-int8,32,4,0,39,32,11.812499957159162,2708.994718819522
http,onnx-int8,32,4,0,40,32,16.330999962519854,1959.463601337394
http,onnx-int8,32,4,0,41,32,10.275400010868907,3114.233992462744
http,onnx-int8,32,4,0,42,32,16.82659995276481,1901.7508046681778
http,onnx-int8,32,4,0,43,32,14.853400003630668,2154.388893598646
http,onnx-int8,32,4,0,44,32,17.81910000136122,1795.8258272053854
http,onnx-int8,32,4,0,45,32,14.976899954490364,2136.623740375977
http,onnx-int8,32,4,0,46,32,12.225699960254133,2617.437046879304
http,onnx-int8,32,4,0,47,32,16.462599975056946,1943.799888746875
http,onnx-int8,32,4,0,48,32,16.350499994587153,1957.1266940211997
http,onnx-int8,32,4,0,49,32,12.665000045672059,2526.6482340783873
http,onnx-int8,32,4,0,50,32,18.766699999105185,1705.1479483087485
http,onnx-int8,32,4,0,51,32,15.853799995966256,2018.4435282482361
http,onnx-int8,32,4,0,52,32,19.51130002271384,1640.0752365422904
http,onnx-int8,32,4,0,53,32,20.80289996229112,1538.2470741101276
http,onnx-int8,32,4,0,54,32,20.365200005471706,1571.3079170055912
http,onnx-int8,32,4,0,55,32,18.55859998613596,1724.2679956411216
http,onnx-int8,32,4,0,56,32,20.572800014633685,1555.4518576585592
http,onnx-int8,32,4,0,57,32,15.271399985067546,2095.4201992803387
http,onnx-int8,32,4,0,58,32,14.774999988730997,2165.820644629891
http,onnx-int8,32,4,0,59,32,16.93199999863282,1889.912591695243
http,onnx-int8,32,4,0,60,32,20.698899985291064,1545.975874212623
http,onnx-int8,32,4,0,61,32,12.602199974935502,2539.239185510844
http,onnx-int8,32,4,0,62,32,16.302800038829446,1962.8530021703943
http,onnx-int8,32,4,0,63,32,14.685300004202873,2179.049797473782
http,onnx-int8,32,4,0,64,32,11.771899997256696,2718.337737107623
http,onnx-int8,32,4,0,65,32,17.06380001269281,1875.3149929205092
http,onnx-int8,32,4,0,66,32,12.650399992708117,2529.5642840104097
http,onnx-int8,32,4,0,67,32,11.178000015206635,2862.766143895774
http,onnx-int8,32,4,0,68,32,14.370199991390109,2226.830525613615
http,onnx-int8,32,4,0,69,32,6.1027000192552805,5243.580693632881
http,onnx-int8,32,4,1,0,32,16.665800008922815,1920.0998441639347
http,onnx-int8,32,4,1,1,32,15.648400003556162,2044.937501132887
http,onnx-int8,32,4,1,2,32,20.175999961793423,1586.0428261596585
http,onnx-int8,32,4,1,3,32,19.297600025311112,1658.2372915817598
http,onnx-int8,32,4,1,4,32,19.18980001937598,1667.5525522772273
http,onnx-int8,32,4,1,5,32,18.474899989087135,1732.0797416441742
http,onnx-int8,32,4,1,6,32,21.06539998203516,1519.0786800768087
http,onnx-int8,32,4,1,7,32,20.024600031320006,1598.0344151668226
http,onnx-int8,32,4,1,8,32,15.15519997337833,2111.4864901955298
http,onnx-int8,32,4,1,9,32,14.948999974876642,2140.611415732112
http,onnx-int8,32,4,1,10,32,19.62410000851378,1630.648029011115
http,onnx-int8,32,4,1,11,32,15.828399977181107,2021.682548212868
http,onnx-int8,32,4,1,12,32,14.331899990793318,2232.78141911097
http,onnx-int8,32,4,1,13,32,14.132100041024387,2264.3485332757687
http,onnx-int8,32,4,1,14,32,13.780000037513673,2322.206089469196
http,onnx-int8,32,4,1,15,32,14.882299990858883,2150.205278730793
http,onnx-int8,32,4,1,16,32,18.913000007160008,1691.9579119063908
http,onnx-int8,32,4,1,17,32,16.292099957354367,1964.142135376169
http,onnx-int8,32,4,1,18,32,21.26840001437813,1504.5795630309265
http,onnx-int8,32,4,1,19,32,21.85070002451539,1464.4839736986735
http,onnx-int8,32,4,1,20,32,15.518800006248057,2062.0151034304463
http,onnx-int8,32,4,1,21,32,20.53469995735213,1558.3378411401086
http,onnx-int8,32,4,1,22,32,19.82109999516979,1614.441176715626
http,onnx-int8,32,4,1,23,32,17.332599963992834,1846.2319598027752
http,onnx-int8,32,4,1,24,32,18.42079998459667,1737.166682595661
http,onnx-int8,32,4,1,25,32,20.444400026462972,1565.2207919322457
http,onnx-int8,32,4,1,26,32,23.57960003428161,1357.1052924339788
http,onnx-int8,32,4,1,27,32,25.88929998455569,1236.0318749093121
http,onnx-int8,32,4,1,28,32,12.476100004278123,2564.904095753242
http,onnx-int8,32,4,1,29,32,19.37339996220544,1651.749308971432
http,onnx-int8,32,4,1,30,32,14.068400021642447,2274.6012304719843
http,onnx-int8,32,4,1,31,32,13.95960000809282,2292.3292917740187
http,onnx-int8,32,4,1,32,32,11.582800012547523,2762.717129306795
http,onnx-int8,32,4,1,33,32,17.823300033342093,1795.4026437381135
http,onnx-int8,32,4,1,34,32,15.866400033701211,2016.8406148861764
http,onnx-int8,32,4,1,35,32,19.529499986674637,1638.5468149125288
http,onnx-int8,32,4,1,36,32,10.91499999165535,2931.7453068680156
http,onnx-int8,32,4,1,37,32,16.3509999983944,1957.0668462566366
http,onnx-int8,32,4,1,38,32,17.38350000232458,1840.8260704530646
http,onnx-int8,32,4,1,39,32,17.50960003118962,1827.5688732466087
http,onnx-int8,32,4,1,40,32,18.59430002514273,1720.9574954007644
http,onnx-int8,32,4,1,41,32,15.656800009310246,2043.8403748512687
http,onnx-int8,32,4,1,42,32,18.149100011214614,1763.1728284172052
http,onnx-int8,32,4,1,43,32,22.801199986133724,1403.4349077882048
http,onnx-int8,32,4,1,44,32,17.81210000626743,1796.53157060315
http,onnx-int8,32,4,1,45,32,16.131100011989474,1983.7456823289133
http,onnx-int8,32,4,1,46,32,18.695999984629452,1711.5960647362092
http,onnx-int8,32,4,1,47,32,18.972899997606874,1686.6161738077092
http,onnx-int8,32,4,1,48,32,18.997999955900013,1684.3878342078892
http,onnx-int8,32,4,1,49,32,18.532700021751225,1726.6777081829764
http,onnx-int8,32,4,1,50,32,18.487800029106438,1730.8711663702823
http,onnx-int8,32,4,1,51,32,20.547499996609986,1557.3670765435938
http,onnx-int8,32,4,1,52,32,14.169800037052482,2258.3240353656006
http,onnx-int8,32,4,1,53,32,18.802699982188642,1701.883241785108
http,onnx-int8,32,4,1,54,32,18.876600021030754,1695.2205357081377
http,onnx-int8,32,4,1,55,32,18.267300038132817,1751.7640775155771
http,onnx-int8,32,4,1,56,32,10.399900027550757,3076.9526548551066
http,onnx-int8,32,4,1,57,32,10.951700038276613,2921.9207874721524
http,onnx-int8,32,4,1,58,32,15.03979996778071,2127.6878727478156
http,onnx-int8,32,4,1,59,32,14.931400015484542,2143.134600025084
http,onnx-int8,32,4,1,60,32,10.1637999759987,3148.428744718155
http,onnx-int8,32,4,1,61,32,15.095799986738712,2119.7949117046605
http,onnx-int8,32,4,1,62,32,13.685900019481778,2338.1728607141827
http,onnx-int8,32,4,1,63,32,15.310599992517382,2090.0552568572807
http,onnx-int8,32,4,1,64,32,9.595100011210889,3335.035587186302
http,onnx-int8,32,4,1,65,32,10.390300012659281,3079.7955748161266
http,onnx-int8,32,4,1,66,32,13.070499990135431,2448.2613537470675
http,onnx-int8,32,4,1,67,32,16.427499998826534,1947.9531275170207
http,onnx-int8,32,4,1,68,32,10.258099995553493,3119.486066023027
http,onnx-int8,32,4,1,69,32,8.674499986227602,3688.973433720216
http,onnx-int8,32,4,2,0,32,12.977700040210038,2465.768194738002
http,onnx-int8,32,4,2,1,32,14.613700041081756,2189.7260727975945
http,onnx-int8,32,4,2,2,32,19.47860000655055,1642.8285394863371
http,onnx-int8,32,4,2,3,32,18.722299952059984,1709.191716933212
http,onnx-int8,32,4,2,4,32,9.851299982983619,3248.302260135652
http,onnx-int8,32,4,2,5,32,12.451899994630367,2569.888933720907
http,onnx-int8,32,4,2,6,32,11.57740002963692,2764.0057282363387
http,onnx-int8,32,4,2,7,32,18.36430002003908,1742.5112835818231
http,onnx-int8,32,4,2,8,32,18.864299985580146,1696.3258654951824
http,onnx-int8,32,4,2,9,32,16.39840001007542,1951.4098924491857
http,onnx-int8,32,4,2,10,32,16.388799995183945,1952.5529635729035
http,onnx-int8,32,4,2,11,32,16.21200004592538,1973.8465278405101
http,onnx-int8,32,4,2,12,32,11.520100000780076,2777.7536651446726
http,onnx-int8,32,4,2,13,32,19.179800001438707,1668.4219855055646
http,onnx-int8,32,4,2,14,32,16.645600029733032,1922.429948024723
http,onnx-int8,32,4,2,15,32,13.854300021193922,2309.7522033626597
http,onnx-int8,32,4,2,16,32,16.994900011923164,1882.9178152004226
http,onnx-int8,32,4,2,17,32,20.0120999943465,1599.0325857376354
http,onnx-int8,32,4,2,18,32,19.351799972355366,1653.592949788287
http,onnx-int8,32,4,2,19,32,10.851699975319207,2948.8467311831214
http,onnx-int8,32,4,2,20,32,20.523799990769476,1559.1654573905375
http,onnx-int8,32,4,2,21,32,16.302799980621785,1962.8530091785822
http,onnx-int8,32,4,2,22,32,14.655500010121614,2183.4806030432023
http,onnx-int8,32,4,2,23,32,13.00999999511987,2459.646426748916
http,onnx-int8,32,4,2,24,32,14.666699978988618,2181.8132262774116
http,onnx-int8,32,4,2,25,32,16.582600015681237,1929.7335743333006
http,onnx-int8,32,4,2,26,32,13.601400016341358,2352.698984042356
http,onnx-int8,32,4,2,27,32,12.720700004138052,2515.5848333496097
http,onnx-int8,32,4,2,28,32,13.633499969728291,2347.159575388017
http,onnx-int8,32,4,2,29,32,23.72220001416281,1348.9473986769826
http,onnx-int8,32,4,2,30,32,24.072600004728884,1329.3121637759875
http,onnx-int8,32,4,2,31,32,24.701000016648322,1295.4941086770655
http,onnx-int8,32,4,2,32,32,24.723900016397238,1294.294184120513
http,onnx-int8,32,4,2,33,32,17.530000011902303,1825.442098018998
http,onnx-int8,32,4,2,34,32,32.811100012622774,975.2797067970677
http,onnx-int8,32,4,2,35,32,28.861299972049892,1108.7511661286815
http,onnx-int8,32,4,2,36,32,32.45330002391711,986.0322363647753
http,onnx-int8,32,4,2,37,32,20.745099987834692,1542.53293639295
http,onnx-int8,32,4,2,38,32,19.651599985081702,1628.366139362314
http,onnx-int8,32,4,2,39,32,28.804300003685057,1110.9452406726116
http,onnx-int8,32,4,2,40,32,23.155000002589077,1381.99093052999
http,onnx-int8,32,4,2,41,32,30.32969997730106,1055.071432422642
http,onnx-int8,32,4,2,42,32,10.522700031287968,3041.0445897775185
http,onnx-int8,32,4,2,43,32,20.36450000014156,1571.3619288358445
http,onnx-int8,32,4,2,44,32,21.457499999087304,1491.3200513275601
http,onnx-int8,32,4,2,45,32,21.754899993538857,1470.9329856493898
http,onnx-int8,32,4,2,46,32,21.454099973198026,1491.5563943477775
http,onnx-int8,32,4,2,47,32,21.365499997045845,1497.741686570619
http,onnx-int8,32,4,2,48,32,21.81350003229454,1466.9814542656843
http,onnx-int8,32,4,2,49,32,30.36259999498725,1053.9281881420918
http,onnx-int8,32,4,2,50,32,27.768000029027462,1152.4056455829943
http,onnx-int8,32,4,2,51,32,22.55900000454858,1418.50259291404
http,onnx-int8,32,4,2,52,32,20.425099995918572,1566.6997961524974
http,onnx-int8,32,4,2,53,32,24.027399951592088,1331.8128496828738
http,onnx-int8,32,4,2,54,32,27.778199990279973,1151.9824902692508
http,onnx-int8,32,4,2,55,32,22.742000001017004,1407.0882067790426
http,onnx-int8,32,4,2,56,32,22.19600003445521,1441.701205186785
http,onnx-int8,32,4,2,57,32,20.923500007484108,1529.3808391786245
http,onnx-int8,32,4,2,58,32,25.85280005587265,1237.7769499180795
http,onnx-int8,32,4,2,59,32,64.77310002082959,494.0322447082124
http,onnx-int8,32,4,2,60,32,60.057599970605224,532.8218246427126
http,onnx-int8,32,4,2,61,32,64.20399999478832,498.4113139772843
http,onnx-int8,32,4,2,62,32,62.327400024514645,513.4178545457333
http,onnx-int8,32,4,2,63,32,28.201700013596565,1134.6833696043927
http,onnx-int8,32,4,2,64,32,21.72029996290803,1473.2761543186198
http,onnx-int8,32,4,2,65,32,28.554400021675974,1120.6679172284632
http,onnx-int8,32,4,2,66,32,27.038399945013225,1183.501984772655
http,onnx-int8,32,4,2,67,32,14.731299947015941,2172.245498706454
http,onnx-int8,32,4,2,68,32,13.969299965538085,2290.7375515554254
http,onnx-int8,32,4,2,69,32,17.68150000134483,1809.801204511276
http,onnx-int8,64,1,0,0,64,12.223500001709908,5235.816254840858
http,onnx-int8,64,1,0,1,64,11.40239997766912,5612.853445357114
http,onnx-int8,64,1,0,2,64,11.284500011242926,5671.4962945842335
http,onnx-int8,64,1,0,3,64,11.443100054748356,5592.89001177989
http,onnx-int8,64,1,0,4,64,8.541699964553118,7492.653718298608
http,onnx-int8,64,1,0,5,64,10.336600011214614,6191.591038693932
http,onnx-int8,64,1,0,6,64,9.660799987614155,6624.710177423467
http,onnx-int8,64,1,0,7,64,10.568899975623935,6055.502478745122
http,onnx-int8,64,1,0,8,64,10.970600007567555,5833.7739007759465
http,onnx-int8,64,1,0,9,64,8.830100006889552,7247.936031309381
http,onnx-int8,64,1,0,10,64,13.819699990563095,4631.070142166832
http,onnx-int8,64,1,0,11,64,14.022700022906065,4564.02831804546
http,onnx-int8,64,1,0,12,64,10.37130004260689,6170.875371176052
http,onnx-int8,64,1,0,13,64,7.267799985129386,8805.966060011298
http,onnx-int8,64,1,0,14,64,8.322599984239787,7689.904611683192
http,onnx-int8,64,1,0,15,64,9.653799992520362,6629.513771736141
http,onnx-int8,64,1,0,16,64,13.194200000725687,4850.616179569809
http,onnx-int8,64,1,0,17,64,11.77280000410974,5436.259851323252
http,onnx-int8,64,1,0,18,64,12.920000008307397,4953.5603683319505
http,onnx-int8,64,1,0,19,64,11.976799985859543,5343.664424183577
http,onnx-int8,64,1,0,20,64,10.986300010699779,5825.437129667778
http,onnx-int8,64,1,0,21,64,8.303500013425946,7707.593171134855
http,onnx-int8,64,1,0,22,64,7.755799975711852,8251.888934787268
http,onnx-int8,64,1,0,23,64,7.369900005869567,8683.971281703802
http,onnx-int8,64,1,0,24,64,9.149899997282773,6994.611965049448
http,onnx-int8,64,1,0,25,64,11.034599971026182,5799.938390883798
http,onnx-int8,64,1,0,26,64,7.29099998716265,8777.945427607401
http,onnx-int8,64,1,0,27,64,7.195599959231913,8894.324359692671
http,onnx-int8,64,1,0,28,64,7.417899963911623,8627.778793373129
http,onnx-int8,64,1,0,29,64,8.26869998127222,7740.031703285112
http,onnx-int8,64,1,0,30,64,7.125500007532537,8981.82582728848
http,onnx-int8,64,1,0,31,64,6.547000026330352,9775.469641455391
http,onnx-int8,64,1,0,32,64,6.93529995623976,9228.151688294109
http,onnx-int8,64,1,0,33,64,7.077899994328618,9042.230047228972
http,onnx-int8,64,1,0,34,64,6.73840002855286,9497.803592664512
http,onnx-int8,64,1,0,35,64,6.740800046827644,9494.42196110233
http,onnx-int8,64,1,0,36,64,10.371799988206476,6170.577920204098
http,onnx-int8,64,1,0,37,64,13.458299974445254,4755.429743840144
http,onnx-int8,64,1,0,38,64,11.118500027805567,5756.172131127973
http,onnx-int8,64,1,0,39,64,12.879899994004518,4968.982680749963
http,onnx-int8,64,1,0,40,64,9.485599992331117,6747.069247252939
http,onnx-int8,64,1,0,41,64,9.88670001970604,6473.342963014559
http,onnx-int8,64,1,0,42,64,8.344899979420006,7669.354954263716
http,onnx-int8,64,1,0,43,64,10.308199969585985,6208.649443048249
http,onnx-int8,64,1,0,44,64,7.116599997971207,8993.058485547179
http,onnx-int8,64,1,0,45,64,8.778900024481118,7290.2071810280995
http,onnx-int8,64,1,0,46,64,9.106099954806268,7028.255819465316
http,onnx-int8,64,1,0,47,64,8.998200006317347,7112.533612841196
http,onnx-int8,64,1,0,48,64,9.664000011980534,6622.516548081407
http,onnx-int8,64,1,0,49,64,8.336400031112134,7677.174771021869
http,onnx-int8,64,1,0,50,64,7.928900013212115,8071.737554182204
http,onnx-int8,64,1,0,51,64,7.250599970575422,8826.855744314471
http,onnx-int8,64,1,0,52,64,8.931399963330477,7165.729926188939
http,onnx-int8,64,1,0,53,64,8.127800014335662,7874.20948929821
http,onnx-int8,64,1,0,54,64,8.036100014578551,7964.062155012445
http,onnx-int8,64,1,0,55,64,7.900700031314045,8100.5480205980575
http,onnx-int8,64,1,0,56,64,8.947000023908913,7153.235702355416
http,onnx-int8,64,1,0,57,64,8.107999979984015,7893.438598667359
http,onnx-int8,64,1,0,58,64,7.943200005684048,8057.206157997086
http,onnx-int8,64,1,0,59,64,8.080900006461889,7919.909904691609
http,onnx-int8,64,1,0,60,64,8.55779997073114,7478.55759878577
http,onnx-int8,64,1,0,61,64,10.413300013169646,6145.986375026124
http,onnx-int8,64,1,0,62,64,9.754500002600253,6561.074374180076
http,onnx-int8,64,1,0,63,64,11.479100037831813,5575.349965509004
http,onnx-int8,64,1,0,64,64,10.822799988090992,5913.441999336884
http,onnx-int8,64,1,0,65,64,10.976699995808303,5830.5319471644325
http,onnx-int8,64,1,0,66,64,12.155400007031858,5265.149642379207
http,onnx-int8,64,1,0,67,64,9.75349999498576,6561.747068529469
http,onnx-int8,64,1,0,68,64,9.097699949052185,7034.7450848461585
http,onnx-int8,64,1,0,69,64,13.855300028808415,4619.170993549689
http,onnx-int8,64,1,1,0,64,8.096399949863553,7904.747838090506
http,onnx-int8,64,1,1,1,64,8.095299999695271,7905.821896953681
http,onnx-int8,64,1,1,2,64,7.464699971023947,8573.68685257701
http,onnx-int8,64,1,1,3,64,7.424599956721067,8619.993046502721
http,onnx-int8,64,1,1,4,64,8.09979997575283,7901.429688583336
http,onnx-int8,64,1,1,5,64,12.262600008398294,5219.121553028581
http,onnx-int8,64,1,1,6,64,8.87640001019463,7210.130224696431
http,onnx-int8,64,1,1,7,64,9.673800028394908,6615.807625973739
http,onnx-int8,64,1,1,8,64,9.280400001443923,6896.254470717032
http,onnx-int8,64,1,1,9,64,10.364199988543987,6175.102764394942
http,onnx-int8,64,1,1,10,64,6.757900002412498,9470.397605343773
http,onnx-int8,64,1,1,11,64,8.238699985668063,7768.215872811679
http,onnx-int8,64,1,1,12,64,6.777399976272136,9443.149323349036
http,onnx-int8,64,1,1,13,64,8.297999971546233,7712.7018823156695
http,onnx-int8,64,1,1,14,64,7.784800021909177,8221.148882422334
http,onnx-int8,64,1,1,15,64,8.638700004667044,7408.522111593655
http,onnx-int8,64,1,1,16,64,8.090300019830465,7910.707865360615
http,onnx-int8,64,1,1,17,64,11.435599997639656,5596.5581179133405
http,onnx-int8,64,1,1,18,64,10.413799958769232,6145.691318576463
http,onnx-int8,64,1,1,19,64,7.6648000394925475,8349.859053105469
http,onnx-int8,64,1,1,20,64,5.886900005862117,10871.59624526821
http,onnx-int8,64,1,1,21,64,7.376199995633215,8676.554328500943
http,onnx-int8,64,1,1,22,64,5.998799984809011,10668.800453769025
http,onnx-int8,64,1,1,23,64,5.8994999853894114,10848.377007966976
http,onnx-int8,64,1,1,24,64,7.537400000728667,8490.991587790604
http,onnx-int8,64,1,1,25,64,5.847199994605035,10945.409778877087
http,onnx-int8,64,1,1,26,64,8.527399972081184,7505.218496791145
http,onnx-int8,64,1,1,27,64,9.604200022295117,6663.751260014461
http,onnx-int8,64,1,1,28,64,8.728999993763864,7331.882236879667
http,onnx-int8,64,1,1,29,64,8.235000015702099,7771.706117543158
http,onnx-int8,64,1,1,30,64,9.177900035865605,6973.272725775979
http,onnx-int8,64,1,1,31,64,9.132400038652122,7008.015387973078
http,onnx-int8,64,1,1,32,64,7.630600011907518,8387.282769392745
http,onnx-int8,64,1,1,33,64,6.269900011830032,10207.499302898763
http,onnx-int8,64,1,1,34,64,8.186799997929484,7817.462258292151
http,onnx-int8,64,1,1,35,64,5.908299994189292,10832.21909228422
http,onnx-int8,64,1,1,36,64,6.598299951292574,9699.468116399092
http,onnx-int8,64,1,1,37,64,7.831499970052391,8172.125422299127
http,onnx-int8,64,1,1,38,64,7.829100009985268,8174.630534591986
http,onnx-int8,64,1,1,39,64,9.460599976591766,6764.898648960355
http,onnx-int8,64,1,1,40,64,5.906499980483204,10835.520225425318
http,onnx-int8,64,1,1,41,64,8.440100005827844,7582.848539212609
http,onnx-int8,64,1,1,42,64,6.006100040394813,10655.833164542652
http,onnx-int8,64,1,1,43,64,7.770300027914345,8236.490196013508
http,onnx-int8,64,1,1,44,64,6.527099991217256,9805.273411793478
http,onnx-int8,64,1,1,45,64,10.563599993474782,6058.540652763575
http,onnx-int8,64,1,1,46,64,6.8103999947197735,9397.392230943904
http,onnx-int8,64,1,1,47,64,6.599300017114729,9697.998247393116
http,onnx-int8,64,1,1,48,64,6.564699986483902,9749.112698488882
http,onnx-int8,64,1,1,49,64,5.644999968353659,11337.466848324064
http,onnx-int8,64,1,1,50,64,9.207699971739203,6950.704323167832
http,onnx-int8,64,1,1,51,64,8.583599992562085,7456.079040898653
http,onnx-int8,64,1,1,52,64,8.541800023522228,7492.565949069067
http,onnx-int8,64,1,1,53,64,5.484800029080361,11668.611373372332
http,onnx-int8,64,1,1,54,64,6.899499974679202,9276.034529295834
http,onnx-int8,64,1,1,55,64,5.604300007689744,11419.802635866145
http,onnx-int8,64,1,1,56,64,5.51160000031814,11611.873139615684
http,onnx-int8,64,1,1,57,64,7.587200030684471,8435.259350111837
http,onnx-int8,64,1,1,58,64,5.574600014369935,11480.644321569958
http,onnx-int8,64,1,1,59,64,5.48940000589937,11658.833375454555
http,onnx-int8,64,1,1,60,64,9.416099986992776,6796.869201517443
http,onnx-int8,64,1,1,61,64,8.768700005020946,7298.687372512879
http,onnx-int8,64,1,1,62,64,8.67640000069514,7376.331196679777
http,onnx-int8,64,1,1,63,64,10.021199996117502,6386.460705783281
http,onnx-int8,64,1,1,64,64,7.582499994896352,8440.487971391662
http,onnx-int8,64,1,1,65,64,7.086800003889948,9030.874296561264
http,onnx-int8,64,1,1,66,64,5.783999979030341,11065.006955745059
http,onnx-int8,64,1,1,67,64,6.549799989443272,9771.290742183402
http,onnx-int8,64,1,1,68,64,5.998400039970875,10669.51179873471
http,onnx-int8,64,1,1,69,64,5.387199984397739,11880.011914418445
http,onnx-int8,64,1,2,0,64,5.979400011710823,10703.415037404122
http,onnx-int8,64,1,2,1,64,5.981399968732148,10699.836214692361
http,onnx-int8,64,1,2,2,64,5.87749999249354,10888.98342522122
http,onnx-int8,64,1,2,3,64,7.2036999627016485,8884.323379842388
http,onnx-int8,64,1,2,4,64,8.402000006753951,7617.233985783572
http,onnx-int8,64,1,2,5,64,8.17410001764074,7829.608135682206
http,onnx-int8,64,1,2,6,64,11.175999999977648,5726.5569076707225
http,onnx-int8,64,1,2,7,64,11.369200015906245,5629.243914300027
http,onnx-int8,64,1,2,8,64,9.921999997459352,6450.312438660348
http,onnx-int8,64,1,2,9,64,8.092200034298003,7908.8504644895365
http,onnx-int8,64,1,2,10,64,6.454700022004545,9915.255516417388
http,onnx-int8,64,1,2,11,64,7.6753999455831945,8338.327703278677
http,onnx-int8,64,1,2,12,64,6.937700032722205,9224.959236942934
http,onnx-int8,64,1,2,13,64,7.369099999777973,8684.914033182924
http,onnx-int8,64,1,2,14,64,6.814900028984994,9391.186918046707
http,onnx-int8,64,1,2,15,64,7.937100017443299,8063.398452753238
http,onnx-int8,64,1,2,16,64,9.910899971146137,6457.5366703654445
http,onnx-int8,64,1,2,17,64,9.364600002299994,6834.248124242495
http,onnx-int8,64,1,2,18,64,6.877299980260432,9305.977663282973
http,onnx-int8,64,1,2,19,64,7.15920003131032,8939.546278927806
http,onnx-int8,64,1,2,20,64,7.954300031997263,8045.962528764469
http,onnx-int8,64,1,2,21,64,8.009300043340772,7990.710755456335
http,onnx-int8,64,1,2,22,64,7.672300038393587,8341.696711511848
http,onnx-int8,64,1,2,23,64,8.56510002631694,7472.183605953811
http,onnx-int8,64,1,2,24,64,9.358199953567237,6838.9220488502115
http,onnx-int8,64,1,2,25,64,8.594200015068054,7446.882768354235
http,onnx-int8,64,1,2,26,64,10.060400003567338,6361.576078218173
http,onnx-int8,64,1,2,27,64,9.275099961087108,6900.1951750931585
http,onnx-int8,64,1,2,28,64,11.07790000969544,5777.2682497573405
http,onnx-int8,64,1,2,29,64,7.315599999856204,8748.428017012684
http,onnx-int8,64,1,2,30,64,6.662000028882176,9606.724665646487
http,onnx-int8,64,1,2,31,64,7.342299970332533,8716.614719992356
http,onnx-int8,64,1,2,32,64,6.327499984763563,10114.579242056128
http,onnx-int8,64,1,2,33,64,16.748399997595698,3821.260538868636
http,onnx-int8,64,1,2,34,64,10.971800016704947,5833.135848498676
http,onnx-int8,64,1,2,35,64,7.354800007306039,8701.800176269146
http,onnx-int8,64,1,2,36,64,8.177899988368154,7825.970003427589
http,onnx-int8,64,1,2,37,64,8.21400003042072,7791.575330286665
http,onnx-int8,64,1,2,38,64,7.6506000477820635,8365.356913220661
http,onnx-int8,64,1,2,39,64,8.482900040689856,7544.589667803668
http,onnx-int8,64,1,2,40,64,7.307599997147918,8758.005367696447
http,onnx-int8,64,1,2,41,64,6.703599996399134,9547.109021179345
http,onnx-int8,64,1,2,42,64,7.873800001107156,8128.222712159413
http,onnx-int8,64,1,2,43,64,7.698999950662255,8312.76794520499
http,onnx-int8,64,1,2,44,64,9.042699995916337,7077.532156203596
http,onnx-int8,64,1,2,45,64,8.496200025547296,7532.779337534175
http,onnx-int8,64,1,2,46,64,9.796699974685907,6532.812086250698
http,onnx-int8,64,1,2,47,64,7.736800005659461,8272.153856010762
http,onnx-int8,64,1,2,48,64,8.206900034565479,7798.316018283088
http,onnx-int8,64,1,2,49,64,9.395300003234297,6811.916594251194
http,onnx-int8,64,1,2,50,64,10.63490001251921,6017.922117242321
http,onnx-int8,64,1,2,51,64,9.84820001758635,6498.64948779599
http,onnx-int8,64,1,2,52,64,10.577100038062781,6050.807855621051
http,onnx-int8,64,1,2,53,64,12.15080003021285,5267.142891074218
http,onnx-int8,64,1,2,54,64,9.494300000369549,6740.8866369831285
http,onnx-int8,64,1,2,55,64,8.402500010561198,7616.780710450184
http,onnx-int8,64,1,2,56,64,9.930599946528673,6444.726435926134
http,onnx-int8,64,1,2,57,64,9.738799999468029,6571.651538536157
http,onnx-int8,64,1,2,58,64,8.329199976287782,7683.811192215363
http,onnx-int8,64,1,2,59,64,8.598399988841265,7443.245264590761
http,onnx-int8,64,1,2,60,64,10.031599958892912,6379.839732670425
http,onnx-int8,64,1,2,61,64,8.51640000473708,7514.912400122266
http,onnx-int8,64,1,2,62,64,7.856000040192157,8146.639469522529
http,onnx-int8,64,1,2,63,64,10.295399988535792,6216.368482163465
http,onnx-int8,64,1,2,64,64,10.482399957254529,6105.472054203358
http,onnx-int8,64,1,2,65,64,8.964099979493767,7139.590159235851
http,onnx-int8,64,1,2,66,64,10.377000027801841,6167.485769348804
http,onnx-int8,64,1,2,67,64,7.540399965364486,8487.613428196495
http,onnx-int8,64,1,2,68,64,7.143699971493334,8958.942880494646
http,onnx-int8,64,1,2,69,64,7.310999964829534,8753.932472695922
http,onnx-int8,64,4,0,0,64,8.70300002861768,7353.786026605964
http,onnx-int8,64,4,0,1,64,20.209399983286858,3166.843154815477
http,onnx-int8,64,4,0,2,64,24.79170000879094,2581.5091331899835
http,onnx-int8,64,4,0,3,64,24.69699998619035,2591.4078647522547
http,onnx-int8,64,4,0,4,64,20.197900012135506,3168.6462434979317
http,onnx-int8,64,4,0,5,64,17.77620002394542,3600.319523508333
http,onnx-int8,64,4,0,6,64,19.57330002915114,3269.760331915556
http,onnx-int8,64,4,0,7,64,20.17370000248775,3172.4472948496186
http,onnx-int8,64,4,0,8,64,34.64720002375543,1847.1911137442328
http,onnx-int8,64,4,0,9,64,24.48219998041168,2614.144155803265
http,onnx-int8,64,4,0,10,64,23.218899965286255,2756.375198466943
http,onnx-int8,64,4,0,11,64,22.90280000306666,2794.4181493717133
http,onnx-int8,64,4,0,12,64,21.79570001317188,2936.359004818502
http,onnx-int8,64,4,0,13,64,18.625900032930076,3436.0755661122294
http,onnx-int8,64,4,0,14,64,22.95269997557625,2788.3429865811772
http,onnx-int8,64,4,0,15,64,21.81530004600063,2933.7208227733286
http,onnx-int8,64,4,0,16,64,14.320600021164864,4469.086484184489
http,onnx-int8,64,4,0,17,64,24.342299962881953,2629.1681598529963
http,onnx-int8,64,4,0,18,64,27.91360003175214,2292.7891754269976
http,onnx-int8,64,4,0,19,64,28.386600024532527,2254.584907832898
http,onnx-int8,64,4,0,20,64,34.48160004336387,1856.0623613612465
http,onnx-int8,64,4,0,21,64,28.89600000344217,2214.8394238779124
http,onnx-int8,64,4,0,22,64,27.80949999578297,2301.3718337152754
http,onnx-int8,64,4,0,23,64,28.918900003191084,2213.085559718311
http,onnx-int8,64,4,0,24,64,28.589900000952184,2238.552775556
http,onnx-int8,64,4,0,25,64,23.012699966784567,2781.0730636724306
http,onnx-int8,64,4,0,26,64,16.242199984844774,3940.3529115339634
http,onnx-int8,64,4,0,27,64,21.28919999813661,3006.2191160589296
http,onnx-int8,64,4,0,28,64,27.195299975574017,2353.347823244562
http,onnx-int8,64,4,0,29,64,25.63160000136122,2496.917866875308
http,onnx-int8,64,4,0,30,64,24.31770000839606,2631.827844652373
http,onnx-int8,64,4,0,31,64,23.966900014784187,2670.3495220709
http,onnx-int8,64,4,0,32,64,29.80560000287369,2147.2474969076106
http,onnx-int8,64,4,0,33,64,18.726699985563755,3417.580249020758
http,onnx-int8,64,4,0,34,64,22.01050001895055,2907.703139178911
http,onnx-int8,64,4,0,35,64,32.42299996782094,1973.90741336454
http,onnx-int8,64,4,0,36,64,24.30889999959618,2632.780586577886
http,onnx-int8,64,4,0,37,64,19.38509999308735,3301.5047651455056
http,onnx-int8,64,4,0,38,64,32.03130001202226,1998.0456608373368
http,onnx-int8,64,4,0,39,64,31.67070000199601,2020.7952459518253
http,onnx-int8,64,4,0,40,64,13.69880000129342,4671.94206747724
http,onnx-int8,64,4,0,41,64,22.067799989599735,2900.153165705796
http,onnx-int8,64,4,0,42,64,23.65950000239536,2705.04448502802
http,onnx-int8,64,4,0,43,64,27.51820004777983,2325.733510508567
http,onnx-int8,64,4,0,44,64,32.70250000059605,1957.0369237469158
http,onnx-int8,64,4,0,45,64,22.371099970769137,2860.8338474024363
http,onnx-int8,64,4,0,46,64,34.4630999607034,1857.0587112876117
http,onnx-int8,64,4,0,47,64,39.67139997985214,1613.2528731656455
http,onnx-int8,64,4,0,48,64,44.93099998217076,1424.4063124656936
http,onnx-int8,64,4,0,49,64,30.7672000490129,2080.1372857473684
http,onnx-int8,64,4,0,50,64,29.376899998169392,2178.5824918214016
http,onnx-int8,64,4,0,51,64,32.90359996026382,1945.0759210934332
http,onnx-int8,64,4,0,52,64,36.51740000350401,1752.589176498297
http,onnx-int8,64,4,0,53,64,25.800000003073364,2480.6201547432615
http,onnx-int8,64,4,0,54,64,30.68119997624308,2085.9679559324986
http,onnx-int8,64,4,0,55,64,14.421599975321442,4437.787770394284
http,onnx-int8,64,4,0,56,64,29.43519997643307,2174.267545362043
http,onnx-int8,64,4,0,57,64,26.477199979126453,2417.1740233278065
http,onnx-int8,64,4,0,58,64,30.2201000158675,2117.7957705764
http,onnx-int8,64,4,0,59,64,43.87459997087717,1458.7027583723054
http,onnx-int8,64,4,0,60,64,27.191300003323704,2353.6940121353896
http,onnx-int8,64,4,0,61,64,24.589100037701428,2602.779276259461
http,onnx-int8,64,4,0,62,64,30.470300000160933,2100.40596908012
http,onnx-int8,64,4,0,63,64,29.881800001021475,2141.771914603947
http,onnx-int8,64,4,0,64,64,30.107100028544664,2125.744423718038
http,onnx-int8,64,4,0,65,64,29.606600000988692,2161.680165836765
http,onnx-int8,64,4,0,66,64,27.634099998977035,2315.979170748067
http,onnx-int8,64,4,0,67,64,23.026500013656914,2779.4063345294285
http,onnx-int8,64,4,0,68,64,12.511699984315783,5115.21216782916
http,onnx-int8,64,4,0,69,64,16.4383000228554,3893.3466301877934
http,onnx-int8,64,4,1,0,64,20.927999983541667,3058.103977940142
http,onnx-int8,64,4,1,1,64,22.52790000056848,2840.9217014628525
http,onnx-int8,64,4,1,2,64,29.94490001583472,2137.2587641353657
http,onnx-int8,64,4,1,3,64,33.40169996954501,1916.0701418896015
http,onnx-int8,64,4,1,4,64,16.975699982140213,3770.09490432401
http,onnx-int8,64,4,1,5,64,20.627900026738644,3102.59405548024
http,onnx-int8,64,4,1,6,64,16.689600015524775,3834.7234170062065
http,onnx-int8,64,4,1,7,64,16.83560002129525,3801.4683123290397
http,onnx-int8,64,4,1,8,64,21.37660002335906,2993.9279366253127
http,onnx-int8,64,4,1,9,64,17.925299995113164,3570.3726028266096
http,onnx-int8,64,4,1,10,64,21.345000015571713,2998.3602695390205
http,onnx-int8,64,4,1,11,64,20.561299985274673,3112.643658029147
http,onnx-int8,64,4,1,12,64,12.763099977746606,5014.455744418571
http,onnx-int8,64,4,1,13,64,17.151500040199608,3731.4520508408646
http,onnx-int8,64,4,1,14,64,21.764500008430332,2940.5683555886894
http,onnx-int8,64,4,1,15,64,25.10139998048544,2549.6585867623107
http,onnx-int8,64,4,1,16,64,22.335599991492927,2865.380828111893
http,onnx-int8,64,4,1,17,64,25.50119999796152,2509.6858189071863
http,onnx-int8,64,4,1,18,64,19.702100020367652,3248.3846865987907
http,onnx-int8,64,4,1,19,64,25.207399972714484,2538.9369815719274
http,onnx-int8,64,4,1,20,64,23.491200001444668,2724.4244651641516
http,onnx-int8,64,4,1,21,64,27.477400028146803,2329.1868930262995
http,onnx-int8,64,4,1,22,64,22.63139997376129,2827.929340394373
http,onnx-int8,64,4,1,23,64,24.04180000303313,2662.0302968964766
http,onnx-int8,64,4,1,24,64,28.66020001238212,2233.061875784187
http,onnx-int8,64,4,1,25,64,25.192800036165863,2540.408366998664
http,onnx-int8,64,4,1,26,64,24.28640000289306,2635.2197111295272
http,onnx-int8,64,4,1,27,64,21.775799978058785,2939.042426201846
http,onnx-int8,64,4,1,28,64,16.550000000279397,3867.06948633955
http,onnx-int8,64,4,1,29,64,28.011600021272898,2284.767737344399
http,onnx-int8,64,4,1,30,64,18.105799972545356,3534.77891598527
http,onnx-int8,64,4,1,31,64,24.095800006762147,2656.0645416229922
http,onnx-int8,64,4,1,32,64,14.288400008808821,4479.157915549949
http,onnx-int8,64,4,1,33,64,31.029799953103065,2062.533438717829
http,onnx-int8,64,4,1,34,64,25.733099959325045,2487.0691872009756
http,onnx-int8,64,4,1,35,64,31.609500001650304,2024.7077618013134
http,onnx-int8,64,4,1,36,64,39.869200030807406,1605.2491635283989
http,onnx-int8,64,4,1,37,64,34.52259994810447,1853.8580551930313
http,onnx-int8,64,4,1,38,64,15.588500013109297,4105.5906563286135
http,onnx-int8,64,4,1,39,64,21.589200012385845,2964.445183855022
http,onnx-int8,64,4,1,40,64,24.45389999775216,2617.1694496944447
http,onnx-int8,64,4,1,41,64,29.754700022749603,2150.920693237284
http,onnx-int8,64,4,1,42,64,14.73160000750795,4344.402506678327
http,onnx-int8,64,4,1,43,64,34.54650001367554,1852.5755134287128
http,onnx-int8,64,4,1,44,64,21.272499987389892,3008.579153270114
http,onnx-int8,64,4,1,45,64,26.77430002950132,2390.351939340392
http,onnx-int8,64,4,1,46,64,32.02679997775704,1998.3264030264872
http,onnx-int8,64,4,1,47,64,29.000599985010922,2206.85089388077
http,onnx-int8,64,4,1,48,64,24.94420000584796,2565.7267013973483
http,onnx-int8,64,4,1,49,64,23.915300029329956,2676.111105506089
http,onnx-int8,64,4,1,50,64,27.404099993873388,2335.416963677267
http,onnx-int8,64,4,1,51,64,25.279599998611957,2531.68562807616
http,onnx-int8,64,4,1,52,64,16.44910004688427,3890.79036649927
http,onnx-int8,64,4,1,53,64,20.449500007089227,3129.6608708189992
http,onnx-int8,64,4,1,54,64,24.99180001905188,2560.839953553213
http,onnx-int8,64,4,1,55,64,29.15800001937896,2194.9379229530277
http,onnx-int8,64,4,1,56,64,27.037499996367842,2367.0827557502585
http,onnx-int8,64,4,1,57,64,28.59070000704378,2238.49013785016
http,onnx-int8,64,4,1,58,64,28.513000055681914,2244.590182548905
http,onnx-int8,64,4,1,59,64,33.176700002513826,1929.064674761223
http,onnx-int8,64,4,1,60,64,30.04819998750463,2129.9112767691254
http,onnx-int8,64,4,1,61,64,27.290500001981854,2345.1384179605457
http,onnx-int8,64,4,1,62,64,29.21880001667887,2190.370582072744
http,onnx-int8,64,4,1,63,64,16.720400017220527,3827.6596214256647
http,onnx-int8,64,4,1,64,64,15.828599978704005,4043.31400667819
http,onnx-int8,64,4,1,65,64,23.72769999783486,2697.2694363903775
http,onnx-int8,64,4,1,66,64,27.465299994219095,2330.2130329350393
http,onnx-int8,64,4,1,67,64,25.67020000424236,2493.1632784093267
http,onnx-int8,64,4,1,68,64,12.606000003870577,5076.947483765611
http,onnx-int8,64,4,1,69,64,16.5007000323385,3878.62332352998
http,onnx-int8,64,4,2,0,64,20.37230000132695,3141.5205939354596
http,onnx-int8,64,4,2,1,64,19.860100001096725,3222.5416788669622
http,onnx-int8,64,4,2,2,64,24.849099980201572,2575.545997681677
http,onnx-int8,64,4,2,3,64,28.689300001133233,2230.796847517088
http,onnx-int8,64,4,2,4,64,24.96930002234876,2563.1475428913436
http,onnx-int8,64,4,2,5,64,24.75599996978417,2585.231866138105
http,onnx-int8,64,4,2,6,64,36.69440001249313,1744.1353443089486
http,onnx-int8,64,4,2,7,64,28.79650000249967,2222.4923165816854
http,onnx-int8,64,4,2,8,64,24.552299990318716,2606.680434225552
http,onnx-int8,64,4,2,9,64,27.977899997495115,2287.5197926123824
http,onnx-int8,64,4,2,10,64,21.53219998581335,2972.29266132429
http,onnx-int8,64,4,2,11,64,24.938999966252595,2566.2616819681894
http,onnx-int8,64,4,2,12,64,19.066200009547174,3356.725512579998
http,onnx-int8,64,4,2,13,64,24.749400035943836,2585.9212711036257
http,onnx-int8,64,4,2,14,64,25.219100003596395,2537.7590790659942
http,onnx-int8,64,4,2,15,64,24.309700005687773,2632.6939445993094
http,onnx-int8,64,4,2,16,64,28.324200015049428,2259.551901412751
http,onnx-int8,64,4,2,17,64,28.36410002782941,2256.373371170122
http,onnx-int8,64,4,2,18,64,36.27400001278147,1764.349119960551
http,onnx-int8,64,4,2,19,64,44.878699991386384,1426.066263333911
http,onnx-int8,64,4,2,20,64,26.85719996225089,2382.9736565969324
http,onnx-int8,64,4,2,21,64,17.508499964606017,3655.3674003699925
http,onnx-int8,64,4,2,22,64,30.711000028532,2083.9438618260856
http,onnx-int8,64,4,2,23,64,33.336799999233335,1919.800340808711
http,onnx-int8,64,4,2,24,64,19.54400003887713,3274.6622939362737
http,onnx-int8,64,4,2,25,64,28.266299981623888,2264.180315131688
http,onnx-int8,64,4,2,26,64,27.305499999783933,2343.8501401002154
http,onnx-int8,64,4,2,27,64,25.681500032078475,2492.066270274646
http,onnx-int8,64,4,2,28,64,26.154899969697,2446.9602282612527
http,onnx-int8,64,4,2,29,64,31.877400004304945,2007.6919695883917
http,onnx-int8,64,4,2,30,64,27.29409997118637,2344.829104735567
http,onnx-int8,64,4,2,31,64,17.896899953484535,3576.0383176047853
http,onnx-int8,64,4,2,32,64,23.718599986750633,2698.304285908562
http,onnx-int8,64,4,2,33,64,21.07449999311939,3036.845477752514
http,onnx-int8,64,4,2,34,64,39.82389997690916,1607.0751492723896
http,onnx-int8,64,4,2,35,64,41.27909999806434,1550.4213997640716
http,onnx-int8,64,4,2,36,64,19.009600044228137,3366.7199652331583
http,onnx-int8,64,4,2,37,64,25.162399979308248,2543.4775717987554
http,onnx-int8,64,4,2,38,64,21.76939998753369,2939.906475908835
http,onnx-int8,64,4,2,39,64,21.72899997094646,2945.3725475435363
http,onnx-int8,64,4,2,40,64,23.245199990924448,2753.256587380936
http,onnx-int8,64,4,2,41,64,35.63119994942099,1796.178632514452
http,onnx-int8,64,4,2,42,64,28.136599983554333,2274.617403574263
http,onnx-int8,64,4,2,43,64,28.272600029595196,2263.6757826661174
http,onnx-int8,64,4,2,44,64,25.782499986235052,2482.3038896215953
http,onnx-int8,64,4,2,45,64,29.543800046667457,2166.275154140816
http,onnx-int8,64,4,2,46,64,22.180699976161122,2885.391356845568
http,onnx-int8,64,4,2,47,64,29.986599984113127,2134.286649166866
http,onnx-int8,64,4,2,48,64,31.142799998633564,2055.04964238309
http,onnx-int8,64,4,2,49,64,21.728199964854866,2945.4809926049707
http,onnx-int8,64,4,2,50,64,25.8878999738954,2472.1974383606134
http,onnx-int8,64,4,2,51,64,20.455799996852875,3128.6969959545168
http,onnx-int8,64,4,2,52,64,26.61269996315241,2404.86685261599
http,onnx-int8,64,4,2,53,64,25.881700043100864,2472.78965034834
http,onnx-int8,64,4,2,54,64,30.674099980387837,2086.450785546106
http,onnx-int8,64,4,2,55,64,21.135899994987994,3028.023411124034
http,onnx-int8,64,4,2,56,64,31.250900006853044,2047.941018849549
http,onnx-int8,64,4,2,57,64,26.659400027710944,2400.654175768232
http,onnx-int8,64,4,2,58,64,27.04829996218905,2366.1376163923765
http,onnx-int8,64,4,2,59,64,36.46849998040125,1754.9391950421493
http,onnx-int8,64,4,2,60,64,28.263600019272417,2264.3966075220287
http,onnx-int8,64,4,2,61,64,26.339099975302815,2429.847643238015
http,onnx-int8,64,4,2,62,64,31.16579999914393,2053.5330394778243
http,onnx-int8,64,4,2,63,64,19.66089999768883,3255.1917769544275
http,onnx-int8,64,4,2,64,64,30.80529998987913,2077.5645756096114
http,onnx-int8,64,4,2,65,64,21.195299981627613,3019.5373528789924
http,onnx-int8,64,4,2,66,64,20.687000011093915,3093.730360404042
http,onnx-int8,64,4,2,67,64,20.164000045042485,3173.9734108825805
http,onnx-int8,64,4,2,68,64,12.476100004278123,5129.808191506484
http,onnx-int8,64,4,2,69,64,18.402300018351525,3477.826137829325
